datahora,nivel_cm,chuva_mm
2023-01-01 00:00:00-03:00,388.25,0.0
2023-01-01 01:00:00-03:00,388.5,0.0
2023-01-01 02:00:00-03:00,388.0,0.0
2023-01-01 03:00:00-03:00,388.0,0.0
2023-01-01 04:00:00-03:00,388.0,0.0
2023-01-01 05:00:00-03:00,388.0,0.0
2023-01-01 06:00:00-03:00,388.0,0.0
2023-01-01 07:00:00-03:00,387.75,0.0
2023-01-01 08:00:00-03:00,388.0,0.0
2023-01-01 09:00:00-03:00,387.5,0.0
2023-01-01 10:00:00-03:00,387.5,0.0
2023-01-01 11:00:00-03:00,387.75,0.0
2023-01-01 12:00:00-03:00,387.25,0.0
2023-01-01 13:00:00-03:00,387.5,0.0
2023-01-01 14:00:00-03:00,387.0,0.0
2023-01-01 15:00:00-03:00,386.0,0.0
2023-01-01 16:00:00-03:00,385.75,0.0
2023-01-01 17:00:00-03:00,386.0,0.0
2023-01-01 18:00:00-03:00,385.0,0.0
2023-01-01 19:00:00-03:00,384.25,0.0
2023-01-01 20:00:00-03:00,383.5,0.0
2023-01-01 21:00:00-03:00,383.0,0.0
2023-01-01 22:00:00-03:00,382.25,0.0
2023-01-01 23:00:00-03:00,381.75,0.0
2023-01-02 00:00:00-03:00,381.0,0.0
2023-01-02 01:00:00-03:00,380.25,0.0
2023-01-02 02:00:00-03:00,379.5,0.0
2023-01-02 03:00:00-03:00,378.5,0.0
2023-01-02 04:00:00-03:00,377.5,0.0
2023-01-02 05:00:00-03:00,377.0,0.0
2023-01-02 06:00:00-03:00,375.5,0.0
2023-01-02 07:00:00-03:00,374.0,0.0
2023-01-02 08:00:00-03:00,372.5,0.0
2023-01-02 09:00:00-03:00,371.75,0.0
2023-01-02 10:00:00-03:00,370.5,0.0
2023-01-02 11:00:00-03:00,369.5,0.0
2023-01-02 12:00:00-03:00,367.5,0.0
2023-01-02 13:00:00-03:00,366.5,0.0
2023-01-02 14:00:00-03:00,365.0,0.0
2023-01-02 15:00:00-03:00,363.5,0.0
2023-01-02 16:00:00-03:00,362.25,1.0
2023-01-02 17:00:00-03:00,360.5,0.0
2023-01-02 18:00:00-03:00,358.75,0.0
2023-01-02 19:00:00-03:00,356.75,0.0
2023-01-02 20:00:00-03:00,354.75,0.0
2023-01-02 21:00:00-03:00,353.5,0.0
2023-01-02 22:00:00-03:00,350.5,0.0
2023-01-02 23:00:00-03:00,348.75,0.0
2023-01-03 00:00:00-03:00,347.0,0.0
2023-01-03 01:00:00-03:00,345.0,0.0
2023-01-03 02:00:00-03:00,342.5,0.0
2023-01-03 03:00:00-03:00,340.75,0.0
2023-01-03 04:00:00-03:00,339.0,0.0
2023-01-03 05:00:00-03:00,336.25,0.0
2023-01-03 06:00:00-03:00,333.5,0.0
2023-01-03 07:00:00-03:00,331.75,0.0
2023-01-03 08:00:00-03:00,329.75,0.0
2023-01-03 09:00:00-03:00,327.0,0.0
2023-01-03 10:00:00-03:00,324.5,0.0
2023-01-03 11:00:00-03:00,322.0,0.0
2023-01-03 12:00:00-03:00,319.0,0.0
2023-01-03 13:00:00-03:00,316.75,0.0
2023-01-03 14:00:00-03:00,314.0,1.2
2023-01-03 15:00:00-03:00,311.25,1.4
2023-01-03 16:00:00-03:00,308.75,0.2
2023-01-03 17:00:00-03:00,305.75,0.2
2023-01-03 18:00:00-03:00,303.0,0.0
2023-01-03 19:00:00-03:00,301.0,2.0
2023-01-03 20:00:00-03:00,300.5,4.0
2023-01-03 21:00:00-03:00,297.1666666666667,0.0
2023-01-03 22:00:00-03:00,293.8333333333333,0.0
2023-01-03 23:00:00-03:00,290.5,0.4
2023-01-04 00:00:00-03:00,288.25,0.0
2023-01-04 01:00:00-03:00,285.75,0.0
2023-01-04 02:00:00-03:00,283.0,0.0
2023-01-04 03:00:00-03:00,280.5,0.0
2023-01-04 04:00:00-03:00,278.0,0.0
2023-01-04 05:00:00-03:00,276.0,0.0
2023-01-04 06:00:00-03:00,273.25,0.0
2023-01-04 07:00:00-03:00,270.5,0.0
2023-01-04 08:00:00-03:00,268.5,0.0
2023-01-04 09:00:00-03:00,266.25,0.0
2023-01-04 10:00:00-03:00,264.0,0.0
2023-01-04 11:00:00-03:00,262.0,0.0
2023-01-04 12:00:00-03:00,260.0,0.0
2023-01-04 13:00:00-03:00,258.75,1.6
2023-01-04 14:00:00-03:00,256.25,0.0
2023-01-04 15:00:00-03:00,253.75,0.0
2023-01-04 16:00:00-03:00,252.25,0.6
2023-01-04 17:00:00-03:00,250.25,0.0
2023-01-04 18:00:00-03:00,250.25,9.0
2023-01-04 19:00:00-03:00,249.25,0.0
2023-01-04 20:00:00-03:00,247.5,0.0
2023-01-04 21:00:00-03:00,245.5,0.0
2023-01-04 22:00:00-03:00,246.75,8.6
2023-01-04 23:00:00-03:00,247.25,1.2
2023-01-05 00:00:00-03:00,246.75,1.0
2023-01-05 01:00:00-03:00,246.5,0.8
2023-01-05 02:00:00-03:00,247.0,0.0
2023-01-05 03:00:00-03:00,246.75,0.0
2023-01-05 04:00:00-03:00,246.0,0.0
2023-01-05 05:00:00-03:00,246.0,0.0
2023-01-05 06:00:00-03:00,246.0,4.2
2023-01-05 07:00:00-03:00,248.25,7.2
2023-01-05 08:00:00-03:00,249.0,3.0
2023-01-05 09:00:00-03:00,249.0,1.0
2023-01-05 10:00:00-03:00,249.5,0.4
2023-01-05 11:00:00-03:00,250.5,0.4
2023-01-05 12:00:00-03:00,252.0,1.2
2023-01-05 13:00:00-03:00,254.5,2.8000000000000003
2023-01-05 14:00:00-03:00,256.25,0.2
2023-01-05 15:00:00-03:00,258.75,0.0
2023-01-05 16:00:00-03:00,261.0,0.0
2023-01-05 17:00:00-03:00,263.5,1.2
2023-01-05 18:00:00-03:00,266.0,0.0
2023-01-05 19:00:00-03:00,268.0,0.0
2023-01-05 20:00:00-03:00,270.5,0.0
2023-01-05 21:00:00-03:00,272.5,0.0
2023-01-05 22:00:00-03:00,274.5,0.0
2023-01-05 23:00:00-03:00,276.25,0.2
2023-01-06 00:00:00-03:00,277.75,0.4
2023-01-06 01:00:00-03:00,279.5,1.0
2023-01-06 02:00:00-03:00,281.5,0.0
2023-01-06 03:00:00-03:00,282.75,0.4
2023-01-06 04:00:00-03:00,284.0,0.4
2023-01-06 05:00:00-03:00,285.5,0.0
2023-01-06 06:00:00-03:00,286.5,0.4
2023-01-06 07:00:00-03:00,287.25,0.0
2023-01-06 08:00:00-03:00,288.5,0.2
2023-01-06 09:00:00-03:00,289.75,0.0
2023-01-06 10:00:00-03:00,290.75,0.0
2023-01-06 11:00:00-03:00,291.25,0.2
2023-01-06 12:00:00-03:00,292.25,0.0
2023-01-06 13:00:00-03:00,293.5,0.0
2023-01-06 14:00:00-03:00,295.0,0.0
2023-01-06 15:00:00-03:00,295.0,0.2
2023-01-06 16:00:00-03:00,295.75,1.0
2023-01-06 17:00:00-03:00,297.25,2.4
2023-01-06 18:00:00-03:00,299.25,4.800000000000001
2023-01-06 19:00:00-03:00,301.75,4.0
2023-01-06 20:00:00-03:00,303.0,2.0
2023-01-06 21:00:00-03:00,303.5,0.4
2023-01-06 22:00:00-03:00,305.0,0.8
2023-01-06 23:00:00-03:00,305.5,0.2
2023-01-07 00:00:00-03:00,306.75,0.0
2023-01-07 01:00:00-03:00,308.0,0.4
2023-01-07 02:00:00-03:00,308.75,0.4
2023-01-07 03:00:00-03:00,310.25,0.4
2023-01-07 04:00:00-03:00,311.5,0.0
2023-01-07 05:00:00-03:00,312.0,0.0
2023-01-07 06:00:00-03:00,313.0,0.0
2023-01-07 07:00:00-03:00,314.0,0.0
2023-01-07 08:00:00-03:00,315.0,0.2
2023-01-07 09:00:00-03:00,315.75,0.0
2023-01-07 10:00:00-03:00,316.75,0.0
2023-01-07 11:00:00-03:00,317.75,0.0
2023-01-07 12:00:00-03:00,318.5,0.0
2023-01-07 13:00:00-03:00,319.25,0.0
2023-01-07 14:00:00-03:00,320.25,0.0
2023-01-07 15:00:00-03:00,321.5,0.0
2023-01-07 16:00:00-03:00,322.0,0.0
2023-01-07 17:00:00-03:00,322.0,0.0
2023-01-07 18:00:00-03:00,323.0,0.0
2023-01-07 19:00:00-03:00,323.5,0.0
2023-01-07 20:00:00-03:00,324.25,0.0
2023-01-07 21:00:00-03:00,325.0,0.0
2023-01-07 22:00:00-03:00,325.0,0.0
2023-01-07 23:00:00-03:00,325.5,0.0
2023-01-08 00:00:00-03:00,326.0,0.0
2023-01-08 01:00:00-03:00,326.0,0.0
2023-01-08 02:00:00-03:00,327.0,0.0
2023-01-08 03:00:00-03:00,327.25,0.0
2023-01-08 04:00:00-03:00,327.25,0.0
2023-01-08 05:00:00-03:00,327.75,0.0
2023-01-08 06:00:00-03:00,327.75,0.0
2023-01-08 07:00:00-03:00,328.0,0.0
2023-01-08 08:00:00-03:00,328.0,0.0
2023-01-08 09:00:00-03:00,328.25,0.0
2023-01-08 10:00:00-03:00,328.75,0.0
2023-01-08 11:00:00-03:00,329.5,0.0
2023-01-08 12:00:00-03:00,330.0,0.0
2023-01-08 13:00:00-03:00,329.0,0.0
2023-01-08 14:00:00-03:00,330.0,0.0
2023-01-08 15:00:00-03:00,329.75,0.0
2023-01-08 16:00:00-03:00,330.75,0.0
2023-01-08 17:00:00-03:00,329.75,0.0
2023-01-08 18:00:00-03:00,329.75,0.0
2023-01-08 19:00:00-03:00,330.0,0.0
2023-01-08 20:00:00-03:00,329.25,0.0
2023-01-08 21:00:00-03:00,329.0,0.0
2023-01-08 22:00:00-03:00,329.0,0.0
2023-01-08 23:00:00-03:00,329.0,0.2
2023-01-09 00:00:00-03:00,328.5,0.8
2023-01-09 01:00:00-03:00,329.75,4.4
2023-01-09 02:00:00-03:00,330.0,1.0
2023-01-09 03:00:00-03:00,329.75,0.0
2023-01-09 04:00:00-03:00,329.25,0.0
2023-01-09 05:00:00-03:00,329.0,0.8
2023-01-09 06:00:00-03:00,329.0,0.0
2023-01-09 07:00:00-03:00,328.75,0.0
2023-01-09 08:00:00-03:00,328.0,0.0
2023-01-09 09:00:00-03:00,327.25,0.0
2023-01-09 10:00:00-03:00,327.0,0.4
2023-01-09 11:00:00-03:00,326.25,0.6000000000000001
2023-01-09 12:00:00-03:00,325.5,2.0
2023-01-09 13:00:00-03:00,325.75,0.0
2023-01-09 14:00:00-03:00,325.0,0.2
2023-01-09 15:00:00-03:00,325.5,1.6
2023-01-09 16:00:00-03:00,325.0,1.0
2023-01-09 17:00:00-03:00,325.0,1.0
2023-01-09 18:00:00-03:00,324.5,1.0
2023-01-09 19:00:00-03:00,325.25,3.8
2023-01-09 20:00:00-03:00,325.25,1.2
2023-01-09 21:00:00-03:00,325.0,1.2
2023-01-09 22:00:00-03:00,324.0,0.0
2023-01-09 23:00:00-03:00,323.5,0.6000000000000001
2023-01-10 00:00:00-03:00,323.0,0.4
2023-01-10 01:00:00-03:00,322.75,1.8
2023-01-10 02:00:00-03:00,323.0,1.4
2023-01-10 03:00:00-03:00,323.0,2.0
2023-01-10 04:00:00-03:00,323.0,1.4
2023-01-10 05:00:00-03:00,323.0,0.6000000000000001
2023-01-10 06:00:00-03:00,323.0,0.8
2023-01-10 07:00:00-03:00,323.0,0.8
2023-01-10 08:00:00-03:00,323.0,0.8
2023-01-10 09:00:00-03:00,323.0,0.0
2023-01-10 10:00:00-03:00,323.75,0.0
2023-01-10 11:00:00-03:00,324.0,0.0
2023-01-10 12:00:00-03:00,323.75,0.0
2023-01-10 13:00:00-03:00,324.25,0.2
2023-01-10 14:00:00-03:00,323.5,0.0
2023-01-10 15:00:00-03:00,323.5,0.0
2023-01-10 16:00:00-03:00,324.0,0.0
2023-01-10 17:00:00-03:00,324.0,0.0
2023-01-10 18:00:00-03:00,324.25,0.0
2023-01-10 19:00:00-03:00,324.0,0.0
2023-01-10 20:00:00-03:00,324.0,0.0
2023-01-10 21:00:00-03:00,323.0,0.0
2023-01-10 22:00:00-03:00,323.25,0.0
2023-01-10 23:00:00-03:00,329.75,16.0
2023-01-11 00:00:00-03:00,331.5,3.0
2023-01-11 01:00:00-03:00,333.5,3.8
2023-01-11 02:00:00-03:00,334.25,0.0
2023-01-11 03:00:00-03:00,336.0,0.0
2023-01-11 04:00:00-03:00,337.25,0.0
2023-01-11 05:00:00-03:00,338.5,0.0
2023-01-11 06:00:00-03:00,339.0,0.0
2023-01-11 07:00:00-03:00,339.75,0.0
2023-01-11 08:00:00-03:00,340.0,0.0
2023-01-11 09:00:00-03:00,340.0,0.0
2023-01-11 10:00:00-03:00,340.0,1.4
2023-01-11 11:00:00-03:00,340.75,2.4
2023-01-11 12:00:00-03:00,341.5,1.8
2023-01-11 13:00:00-03:00,342.0,1.8
2023-01-11 14:00:00-03:00,344.5,7.6
2023-01-11 15:00:00-03:00,346.25,3.8
2023-01-11 16:00:00-03:00,347.0,0.4
2023-01-11 17:00:00-03:00,348.0,0.0
2023-01-11 18:00:00-03:00,348.0,0.0
2023-01-11 19:00:00-03:00,349.0,0.0
2023-01-11 20:00:00-03:00,349.0,0.0
2023-01-11 21:00:00-03:00,350.0,0.0
2023-01-11 22:00:00-03:00,350.25,0.0
2023-01-11 23:00:00-03:00,350.75,0.0
2023-01-12 00:00:00-03:00,350.75,0.0
2023-01-12 01:00:00-03:00,351.0,0.0
2023-01-12 02:00:00-03:00,351.0,0.0
2023-01-12 03:00:00-03:00,351.0,0.0
2023-01-12 04:00:00-03:00,351.0,0.0
2023-01-12 05:00:00-03:00,351.5,0.0
2023-01-12 06:00:00-03:00,351.0,0.0
2023-01-12 07:00:00-03:00,351.5,0.0
2023-01-12 08:00:00-03:00,351.25,1.4
2023-01-12 09:00:00-03:00,352.0,1.2000000000000002
2023-01-12 10:00:00-03:00,351.5,0.0
2023-01-12 11:00:00-03:00,352.0,0.0
2023-01-12 12:00:00-03:00,351.25,0.0
2023-01-12 13:00:00-03:00,352.0,0.0
2023-01-12 14:00:00-03:00,351.0,0.0
2023-01-12 15:00:00-03:00,351.25,0.0
2023-01-12 16:00:00-03:00,350.75,0.4
2023-01-12 17:00:00-03:00,351.5,4.4
2023-01-12 18:00:00-03:00,351.5,0.2
2023-01-12 19:00:00-03:00,351.75,1.2000000000000002
2023-01-12 20:00:00-03:00,351.75,1.0
2023-01-12 21:00:00-03:00,351.75,0.0
2023-01-12 22:00:00-03:00,352.0,0.6000000000000001
2023-01-12 23:00:00-03:00,352.0,0.2
2023-01-13 00:00:00-03:00,352.0,0.0
2023-01-13 01:00:00-03:00,352.0,0.0
2023-01-13 02:00:00-03:00,352.0,0.0
2023-01-13 03:00:00-03:00,352.0,0.0
2023-01-13 04:00:00-03:00,352.0,0.0
2023-01-13 05:00:00-03:00,352.0,0.0
2023-01-13 06:00:00-03:00,352.25,0.0
2023-01-13 07:00:00-03:00,352.5,0.0
2023-01-13 08:00:00-03:00,352.25,0.2
2023-01-13 09:00:00-03:00,353.0,0.0
2023-01-13 10:00:00-03:00,352.75,0.0
2023-01-13 11:00:00-03:00,353.0,0.0
2023-01-13 12:00:00-03:00,354.0,0.0
2023-01-13 13:00:00-03:00,353.75,0.0
2023-01-13 14:00:00-03:00,354.0,0.0
2023-01-13 15:00:00-03:00,356.25,8.4
2023-01-13 16:00:00-03:00,356.0,0.6
2023-01-13 17:00:00-03:00,356.0,0.0
2023-01-13 18:00:00-03:00,356.25,0.0
2023-01-13 19:00:00-03:00,357.0,0.0
2023-01-13 20:00:00-03:00,357.75,0.0
2023-01-13 21:00:00-03:00,358.0,0.0
2023-01-13 22:00:00-03:00,359.0,0.0
2023-01-13 23:00:00-03:00,359.0,0.0
2023-01-14 00:00:00-03:00,359.75,0.0
2023-01-14 01:00:00-03:00,359.75,0.0
2023-01-14 02:00:00-03:00,360.0,0.0
2023-01-14 03:00:00-03:00,360.0,0.0
2023-01-14 04:00:00-03:00,360.0,0.0
2023-01-14 05:00:00-03:00,360.25,0.0
2023-01-14 06:00:00-03:00,360.25,0.8
2023-01-14 07:00:00-03:00,360.25,0.0
2023-01-14 08:00:00-03:00,361.0,0.0
2023-01-14 09:00:00-03:00,360.75,0.0
2023-01-14 10:00:00-03:00,361.0,0.0
2023-01-14 11:00:00-03:00,361.0,0.0
2023-01-14 12:00:00-03:00,361.25,0.0
2023-01-14 13:00:00-03:00,361.0,0.0
2023-01-14 14:00:00-03:00,361.75,0.0
2023-01-14 15:00:00-03:00,361.0,0.0
2023-01-14 16:00:00-03:00,361.0,0.0
2023-01-14 17:00:00-03:00,360.75,0.0
2023-01-14 18:00:00-03:00,361.0,0.0
2023-01-14 19:00:00-03:00,360.5,0.0
2023-01-14 20:00:00-03:00,360.0,0.0
2023-01-14 21:00:00-03:00,359.75,0.0
2023-01-14 22:00:00-03:00,359.25,0.0
2023-01-14 23:00:00-03:00,359.0,0.0
2023-01-15 00:00:00-03:00,358.5,0.0
2023-01-15 01:00:00-03:00,358.25,0.0
2023-01-15 02:00:00-03:00,357.75,0.0
2023-01-15 03:00:00-03:00,357.25,0.0
2023-01-15 04:00:00-03:00,357.0,0.0
2023-01-15 05:00:00-03:00,356.0,0.0
2023-01-15 06:00:00-03:00,355.75,0.2
2023-01-15 07:00:00-03:00,355.0,0.0
2023-01-15 08:00:00-03:00,354.25,0.0
2023-01-15 09:00:00-03:00,354.0,0.0
2023-01-15 10:00:00-03:00,353.0,0.0
2023-01-15 11:00:00-03:00,352.0,0.0
2023-01-15 12:00:00-03:00,351.25,0.0
2023-01-15 13:00:00-03:00,350.5,0.0
2023-01-15 14:00:00-03:00,350.0,0.0
2023-01-15 15:00:00-03:00,349.0,0.0
2023-01-15 16:00:00-03:00,347.75,0.0
2023-01-15 17:00:00-03:00,346.0,0.0
2023-01-15 18:00:00-03:00,344.25,0.0
2023-01-15 19:00:00-03:00,343.5,0.0
2023-01-15 20:00:00-03:00,341.5,0.0
2023-01-15 21:00:00-03:00,340.25,0.0
2023-01-15 22:00:00-03:00,338.5,0.0
2023-01-15 23:00:00-03:00,337.0,0.0
2023-01-16 00:00:00-03:00,335.5,0.0
2023-01-16 01:00:00-03:00,334.0,0.0
2023-01-16 02:00:00-03:00,333.5,5.8
2023-01-16 03:00:00-03:00,333.25,1.2000000000000002
2023-01-16 04:00:00-03:00,331.5,0.4
2023-01-16 05:00:00-03:00,330.25,0.0
2023-01-16 06:00:00-03:00,328.75,0.2
2023-01-16 07:00:00-03:00,327.5,0.0
2023-01-16 08:00:00-03:00,326.0,0.0
2023-01-16 09:00:00-03:00,324.75,0.0
2023-01-16 10:00:00-03:00,323.0,0.0
2023-01-16 11:00:00-03:00,321.75,0.0
2023-01-16 12:00:00-03:00,320.25,0.0
2023-01-16 13:00:00-03:00,318.75,0.0
2023-01-16 14:00:00-03:00,316.75,0.0
2023-01-16 15:00:00-03:00,315.25,0.0
2023-01-16 16:00:00-03:00,313.5,0.0
2023-01-16 17:00:00-03:00,311.5,0.0
2023-01-16 18:00:00-03:00,309.0,0.0
2023-01-16 19:00:00-03:00,323.25,44.0
2023-01-16 20:00:00-03:00,323.75,0.0
2023-01-16 21:00:00-03:00,319.75,0.0
2023-01-16 22:00:00-03:00,317.5,0.0
2023-01-16 23:00:00-03:00,316.0,0.0
2023-01-17 00:00:00-03:00,314.75,0.0
2023-01-17 01:00:00-03:00,313.5,0.0
2023-01-17 02:00:00-03:00,312.75,0.0
2023-01-17 03:00:00-03:00,312.0,0.0
2023-01-17 04:00:00-03:00,311.25,0.0
2023-01-17 05:00:00-03:00,310.25,0.2
2023-01-17 06:00:00-03:00,309.25,0.0
2023-01-17 07:00:00-03:00,307.5,0.0
2023-01-17 08:00:00-03:00,306.5,0.0
2023-01-17 09:00:00-03:00,305.5,0.0
2023-01-17 10:00:00-03:00,303.75,0.0
2023-01-17 11:00:00-03:00,303.0,0.0
2023-01-17 12:00:00-03:00,302.25,0.0
2023-01-17 13:00:00-03:00,301.5,0.0
2023-01-17 14:00:00-03:00,300.25,0.0
2023-01-17 15:00:00-03:00,299.0,0.0
2023-01-17 16:00:00-03:00,297.75,0.0
2023-01-17 17:00:00-03:00,297.0,0.0
2023-01-17 18:00:00-03:00,294.5,0.0
2023-01-17 19:00:00-03:00,293.5,0.0
2023-01-17 20:00:00-03:00,292.5,0.0
2023-01-17 21:00:00-03:00,291.5,0.0
2023-01-17 22:00:00-03:00,290.5,0.0
2023-01-17 23:00:00-03:00,289.5,0.0
2023-01-18 00:00:00-03:00,288.0,0.0
2023-01-18 01:00:00-03:00,287.75,0.0
2023-01-18 02:00:00-03:00,287.0,0.0
2023-01-18 03:00:00-03:00,286.5,0.2
2023-01-18 04:00:00-03:00,285.5,0.0
2023-01-18 05:00:00-03:00,284.5,0.0
2023-01-18 06:00:00-03:00,283.5,0.0
2023-01-18 07:00:00-03:00,282.5,0.0
2023-01-18 08:00:00-03:00,281.0,0.0
2023-01-18 09:00:00-03:00,280.5,0.0
2023-01-18 10:00:00-03:00,278.75,0.0
2023-01-18 11:00:00-03:00,278.25,0.0
2023-01-18 12:00:00-03:00,277.0,0.0
2023-01-18 13:00:00-03:00,275.75,0.0
2023-01-18 14:00:00-03:00,274.25,0.0
2023-01-18 15:00:00-03:00,272.5,0.0
2023-01-18 16:00:00-03:00,271.25,0.0
2023-01-18 17:00:00-03:00,269.25,0.0
2023-01-18 18:00:00-03:00,267.25,0.0
2023-01-18 19:00:00-03:00,265.75,0.0
2023-01-18 20:00:00-03:00,264.0,0.0
2023-01-18 21:00:00-03:00,262.5,0.0
2023-01-18 22:00:00-03:00,260.0,0.0
2023-01-18 23:00:00-03:00,258.75,0.0
2023-01-19 00:00:00-03:00,257.5,0.0
2023-01-19 01:00:00-03:00,254.5,0.0
2023-01-19 02:00:00-03:00,253.0,0.0
2023-01-19 03:00:00-03:00,251.25,0.0
2023-01-19 04:00:00-03:00,249.5,0.0
2023-01-19 05:00:00-03:00,248.0,0.0
2023-01-19 06:00:00-03:00,246.0,0.0
2023-01-19 07:00:00-03:00,244.0,0.0
2023-01-19 08:00:00-03:00,242.25,0.0
2023-01-19 09:00:00-03:00,240.75,0.0
2023-01-19 10:00:00-03:00,239.5,0.0
2023-01-19 11:00:00-03:00,236.5,0.0
2023-01-19 12:00:00-03:00,235.75,0.0
2023-01-19 13:00:00-03:00,234.25,0.0
2023-01-19 14:00:00-03:00,232.5,0.0
2023-01-19 15:00:00-03:00,231.5,0.0
2023-01-19 16:00:00-03:00,229.25,0.0
2023-01-19 17:00:00-03:00,227.0,0.0
2023-01-19 18:00:00-03:00,225.75,0.0
2023-01-19 19:00:00-03:00,224.5,0.0
2023-01-19 20:00:00-03:00,223.25,0.0
2023-01-19 21:00:00-03:00,222.0,0.0
2023-01-19 22:00:00-03:00,220.5,0.0
2023-01-19 23:00:00-03:00,219.25,0.0
2023-01-20 00:00:00-03:00,218.0,0.0
2023-01-20 01:00:00-03:00,216.75,0.0
2023-01-20 02:00:00-03:00,215.75,0.0
2023-01-20 03:00:00-03:00,214.25,0.0
2023-01-20 04:00:00-03:00,213.5,0.0
2023-01-20 05:00:00-03:00,213.0,0.0
2023-01-20 06:00:00-03:00,212.0,0.0
2023-01-20 07:00:00-03:00,211.0,0.0
2023-01-20 08:00:00-03:00,209.75,0.0
2023-01-20 09:00:00-03:00,209.0,0.0
2023-01-20 10:00:00-03:00,208.25,0.0
2023-01-20 11:00:00-03:00,207.5,0.6000000000000001
2023-01-20 12:00:00-03:00,207.0,0.6
2023-01-20 13:00:00-03:00,206.25,0.0
2023-01-20 14:00:00-03:00,206.75,1.7999999999999998
2023-01-20 15:00:00-03:00,206.75,0.8
2023-01-20 16:00:00-03:00,207.25,0.2
2023-01-20 17:00:00-03:00,208.25,3.6
2023-01-20 18:00:00-03:00,210.5,3.8
2023-01-20 19:00:00-03:00,210.75,0.2
2023-01-20 20:00:00-03:00,211.5,1.4
2023-01-20 21:00:00-03:00,212.25,0.0
2023-01-20 22:00:00-03:00,213.0,0.0
2023-01-20 23:00:00-03:00,213.5,0.0
2023-01-21 00:00:00-03:00,214.5,0.0
2023-01-21 01:00:00-03:00,215.0,0.2
2023-01-21 02:00:00-03:00,215.5,0.0
2023-01-21 03:00:00-03:00,216.25,0.0
2023-01-21 04:00:00-03:00,216.75,0.0
2023-01-21 05:00:00-03:00,217.0,0.4
2023-01-21 06:00:00-03:00,217.75,0.0
2023-01-21 07:00:00-03:00,218.0,0.6
2023-01-21 08:00:00-03:00,218.0,0.0
2023-01-21 09:00:00-03:00,218.25,0.0
2023-01-21 10:00:00-03:00,219.0,0.0
2023-01-21 11:00:00-03:00,219.0,0.0
2023-01-21 12:00:00-03:00,218.75,0.2
2023-01-21 13:00:00-03:00,220.0,0.0
2023-01-21 14:00:00-03:00,220.0,0.0
2023-01-21 15:00:00-03:00,220.0,0.0
2023-01-21 16:00:00-03:00,220.0,0.0
2023-01-21 17:00:00-03:00,219.0,0.0
2023-01-21 18:00:00-03:00,219.0,0.0
2023-01-21 19:00:00-03:00,219.0,0.0
2023-01-21 20:00:00-03:00,219.0,0.0
2023-01-21 21:00:00-03:00,218.75,0.0
2023-01-21 22:00:00-03:00,218.0,0.0
2023-01-21 23:00:00-03:00,218.0,0.0
2023-01-22 00:00:00-03:00,218.5,0.0
2023-01-22 01:00:00-03:00,218.0,0.0
2023-01-22 02:00:00-03:00,218.0,0.0
2023-01-22 03:00:00-03:00,218.0,0.0
2023-01-22 04:00:00-03:00,218.0,0.0
2023-01-22 05:00:00-03:00,218.0,0.0
2023-01-22 06:00:00-03:00,217.75,0.0
2023-01-22 07:00:00-03:00,217.75,0.0
2023-01-22 08:00:00-03:00,217.0,0.0
2023-01-22 09:00:00-03:00,217.25,0.0
2023-01-22 10:00:00-03:00,217.75,0.0
2023-01-22 11:00:00-03:00,216.75,0.0
2023-01-22 12:00:00-03:00,217.0,0.0
2023-01-22 13:00:00-03:00,216.0,0.0
2023-01-22 14:00:00-03:00,215.5,0.0
2023-01-22 15:00:00-03:00,215.0,0.0
2023-01-22 16:00:00-03:00,213.5,0.0
2023-01-22 17:00:00-03:00,213.5,0.0
2023-01-22 18:00:00-03:00,211.75,0.0
2023-01-22 19:00:00-03:00,211.0,0.0
2023-01-22 20:00:00-03:00,209.5,0.0
2023-01-22 21:00:00-03:00,208.5,0.0
2023-01-22 22:00:00-03:00,207.75,0.0
2023-01-22 23:00:00-03:00,206.5,0.0
2023-01-23 00:00:00-03:00,205.5,0.0
2023-01-23 01:00:00-03:00,204.25,0.0
2023-01-23 02:00:00-03:00,203.25,0.0
2023-01-23 03:00:00-03:00,202.25,0.0
2023-01-23 04:00:00-03:00,201.25,0.0
2023-01-23 05:00:00-03:00,200.5,0.0
2023-01-23 06:00:00-03:00,199.25,0.0
2023-01-23 07:00:00-03:00,198.25,0.0
2023-01-23 08:00:00-03:00,197.0,0.0
2023-01-23 09:00:00-03:00,196.0,0.0
2023-01-23 10:00:00-03:00,195.0,0.0
2023-01-23 11:00:00-03:00,194.0,0.0
2023-01-23 12:00:00-03:00,193.25,0.0
2023-01-23 13:00:00-03:00,192.5,0.0
2023-01-23 14:00:00-03:00,191.0,0.0
2023-01-23 15:00:00-03:00,189.5,0.0
2023-01-23 16:00:00-03:00,189.0,0.0
2023-01-23 17:00:00-03:00,188.25,0.0
2023-01-23 18:00:00-03:00,187.25,0.0
2023-01-23 19:00:00-03:00,186.0,0.0
2023-01-23 20:00:00-03:00,185.0,0.0
2023-01-23 21:00:00-03:00,183.5,0.2
2023-01-23 22:00:00-03:00,182.5,0.6000000000000001
2023-01-23 23:00:00-03:00,181.5,0.4
2023-01-24 00:00:00-03:00,180.5,0.0
2023-01-24 01:00:00-03:00,179.25,0.0
2023-01-24 02:00:00-03:00,179.25,0.0
2023-01-24 03:00:00-03:00,178.0,0.0
2023-01-24 04:00:00-03:00,177.75,0.0
2023-01-24 05:00:00-03:00,177.0,0.0
2023-01-24 06:00:00-03:00,176.5,0.0
2023-01-24 07:00:00-03:00,176.0,0.0
2023-01-24 08:00:00-03:00,175.5,0.0
2023-01-24 09:00:00-03:00,175.0,0.4
2023-01-24 10:00:00-03:00,175.0,0.0
2023-01-24 11:00:00-03:00,175.0,0.0
2023-01-24 12:00:00-03:00,175.5,0.0
2023-01-24 13:00:00-03:00,176.5,0.0
2023-01-24 14:00:00-03:00,178.0,0.0
2023-01-24 15:00:00-03:00,179.25,0.0
2023-01-24 16:00:00-03:00,182.0,0.0
2023-01-24 17:00:00-03:00,184.0,0.0
2023-01-24 18:00:00-03:00,186.0,0.0
2023-01-24 19:00:00-03:00,189.0,0.0
2023-01-24 20:00:00-03:00,191.75,0.0
2023-01-24 21:00:00-03:00,206.75,28.0
2023-01-24 22:00:00-03:00,213.25,1.2000000000000002
2023-01-24 23:00:00-03:00,212.5,0.0
2023-01-25 00:00:00-03:00,213.25,0.4
2023-01-25 01:00:00-03:00,215.0,0.0
2023-01-25 02:00:00-03:00,217.25,0.0
2023-01-25 03:00:00-03:00,220.25,0.0
2023-01-25 04:00:00-03:00,223.25,0.0
2023-01-25 05:00:00-03:00,226.0,0.0
2023-01-25 06:00:00-03:00,228.0,0.0
2023-01-25 07:00:00-03:00,229.75,0.0
2023-01-25 08:00:00-03:00,231.0,0.0
2023-01-25 09:00:00-03:00,232.25,0.0
2023-01-25 10:00:00-03:00,233.0,0.0
2023-01-25 11:00:00-03:00,234.75,0.0
2023-01-25 12:00:00-03:00,235.0,0.0
2023-01-25 13:00:00-03:00,236.25,0.0
2023-01-25 14:00:00-03:00,237.25,0.0
2023-01-25 15:00:00-03:00,237.75,0.0
2023-01-25 16:00:00-03:00,238.0,0.0
2023-01-25 17:00:00-03:00,239.0,0.0
2023-01-25 18:00:00-03:00,238.75,0.0
2023-01-25 19:00:00-03:00,238.25,0.0
2023-01-25 20:00:00-03:00,238.0,0.0
2023-01-25 21:00:00-03:00,237.75,0.0
2023-01-25 22:00:00-03:00,237.0,0.0
2023-01-25 23:00:00-03:00,237.0,0.0
2023-01-26 00:00:00-03:00,237.0,0.0
2023-01-26 01:00:00-03:00,236.5,0.0
2023-01-26 02:00:00-03:00,236.0,0.0
2023-01-26 03:00:00-03:00,236.0,0.0
2023-01-26 04:00:00-03:00,236.0,0.0
2023-01-26 05:00:00-03:00,235.5,0.0
2023-01-26 06:00:00-03:00,235.25,0.0
2023-01-26 07:00:00-03:00,235.0,0.0
2023-01-26 08:00:00-03:00,235.0,0.0
2023-01-26 09:00:00-03:00,235.0,0.0
2023-01-26 10:00:00-03:00,234.5,0.0
2023-01-26 11:00:00-03:00,234.5,0.0
2023-01-26 12:00:00-03:00,234.5,0.0
2023-01-26 13:00:00-03:00,234.0,0.0
2023-01-26 14:00:00-03:00,233.0,0.0
2023-01-26 15:00:00-03:00,232.5,0.0
2023-01-26 16:00:00-03:00,231.25,0.0
2023-01-26 17:00:00-03:00,229.75,0.0
2023-01-26 18:00:00-03:00,228.5,0.0
2023-01-26 19:00:00-03:00,227.25,0.0
2023-01-26 20:00:00-03:00,225.5,0.0
2023-01-26 21:00:00-03:00,224.0,0.0
2023-01-27 00:00:00-03:00,218.5,0.0
2023-01-27 01:00:00-03:00,216.75,0.0
2023-01-27 02:00:00-03:00,215.25,0.0
2023-01-27 03:00:00-03:00,213.25,0.0
2023-01-27 04:00:00-03:00,212.0,0.0
2023-01-27 05:00:00-03:00,210.0,0.0
2023-01-27 06:00:00-03:00,208.0,0.0
2023-01-27 07:00:00-03:00,206.0,0.0
2023-01-27 08:00:00-03:00,204.0,0.0
2023-01-27 09:00:00-03:00,203.0,0.0
2023-01-27 10:00:00-03:00,201.25,0.0
2023-01-27 11:00:00-03:00,200.5,0.0
2023-01-27 12:00:00-03:00,198.25,0.0
2023-01-27 13:00:00-03:00,197.0,0.0
2023-01-27 14:00:00-03:00,195.5,0.0
2023-01-27 15:00:00-03:00,194.0,0.0
2023-01-27 16:00:00-03:00,192.75,0.0
2023-01-27 17:00:00-03:00,191.25,0.0
2023-01-27 18:00:00-03:00,188.75,0.0
2023-01-27 19:00:00-03:00,187.75,0.0
2023-01-27 20:00:00-03:00,186.5,0.0
2023-01-27 21:00:00-03:00,184.0,0.0
2023-01-27 22:00:00-03:00,182.75,0.0
2023-01-27 23:00:00-03:00,181.75,0.0
2023-01-28 00:00:00-03:00,180.0,0.0
2023-01-28 01:00:00-03:00,179.25,0.0
2023-01-28 02:00:00-03:00,178.25,0.0
2023-01-28 03:00:00-03:00,177.5,0.0
2023-01-28 04:00:00-03:00,176.25,0.0
2023-01-28 05:00:00-03:00,175.5,0.0
2023-01-28 06:00:00-03:00,174.5,0.0
2023-01-28 07:00:00-03:00,173.5,0.0
2023-01-28 08:00:00-03:00,172.75,0.0
2023-01-28 09:00:00-03:00,172.25,0.0
2023-01-28 10:00:00-03:00,171.25,0.0
2023-01-28 11:00:00-03:00,171.25,0.0
2023-01-28 12:00:00-03:00,170.5,0.0
2023-01-28 13:00:00-03:00,170.0,0.0
2023-01-28 14:00:00-03:00,169.75,0.0
2023-01-28 15:00:00-03:00,169.5,0.0
2023-01-28 16:00:00-03:00,169.25,0.0
2023-01-28 17:00:00-03:00,169.0,4.2
2023-01-28 18:00:00-03:00,168.5,1.0
2023-01-28 19:00:00-03:00,168.25,0.0
2023-01-28 20:00:00-03:00,168.25,0.4
2023-01-28 21:00:00-03:00,169.0,0.2
2023-01-28 22:00:00-03:00,169.75,0.4
2023-01-28 23:00:00-03:00,170.75,0.0
2023-01-29 00:00:00-03:00,171.0,0.2
2023-01-29 01:00:00-03:00,171.5,0.0
2023-01-29 02:00:00-03:00,172.0,0.0
2023-01-29 03:00:00-03:00,171.75,0.0
2023-01-29 04:00:00-03:00,172.0,0.0
2023-01-29 05:00:00-03:00,172.75,0.0
2023-01-29 06:00:00-03:00,172.75,0.0
2023-01-29 07:00:00-03:00,172.75,0.0
2023-01-29 08:00:00-03:00,173.0,0.2
2023-01-29 09:00:00-03:00,173.25,0.0
2023-01-29 10:00:00-03:00,172.5,0.0
2023-01-29 11:00:00-03:00,173.0,0.0
2023-01-29 12:00:00-03:00,173.25,0.0
2023-01-29 13:00:00-03:00,173.0,0.0
2023-01-29 14:00:00-03:00,173.0,0.0
2023-01-29 15:00:00-03:00,172.5,0.0
2023-01-29 16:00:00-03:00,172.5,0.0
2023-01-29 17:00:00-03:00,172.5,0.0
2023-01-29 18:00:00-03:00,173.5,0.0
2023-01-29 19:00:00-03:00,174.0,3.2
2023-01-29 20:00:00-03:00,182.25,12.8
2023-01-29 21:00:00-03:00,181.75,0.8
2023-01-29 22:00:00-03:00,182.0,0.2
2023-01-29 23:00:00-03:00,182.25,0.0
2023-01-30 00:00:00-03:00,184.25,0.0
2023-01-30 01:00:00-03:00,186.75,0.0
2023-01-30 02:00:00-03:00,190.25,0.0
2023-01-30 03:00:00-03:00,193.5,0.0
2023-01-30 04:00:00-03:00,197.25,0.0
2023-01-30 05:00:00-03:00,200.75,0.0
2023-01-30 06:00:00-03:00,204.0,0.0
2023-01-30 07:00:00-03:00,205.75,0.0
2023-01-30 08:00:00-03:00,206.5,0.0
2023-01-30 09:00:00-03:00,208.0,0.0
2023-01-30 10:00:00-03:00,209.0,0.0
2023-01-30 11:00:00-03:00,210.5,0.0
2023-01-30 12:00:00-03:00,211.75,0.0
2023-01-30 13:00:00-03:00,212.75,0.0
2023-01-30 14:00:00-03:00,213.75,0.0
2023-01-30 15:00:00-03:00,214.75,0.0
2023-01-30 16:00:00-03:00,215.75,4.4
2023-01-30 17:00:00-03:00,217.0,0.2
2023-01-30 18:00:00-03:00,217.5,2.8
2023-01-30 19:00:00-03:00,218.75,1.6
2023-01-30 20:00:00-03:00,218.75,0.0
2023-01-30 21:00:00-03:00,219.5,0.2
2023-01-30 22:00:00-03:00,220.0,0.0
2023-01-30 23:00:00-03:00,220.0,0.0
2023-01-31 00:00:00-03:00,221.0,0.0
2023-01-31 01:00:00-03:00,221.25,0.0
2023-01-31 02:00:00-03:00,221.25,0.0
2023-01-31 03:00:00-03:00,222.0,0.0
2023-01-31 04:00:00-03:00,222.0,0.0
2023-01-31 05:00:00-03:00,222.5,0.0
2023-01-31 06:00:00-03:00,222.75,0.0
2023-01-31 07:00:00-03:00,223.0,0.0
2023-01-31 08:00:00-03:00,223.0,0.2
2023-01-31 09:00:00-03:00,223.0,0.0
2023-01-31 10:00:00-03:00,223.0,0.0
2023-01-31 11:00:00-03:00,223.75,0.0
2023-01-31 12:00:00-03:00,224.0,0.0
2023-01-31 13:00:00-03:00,223.5,0.0
2023-01-31 14:00:00-03:00,224.0,0.0
2023-01-31 15:00:00-03:00,223.75,0.0
2023-01-31 16:00:00-03:00,223.5,0.0
2023-01-31 17:00:00-03:00,223.25,0.0
2023-01-31 18:00:00-03:00,223.0,0.0
2023-01-31 19:00:00-03:00,222.5,0.0
2023-01-31 20:00:00-03:00,221.75,0.0
2023-01-31 21:00:00-03:00,221.5,0.0
2023-01-31 22:00:00-03:00,220.25,0.0
2023-01-31 23:00:00-03:00,220.0,0.0
2023-02-01 00:00:00-03:00,219.25,0.0
2023-02-01 01:00:00-03:00,219.0,0.0
2023-02-01 02:00:00-03:00,218.0,0.0
2023-02-01 03:00:00-03:00,217.25,0.0
2023-02-01 04:00:00-03:00,216.25,0.2
2023-02-01 05:00:00-03:00,216.0,0.0
2023-02-01 06:00:00-03:00,215.25,0.0
2023-02-01 07:00:00-03:00,214.5,4.2
2023-02-01 08:00:00-03:00,214.25,0.0
2023-02-01 09:00:00-03:00,213.25,0.0
2023-02-01 10:00:00-03:00,212.25,0.0
2023-02-01 11:00:00-03:00,212.5,0.2
2023-02-01 12:00:00-03:00,212.0,0.0
2023-02-01 13:00:00-03:00,211.5,0.0
2023-02-01 14:00:00-03:00,211.5,0.0
2023-02-01 15:00:00-03:00,210.25,0.2
2023-02-01 16:00:00-03:00,210.0,0.6000000000000001
2023-02-01 17:00:00-03:00,209.75,0.4
2023-02-01 18:00:00-03:00,209.75,1.0
2023-02-01 19:00:00-03:00,209.75,0.0
2023-02-01 20:00:00-03:00,209.25,0.0
2023-02-01 21:00:00-03:00,209.0,0.0
2023-02-01 22:00:00-03:00,209.5,0.6000000000000001
2023-02-01 23:00:00-03:00,209.25,0.2
2023-02-02 00:00:00-03:00,209.25,0.0
2023-02-02 01:00:00-03:00,209.25,0.0
2023-02-02 02:00:00-03:00,210.0,0.2
2023-02-02 03:00:00-03:00,210.0,0.0
2023-02-02 04:00:00-03:00,210.5,0.2
2023-02-02 05:00:00-03:00,211.5,0.2
2023-02-02 06:00:00-03:00,212.25,0.0
2023-02-02 07:00:00-03:00,212.5,0.0
2023-02-02 08:00:00-03:00,213.5,0.0
2023-02-02 09:00:00-03:00,214.0,0.0
2023-02-02 10:00:00-03:00,215.25,0.0
2023-02-02 11:00:00-03:00,216.5,0.0
2023-02-02 12:00:00-03:00,217.75,0.0
2023-02-02 13:00:00-03:00,219.25,0.2
2023-02-02 14:00:00-03:00,220.25,0.0
2023-02-02 15:00:00-03:00,221.5,0.0
2023-02-02 16:00:00-03:00,223.25,0.0
2023-02-02 17:00:00-03:00,224.25,0.0
2023-02-02 18:00:00-03:00,224.75,0.0
2023-02-02 19:00:00-03:00,226.25,0.0
2023-02-02 20:00:00-03:00,227.75,0.0
2023-02-02 21:00:00-03:00,229.0,0.0
2023-02-02 22:00:00-03:00,230.0,0.0
2023-02-02 23:00:00-03:00,230.75,0.0
2023-02-03 00:00:00-03:00,231.75,0.0
2023-02-03 01:00:00-03:00,232.25,0.0
2023-02-03 02:00:00-03:00,233.0,0.0
2023-02-03 03:00:00-03:00,234.0,0.0
2023-02-03 04:00:00-03:00,234.25,0.0
2023-02-03 05:00:00-03:00,235.0,0.0
2023-02-03 06:00:00-03:00,235.25,0.0
2023-02-03 07:00:00-03:00,236.0,0.0
2023-02-03 08:00:00-03:00,236.0,0.0
2023-02-03 09:00:00-03:00,236.5,0.0
2023-02-03 10:00:00-03:00,237.25,0.6000000000000001
2023-02-03 11:00:00-03:00,242.0,13.4
2023-02-03 12:00:00-03:00,244.0,4.2
2023-02-03 13:00:00-03:00,243.5,0.8
2023-02-03 14:00:00-03:00,244.5,0.0
2023-02-03 15:00:00-03:00,245.5,0.0
2023-02-03 16:00:00-03:00,246.0,0.2
2023-02-03 17:00:00-03:00,247.0,0.0
2023-02-03 18:00:00-03:00,248.5,0.0
2023-02-03 19:00:00-03:00,248.75,0.0
2023-02-03 20:00:00-03:00,249.25,0.0
2023-02-03 21:00:00-03:00,250.0,0.0
2023-02-03 22:00:00-03:00,251.0,0.0
2023-02-03 23:00:00-03:00,251.5,0.0
2023-02-04 00:00:00-03:00,260.0,0.0
2023-02-04 01:00:00-03:00,260.25,0.0
2023-02-04 02:00:00-03:00,267.75,0.0
2023-02-04 03:00:00-03:00,276.25,0.0
2023-02-04 04:00:00-03:00,276.25,0.0
2023-02-04 05:00:00-03:00,277.0,0.0
2023-02-04 06:00:00-03:00,280.25,0.0
2023-02-04 07:00:00-03:00,283.5,0.0
2023-02-04 08:00:00-03:00,285.5,0.0
2023-02-04 09:00:00-03:00,287.5,0.0
2023-02-04 10:00:00-03:00,289.5,0.0
2023-02-04 11:00:00-03:00,290.75,0.0
2023-02-04 12:00:00-03:00,290.5,0.0
2023-02-04 13:00:00-03:00,291.25,0.0
2023-02-04 14:00:00-03:00,292.5,0.0
2023-02-04 15:00:00-03:00,292.75,0.0
2023-02-04 16:00:00-03:00,293.75,0.0
2023-02-04 17:00:00-03:00,294.5,0.0
2023-02-04 18:00:00-03:00,295.5,0.0
2023-02-04 19:00:00-03:00,296.25,0.0
2023-02-04 20:00:00-03:00,297.25,0.0
2023-02-04 21:00:00-03:00,298.0,0.0
2023-02-04 22:00:00-03:00,299.0,0.0
2023-02-04 23:00:00-03:00,299.75,0.0
2023-02-05 00:00:00-03:00,300.5,0.0
2023-02-05 01:00:00-03:00,301.25,0.0
2023-02-05 02:00:00-03:00,302.0,0.0
2023-02-05 03:00:00-03:00,302.75,0.0
2023-02-05 04:00:00-03:00,303.5,0.0
2023-02-05 05:00:00-03:00,304.0,0.0
2023-02-05 06:00:00-03:00,305.0,0.0
2023-02-05 07:00:00-03:00,306.0,0.0
2023-02-05 08:00:00-03:00,307.0,0.0
2023-02-05 09:00:00-03:00,307.75,0.0
2023-02-05 10:00:00-03:00,309.25,0.0
2023-02-05 11:00:00-03:00,310.25,0.0
2023-02-05 12:00:00-03:00,311.25,0.0
2023-02-05 13:00:00-03:00,312.0,0.0
2023-02-05 14:00:00-03:00,313.25,0.0
2023-02-05 15:00:00-03:00,314.25,0.0
2023-02-05 16:00:00-03:00,315.0,0.0
2023-02-05 17:00:00-03:00,316.0,0.0
2023-02-05 18:00:00-03:00,316.25,0.0
2023-02-05 19:00:00-03:00,317.25,0.0
2023-02-05 20:00:00-03:00,322.75,0.0
2023-02-05 21:00:00-03:00,324.0,0.0
2023-02-05 22:00:00-03:00,323.5,0.0
2023-02-05 23:00:00-03:00,325.0,0.0
2023-02-06 00:00:00-03:00,325.25,0.0
2023-02-06 01:00:00-03:00,326.75,0.0
2023-02-06 02:00:00-03:00,327.75,0.0
2023-02-06 03:00:00-03:00,329.5,0.0
2023-02-06 04:00:00-03:00,330.5,0.0
2023-02-06 05:00:00-03:00,331.0,0.0
2023-02-06 06:00:00-03:00,332.5,0.0
2023-02-06 07:00:00-03:00,334.0,0.0
2023-02-06 08:00:00-03:00,334.5,0.0
2023-02-06 09:00:00-03:00,335.25,0.0
2023-02-06 10:00:00-03:00,336.25,0.0
2023-02-06 11:00:00-03:00,338.0,0.0
2023-02-06 12:00:00-03:00,339.25,0.0
2023-02-06 13:00:00-03:00,340.5,0.0
2023-02-06 14:00:00-03:00,342.0,0.0
2023-02-06 15:00:00-03:00,342.25,0.0
2023-02-06 16:00:00-03:00,343.5,0.0
2023-02-06 17:00:00-03:00,344.25,0.0
2023-02-06 18:00:00-03:00,344.75,0.0
2023-02-06 19:00:00-03:00,346.25,0.0
2023-02-06 20:00:00-03:00,346.75,0.0
2023-02-06 21:00:00-03:00,347.75,0.0
2023-02-06 22:00:00-03:00,348.25,0.0
2023-02-06 23:00:00-03:00,349.0,0.0
2023-02-07 00:00:00-03:00,349.25,0.0
2023-02-07 01:00:00-03:00,349.5,0.0
2023-02-07 02:00:00-03:00,350.0,0.0
2023-02-07 03:00:00-03:00,350.75,0.0
2023-02-07 04:00:00-03:00,351.0,0.0
2023-02-07 05:00:00-03:00,351.0,0.0
2023-02-07 06:00:00-03:00,351.5,0.0
2023-02-07 07:00:00-03:00,352.0,0.0
2023-02-07 08:00:00-03:00,351.75,0.0
2023-02-07 09:00:00-03:00,351.75,0.0
2023-02-07 10:00:00-03:00,351.75,0.0
2023-02-07 11:00:00-03:00,352.0,0.0
2023-02-07 12:00:00-03:00,351.75,0.0
2023-02-07 13:00:00-03:00,352.25,0.0
2023-02-07 14:00:00-03:00,351.0,0.0
2023-02-07 15:00:00-03:00,350.75,0.0
2023-02-07 16:00:00-03:00,349.75,0.0
2023-02-07 17:00:00-03:00,349.25,0.0
2023-02-07 18:00:00-03:00,349.0,0.0
2023-02-07 19:00:00-03:00,348.0,0.0
2023-02-07 20:00:00-03:00,347.5,0.0
2023-02-07 21:00:00-03:00,346.75,0.0
2023-02-07 22:00:00-03:00,346.0,0.0
2023-02-07 23:00:00-03:00,345.0,0.0
2023-02-08 00:00:00-03:00,344.25,0.0
2023-02-08 01:00:00-03:00,342.5,0.0
2023-02-08 02:00:00-03:00,341.25,0.0
2023-02-08 03:00:00-03:00,340.5,0.0
2023-02-08 04:00:00-03:00,339.5,0.0
2023-02-08 05:00:00-03:00,337.8333333333333,0.0
2023-02-08 06:00:00-03:00,336.1666666666667,0.0
2023-02-08 07:00:00-03:00,334.5,0.0
2023-02-08 08:00:00-03:00,333.0,0.0
2023-02-08 09:00:00-03:00,331.5,0.0
2023-02-08 10:00:00-03:00,330.0,0.0
2023-02-08 11:00:00-03:00,328.25,0.0
2023-02-08 12:00:00-03:00,326.5,0.0
2023-02-08 13:00:00-03:00,325.0,0.0
2023-02-08 14:00:00-03:00,322.75,0.0
2023-02-08 15:00:00-03:00,320.25,0.0
2023-02-08 16:00:00-03:00,318.25,0.0
2023-02-08 17:00:00-03:00,315.75,0.0
2023-02-08 18:00:00-03:00,313.0,0.0
2023-02-08 19:00:00-03:00,310.75,0.0
2023-02-08 20:00:00-03:00,308.25,0.0
2023-02-08 21:00:00-03:00,306.0,0.0
2023-02-08 22:00:00-03:00,302.75,0.0
2023-02-08 23:00:00-03:00,299.75,0.0
2023-02-09 00:00:00-03:00,297.0,0.0
2023-02-09 01:00:00-03:00,294.25,0.0
2023-02-09 02:00:00-03:00,291.25,0.0
2023-02-09 03:00:00-03:00,288.5,0.0
2023-02-09 04:00:00-03:00,285.75,0.0
2023-02-09 05:00:00-03:00,283.5,0.0
2023-02-09 06:00:00-03:00,280.0,0.0
2023-02-09 07:00:00-03:00,276.5,0.0
2023-02-09 08:00:00-03:00,274.5,0.0
2023-02-09 09:00:00-03:00,271.75,0.0
2023-02-09 10:00:00-03:00,269.75,0.0
2023-02-09 11:00:00-03:00,268.5,0.0
2023-02-09 12:00:00-03:00,265.75,0.0
2023-02-09 13:00:00-03:00,263.5,0.0
2023-02-09 14:00:00-03:00,261.25,0.0
2023-02-09 15:00:00-03:00,259.5,0.0
2023-02-09 16:00:00-03:00,257.0,0.0
2023-02-09 17:00:00-03:00,255.75,0.0
2023-02-09 18:00:00-03:00,253.5,0.0
2023-02-09 19:00:00-03:00,251.75,0.0
2023-02-09 20:00:00-03:00,250.5,0.0
2023-02-09 21:00:00-03:00,249.25,0.0
2023-02-09 22:00:00-03:00,248.25,0.0
2023-02-09 23:00:00-03:00,247.0,0.0
2023-02-10 00:00:00-03:00,246.0,0.0
2023-02-10 01:00:00-03:00,246.0,0.0
2023-02-10 02:00:00-03:00,245.0,0.0
2023-02-10 03:00:00-03:00,244.25,0.0
2023-02-10 04:00:00-03:00,244.0,0.0
2023-02-10 05:00:00-03:00,244.0,0.0
2023-02-10 06:00:00-03:00,243.5,0.0
2023-02-10 07:00:00-03:00,243.0,0.0
2023-02-10 08:00:00-03:00,242.5,0.0
2023-02-10 09:00:00-03:00,242.0,0.0
2023-02-10 10:00:00-03:00,242.0,0.0
2023-02-10 11:00:00-03:00,242.0,0.0
2023-02-10 12:00:00-03:00,242.0,0.0
2023-02-10 13:00:00-03:00,,0.0
2023-02-10 14:00:00-03:00,242.0,0.0
2023-02-10 15:00:00-03:00,241.25,0.0
2023-02-10 16:00:00-03:00,240.5,0.0
2023-02-10 17:00:00-03:00,240.0,0.0
2023-02-10 18:00:00-03:00,239.25,0.0
2023-02-10 19:00:00-03:00,238.75,0.0
2023-02-10 20:00:00-03:00,238.0,0.0
2023-02-10 21:00:00-03:00,237.5,0.0
2023-02-10 22:00:00-03:00,237.5,0.0
2023-02-10 23:00:00-03:00,237.0,0.0
2023-02-11 00:00:00-03:00,238.0,0.0
2023-02-11 01:00:00-03:00,238.0,0.0
2023-02-11 02:00:00-03:00,238.5,0.0
2023-02-11 03:00:00-03:00,239.0,0.0
2023-02-11 04:00:00-03:00,239.25,0.0
2023-02-11 05:00:00-03:00,239.0,0.0
2023-02-11 06:00:00-03:00,239.33333333333334,0.0
2023-02-11 07:00:00-03:00,239.66666666666666,0.0
2023-02-11 08:00:00-03:00,240.0,0.0
2023-02-11 09:00:00-03:00,240.75,0.0
2023-02-11 10:00:00-03:00,241.0,0.0
2023-02-11 11:00:00-03:00,241.25,0.0
2023-02-11 12:00:00-03:00,241.0,0.0
2023-02-11 13:00:00-03:00,242.0,0.0
2023-02-11 14:00:00-03:00,242.0,0.0
2023-02-11 15:00:00-03:00,242.0,0.0
2023-02-11 16:00:00-03:00,241.25,0.0
2023-02-11 17:00:00-03:00,240.0,0.0
2023-02-11 18:00:00-03:00,240.4,0.0
2023-02-11 19:00:00-03:00,240.8,0.0
2023-02-11 20:00:00-03:00,241.2,0.0
2023-02-11 21:00:00-03:00,,0.0
2023-02-11 22:00:00-03:00,242.0,0.0
2023-02-11 23:00:00-03:00,242.0,0.0
2023-02-12 00:00:00-03:00,242.75,0.0
2023-02-12 01:00:00-03:00,243.0,0.0
2023-02-12 02:00:00-03:00,244.0,0.0
2023-02-12 03:00:00-03:00,244.75,0.0
2023-02-12 04:00:00-03:00,245.5,0.0
2023-02-12 05:00:00-03:00,246.0,0.0
2023-02-12 06:00:00-03:00,246.75,0.0
2023-02-12 07:00:00-03:00,247.5,0.0
2023-02-12 08:00:00-03:00,248.0,0.0
2023-02-12 09:00:00-03:00,248.25,0.0
2023-02-12 10:00:00-03:00,248.5,0.0
2023-02-12 11:00:00-03:00,249.0,0.0
2023-02-12 12:00:00-03:00,249.75,0.0
2023-02-12 13:00:00-03:00,252.25,0.0
2023-02-12 14:00:00-03:00,252.75,0.0
2023-02-12 15:00:00-03:00,252.25,0.0
2023-02-12 16:00:00-03:00,253.0,0.0
2023-02-12 17:00:00-03:00,252.75,0.0
2023-02-12 18:00:00-03:00,253.75,0.0
2023-02-12 19:00:00-03:00,254.5,0.0
2023-02-12 20:00:00-03:00,255.0,0.0
2023-02-12 21:00:00-03:00,255.0,0.0
2023-02-12 22:00:00-03:00,255.5,0.0
2023-02-12 23:00:00-03:00,256.0,0.0
2023-02-13 00:00:00-03:00,256.0,0.0
2023-02-13 01:00:00-03:00,256.75,0.0
2023-02-13 02:00:00-03:00,257.0,0.0
2023-02-13 03:00:00-03:00,257.0,0.0
2023-02-13 04:00:00-03:00,257.0,0.0
2023-02-13 05:00:00-03:00,257.5,0.0
2023-02-13 06:00:00-03:00,257.75,0.0
2023-02-13 07:00:00-03:00,258.0,0.0
2023-02-13 08:00:00-03:00,259.0,0.0
2023-02-13 09:00:00-03:00,259.0,0.0
2023-02-13 10:00:00-03:00,259.25,0.0
2023-02-13 11:00:00-03:00,259.75,0.0
2023-02-13 12:00:00-03:00,260.5,0.0
2023-02-13 13:00:00-03:00,261.0,0.0
2023-02-13 14:00:00-03:00,261.0,0.0
2023-02-13 15:00:00-03:00,261.5,0.0
2023-02-13 16:00:00-03:00,263.0,0.0
2023-02-13 17:00:00-03:00,263.25,0.0
2023-02-13 18:00:00-03:00,265.0,0.0
2023-02-13 19:00:00-03:00,265.25,0.0
2023-02-13 20:00:00-03:00,266.0,0.0
2023-02-13 21:00:00-03:00,267.0,0.0
2023-02-13 22:00:00-03:00,267.0,0.0
2023-02-13 23:00:00-03:00,267.75,0.0
2023-02-14 00:00:00-03:00,268.0,0.0
2023-02-14 01:00:00-03:00,268.25,0.0
2023-02-14 02:00:00-03:00,268.25,0.0
2023-02-14 03:00:00-03:00,268.25,0.0
2023-02-14 04:00:00-03:00,268.5,0.0
2023-02-14 05:00:00-03:00,268.0,0.0
2023-02-14 06:00:00-03:00,268.0,0.0
2023-02-14 07:00:00-03:00,268.0,0.0
2023-02-14 08:00:00-03:00,268.0,0.0
2023-02-14 09:00:00-03:00,268.25,0.0
2023-02-14 10:00:00-03:00,268.25,0.0
2023-02-14 11:00:00-03:00,268.5,0.0
2023-02-14 12:00:00-03:00,269.0,0.0
2023-02-14 13:00:00-03:00,269.0,0.0
2023-02-14 14:00:00-03:00,269.5,0.0
2023-02-14 15:00:00-03:00,270.25,0.0
2023-02-14 16:00:00-03:00,269.5,0.0
2023-02-14 17:00:00-03:00,270.25,0.0
2023-02-14 18:00:00-03:00,270.5,0.0
2023-02-14 19:00:00-03:00,271.75,0.0
2023-02-14 20:00:00-03:00,272.0,0.0
2023-02-14 21:00:00-03:00,272.5,0.0
2023-02-14 22:00:00-03:00,273.0,0.0
2023-02-14 23:00:00-03:00,273.25,0.0
2023-02-15 00:00:00-03:00,273.75,0.0
2023-02-15 01:00:00-03:00,275.0,0.0
2023-02-15 02:00:00-03:00,275.0,0.0
2023-02-15 03:00:00-03:00,275.0,0.0
2023-02-15 04:00:00-03:00,275.0,0.0
2023-02-15 05:00:00-03:00,275.0,0.0
2023-02-15 06:00:00-03:00,275.5,0.0
2023-02-15 07:00:00-03:00,276.0,0.0
2023-02-15 08:00:00-03:00,276.0,0.0
2023-02-15 09:00:00-03:00,276.0,0.0
2023-02-15 10:00:00-03:00,277.0,0.0
2023-02-15 11:00:00-03:00,276.0,0.0
2023-02-15 12:00:00-03:00,276.5,0.0
2023-02-15 13:00:00-03:00,276.5,0.0
2023-02-15 14:00:00-03:00,276.75,0.0
2023-02-15 15:00:00-03:00,277.75,0.0
2023-02-15 16:00:00-03:00,280.0,0.0
2023-02-15 17:00:00-03:00,279.0,0.0
2023-02-15 18:00:00-03:00,279.75,1.4
2023-02-15 19:00:00-03:00,280.5,1.0
2023-02-15 20:00:00-03:00,282.5,1.0
2023-02-15 21:00:00-03:00,283.5,0.2
2023-02-15 22:00:00-03:00,285.0,0.0
2023-02-15 23:00:00-03:00,286.0,0.2
2023-02-16 00:00:00-03:00,287.25,0.0
2023-02-16 01:00:00-03:00,288.25,0.2
2023-02-16 02:00:00-03:00,288.75,0.0
2023-02-16 03:00:00-03:00,289.75,0.0
2023-02-16 04:00:00-03:00,290.25,0.0
2023-02-16 05:00:00-03:00,291.0,0.0
2023-02-16 06:00:00-03:00,291.75,0.0
2023-02-16 07:00:00-03:00,292.5,0.0
2023-02-16 08:00:00-03:00,293.0,0.0
2023-02-16 09:00:00-03:00,293.5,0.0
2023-02-16 10:00:00-03:00,293.5,0.0
2023-02-16 11:00:00-03:00,294.75,0.0
2023-02-16 12:00:00-03:00,294.25,0.0
2023-02-16 13:00:00-03:00,295.0,0.0
2023-02-16 14:00:00-03:00,295.75,0.0
2023-02-16 15:00:00-03:00,295.75,0.0
2023-02-16 16:00:00-03:00,296.25,0.0
2023-02-16 17:00:00-03:00,302.0,0.0
2023-02-16 18:00:00-03:00,305.0,0.0
2023-02-16 19:00:00-03:00,304.5,0.2
2023-02-16 20:00:00-03:00,304.0,0.4
2023-02-16 21:00:00-03:00,304.25,0.0
2023-02-16 22:00:00-03:00,305.25,0.0
2023-02-16 23:00:00-03:00,306.5,0.0
2023-02-17 00:00:00-03:00,307.75,0.0
2023-02-17 01:00:00-03:00,308.5,0.0
2023-02-17 02:00:00-03:00,309.0,0.0
2023-02-17 03:00:00-03:00,309.5,0.0
2023-02-17 04:00:00-03:00,309.25,0.0
2023-02-17 05:00:00-03:00,309.5,0.0
2023-02-17 06:00:00-03:00,309.25,0.0
2023-02-17 07:00:00-03:00,309.0,0.0
2023-02-17 08:00:00-03:00,309.0,0.0
2023-02-17 09:00:00-03:00,309.0,0.0
2023-02-17 10:00:00-03:00,308.25,0.0
2023-02-17 11:00:00-03:00,308.0,0.0
2023-02-17 12:00:00-03:00,307.5,0.0
2023-02-17 13:00:00-03:00,307.5,0.0
2023-02-17 14:00:00-03:00,306.75,0.0
2023-02-17 15:00:00-03:00,306.0,0.0
2023-02-17 16:00:00-03:00,305.5,0.0
2023-02-17 17:00:00-03:00,304.25,0.0
2023-02-17 18:00:00-03:00,303.75,0.0
2023-02-17 19:00:00-03:00,302.5,0.0
2023-02-17 20:00:00-03:00,301.5,0.0
2023-02-17 21:00:00-03:00,300.5,0.0
2023-02-17 22:00:00-03:00,299.5,0.0
2023-02-17 23:00:00-03:00,297.5,0.0
2023-02-18 00:00:00-03:00,296.5,0.0
2023-02-18 01:00:00-03:00,295.5,0.0
2023-02-18 02:00:00-03:00,294.0,0.0
2023-02-18 03:00:00-03:00,295.75,0.0
2023-02-18 04:00:00-03:00,294.5,1.6
2023-02-18 05:00:00-03:00,293.5,0.8
2023-02-18 06:00:00-03:00,292.25,0.0
2023-02-18 07:00:00-03:00,291.0,0.0
2023-02-18 08:00:00-03:00,290.0,0.0
2023-02-18 09:00:00-03:00,288.75,0.0
2023-02-18 10:00:00-03:00,288.25,0.0
2023-02-18 11:00:00-03:00,286.5,0.0
2023-02-18 12:00:00-03:00,285.5,3.6
2023-02-18 13:00:00-03:00,284.5,0.2
2023-02-18 14:00:00-03:00,283.5,0.6
2023-02-18 15:00:00-03:00,282.0,0.0
2023-02-18 16:00:00-03:00,280.25,0.0
2023-02-18 17:00:00-03:00,279.0,0.0
2023-02-18 18:00:00-03:00,277.5,0.0
2023-02-18 19:00:00-03:00,275.75,0.0
2023-02-18 20:00:00-03:00,274.5,0.0
2023-02-18 21:00:00-03:00,272.75,0.0
2023-02-18 22:00:00-03:00,271.5,0.0
2023-02-18 23:00:00-03:00,270.75,0.0
2023-02-19 00:00:00-03:00,269.25,0.2
2023-02-19 01:00:00-03:00,268.0,0.0
2023-02-19 02:00:00-03:00,267.0,0.0
2023-02-19 03:00:00-03:00,265.5,0.2
2023-02-19 04:00:00-03:00,264.0,2.8
2023-02-19 05:00:00-03:00,263.5,0.0
2023-02-19 06:00:00-03:00,263.3333333333333,0.0
2023-02-19 07:00:00-03:00,263.1666666666667,0.2
2023-02-19 08:00:00-03:00,263.0,0.0
2023-02-19 09:00:00-03:00,263.0,0.0
2023-02-19 10:00:00-03:00,263.5,0.0
2023-02-19 11:00:00-03:00,263.25,0.0
2023-02-19 12:00:00-03:00,263.75,0.0
2023-02-19 13:00:00-03:00,264.25,0.0
2023-02-19 14:00:00-03:00,264.5,0.0
2023-02-19 15:00:00-03:00,264.75,0.0
2023-02-19 16:00:00-03:00,264.75,0.0
2023-02-19 17:00:00-03:00,266.75,15.6
2023-02-19 18:00:00-03:00,267.75,0.0
2023-02-19 19:00:00-03:00,266.75,0.2
2023-02-19 20:00:00-03:00,267.75,0.2
2023-02-19 21:00:00-03:00,268.0,0.0
2023-02-19 22:00:00-03:00,269.0,0.0
2023-02-19 23:00:00-03:00,269.0,0.0
2023-02-20 00:00:00-03:00,270.25,0.0
2023-02-20 01:00:00-03:00,271.0,0.0
2023-02-20 02:00:00-03:00,272.25,0.0
2023-02-20 03:00:00-03:00,273.0,0.0
2023-02-20 04:00:00-03:00,273.75,0.0
2023-02-20 05:00:00-03:00,274.0,0.0
2023-02-20 06:00:00-03:00,275.0,0.2
2023-02-20 07:00:00-03:00,276.0,0.0
2023-02-20 08:00:00-03:00,276.0,0.0
2023-02-20 09:00:00-03:00,277.0,0.0
2023-02-20 10:00:00-03:00,277.5,0.0
2023-02-20 11:00:00-03:00,278.75,0.0
2023-02-20 12:00:00-03:00,279.0,0.0
2023-02-20 13:00:00-03:00,280.25,0.0
2023-02-20 14:00:00-03:00,280.0,0.0
2023-02-20 15:00:00-03:00,280.25,0.0
2023-02-20 16:00:00-03:00,280.5,7.8
2023-02-20 17:00:00-03:00,281.0,0.2
2023-02-20 18:00:00-03:00,280.5,0.2
2023-02-20 19:00:00-03:00,281.0,0.2
2023-02-20 20:00:00-03:00,280.75,0.0
2023-02-20 21:00:00-03:00,280.75,3.0
2023-02-20 22:00:00-03:00,281.0,6.4
2023-02-20 23:00:00-03:00,281.0,0.0
2023-02-21 00:00:00-03:00,281.0,0.0
2023-02-21 01:00:00-03:00,280.5,0.0
2023-02-21 02:00:00-03:00,280.75,0.0
2023-02-21 03:00:00-03:00,282.25,0.0
2023-02-21 04:00:00-03:00,285.0,0.0
2023-02-21 05:00:00-03:00,287.5,0.0
2023-02-21 06:00:00-03:00,289.0,0.0
2023-02-21 07:00:00-03:00,290.5,0.0
2023-02-21 08:00:00-03:00,291.25,0.0
2023-02-21 09:00:00-03:00,294.0,0.0
2023-02-21 10:00:00-03:00,295.75,0.0
2023-02-21 11:00:00-03:00,298.0,0.0
2023-02-21 12:00:00-03:00,300.0,0.0
2023-02-21 13:00:00-03:00,301.75,0.0
2023-02-21 14:00:00-03:00,303.25,0.0
2023-02-21 15:00:00-03:00,304.25,0.0
2023-02-21 16:00:00-03:00,305.25,0.0
2023-02-21 17:00:00-03:00,306.5,0.0
2023-02-21 18:00:00-03:00,308.0,0.0
2023-02-21 19:00:00-03:00,309.5,0.0
2023-02-21 20:00:00-03:00,310.75,0.0
2023-02-21 21:00:00-03:00,312.0,0.0
2023-02-21 22:00:00-03:00,313.0,0.2
2023-02-21 23:00:00-03:00,313.75,0.0
2023-02-22 00:00:00-03:00,314.75,0.0
2023-02-22 01:00:00-03:00,315.0,0.0
2023-02-22 02:00:00-03:00,316.0,0.0
2023-02-22 03:00:00-03:00,316.0,0.0
2023-02-22 04:00:00-03:00,316.0,0.2
2023-02-22 05:00:00-03:00,316.0,0.0
2023-02-22 06:00:00-03:00,316.0,0.0
2023-02-22 07:00:00-03:00,316.0,0.0
2023-02-22 08:00:00-03:00,316.0,0.0
2023-02-22 09:00:00-03:00,316.25,0.0
2023-02-22 10:00:00-03:00,316.5,0.0
2023-02-22 11:00:00-03:00,316.25,0.0
2023-02-22 12:00:00-03:00,317.0,0.0
2023-02-22 13:00:00-03:00,317.0,0.0
2023-02-22 14:00:00-03:00,317.0,4.4
2023-02-22 15:00:00-03:00,317.0,0.4
2023-02-22 16:00:00-03:00,317.5,0.0
2023-02-22 17:00:00-03:00,317.0,0.0
2023-02-22 18:00:00-03:00,317.25,0.0
2023-02-22 19:00:00-03:00,317.5,0.0
2023-02-22 20:00:00-03:00,318.0,0.0
2023-02-22 21:00:00-03:00,318.0,0.0
2023-02-22 22:00:00-03:00,318.0,0.2
2023-02-22 23:00:00-03:00,318.75,0.0
2023-02-23 00:00:00-03:00,319.0,0.0
2023-02-23 01:00:00-03:00,319.0,0.0
2023-02-23 02:00:00-03:00,320.0,0.0
2023-02-23 03:00:00-03:00,319.5,0.0
2023-02-23 04:00:00-03:00,320.0,0.0
2023-02-23 05:00:00-03:00,320.0,0.0
2023-02-23 06:00:00-03:00,320.5,0.0
2023-02-23 07:00:00-03:00,321.0,0.0
2023-02-23 08:00:00-03:00,321.0,0.0
2023-02-23 09:00:00-03:00,321.5,0.0
2023-02-23 10:00:00-03:00,322.0,0.0
2023-02-23 11:00:00-03:00,323.0,0.0
2023-02-23 12:00:00-03:00,323.0,0.0
2023-02-23 13:00:00-03:00,323.5,4.0
2023-02-23 14:00:00-03:00,323.75,0.6
2023-02-23 15:00:00-03:00,324.0,0.0
2023-02-23 16:00:00-03:00,324.0,0.0
2023-02-23 17:00:00-03:00,324.0,0.0
2023-02-23 18:00:00-03:00,324.5,0.0
2023-02-23 19:00:00-03:00,324.5,0.0
2023-02-23 20:00:00-03:00,325.0,0.0
2023-02-23 21:00:00-03:00,325.0,0.0
2023-02-23 22:00:00-03:00,325.0,0.0
2023-02-23 23:00:00-03:00,325.0,0.0
2023-02-24 00:00:00-03:00,325.0,0.0
2023-02-24 01:00:00-03:00,325.0,0.0
2023-02-24 02:00:00-03:00,325.0,0.0
2023-02-24 03:00:00-03:00,325.25,0.0
2023-02-24 04:00:00-03:00,325.25,0.0
2023-02-24 05:00:00-03:00,325.0,0.0
2023-02-24 06:00:00-03:00,325.0,0.0
2023-02-24 07:00:00-03:00,325.0,0.0
2023-02-24 08:00:00-03:00,324.0,0.0
2023-02-24 09:00:00-03:00,324.0,0.0
2023-02-24 10:00:00-03:00,324.0,0.0
2023-02-24 11:00:00-03:00,324.0,0.0
2023-02-24 12:00:00-03:00,323.75,0.0
2023-02-24 13:00:00-03:00,323.5,0.0
2023-02-24 14:00:00-03:00,322.75,0.0
2023-02-24 15:00:00-03:00,322.0,0.0
2023-02-24 16:00:00-03:00,321.0,0.0
2023-02-24 17:00:00-03:00,321.0,0.0
2023-02-24 18:00:00-03:00,320.0,0.0
2023-02-24 19:00:00-03:00,319.0,0.0
2023-02-24 20:00:00-03:00,318.0,0.0
2023-02-24 21:00:00-03:00,318.0,0.0
2023-02-24 22:00:00-03:00,316.75,0.0
2023-02-24 23:00:00-03:00,316.0,0.0
2023-02-25 00:00:00-03:00,315.0,0.0
2023-02-25 01:00:00-03:00,314.0,0.0
2023-02-25 02:00:00-03:00,313.0,0.0
2023-02-25 03:00:00-03:00,312.5,0.0
2023-02-25 04:00:00-03:00,311.25,0.0
2023-02-25 05:00:00-03:00,311.0,0.0
2023-02-25 06:00:00-03:00,309.5,0.0
2023-02-25 07:00:00-03:00,308.0,0.0
2023-02-25 08:00:00-03:00,307.5,0.0
2023-02-25 09:00:00-03:00,306.0,0.0
2023-02-25 10:00:00-03:00,305.5,0.0
2023-02-25 11:00:00-03:00,304.6,0.0
2023-02-25 12:00:00-03:00,303.7,0.0
2023-02-25 13:00:00-03:00,302.8,0.0
2023-02-25 14:00:00-03:00,,0.0
2023-02-25 15:00:00-03:00,301.0,0.0
2023-02-25 16:00:00-03:00,300.0,0.0
2023-02-25 17:00:00-03:00,299.25,0.0
2023-02-25 18:00:00-03:00,298.5,0.0
2023-02-25 19:00:00-03:00,297.5,0.0
2023-02-25 20:00:00-03:00,296.5,0.0
2023-02-25 21:00:00-03:00,295.5,0.0
2023-02-25 22:00:00-03:00,294.75,0.0
2023-02-25 23:00:00-03:00,293.75,0.0
2023-02-26 00:00:00-03:00,293.0,0.0
2023-02-26 01:00:00-03:00,292.25,0.0
2023-02-26 02:00:00-03:00,291.25,0.0
2023-02-26 03:00:00-03:00,290.25,0.0
2023-02-26 04:00:00-03:00,289.75,0.0
2023-02-26 05:00:00-03:00,289.0,0.0
2023-02-26 06:00:00-03:00,288.0,0.0
2023-02-26 07:00:00-03:00,287.0,0.0
2023-02-26 08:00:00-03:00,286.75,0.0
2023-02-26 09:00:00-03:00,286.0,0.0
2023-02-26 10:00:00-03:00,284.75,0.0
2023-02-26 11:00:00-03:00,284.75,0.0
2023-02-26 12:00:00-03:00,285.25,0.0
2023-02-26 13:00:00-03:00,284.25,0.0
2023-02-26 14:00:00-03:00,284.0,0.0
2023-02-26 15:00:00-03:00,283.25,0.0
2023-02-26 16:00:00-03:00,283.25,0.0
2023-02-26 17:00:00-03:00,282.5,0.0
2023-02-26 18:00:00-03:00,282.0,0.0
2023-02-26 19:00:00-03:00,282.0,0.0
2023-02-26 20:00:00-03:00,281.75,0.0
2023-02-26 21:00:00-03:00,281.75,0.0
2023-02-26 22:00:00-03:00,281.75,0.0
2023-02-26 23:00:00-03:00,281.0,0.0
2023-02-27 00:00:00-03:00,281.0,0.0
2023-02-27 01:00:00-03:00,281.0,0.0
2023-02-27 02:00:00-03:00,281.0,0.0
2023-02-27 03:00:00-03:00,281.0,0.0
2023-02-27 04:00:00-03:00,281.0,0.0
2023-02-27 05:00:00-03:00,281.0,0.0
2023-02-27 06:00:00-03:00,280.5,0.0
2023-02-27 07:00:00-03:00,280.0,0.0
2023-02-27 08:00:00-03:00,280.0,0.0
2023-02-27 09:00:00-03:00,280.0,0.0
2023-02-27 10:00:00-03:00,280.75,0.0
2023-02-27 11:00:00-03:00,280.5,0.0
2023-02-27 12:00:00-03:00,280.0833333333333,0.0
2023-02-27 13:00:00-03:00,279.6666666666667,0.0
2023-02-27 14:00:00-03:00,279.25,0.0
2023-02-27 15:00:00-03:00,,0.0
2023-02-27 16:00:00-03:00,,13.0
2023-02-27 17:00:00-03:00,278.0,7.0
2023-02-27 18:00:00-03:00,277.5,0.2
2023-02-27 19:00:00-03:00,276.25,0.0
2023-02-27 20:00:00-03:00,276.0,0.0
2023-02-28 17:00:00-03:00,275.0,0.0
2023-02-28 18:00:00-03:00,275.75,0.0
2023-02-28 19:00:00-03:00,276.0,2.8
2023-02-28 20:00:00-03:00,277.0,0.0
2023-02-28 21:00:00-03:00,277.5,0.0
2023-02-28 22:00:00-03:00,278.0,0.0
2023-03-03 00:00:00-03:00,297.0,0.0
2023-03-03 01:00:00-03:00,296.0,0.0
2023-03-03 02:00:00-03:00,296.0,0.0
2023-03-03 03:00:00-03:00,295.44444444444446,0.0
2023-03-03 04:00:00-03:00,294.8888888888889,0.0
2023-03-03 05:00:00-03:00,294.3333333333333,0.0
2023-03-03 06:00:00-03:00,,0.0
2023-03-03 07:00:00-03:00,,0.0
2023-03-03 08:00:00-03:00,,0.0
2023-03-03 09:00:00-03:00,,0.0
2023-03-03 10:00:00-03:00,,0.0
2023-03-03 11:00:00-03:00,,0.0
2023-03-03 12:00:00-03:00,,0.0
2023-03-03 13:00:00-03:00,,0.0
2023-03-03 14:00:00-03:00,,0.0
2023-03-03 15:00:00-03:00,,0.0
2023-03-03 16:00:00-03:00,,0.0
2023-03-03 17:00:00-03:00,,0.0
2023-03-03 18:00:00-03:00,,0.0
2023-03-03 19:00:00-03:00,,0.0
2023-03-03 20:00:00-03:00,286.0,0.0
2023-03-03 21:00:00-03:00,286.0,0.0
2023-03-03 22:00:00-03:00,285.5,0.0
2023-03-04 17:00:00-03:00,273.0,0.0
2023-03-04 18:00:00-03:00,272.0,1.4
2023-03-04 19:00:00-03:00,271.25,0.0
2023-03-04 20:00:00-03:00,272.5,0.0
2023-03-04 21:00:00-03:00,274.25,0.0
2023-03-04 22:00:00-03:00,273.25,0.0
2023-03-04 23:00:00-03:00,272.0,0.0
2023-03-05 00:00:00-03:00,270.75,0.0
2023-03-05 01:00:00-03:00,270.5,0.0
2023-03-05 02:00:00-03:00,270.0,0.0
2023-03-05 03:00:00-03:00,270.0,0.0
2023-03-05 04:00:00-03:00,270.0,0.0
2023-03-05 05:00:00-03:00,269.3333333333333,0.0
2023-03-05 06:00:00-03:00,268.6666666666667,0.0
2023-03-05 07:00:00-03:00,268.0,0.0
2023-03-05 08:00:00-03:00,267.5,0.0
2023-03-05 09:00:00-03:00,266.5,0.0
2023-03-05 10:00:00-03:00,266.0,0.0
2023-03-05 11:00:00-03:00,265.0,0.0
2023-03-05 12:00:00-03:00,265.25,0.0
2023-03-05 13:00:00-03:00,264.0,0.0
2023-03-05 14:00:00-03:00,263.0,0.0
2023-03-05 15:00:00-03:00,262.75,0.0
2023-03-05 16:00:00-03:00,262.5,0.0
2023-03-05 17:00:00-03:00,262.0,0.6
2023-03-05 18:00:00-03:00,261.75,0.0
2023-03-05 19:00:00-03:00,262.0,1.2
2023-03-05 20:00:00-03:00,261.5,0.4
2023-03-05 21:00:00-03:00,261.0,1.6
2023-03-05 22:00:00-03:00,261.0,0.0
2023-03-05 23:00:00-03:00,260.75,0.0
2023-03-06 00:00:00-03:00,260.25,0.0
2023-03-06 01:00:00-03:00,260.0,0.0
2023-03-06 02:00:00-03:00,259.75,0.0
2023-03-06 03:00:00-03:00,260.0,0.0
2023-03-06 04:00:00-03:00,261.25,0.0
2023-03-06 05:00:00-03:00,261.0,0.0
2023-03-06 06:00:00-03:00,260.6666666666667,0.0
2023-03-06 07:00:00-03:00,260.3333333333333,0.0
2023-03-06 08:00:00-03:00,260.0,0.0
2023-03-06 09:00:00-03:00,259.5,0.0
2023-03-06 10:00:00-03:00,259.25,0.0
2023-03-06 11:00:00-03:00,258.75,0.0
2023-03-06 12:00:00-03:00,259.0,0.0
2023-03-06 13:00:00-03:00,258.0,0.0
2023-03-06 14:00:00-03:00,258.25,0.0
2023-03-06 15:00:00-03:00,257.0,0.0
2023-03-06 16:00:00-03:00,256.5,0.0
2023-03-06 17:00:00-03:00,255.75,0.0
2023-03-06 18:00:00-03:00,254.75,0.0
2023-03-06 19:00:00-03:00,254.25,0.0
2023-03-06 20:00:00-03:00,256.5,0.0
2023-03-06 21:00:00-03:00,255.25,0.2
2023-03-06 22:00:00-03:00,254.25,0.0
2023-03-06 23:00:00-03:00,253.5,0.0
2023-03-07 00:00:00-03:00,253.0,0.0
2023-03-07 01:00:00-03:00,252.5,0.0
2023-03-07 02:00:00-03:00,252.0,0.0
2023-03-07 03:00:00-03:00,252.0,0.0
2023-03-07 04:00:00-03:00,251.5,0.0
2023-03-07 05:00:00-03:00,251.0,0.0
2023-03-07 06:00:00-03:00,251.0,0.0
2023-03-07 07:00:00-03:00,251.0,0.0
2023-03-07 08:00:00-03:00,250.25,0.0
2023-03-07 09:00:00-03:00,250.0,0.0
2023-03-07 10:00:00-03:00,250.25,0.7999999999999999
2023-03-07 11:00:00-03:00,249.75,0.0
2023-03-07 12:00:00-03:00,250.25,0.0
2023-03-07 13:00:00-03:00,249.75,0.0
2023-03-07 14:00:00-03:00,250.0,0.0
2023-03-07 15:00:00-03:00,249.0,0.0
2023-03-07 16:00:00-03:00,249.0,0.0
2023-03-07 17:00:00-03:00,248.5,0.0
2023-03-07 18:00:00-03:00,252.5,13.4
2023-03-07 19:00:00-03:00,253.5,1.6
2023-03-07 20:00:00-03:00,254.0,2.4
2023-03-07 21:00:00-03:00,255.25,0.0
2023-03-07 22:00:00-03:00,256.25,0.0
2023-03-07 23:00:00-03:00,257.5,0.2
2023-03-08 00:00:00-03:00,259.0,0.0
2023-03-08 01:00:00-03:00,261.0,0.0
2023-03-08 02:00:00-03:00,263.25,0.0
2023-03-08 03:00:00-03:00,265.5,0.0
2023-03-08 04:00:00-03:00,266.5,0.0
2023-03-08 05:00:00-03:00,269.0,0.0
2023-03-08 06:00:00-03:00,271.5,0.0
2023-03-08 07:00:00-03:00,274.0,0.0
2023-03-08 08:00:00-03:00,275.0,0.0
2023-03-08 09:00:00-03:00,277.5,0.0
2023-03-08 10:00:00-03:00,279.25,0.0
2023-03-08 11:00:00-03:00,281.0,0.0
2023-03-08 12:00:00-03:00,283.0,0.0
2023-03-08 13:00:00-03:00,286.0,0.0
2023-03-08 14:00:00-03:00,286.25,0.0
2023-03-08 15:00:00-03:00,287.5,0.2
2023-03-08 16:00:00-03:00,288.0,0.0
2023-03-08 17:00:00-03:00,289.0,0.0
2023-03-08 18:00:00-03:00,289.75,0.0
2023-03-08 19:00:00-03:00,290.0,0.0
2023-03-08 20:00:00-03:00,290.75,0.0
2023-03-08 21:00:00-03:00,291.0,0.0
2023-03-08 22:00:00-03:00,291.75,0.0
2023-03-08 23:00:00-03:00,292.0,0.0
2023-03-09 00:00:00-03:00,292.0,0.0
2023-03-09 01:00:00-03:00,293.0,0.0
2023-03-09 02:00:00-03:00,293.5,0.0
2023-03-09 03:00:00-03:00,294.0,0.0
2023-03-09 04:00:00-03:00,294.0,0.0
2023-03-09 05:00:00-03:00,294.0,0.0
2023-03-09 06:00:00-03:00,294.5,0.0
2023-03-09 07:00:00-03:00,295.0,0.0
2023-03-09 08:00:00-03:00,295.25,0.0
2023-03-09 09:00:00-03:00,296.0,0.0
2023-03-09 10:00:00-03:00,296.25,0.0
2023-03-09 11:00:00-03:00,297.0,0.0
2023-03-09 12:00:00-03:00,297.75,0.0
2023-03-09 13:00:00-03:00,297.75,0.0
2023-03-09 14:00:00-03:00,298.25,0.0
2023-03-09 15:00:00-03:00,298.25,0.0
2023-03-09 16:00:00-03:00,297.75,0.0
2023-03-09 17:00:00-03:00,298.25,0.0
2023-03-09 18:00:00-03:00,298.0,0.0
2023-03-09 19:00:00-03:00,300.5,15.2
2023-03-09 20:00:00-03:00,299.75,0.0
2023-03-09 21:00:00-03:00,299.0,0.0
2023-03-09 22:00:00-03:00,298.75,0.0
2023-03-09 23:00:00-03:00,298.0,0.0
2023-03-10 00:00:00-03:00,299.0,6.4
2023-03-10 01:00:00-03:00,301.25,6.800000000000001
2023-03-10 02:00:00-03:00,300.5,1.0
2023-03-10 03:00:00-03:00,300.5,0.0
2023-03-10 04:00:00-03:00,299.75,0.4
2023-03-10 05:00:00-03:00,299.5,0.0
2023-03-10 06:00:00-03:00,299.25,0.0
2023-03-10 07:00:00-03:00,299.0,0.0
2023-03-10 08:00:00-03:00,299.0,0.0
2023-03-10 09:00:00-03:00,297.75,0.0
2023-03-10 10:00:00-03:00,297.75,0.0
2023-03-10 11:00:00-03:00,298.25,0.0
2023-03-10 12:00:00-03:00,297.5,0.0
2023-03-10 13:00:00-03:00,297.0,0.0
2023-03-10 14:00:00-03:00,296.75,0.0
2023-03-10 15:00:00-03:00,296.0,0.0
2023-03-10 16:00:00-03:00,295.0,0.0
2023-03-10 17:00:00-03:00,293.5,0.0
2023-03-10 18:00:00-03:00,295.5,8.200000000000001
2023-03-10 19:00:00-03:00,294.0,0.0
2023-03-10 20:00:00-03:00,292.0,0.8
2023-03-10 21:00:00-03:00,292.75,8.4
2023-03-10 22:00:00-03:00,293.0,2.0
2023-03-10 23:00:00-03:00,291.5,2.0
2023-03-11 00:00:00-03:00,290.5,0.0
2023-03-11 01:00:00-03:00,289.75,0.0
2023-03-11 02:00:00-03:00,288.5,0.2
2023-03-11 03:00:00-03:00,287.75,0.0
2023-03-11 04:00:00-03:00,287.0,0.0
2023-03-11 05:00:00-03:00,287.0,0.0
2023-03-11 06:00:00-03:00,286.5,0.0
2023-03-11 07:00:00-03:00,286.0,0.0
2023-03-11 08:00:00-03:00,285.5,0.0
2023-03-11 09:00:00-03:00,285.75,0.0
2023-03-11 10:00:00-03:00,285.0,0.0
2023-03-11 11:00:00-03:00,285.25,0.0
2023-03-11 12:00:00-03:00,285.25,0.0
2023-03-11 13:00:00-03:00,285.25,0.0
2023-03-11 14:00:00-03:00,285.75,0.0
2023-03-11 15:00:00-03:00,285.25,0.0
2023-03-11 16:00:00-03:00,285.25,2.2
2023-03-11 17:00:00-03:00,285.75,0.6000000000000001
2023-03-11 18:00:00-03:00,286.25,0.8
2023-03-11 19:00:00-03:00,287.0,0.2
2023-03-11 20:00:00-03:00,288.0,0.2
2023-03-11 21:00:00-03:00,288.75,0.0
2023-03-11 22:00:00-03:00,290.5,0.6000000000000001
2023-03-11 23:00:00-03:00,291.5,0.8
2023-03-12 00:00:00-03:00,292.75,0.2
2023-03-12 01:00:00-03:00,294.0,0.0
2023-03-12 02:00:00-03:00,295.0,0.0
2023-03-12 03:00:00-03:00,296.0,0.0
2023-03-12 04:00:00-03:00,297.25,0.0
2023-03-12 05:00:00-03:00,298.0,0.0
2023-03-12 06:00:00-03:00,299.5,0.0
2023-03-12 07:00:00-03:00,301.0,0.0
2023-03-12 08:00:00-03:00,301.75,0.0
2023-03-12 09:00:00-03:00,303.25,0.0
2023-03-12 10:00:00-03:00,304.5,0.2
2023-03-12 11:00:00-03:00,305.75,0.0
2023-03-12 12:00:00-03:00,306.0,0.0
2023-03-12 13:00:00-03:00,307.0,0.2
2023-03-12 14:00:00-03:00,308.25,0.0
2023-03-12 15:00:00-03:00,308.75,0.0
2023-03-12 16:00:00-03:00,309.75,0.0
2023-03-12 17:00:00-03:00,309.5,0.0
2023-03-12 18:00:00-03:00,310.25,0.0
2023-03-12 19:00:00-03:00,311.0,0.0
2023-03-12 20:00:00-03:00,311.5,0.0
2023-03-12 21:00:00-03:00,312.0,0.0
2023-03-12 22:00:00-03:00,312.75,1.2000000000000002
2023-03-12 23:00:00-03:00,313.75,0.4
2023-03-13 00:00:00-03:00,315.0,0.2
2023-03-13 01:00:00-03:00,315.5,0.0
2023-03-13 02:00:00-03:00,316.25,0.6000000000000001
2023-03-13 03:00:00-03:00,317.25,0.0
2023-03-13 04:00:00-03:00,318.25,0.0
2023-03-13 05:00:00-03:00,319.0,0.0
2023-03-13 06:00:00-03:00,320.0,0.0
2023-03-13 07:00:00-03:00,321.0,0.0
2023-03-13 08:00:00-03:00,321.75,0.0
2023-03-13 09:00:00-03:00,322.75,0.0
2023-03-13 10:00:00-03:00,323.25,0.0
2023-03-13 11:00:00-03:00,324.5,0.2
2023-03-13 12:00:00-03:00,325.75,0.0
2023-03-13 13:00:00-03:00,326.5,0.0
2023-03-13 14:00:00-03:00,327.75,0.0
2023-03-13 15:00:00-03:00,329.0,0.0
2023-03-13 16:00:00-03:00,330.0,0.0
2023-03-13 17:00:00-03:00,330.75,0.0
2023-03-13 18:00:00-03:00,331.5,0.0
2023-03-13 19:00:00-03:00,332.0,0.0
2023-03-13 20:00:00-03:00,332.5,0.0
2023-03-13 21:00:00-03:00,333.0,0.0
2023-03-13 22:00:00-03:00,333.5,0.0
2023-03-13 23:00:00-03:00,334.25,0.0
2023-03-14 00:00:00-03:00,335.0,0.0
2023-03-14 01:00:00-03:00,335.5,0.0
2023-03-14 02:00:00-03:00,336.25,0.0
2023-03-14 03:00:00-03:00,337.0,0.0
2023-03-14 04:00:00-03:00,337.5,0.0
2023-03-14 05:00:00-03:00,337.5,0.0
2023-03-14 06:00:00-03:00,338.3333333333333,0.0
2023-03-14 07:00:00-03:00,339.1666666666667,0.0
2023-03-14 08:00:00-03:00,340.0,0.0
2023-03-14 09:00:00-03:00,340.0,0.0
2023-03-14 10:00:00-03:00,340.75,0.0
2023-03-14 11:00:00-03:00,342.5,0.0
2023-03-14 12:00:00-03:00,342.25,0.0
2023-03-14 13:00:00-03:00,343.0,0.0
2023-03-14 14:00:00-03:00,343.75,0.0
2023-03-14 15:00:00-03:00,344.0,0.0
2023-03-14 16:00:00-03:00,344.75,0.0
2023-03-14 17:00:00-03:00,345.5,0.0
2023-03-14 18:00:00-03:00,345.75,0.0
2023-03-14 19:00:00-03:00,346.0,0.0
2023-03-14 20:00:00-03:00,347.0,0.0
2023-03-14 21:00:00-03:00,347.0,0.0
2023-03-14 22:00:00-03:00,348.0,0.0
2023-03-14 23:00:00-03:00,348.0,0.0
2023-03-15 00:00:00-03:00,348.75,0.0
2023-03-15 01:00:00-03:00,349.0,0.0
2023-03-15 02:00:00-03:00,349.0,0.0
2023-03-15 03:00:00-03:00,349.5,0.0
2023-03-15 04:00:00-03:00,349.875,0.0
2023-03-15 05:00:00-03:00,350.25,0.0
2023-03-15 06:00:00-03:00,350.625,0.0
2023-03-15 07:00:00-03:00,351.0,0.0
2023-03-15 08:00:00-03:00,351.25,0.0
2023-03-15 09:00:00-03:00,351.75,0.0
2023-03-15 10:00:00-03:00,352.25,0.0
2023-03-15 11:00:00-03:00,352.25,0.0
2023-03-15 12:00:00-03:00,352.75,0.0
2023-03-15 13:00:00-03:00,354.0,0.0
2023-03-15 14:00:00-03:00,354.0,0.0
2023-03-15 15:00:00-03:00,354.0,0.0
2023-03-15 16:00:00-03:00,354.0,0.0
2023-03-15 17:00:00-03:00,354.25,0.0
2023-03-15 18:00:00-03:00,355.0,0.0
2023-03-15 19:00:00-03:00,354.75,0.0
2023-03-15 20:00:00-03:00,354.5,0.0
2023-03-15 21:00:00-03:00,354.5,0.0
2023-03-15 22:00:00-03:00,355.0,0.0
2023-03-15 23:00:00-03:00,355.0,0.0
2023-03-16 00:00:00-03:00,355.0,0.0
2023-03-16 01:00:00-03:00,355.0,0.0
2023-03-16 02:00:00-03:00,355.0,0.0
2023-03-16 03:00:00-03:00,354.9642857142857,0.0
2023-03-16 04:00:00-03:00,354.92857142857144,0.0
2023-03-16 05:00:00-03:00,354.89285714285717,0.0
2023-03-16 06:00:00-03:00,,0.0
2023-03-16 07:00:00-03:00,,0.0
2023-03-16 08:00:00-03:00,,0.0
2023-03-16 09:00:00-03:00,,0.0
2023-03-16 10:00:00-03:00,,0.0
2023-03-16 11:00:00-03:00,,0.0
2023-03-16 12:00:00-03:00,,0.0
2023-03-16 13:00:00-03:00,,0.0
2023-03-16 14:00:00-03:00,,0.0
2023-03-16 15:00:00-03:00,,0.0
2023-03-16 16:00:00-03:00,354.5,0.0
2023-03-16 17:00:00-03:00,354.0,0.0
2023-03-16 18:00:00-03:00,353.5,0.0
2023-03-16 19:00:00-03:00,353.0,0.0
2023-03-16 20:00:00-03:00,352.5,0.0
2023-03-16 21:00:00-03:00,351.75,0.0
2023-03-16 22:00:00-03:00,351.5,0.0
2023-03-16 23:00:00-03:00,350.75,0.0
2023-03-17 00:00:00-03:00,350.0,0.0
2023-03-17 01:00:00-03:00,349.0,0.0
2023-03-17 02:00:00-03:00,348.0,0.0
2023-03-17 03:00:00-03:00,347.5,0.0
2023-03-17 04:00:00-03:00,347.0,0.0
2023-03-18 09:00:00-03:00,301.0,0.0
2023-03-18 10:00:00-03:00,299.5,0.0
2023-03-18 11:00:00-03:00,297.25,0.0
2023-03-18 12:00:00-03:00,296.5,0.0
2023-03-18 13:00:00-03:00,293.625,0.0
2023-03-18 14:00:00-03:00,290.75,0.0
2023-03-18 15:00:00-03:00,287.875,0.0
2023-03-18 16:00:00-03:00,285.0,0.0
2023-03-18 17:00:00-03:00,282.75,0.0
2023-03-18 18:00:00-03:00,281.0,0.0
2023-03-20 23:00:00-03:00,203.0,0.6
2023-03-21 00:00:00-03:00,202.75,1.4
2023-03-21 01:00:00-03:00,202.5,0.2
2023-03-21 02:00:00-03:00,202.0,0.0
2023-03-21 03:00:00-03:00,202.0,0.0
2023-03-21 04:00:00-03:00,201.625,0.0
2023-03-21 05:00:00-03:00,201.25,0.0
2023-03-21 06:00:00-03:00,200.875,0.0
2023-03-21 07:00:00-03:00,200.5,0.0
2023-03-21 08:00:00-03:00,200.0,0.0
2023-03-21 09:00:00-03:00,199.5,0.0
2023-03-21 10:00:00-03:00,199.0,0.0
2023-03-21 11:00:00-03:00,198.5,0.0
2023-03-21 12:00:00-03:00,198.5,0.0
2023-03-22 21:00:00-03:00,197.5,0.0
2023-03-22 22:00:00-03:00,197.25,0.0
2023-03-22 23:00:00-03:00,197.0,0.0
2023-03-23 00:00:00-03:00,196.0,0.0
2023-03-23 01:00:00-03:00,196.0,0.0
2023-03-23 02:00:00-03:00,195.0,0.0
2023-03-23 03:00:00-03:00,194.83333333333334,0.0
2023-03-23 04:00:00-03:00,194.66666666666666,0.0
2023-03-23 05:00:00-03:00,194.5,0.0
2023-03-23 06:00:00-03:00,,0.0
2023-03-23 07:00:00-03:00,,0.0
2023-03-23 08:00:00-03:00,,0.0
2023-03-23 09:00:00-03:00,,0.0
2023-03-23 10:00:00-03:00,,0.0
2023-03-23 11:00:00-03:00,,0.0
2023-03-23 12:00:00-03:00,,0.0
2023-03-23 13:00:00-03:00,,0.0
2023-03-23 14:00:00-03:00,,0.0
2023-03-23 15:00:00-03:00,,0.0
2023-03-23 16:00:00-03:00,,0.0
2023-03-23 17:00:00-03:00,192.5,0.0
2023-03-23 18:00:00-03:00,192.5,0.0
2023-03-23 19:00:00-03:00,192.0,0.0
2023-03-24 21:00:00-03:00,178.0,0.0
2023-03-24 22:00:00-03:00,177.25,0.0
2023-03-24 23:00:00-03:00,176.5,0.0
2023-03-25 00:00:00-03:00,176.0,0.0
2023-03-25 01:00:00-03:00,175.8125,0.0
2023-03-25 02:00:00-03:00,175.625,0.0
2023-03-25 03:00:00-03:00,175.4375,0.0
2023-03-25 04:00:00-03:00,,0.0
2023-03-25 05:00:00-03:00,,0.0
2023-03-25 06:00:00-03:00,,0.0
2023-03-25 07:00:00-03:00,,0.0
2023-03-25 08:00:00-03:00,,0.0
2023-03-25 09:00:00-03:00,,0.0
2023-03-25 10:00:00-03:00,,0.0
2023-03-25 11:00:00-03:00,,0.0
2023-03-25 12:00:00-03:00,,0.0
2023-03-25 13:00:00-03:00,,0.0
2023-03-25 14:00:00-03:00,,0.0
2023-03-25 15:00:00-03:00,,0.0
2023-03-25 16:00:00-03:00,173.0,0.0
2023-03-25 17:00:00-03:00,172.75,0.0
2023-03-25 18:00:00-03:00,173.0,0.0
2023-03-25 19:00:00-03:00,172.5,0.0
2023-03-25 20:00:00-03:00,172.0,0.0
2023-03-25 21:00:00-03:00,172.0,0.0
2023-03-25 22:00:00-03:00,171.5,0.0
2023-03-25 23:00:00-03:00,171.5,0.0
2023-03-26 00:00:00-03:00,171.0,0.0
2023-03-27 05:00:00-03:00,172.5,0.0
2023-03-27 06:00:00-03:00,173.0,0.0
2023-03-27 07:00:00-03:00,173.5,0.0
2023-03-27 08:00:00-03:00,173.4090909090909,0.0
2023-03-27 09:00:00-03:00,173.3181818181818,0.0
2023-03-27 10:00:00-03:00,173.22727272727272,0.0
2023-03-27 11:00:00-03:00,,0.0
2023-03-27 12:00:00-03:00,,0.0
2023-03-27 13:00:00-03:00,,0.0
2023-03-27 14:00:00-03:00,,0.0
2023-03-27 15:00:00-03:00,,0.0
2023-03-27 16:00:00-03:00,,0.0
2023-03-27 17:00:00-03:00,,0.0
2023-03-27 18:00:00-03:00,172.5,0.0
2023-03-27 19:00:00-03:00,171.75,0.2
2023-03-27 20:00:00-03:00,171.0,0.0
2023-03-27 21:00:00-03:00,170.33333333333334,0.0
2023-03-27 22:00:00-03:00,169.66666666666666,0.0
2023-03-27 23:00:00-03:00,169.0,0.2
2023-03-28 00:00:00-03:00,168.5,0.0
2023-03-28 01:00:00-03:00,168.0,0.0
2023-03-28 02:00:00-03:00,167.66666666666666,0.0
2023-03-28 03:00:00-03:00,167.33333333333334,0.0
2023-03-28 04:00:00-03:00,167.0,0.0
2023-03-28 05:00:00-03:00,,0.0
2023-03-28 06:00:00-03:00,,0.0
2023-03-28 07:00:00-03:00,166.0,0.0
2023-03-28 08:00:00-03:00,166.0,0.0
2023-03-28 09:00:00-03:00,166.0,0.0
2023-03-28 10:00:00-03:00,167.0,0.0
2023-03-28 11:00:00-03:00,168.0,0.0
2023-03-28 12:00:00-03:00,169.5,0.0
2023-03-28 13:00:00-03:00,171.0,0.2
2023-03-28 14:00:00-03:00,172.0,0.0
2023-03-28 15:00:00-03:00,173.25,0.0
2023-03-28 16:00:00-03:00,174.5,0.0
2023-03-28 17:00:00-03:00,175.75,0.0
2023-03-28 18:00:00-03:00,177.5,0.0
2023-03-28 19:00:00-03:00,178.75,0.0
2023-03-28 20:00:00-03:00,180.0,0.0
2023-03-28 21:00:00-03:00,181.0,0.0
2023-03-28 22:00:00-03:00,181.25,0.0
2023-03-28 23:00:00-03:00,182.0,0.0
2023-03-29 00:00:00-03:00,183.5,4.4
2023-03-29 01:00:00-03:00,195.5,22.6
2023-03-29 02:00:00-03:00,200.0,7.0
2023-03-29 03:00:00-03:00,197.5,0.4
2023-03-29 04:00:00-03:00,199.7,0.0
2023-03-29 05:00:00-03:00,201.9,0.0
2023-03-29 06:00:00-03:00,204.1,0.0
2023-03-29 07:00:00-03:00,,0.0
2023-03-29 08:00:00-03:00,208.5,3.4
2023-03-29 09:00:00-03:00,210.5,0.0
2023-03-29 10:00:00-03:00,212.5,0.0
2023-03-29 11:00:00-03:00,214.0,0.0
2023-03-29 12:00:00-03:00,215.25,0.0
2023-03-29 13:00:00-03:00,214.75,0.0
2023-03-29 14:00:00-03:00,215.0,0.0
2023-03-29 15:00:00-03:00,215.0,0.0
2023-03-29 16:00:00-03:00,214.0,0.0
2023-03-29 17:00:00-03:00,214.0,0.0
2023-03-29 18:00:00-03:00,213.75,0.0
2023-03-29 19:00:00-03:00,214.0,0.0
2023-03-29 20:00:00-03:00,213.25,0.0
2023-03-29 21:00:00-03:00,213.0,0.8
2023-03-29 22:00:00-03:00,213.0,0.4
2023-03-29 23:00:00-03:00,212.25,0.4
2023-03-30 00:00:00-03:00,211.5,0.0
2023-03-30 01:00:00-03:00,211.5,0.0
2023-03-30 02:00:00-03:00,211.0,0.0
2023-03-30 03:00:00-03:00,210.3,0.0
2023-03-30 04:00:00-03:00,209.6,0.0
2023-03-30 05:00:00-03:00,208.9,0.0
2023-03-30 06:00:00-03:00,,0.0
2023-03-30 07:00:00-03:00,207.5,0.0
2023-03-30 08:00:00-03:00,206.5,0.0
2023-03-30 09:00:00-03:00,205.75,0.0
2023-03-30 10:00:00-03:00,204.75,0.0
2023-03-30 11:00:00-03:00,203.5,0.0
2023-03-30 12:00:00-03:00,202.5,0.0
2023-03-30 13:00:00-03:00,201.75,0.0
2023-03-30 14:00:00-03:00,200.25,0.0
2023-03-30 15:00:00-03:00,199.0,0.0
2023-03-30 16:00:00-03:00,197.5,0.0
2023-03-30 17:00:00-03:00,196.75,0.0
2023-03-30 18:00:00-03:00,194.75,0.2
2023-03-30 19:00:00-03:00,194.0,0.0
2023-03-30 20:00:00-03:00,192.25,0.0
2023-03-30 21:00:00-03:00,191.0,0.0
2023-03-30 22:00:00-03:00,189.5,0.0
2023-03-30 23:00:00-03:00,188.25,0.0
2023-03-31 00:00:00-03:00,187.0,0.0
2023-03-31 01:00:00-03:00,185.75,0.0
2023-03-31 02:00:00-03:00,184.5,0.0
2023-03-31 03:00:00-03:00,184.0,0.0
2023-03-31 04:00:00-03:00,182.875,0.0
2023-03-31 05:00:00-03:00,181.75,0.0
2023-03-31 06:00:00-03:00,180.625,0.0
2023-03-31 07:00:00-03:00,179.5,0.0
2023-03-31 08:00:00-03:00,179.0,0.2
2023-03-31 09:00:00-03:00,178.25,0.2
2023-03-31 10:00:00-03:00,178.0,0.0
2023-03-31 11:00:00-03:00,177.0,0.0
2023-03-31 12:00:00-03:00,177.25,0.0
2023-03-31 13:00:00-03:00,176.25,0.0
2023-03-31 14:00:00-03:00,176.0,0.0
2023-03-31 15:00:00-03:00,175.5,0.0
2023-03-31 16:00:00-03:00,174.75,0.6
2023-03-31 17:00:00-03:00,174.25,0.0
2023-03-31 18:00:00-03:00,173.25,0.0
2023-03-31 19:00:00-03:00,173.0,0.8
2023-03-31 20:00:00-03:00,173.0,0.8
2023-03-31 21:00:00-03:00,172.25,0.4
2023-03-31 22:00:00-03:00,172.0,0.0
2023-03-31 23:00:00-03:00,171.75,0.0
2023-04-01 00:00:00-03:00,171.5,0.0
2023-04-01 01:00:00-03:00,172.0,0.0
2023-04-01 02:00:00-03:00,172.0,0.0
2023-04-01 03:00:00-03:00,172.0,0.0
2023-04-01 04:00:00-03:00,172.25,0.0
2023-04-01 05:00:00-03:00,172.5,0.0
2023-04-01 06:00:00-03:00,172.25,0.0
2023-04-01 07:00:00-03:00,172.5,0.0
2023-04-01 08:00:00-03:00,172.5,0.0
2023-04-01 09:00:00-03:00,172.5,0.0
2023-04-01 10:00:00-03:00,173.5,0.0
2023-04-01 11:00:00-03:00,173.0,0.0
2023-04-01 12:00:00-03:00,173.75,0.0
2023-04-01 13:00:00-03:00,173.75,0.0
2023-04-01 14:00:00-03:00,174.5,0.0
2023-04-01 15:00:00-03:00,174.5,0.0
2023-04-01 16:00:00-03:00,174.25,0.0
2023-04-01 17:00:00-03:00,174.5,0.0
2023-04-01 18:00:00-03:00,174.5,0.0
2023-04-01 19:00:00-03:00,174.5,0.0
2023-04-01 20:00:00-03:00,175.0,0.0
2023-04-01 21:00:00-03:00,175.0,0.0
2023-04-01 22:00:00-03:00,175.0,0.0
2023-04-01 23:00:00-03:00,175.75,0.0
2023-04-02 00:00:00-03:00,176.0,0.0
2023-04-02 01:00:00-03:00,175.75,0.0
2023-04-02 02:00:00-03:00,176.25,0.0
2023-04-02 03:00:00-03:00,176.5,0.0
2023-04-02 04:00:00-03:00,176.625,0.0
2023-04-02 05:00:00-03:00,176.75,0.0
2023-04-02 06:00:00-03:00,176.875,0.0
2023-04-02 07:00:00-03:00,177.0,0.0
2023-04-02 08:00:00-03:00,177.0,0.0
2023-04-02 09:00:00-03:00,176.25,0.0
2023-04-02 10:00:00-03:00,176.25,0.0
2023-04-02 11:00:00-03:00,176.5,0.0
2023-04-02 12:00:00-03:00,175.25,0.0
2023-04-02 13:00:00-03:00,175.25,0.0
2023-04-02 14:00:00-03:00,174.75,0.0
2023-04-02 15:00:00-03:00,174.0,0.0
2023-04-02 16:00:00-03:00,173.25,0.0
2023-04-02 17:00:00-03:00,172.25,0.0
2023-04-02 18:00:00-03:00,171.25,0.0
2023-04-02 19:00:00-03:00,171.0,0.0
2023-04-02 20:00:00-03:00,170.0,0.0
2023-04-02 21:00:00-03:00,169.25,0.0
2023-04-02 22:00:00-03:00,168.25,0.0
2023-04-02 23:00:00-03:00,167.5,0.0
2023-04-03 00:00:00-03:00,166.75,0.0
2023-04-03 01:00:00-03:00,166.0,0.0
2023-04-03 02:00:00-03:00,165.25,0.0
2023-04-03 03:00:00-03:00,164.5,0.0
2023-04-03 04:00:00-03:00,163.75,0.0
2023-04-03 05:00:00-03:00,163.0,0.0
2023-04-03 06:00:00-03:00,162.75,0.0
2023-04-03 07:00:00-03:00,162.0,0.0
2023-04-03 08:00:00-03:00,161.5,0.0
2023-04-03 09:00:00-03:00,161.0,0.0
2023-04-03 10:00:00-03:00,162.25,0.0
2023-04-03 11:00:00-03:00,161.0,0.0
2023-04-03 12:00:00-03:00,162.0,0.0
2023-04-03 13:00:00-03:00,160.5,0.0
2023-04-03 14:00:00-03:00,160.0,0.0
2023-04-03 15:00:00-03:00,159.0,0.0
2023-04-03 16:00:00-03:00,159.0,0.0
2023-04-03 17:00:00-03:00,158.25,0.0
2023-04-03 18:00:00-03:00,158.0,0.0
2023-04-03 19:00:00-03:00,157.5,0.0
2023-04-03 20:00:00-03:00,157.0,0.0
2023-04-03 21:00:00-03:00,156.75,0.0
2023-04-03 22:00:00-03:00,156.25,0.0
2023-04-03 23:00:00-03:00,156.0,0.0
2023-04-04 00:00:00-03:00,156.0,0.0
2023-04-04 01:00:00-03:00,155.66666666666666,0.0
2023-04-04 02:00:00-03:00,155.33333333333334,0.0
2023-04-04 03:00:00-03:00,155.0,0.0
2023-04-04 04:00:00-03:00,,0.0
2023-04-04 05:00:00-03:00,,0.0
2023-04-04 06:00:00-03:00,154.0,0.0
2023-04-04 07:00:00-03:00,154.0,0.0
2023-04-04 08:00:00-03:00,154.0,0.0
2023-04-04 09:00:00-03:00,153.77777777777777,0.0
2023-04-04 10:00:00-03:00,153.55555555555554,0.0
2023-04-04 11:00:00-03:00,153.33333333333334,0.0
2023-04-04 12:00:00-03:00,,0.0
2023-04-04 13:00:00-03:00,,0.0
2023-04-04 14:00:00-03:00,,0.0
2023-04-04 15:00:00-03:00,,0.0
2023-04-04 16:00:00-03:00,,0.0
2023-04-04 17:00:00-03:00,152.0,0.0
2023-04-04 18:00:00-03:00,152.0,0.0
2023-04-04 19:00:00-03:00,152.0,0.0
2023-04-04 20:00:00-03:00,151.5,0.0
2023-04-04 21:00:00-03:00,151.0,0.0
2023-04-04 22:00:00-03:00,151.0,0.0
2023-04-05 19:00:00-03:00,147.5,0.0
2023-04-05 20:00:00-03:00,147.75,0.0
2023-04-05 21:00:00-03:00,147.0,0.0
2023-04-07 06:00:00-03:00,151.66666666666666,0.0
2023-04-07 07:00:00-03:00,156.33333333333334,0.0
2023-04-07 08:00:00-03:00,161.0,0.0
2023-04-07 09:00:00-03:00,160.25,0.0
2023-04-07 10:00:00-03:00,160.0,0.0
2023-04-07 11:00:00-03:00,159.5,0.0
2023-04-07 12:00:00-03:00,159.0,0.4
2023-04-07 13:00:00-03:00,158.5,2.4
2023-04-07 14:00:00-03:00,158.0,0.8
2023-04-07 15:00:00-03:00,157.0,0.0
2023-04-07 16:00:00-03:00,156.75,0.0
2023-04-07 17:00:00-03:00,155.0,0.0
2023-04-07 18:00:00-03:00,154.5,0.0
2023-04-07 19:00:00-03:00,153.75,0.0
2023-04-07 20:00:00-03:00,156.5,9.4
2023-04-07 21:00:00-03:00,156.25,3.6
2023-04-07 22:00:00-03:00,156.75,2.6
2023-04-07 23:00:00-03:00,155.5,0.2
2023-04-08 05:00:00-03:00,154.0,0.0
2023-04-08 06:00:00-03:00,154.0,0.0
2023-04-08 07:00:00-03:00,154.0,0.0
2023-04-08 08:00:00-03:00,154.25,0.0
2023-04-08 09:00:00-03:00,154.75,0.2
2023-04-08 10:00:00-03:00,155.0,0.0
2023-04-08 11:00:00-03:00,155.75,0.0
2023-04-08 12:00:00-03:00,156.5,0.0
2023-04-08 13:00:00-03:00,157.5,0.0
2023-04-08 14:00:00-03:00,158.5,0.0
2023-04-08 15:00:00-03:00,159.0,0.0
2023-04-08 16:00:00-03:00,159.0,0.0
2023-04-08 17:00:00-03:00,161.0,0.8
2023-04-08 18:00:00-03:00,162.5,0.0
2023-04-08 19:00:00-03:00,164.25,0.6000000000000001
2023-04-08 20:00:00-03:00,166.25,0.6000000000000001
2023-04-08 21:00:00-03:00,168.5,0.0
2023-04-08 22:00:00-03:00,171.0,0.6000000000000001
2023-04-08 23:00:00-03:00,173.5,0.0
2023-04-09 00:00:00-03:00,176.25,0.4
2023-04-09 01:00:00-03:00,178.0,0.0
2023-04-09 02:00:00-03:00,180.35714285714286,0.0
2023-04-09 03:00:00-03:00,182.71428571428572,0.0
2023-04-09 04:00:00-03:00,185.07142857142858,0.0
2023-04-09 05:00:00-03:00,,0.0
2023-04-09 06:00:00-03:00,,0.0
2023-04-09 07:00:00-03:00,,0.0
2023-04-09 08:00:00-03:00,194.5,5.2
2023-04-09 09:00:00-03:00,195.0,0.0
2023-04-09 10:00:00-03:00,195.75,0.0
2023-04-09 11:00:00-03:00,197.5,0.0
2023-04-09 12:00:00-03:00,198.75,0.0
2023-04-09 13:00:00-03:00,199.5,0.0
2023-04-09 14:00:00-03:00,199.5,0.0
2023-04-09 15:00:00-03:00,199.5,0.0
2023-04-09 16:00:00-03:00,199.5,0.0
2023-04-09 17:00:00-03:00,198.5,0.0
2023-04-09 18:00:00-03:00,198.0,0.0
2023-04-09 19:00:00-03:00,197.5,0.0
2023-04-09 20:00:00-03:00,196.5,0.0
2023-04-09 21:00:00-03:00,195.5,0.0
2023-04-09 22:00:00-03:00,194.25,0.0
2023-04-09 23:00:00-03:00,193.75,0.0
2023-04-10 00:00:00-03:00,192.0,0.0
2023-04-10 01:00:00-03:00,191.25,0.0
2023-04-10 02:00:00-03:00,190.0,0.0
2023-04-10 03:00:00-03:00,188.83333333333334,0.0
2023-04-10 04:00:00-03:00,187.66666666666666,0.0
2023-04-10 05:00:00-03:00,186.5,0.0
2023-04-10 06:00:00-03:00,,0.0
2023-04-10 07:00:00-03:00,,0.0
2023-04-10 08:00:00-03:00,183.0,0.0
2023-04-10 09:00:00-03:00,182.5,0.0
2023-04-10 10:00:00-03:00,182.75,0.0
2023-04-10 11:00:00-03:00,182.25,0.0
2023-04-10 12:00:00-03:00,181.0,0.0
2023-04-10 13:00:00-03:00,181.0,0.0
2023-04-10 14:00:00-03:00,181.25,0.0
2023-04-10 15:00:00-03:00,180.75,0.0
2023-04-10 16:00:00-03:00,180.75,0.0
2023-04-10 17:00:00-03:00,180.5,0.0
2023-04-10 18:00:00-03:00,180.0,0.0
2023-04-10 19:00:00-03:00,180.0,0.0
2023-04-10 20:00:00-03:00,180.0,0.0
2023-04-10 21:00:00-03:00,180.0,0.0
2023-04-10 22:00:00-03:00,179.25,0.0
2023-04-10 23:00:00-03:00,179.25,0.0
2023-04-11 00:00:00-03:00,179.0,0.0
2023-04-11 01:00:00-03:00,178.5,0.0
2023-04-11 02:00:00-03:00,178.0,0.0
2023-04-11 03:00:00-03:00,177.5,0.0
2023-04-11 04:00:00-03:00,,0.0
2023-04-11 05:00:00-03:00,,0.0
2023-04-11 06:00:00-03:00,,0.0
2023-04-11 07:00:00-03:00,175.5,0.2
2023-04-11 08:00:00-03:00,175.0,0.0
2023-04-11 09:00:00-03:00,174.5,0.0
2023-04-11 10:00:00-03:00,173.5,0.0
2023-04-11 11:00:00-03:00,173.5,0.0
2023-04-11 12:00:00-03:00,173.25,0.0
2023-04-11 13:00:00-03:00,173.0,0.0
2023-04-11 14:00:00-03:00,172.75,0.0
2023-04-11 15:00:00-03:00,172.5,0.0
2023-04-11 16:00:00-03:00,171.75,0.0
2023-04-11 17:00:00-03:00,171.0,0.0
2023-04-11 18:00:00-03:00,171.0,0.0
2023-04-11 19:00:00-03:00,170.5,0.0
2023-04-11 20:00:00-03:00,169.5,0.0
2023-04-11 21:00:00-03:00,169.25,0.0
2023-04-11 22:00:00-03:00,168.75,0.0
2023-04-11 23:00:00-03:00,168.25,0.0
2023-04-12 00:00:00-03:00,167.0,0.0
2023-04-12 01:00:00-03:00,166.375,0.0
2023-04-12 02:00:00-03:00,165.75,0.0
2023-04-12 03:00:00-03:00,165.125,0.0
2023-04-12 04:00:00-03:00,,0.0
2023-04-12 05:00:00-03:00,,0.0
2023-04-12 06:00:00-03:00,,0.0
2023-04-12 07:00:00-03:00,,0.0
2023-04-12 08:00:00-03:00,162.0,0.0
2023-04-12 09:00:00-03:00,161.0,0.0
2023-04-12 10:00:00-03:00,161.0,0.0
2023-04-12 11:00:00-03:00,159.75,0.0
2023-04-12 12:00:00-03:00,159.5,0.0
2023-04-12 13:00:00-03:00,159.75,0.0
2023-04-12 14:00:00-03:00,159.25,0.0
2023-04-12 15:00:00-03:00,158.0,0.0
2023-04-12 16:00:00-03:00,158.0,0.0
2023-04-12 17:00:00-03:00,158.0,0.0
2023-04-12 18:00:00-03:00,157.25,0.0
2023-04-12 19:00:00-03:00,157.0,0.0
2023-04-12 20:00:00-03:00,156.5,0.0
2023-04-12 21:00:00-03:00,156.0,0.0
2023-04-13 05:00:00-03:00,154.66666666666666,0.0
2023-04-13 06:00:00-03:00,153.33333333333334,0.0
2023-04-13 07:00:00-03:00,152.0,0.0
2023-04-13 08:00:00-03:00,152.0,0.0
2023-04-13 09:00:00-03:00,151.75,0.0
2023-04-13 10:00:00-03:00,152.0,0.0
2023-04-13 11:00:00-03:00,151.5,0.0
2023-04-13 12:00:00-03:00,153.0,0.0
2023-04-13 13:00:00-03:00,152.66666666666666,0.0
2023-04-13 14:00:00-03:00,152.33333333333334,0.0
2023-04-13 15:00:00-03:00,152.0,0.0
2023-04-13 16:00:00-03:00,151.0,0.0
2023-04-13 17:00:00-03:00,150.75,0.0
2023-04-13 18:00:00-03:00,150.5,0.0
2023-04-13 19:00:00-03:00,151.0,0.0
2023-04-13 20:00:00-03:00,150.0,0.0
2023-04-13 21:00:00-03:00,150.0,0.0
2023-04-13 22:00:00-03:00,150.0,0.0
2023-04-13 23:00:00-03:00,150.0,0.0
2023-04-14 00:00:00-03:00,149.0,0.0
2023-04-14 01:00:00-03:00,149.0,0.0
2023-04-14 02:00:00-03:00,149.0,0.0
2023-04-14 03:00:00-03:00,149.0,0.0
2023-04-14 04:00:00-03:00,,0.0
2023-04-14 05:00:00-03:00,,0.0
2023-04-14 06:00:00-03:00,149.0,0.0
2023-04-14 07:00:00-03:00,148.75,0.0
2023-04-14 08:00:00-03:00,148.0,0.0
2023-04-14 09:00:00-03:00,148.25,0.0
2023-04-14 10:00:00-03:00,148.25,0.0
2023-04-14 11:00:00-03:00,148.5,0.0
2023-04-14 12:00:00-03:00,148.25,0.0
2023-04-14 13:00:00-03:00,151.0,10.4
2023-04-14 14:00:00-03:00,154.0,4.6
2023-04-14 15:00:00-03:00,152.75,0.4
2023-04-14 16:00:00-03:00,152.0,0.0
2023-04-14 17:00:00-03:00,151.25,0.0
2023-04-14 18:00:00-03:00,152.0,0.6000000000000001
2023-04-14 19:00:00-03:00,152.5,2.6
2023-04-14 20:00:00-03:00,153.25,0.6000000000000001
2023-04-14 21:00:00-03:00,154.0,0.0
2023-04-14 22:00:00-03:00,154.0,0.0
2023-04-14 23:00:00-03:00,154.75,0.0
2023-04-15 00:00:00-03:00,155.0,0.0
2023-04-15 01:00:00-03:00,155.0,0.0
2023-04-15 02:00:00-03:00,156.0,0.0
2023-04-15 03:00:00-03:00,157.0,0.0
2023-04-15 04:00:00-03:00,158.0,0.0
2023-04-15 05:00:00-03:00,,0.0
2023-04-15 06:00:00-03:00,,0.0
2023-04-15 07:00:00-03:00,,0.0
2023-04-15 08:00:00-03:00,162.0,0.0
2023-04-15 09:00:00-03:00,162.75,0.0
2023-04-15 10:00:00-03:00,165.25,0.0
2023-04-15 11:00:00-03:00,167.25,0.0
2023-04-15 12:00:00-03:00,169.5,0.0
2023-04-15 13:00:00-03:00,171.0,1.0
2023-04-15 14:00:00-03:00,174.5,0.0
2023-04-15 15:00:00-03:00,177.25,0.0
2023-04-15 16:00:00-03:00,179.5,0.2
2023-04-15 17:00:00-03:00,182.25,0.0
2023-04-15 18:00:00-03:00,184.0,0.0
2023-04-15 19:00:00-03:00,186.0,0.0
2023-04-15 20:00:00-03:00,188.0,0.0
2023-04-15 21:00:00-03:00,189.75,0.0
2023-04-15 22:00:00-03:00,190.75,0.0
2023-04-15 23:00:00-03:00,191.5,0.0
2023-04-16 00:00:00-03:00,192.5,0.0
2023-04-16 01:00:00-03:00,193.0,0.0
2023-04-16 02:00:00-03:00,192.91666666666666,0.0
2023-04-16 03:00:00-03:00,192.83333333333334,0.0
2023-04-16 04:00:00-03:00,192.75,0.0
2023-04-16 05:00:00-03:00,,0.0
2023-04-16 06:00:00-03:00,,0.0
2023-04-16 07:00:00-03:00,192.5,0.0
2023-04-16 08:00:00-03:00,191.25,0.2
2023-04-16 09:00:00-03:00,190.25,0.0
2023-04-16 10:00:00-03:00,190.75,0.0
2023-04-16 11:00:00-03:00,189.25,0.0
2023-04-16 12:00:00-03:00,188.0,0.0
2023-04-16 13:00:00-03:00,186.25,0.0
2023-04-16 14:00:00-03:00,185.5,0.0
2023-04-16 15:00:00-03:00,183.25,0.0
2023-04-16 16:00:00-03:00,182.25,0.0
2023-04-16 17:00:00-03:00,180.0,0.0
2023-04-16 18:00:00-03:00,178.5,0.0
2023-04-16 19:00:00-03:00,177.0,0.0
2023-04-16 20:00:00-03:00,175.25,0.0
2023-04-16 21:00:00-03:00,173.5,0.0
2023-04-16 22:00:00-03:00,172.25,0.0
2023-04-16 23:00:00-03:00,170.5,0.0
2023-04-17 00:00:00-03:00,169.75,0.0
2023-04-17 01:00:00-03:00,168.5,0.0
2023-04-17 02:00:00-03:00,167.5,0.0
2023-04-17 03:00:00-03:00,166.41666666666666,0.0
2023-04-17 04:00:00-03:00,165.33333333333334,0.0
2023-04-17 05:00:00-03:00,164.25,0.0
2023-04-17 06:00:00-03:00,,0.0
2023-04-17 07:00:00-03:00,,0.0
2023-04-17 08:00:00-03:00,161.0,0.0
2023-04-17 09:00:00-03:00,160.5,0.0
2023-04-17 10:00:00-03:00,159.25,0.0
2023-04-17 11:00:00-03:00,159.25,0.0
2023-04-17 12:00:00-03:00,158.25,0.0
2023-04-17 13:00:00-03:00,158.0,0.0
2023-04-17 14:00:00-03:00,157.5,0.0
2023-04-17 15:00:00-03:00,156.75,0.0
2023-04-17 16:00:00-03:00,156.0,0.0
2023-04-17 17:00:00-03:00,155.5,0.0
2023-04-17 18:00:00-03:00,155.0,0.0
2023-04-17 19:00:00-03:00,154.75,0.0
2023-04-17 20:00:00-03:00,154.0,0.0
2023-04-17 21:00:00-03:00,153.75,0.0
2023-04-17 22:00:00-03:00,157.75,12.8
2023-04-17 23:00:00-03:00,158.0,1.6
2023-04-18 00:00:00-03:00,155.75,0.0
2023-04-18 01:00:00-03:00,155.0,0.0
2023-04-18 02:00:00-03:00,154.7,0.0
2023-04-18 03:00:00-03:00,154.4,0.0
2023-04-18 04:00:00-03:00,154.1,0.0
2023-04-18 05:00:00-03:00,,0.0
2023-04-18 06:00:00-03:00,153.5,0.0
2023-04-18 07:00:00-03:00,153.75,0.0
2023-04-18 08:00:00-03:00,153.25,0.0
2023-04-18 09:00:00-03:00,153.0,0.0
2023-04-18 10:00:00-03:00,153.0,0.0
2023-04-18 11:00:00-03:00,153.25,3.2
2023-04-18 12:00:00-03:00,154.0,0.2
2023-04-18 13:00:00-03:00,154.0,0.0
2023-04-18 14:00:00-03:00,155.75,1.2
2023-04-18 15:00:00-03:00,170.5,22.6
2023-04-18 16:00:00-03:00,167.75,0.0
2023-04-18 17:00:00-03:00,166.0,0.0
2023-04-18 18:00:00-03:00,165.0,0.4
2023-04-18 19:00:00-03:00,165.0,0.4
2023-04-18 20:00:00-03:00,166.75,2.4
2023-04-18 21:00:00-03:00,168.5,0.0
2023-04-18 22:00:00-03:00,171.0,0.0
2023-04-18 23:00:00-03:00,173.75,1.6
2023-04-19 00:00:00-03:00,175.75,0.2
2023-04-19 01:00:00-03:00,177.0,0.0
2023-04-19 02:00:00-03:00,180.92857142857142,0.0
2023-04-19 03:00:00-03:00,184.85714285714286,0.0
2023-04-19 04:00:00-03:00,188.78571428571428,0.0
2023-04-19 05:00:00-03:00,,0.0
2023-04-19 06:00:00-03:00,,0.0
2023-04-19 07:00:00-03:00,,0.0
2023-04-19 08:00:00-03:00,204.5,33.0
2023-04-19 09:00:00-03:00,208.5,0.0
2023-04-19 10:00:00-03:00,213.5,0.0
2023-04-19 11:00:00-03:00,218.5,0.0
2023-04-19 12:00:00-03:00,224.5,0.0
2023-04-19 13:00:00-03:00,229.5,0.0
2023-04-19 14:00:00-03:00,233.25,0.0
2023-04-19 15:00:00-03:00,236.5,0.0
2023-04-19 16:00:00-03:00,240.0,0.0
2023-04-19 17:00:00-03:00,242.75,0.0
2023-04-19 18:00:00-03:00,245.0,0.0
2023-04-19 19:00:00-03:00,248.0,0.0
2023-04-19 20:00:00-03:00,250.25,0.0
2023-04-19 21:00:00-03:00,253.0,0.0
2023-04-19 22:00:00-03:00,254.75,0.0
2023-04-19 23:00:00-03:00,256.75,0.0
2023-04-20 00:00:00-03:00,258.5,0.0
2023-04-20 01:00:00-03:00,260.0,0.0
2023-04-20 02:00:00-03:00,261.0,0.0
2023-04-20 03:00:00-03:00,262.0833333333333,0.0
2023-04-20 04:00:00-03:00,263.1666666666667,0.0
2023-04-20 05:00:00-03:00,264.25,0.0
2023-04-20 06:00:00-03:00,,0.0
2023-04-20 07:00:00-03:00,,0.0
2023-04-20 08:00:00-03:00,267.5,0.2
2023-04-20 09:00:00-03:00,268.0,0.0
2023-04-20 10:00:00-03:00,268.5,0.0
2023-04-20 11:00:00-03:00,270.25,0.0
2023-04-20 12:00:00-03:00,271.5,0.0
2023-04-20 13:00:00-03:00,272.25,0.0
2023-04-20 14:00:00-03:00,273.5,0.0
2023-04-20 15:00:00-03:00,274.0,0.0
2023-04-20 16:00:00-03:00,274.75,0.0
2023-04-20 17:00:00-03:00,275.25,0.0
2023-04-20 18:00:00-03:00,276.5,0.0
2023-04-20 19:00:00-03:00,277.25,0.0
2023-04-20 20:00:00-03:00,277.5,0.0
2023-04-20 21:00:00-03:00,278.5,0.0
2023-04-20 22:00:00-03:00,279.0,0.0
2023-04-20 23:00:00-03:00,280.0,0.0
2023-04-21 00:00:00-03:00,280.5,0.0
2023-04-21 01:00:00-03:00,281.0,0.0
2023-04-21 02:00:00-03:00,281.75,0.0
2023-04-21 03:00:00-03:00,282.5,0.0
2023-04-21 04:00:00-03:00,283.25,0.0
2023-04-21 05:00:00-03:00,,0.0
2023-04-21 06:00:00-03:00,,0.0
2023-04-21 07:00:00-03:00,285.5,0.0
2023-04-21 08:00:00-03:00,285.75,0.0
2023-04-21 09:00:00-03:00,286.25,0.0
2023-04-21 10:00:00-03:00,288.0,0.0
2023-04-21 11:00:00-03:00,288.25,0.0
2023-04-21 12:00:00-03:00,288.75,0.0
2023-04-21 13:00:00-03:00,290.0,0.0
2023-04-21 14:00:00-03:00,290.75,0.0
2023-04-21 15:00:00-03:00,291.75,0.0
2023-04-21 16:00:00-03:00,291.75,0.0
2023-04-21 17:00:00-03:00,292.25,0.0
2023-04-21 18:00:00-03:00,292.75,0.0
2023-04-21 19:00:00-03:00,293.0,0.0
2023-04-21 20:00:00-03:00,293.0,0.0
2023-04-21 21:00:00-03:00,293.5,0.0
2023-04-21 22:00:00-03:00,293.75,0.0
2023-04-21 23:00:00-03:00,294.0,0.0
2023-04-22 00:00:00-03:00,294.0,0.0
2023-04-22 01:00:00-03:00,294.25,0.0
2023-04-22 02:00:00-03:00,294.0,0.0
2023-04-22 03:00:00-03:00,293.5833333333333,0.0
2023-04-22 04:00:00-03:00,293.1666666666667,0.0
2023-04-22 05:00:00-03:00,292.75,0.0
2023-04-22 06:00:00-03:00,,0.0
2023-04-22 07:00:00-03:00,,0.0
2023-04-22 08:00:00-03:00,291.5,0.0
2023-04-22 09:00:00-03:00,290.5,0.0
2023-04-22 10:00:00-03:00,290.0,0.0
2023-04-22 11:00:00-03:00,288.5,0.0
2023-04-22 12:00:00-03:00,288.5,0.0
2023-04-22 13:00:00-03:00,287.25,0.0
2023-04-22 14:00:00-03:00,286.0,0.0
2023-04-22 15:00:00-03:00,284.5,0.0
2023-04-22 16:00:00-03:00,282.5,0.0
2023-04-22 17:00:00-03:00,280.75,0.0
2023-04-22 18:00:00-03:00,278.5,0.0
2023-04-22 19:00:00-03:00,275.75,0.0
2023-04-22 20:00:00-03:00,273.75,0.0
2023-04-22 21:00:00-03:00,271.25,0.0
2023-04-22 22:00:00-03:00,268.5,0.0
2023-04-22 23:00:00-03:00,265.5,0.0
2023-04-23 00:00:00-03:00,263.0,0.0
2023-04-23 01:00:00-03:00,260.5,0.0
2023-04-23 02:00:00-03:00,257.42857142857144,0.0
2023-04-23 03:00:00-03:00,254.35714285714286,0.0
2023-04-23 04:00:00-03:00,251.28571428571428,0.0
2023-04-23 05:00:00-03:00,,0.0
2023-04-23 06:00:00-03:00,,0.0
2023-04-23 07:00:00-03:00,,0.0
2023-04-23 08:00:00-03:00,239.0,0.0
2023-04-23 09:00:00-03:00,236.5,0.0
2023-04-23 10:00:00-03:00,233.75,0.0
2023-04-23 11:00:00-03:00,231.25,0.0
2023-04-23 12:00:00-03:00,228.75,0.0
2023-04-23 13:00:00-03:00,226.25,0.0
2023-04-23 14:00:00-03:00,223.25,0.0
2023-04-23 15:00:00-03:00,221.0,0.0
2023-04-23 16:00:00-03:00,218.25,0.0
2023-04-23 17:00:00-03:00,216.25,0.0
2023-04-23 18:00:00-03:00,214.0,0.0
2023-04-23 19:00:00-03:00,211.75,0.0
2023-04-23 20:00:00-03:00,209.75,0.0
2023-04-23 21:00:00-03:00,207.75,0.0
2023-04-23 22:00:00-03:00,205.75,0.0
2023-04-23 23:00:00-03:00,204.0,0.0
2023-04-24 00:00:00-03:00,202.25,0.0
2023-04-24 01:00:00-03:00,201.0,0.0
2023-04-24 02:00:00-03:00,199.42857142857142,0.0
2023-04-24 03:00:00-03:00,197.85714285714286,0.0
2023-04-24 04:00:00-03:00,196.28571428571428,0.0
2023-04-24 05:00:00-03:00,,0.0
2023-04-24 06:00:00-03:00,,0.0
2023-04-24 07:00:00-03:00,,0.0
2023-04-24 08:00:00-03:00,190.0,0.0
2023-04-24 09:00:00-03:00,188.75,0.0
2023-04-24 10:00:00-03:00,188.25,0.0
2023-04-24 11:00:00-03:00,186.5,0.0
2023-04-24 12:00:00-03:00,186.25,0.0
2023-04-24 13:00:00-03:00,185.5,0.0
2023-04-24 14:00:00-03:00,185.0,0.0
2023-04-24 15:00:00-03:00,183.5,0.0
2023-04-24 16:00:00-03:00,182.5,0.0
2023-04-24 17:00:00-03:00,181.75,0.0
2023-04-24 18:00:00-03:00,180.75,0.0
2023-04-24 19:00:00-03:00,179.75,0.0
2023-04-24 20:00:00-03:00,179.25,0.0
2023-04-24 21:00:00-03:00,178.5,0.0
2023-04-24 22:00:00-03:00,177.25,0.0
2023-04-24 23:00:00-03:00,177.0,0.0
2023-04-25 00:00:00-03:00,176.0,0.0
2023-04-25 01:00:00-03:00,175.3125,0.0
2023-04-25 02:00:00-03:00,174.625,0.0
2023-04-25 03:00:00-03:00,173.9375,0.0
2023-04-25 04:00:00-03:00,,0.0
2023-04-25 05:00:00-03:00,,0.0
2023-04-25 06:00:00-03:00,,0.0
2023-04-25 07:00:00-03:00,,0.0
2023-04-25 08:00:00-03:00,170.5,0.0
2023-04-25 09:00:00-03:00,169.5,0.0
2023-04-25 10:00:00-03:00,169.25,0.0
2023-04-25 11:00:00-03:00,168.75,0.0
2023-04-25 12:00:00-03:00,168.25,0.0
2023-04-25 13:00:00-03:00,168.0,0.0
2023-04-25 14:00:00-03:00,168.0,0.0
2023-04-25 15:00:00-03:00,167.5,0.0
2023-04-25 16:00:00-03:00,167.0,0.0
2023-04-25 17:00:00-03:00,166.5,0.0
2023-04-25 18:00:00-03:00,165.75,0.0
2023-04-25 19:00:00-03:00,164.5,0.0
2023-04-25 20:00:00-03:00,164.25,0.0
2023-04-25 21:00:00-03:00,164.0,0.0
2023-04-25 22:00:00-03:00,163.0,0.0
2023-04-25 23:00:00-03:00,163.0,0.0
2023-04-26 05:00:00-03:00,161.83333333333334,0.0
2023-04-26 06:00:00-03:00,160.66666666666666,0.0
2023-04-26 07:00:00-03:00,159.5,0.0
2023-04-26 08:00:00-03:00,158.75,0.0
2023-04-26 09:00:00-03:00,158.25,0.0
2023-04-26 10:00:00-03:00,158.0,0.0
2023-04-26 11:00:00-03:00,157.75,0.0
2023-04-26 12:00:00-03:00,158.75,0.0
2023-04-26 13:00:00-03:00,157.75,0.0
2023-04-26 14:00:00-03:00,158.0,0.0
2023-04-26 15:00:00-03:00,157.5,0.0
2023-04-26 16:00:00-03:00,157.75,0.0
2023-04-26 17:00:00-03:00,160.0,9.4
2023-04-26 18:00:00-03:00,159.25,0.0
2023-04-26 19:00:00-03:00,158.25,0.8
2023-04-26 20:00:00-03:00,157.5,0.4
2023-04-26 21:00:00-03:00,157.0,0.0
2023-04-26 22:00:00-03:00,157.0,0.0
2023-04-26 23:00:00-03:00,156.0,0.0
2023-04-27 00:00:00-03:00,156.0,0.0
2023-04-27 01:00:00-03:00,155.8125,0.0
2023-04-27 02:00:00-03:00,155.625,0.0
2023-04-27 03:00:00-03:00,155.4375,0.0
2023-04-27 04:00:00-03:00,,0.0
2023-04-27 05:00:00-03:00,,0.0
2023-04-27 06:00:00-03:00,,0.0
2023-04-27 07:00:00-03:00,,0.0
2023-04-27 08:00:00-03:00,154.5,0.2
2023-04-27 09:00:00-03:00,154.5,0.0
2023-04-27 10:00:00-03:00,155.25,0.0
2023-04-27 11:00:00-03:00,154.25,0.0
2023-04-27 12:00:00-03:00,155.0,0.0
2023-04-27 13:00:00-03:00,154.75,0.0
2023-04-27 14:00:00-03:00,155.25,0.0
2023-04-27 15:00:00-03:00,154.75,0.0
2023-04-27 16:00:00-03:00,154.25,0.0
2023-04-27 17:00:00-03:00,155.0,0.0
2023-04-27 18:00:00-03:00,155.0,0.0
2023-04-27 19:00:00-03:00,155.0,0.0
2023-04-27 20:00:00-03:00,155.0,0.0
2023-04-27 21:00:00-03:00,155.0,0.0
2023-04-27 22:00:00-03:00,155.0,0.0
2023-04-27 23:00:00-03:00,155.0,0.0
2023-04-28 05:00:00-03:00,155.0,0.0
2023-04-28 06:00:00-03:00,155.0,0.0
2023-04-28 07:00:00-03:00,155.0,0.0
2023-04-28 08:00:00-03:00,154.25,0.0
2023-04-28 09:00:00-03:00,154.0,0.0
2023-04-28 10:00:00-03:00,154.25,0.0
2023-04-28 11:00:00-03:00,153.5,0.0
2023-04-28 12:00:00-03:00,153.5,0.0
2023-04-28 13:00:00-03:00,153.25,0.0
2023-04-28 14:00:00-03:00,153.0,0.0
2023-04-28 15:00:00-03:00,152.75,0.2
2023-04-28 16:00:00-03:00,152.25,0.0
2023-04-28 17:00:00-03:00,152.0,0.0
2023-04-28 18:00:00-03:00,152.0,0.0
2023-04-28 19:00:00-03:00,151.5,0.0
2023-04-28 20:00:00-03:00,151.0,0.0
2023-04-28 21:00:00-03:00,150.5,0.0
2023-04-28 22:00:00-03:00,150.0,0.0
2023-04-29 06:00:00-03:00,149.0,0.0
2023-04-29 07:00:00-03:00,148.0,0.0
2023-04-29 08:00:00-03:00,147.0,0.0
2023-04-29 09:00:00-03:00,147.25,0.0
2023-04-29 10:00:00-03:00,147.0,0.0
2023-04-29 11:00:00-03:00,146.75,0.0
2023-04-29 12:00:00-03:00,147.5,0.0
2023-04-29 13:00:00-03:00,147.0,0.0
2023-04-29 14:00:00-03:00,147.0,0.0
2023-04-29 15:00:00-03:00,146.5,0.0
2023-04-29 16:00:00-03:00,146.0,0.0
2023-04-29 17:00:00-03:00,146.0,0.0
2023-04-29 18:00:00-03:00,145.5,0.0
2023-04-29 19:00:00-03:00,145.25,0.0
2023-04-29 20:00:00-03:00,145.0,0.0
2023-04-29 21:00:00-03:00,145.0,0.0
2023-04-29 22:00:00-03:00,144.5,0.0
2023-04-30 06:00:00-03:00,144.0,0.0
2023-04-30 07:00:00-03:00,144.25,0.0
2023-04-30 08:00:00-03:00,143.0,0.0
2023-04-30 09:00:00-03:00,142.75,0.0
2023-04-30 10:00:00-03:00,142.5,0.0
2023-04-30 11:00:00-03:00,142.5,0.0
2023-04-30 12:00:00-03:00,142.25,0.0
2023-04-30 13:00:00-03:00,143.0,0.0
2023-04-30 14:00:00-03:00,142.5,0.0
2023-04-30 15:00:00-03:00,142.0,0.0
2023-04-30 16:00:00-03:00,142.0,0.0
2023-04-30 17:00:00-03:00,142.0,0.0
2023-04-30 18:00:00-03:00,142.0,0.0
2023-04-30 19:00:00-03:00,141.0,0.0
2023-04-30 20:00:00-03:00,141.0,0.0
2023-04-30 21:00:00-03:00,141.0,0.0
2023-04-30 22:00:00-03:00,141.0,0.0
2023-05-01 07:00:00-03:00,141.0,0.0
2023-05-01 08:00:00-03:00,139.0,0.0
2023-05-01 09:00:00-03:00,139.5,0.0
2023-05-01 10:00:00-03:00,140.5,0.0
2023-05-01 11:00:00-03:00,140.25,0.0
2023-05-01 12:00:00-03:00,140.0,0.0
2023-05-01 13:00:00-03:00,139.75,0.0
2023-05-01 14:00:00-03:00,,0.0
2023-05-01 15:00:00-03:00,,0.0
2023-05-01 16:00:00-03:00,139.0,0.0
2023-05-01 17:00:00-03:00,138.75,0.0
2023-05-01 18:00:00-03:00,138.5,0.0
2023-05-02 08:00:00-03:00,136.0,0.0
2023-05-02 09:00:00-03:00,136.0,0.2
2023-05-02 10:00:00-03:00,136.5,0.0
2023-05-11 07:00:00-03:00,130.33333333333334,0.0
2023-05-11 08:00:00-03:00,124.16666666666667,0.0
2023-05-11 09:00:00-03:00,118.0,1.0
2023-05-11 10:00:00-03:00,118.5,0.0
2023-05-11 11:00:00-03:00,119.0,0.0
2023-05-11 12:00:00-03:00,119.0,0.0
2023-05-11 13:00:00-03:00,119.0,0.0
2023-05-11 14:00:00-03:00,119.25,0.0
2023-05-11 15:00:00-03:00,119.0,0.0
2023-05-11 16:00:00-03:00,119.0,0.0
2023-05-29 06:00:00-03:00,111.66666666666667,0.0
2023-05-29 07:00:00-03:00,104.33333333333333,0.0
2023-05-29 08:00:00-03:00,97.0,1.2
2023-05-29 09:00:00-03:00,96.75,0.0
2023-05-29 10:00:00-03:00,96.75,0.0
2023-05-29 11:00:00-03:00,97.0,0.0
2023-05-29 12:00:00-03:00,97.0,0.0
2023-05-31 11:00:00-03:00,105.0,10.8
2023-05-31 12:00:00-03:00,105.25,1.0
2023-05-31 13:00:00-03:00,106.5,2.2
2023-05-31 14:00:00-03:00,107.5,1.4
2023-05-31 15:00:00-03:00,109.0,0.2
2023-05-31 16:00:00-03:00,109.75,0.0
2023-05-31 17:00:00-03:00,110.5,0.0
2023-05-31 18:00:00-03:00,112.0,0.0
2023-05-31 19:00:00-03:00,113.5,0.0
2023-05-31 20:00:00-03:00,116.25,2.6
2023-05-31 21:00:00-03:00,117.5,0.0
2023-05-31 22:00:00-03:00,118.5,0.0
2023-06-01 07:00:00-03:00,129.16666666666666,0.0
2023-06-01 08:00:00-03:00,139.83333333333334,0.0
2023-06-01 09:00:00-03:00,150.5,0.0
2023-06-01 10:00:00-03:00,152.5,0.0
2023-06-01 11:00:00-03:00,156.0,0.0
2023-06-01 12:00:00-03:00,161.75,0.0
2023-06-01 13:00:00-03:00,162.0,0.0
2023-06-01 14:00:00-03:00,165.0,0.0
2023-06-01 15:00:00-03:00,167.25,0.0
2023-06-01 16:00:00-03:00,170.25,0.2
2023-06-01 17:00:00-03:00,172.5,0.0
2023-06-01 18:00:00-03:00,174.5,0.0
2023-06-01 19:00:00-03:00,176.5,0.0
2023-06-01 20:00:00-03:00,177.5,0.0
2023-06-01 21:00:00-03:00,179.0,0.0
2023-06-01 22:00:00-03:00,180.25,0.0
2023-06-01 23:00:00-03:00,181.0,0.0
2023-06-02 06:00:00-03:00,182.0,0.0
2023-06-02 07:00:00-03:00,181.5,0.0
2023-06-02 08:00:00-03:00,178.5,0.0
2023-06-02 09:00:00-03:00,175.5,0.0
2023-06-02 10:00:00-03:00,173.75,0.0
2023-06-02 11:00:00-03:00,172.25,0.0
2023-06-02 12:00:00-03:00,170.5,0.0
2023-06-02 13:00:00-03:00,168.75,0.0
2023-06-02 14:00:00-03:00,166.5,0.0
2023-06-02 15:00:00-03:00,164.5,0.0
2023-06-02 16:00:00-03:00,162.25,0.0
2023-06-02 17:00:00-03:00,160.25,0.0
2023-06-02 18:00:00-03:00,158.0,0.0
2023-06-02 19:00:00-03:00,156.0,0.0
2023-06-02 20:00:00-03:00,154.0,0.0
2023-06-02 21:00:00-03:00,151.75,0.0
2023-06-02 22:00:00-03:00,150.5,0.0
2023-06-03 06:00:00-03:00,145.0,0.0
2023-06-03 07:00:00-03:00,139.5,0.0
2023-06-03 08:00:00-03:00,134.0,0.0
2023-06-03 09:00:00-03:00,133.75,0.0
2023-06-03 10:00:00-03:00,132.0,0.0
2023-06-03 11:00:00-03:00,132.0,0.0
2023-06-03 12:00:00-03:00,131.25,0.0
2023-06-03 13:00:00-03:00,130.0,0.0
2023-06-03 14:00:00-03:00,129.5,0.0
2023-06-03 15:00:00-03:00,128.5,0.0
2023-06-03 16:00:00-03:00,127.75,0.0
2023-06-03 17:00:00-03:00,126.75,0.0
2023-06-03 18:00:00-03:00,126.0,0.0
2023-06-03 19:00:00-03:00,125.5,0.0
2023-06-03 20:00:00-03:00,124.0,0.0
2023-06-03 21:00:00-03:00,123.25,0.0
2023-06-03 22:00:00-03:00,123.0,0.0
2023-06-04 07:00:00-03:00,121.5,0.0
2023-06-04 08:00:00-03:00,119.5,0.0
2023-06-04 09:00:00-03:00,116.75,0.0
2023-06-04 10:00:00-03:00,117.5,0.0
2023-06-04 11:00:00-03:00,117.25,0.0
2023-06-04 12:00:00-03:00,117.0,0.0
2023-06-04 13:00:00-03:00,117.0,0.0
2023-06-04 14:00:00-03:00,116.75,0.0
2023-06-04 15:00:00-03:00,116.0,0.0
2023-06-05 08:00:00-03:00,112.5,0.0
2023-06-05 09:00:00-03:00,112.0,0.0
2023-06-05 10:00:00-03:00,112.0,0.0
2023-06-05 11:00:00-03:00,112.25,0.0
2023-06-05 12:00:00-03:00,111.75,0.0
2023-06-05 13:00:00-03:00,111.75,0.0
2023-06-05 14:00:00-03:00,112.0,0.0
2023-06-05 15:00:00-03:00,111.75,0.0
2023-06-05 16:00:00-03:00,111.5,0.0
2023-06-05 17:00:00-03:00,111.25,0.0
2023-06-05 18:00:00-03:00,,0.0
2023-06-05 19:00:00-03:00,,0.0
2023-06-05 20:00:00-03:00,110.5,0.0
2023-06-05 21:00:00-03:00,110.75,0.0
2023-06-05 22:00:00-03:00,110.0,0.0
2023-06-15 07:00:00-03:00,107.66666666666667,0.0
2023-06-15 08:00:00-03:00,105.33333333333333,0.0
2023-06-15 09:00:00-03:00,103.0,18.8
2023-06-15 10:00:00-03:00,103.75,0.2
2023-06-15 11:00:00-03:00,104.75,0.0
2023-06-15 12:00:00-03:00,106.5,0.4
2023-06-15 13:00:00-03:00,107.75,0.2
2023-06-15 14:00:00-03:00,108.75,0.0
2023-06-15 15:00:00-03:00,109.75,0.0
2023-06-15 16:00:00-03:00,111.0,0.0
2023-06-15 17:00:00-03:00,112.5,0.4
2023-06-15 18:00:00-03:00,114.0,2.6
2023-06-15 19:00:00-03:00,116.5,1.4
2023-06-16 07:00:00-03:00,125.33333333333333,0.0
2023-06-16 08:00:00-03:00,134.16666666666666,0.0
2023-06-16 09:00:00-03:00,143.0,1.6
2023-06-16 10:00:00-03:00,143.5,0.0
2023-06-16 11:00:00-03:00,144.25,0.0
2023-06-16 12:00:00-03:00,145.0,0.0
2023-06-16 13:00:00-03:00,146.0,0.0
2023-06-16 14:00:00-03:00,146.25,0.0
2023-06-16 15:00:00-03:00,147.25,0.0
2023-06-16 16:00:00-03:00,147.75,0.0
2023-06-16 17:00:00-03:00,148.0,0.2
2023-06-16 18:00:00-03:00,148.0,0.0
2023-06-16 19:00:00-03:00,148.25,0.0
2023-06-16 20:00:00-03:00,148.0,0.0
2023-06-16 21:00:00-03:00,147.75,0.0
2023-06-16 22:00:00-03:00,147.5,0.0
2023-06-16 23:00:00-03:00,147.0,0.0
2023-06-17 06:00:00-03:00,146.5,0.0
2023-06-17 07:00:00-03:00,146.0,0.0
2023-06-17 08:00:00-03:00,142.25,0.0
2023-06-17 09:00:00-03:00,139.75,0.0
2023-06-17 10:00:00-03:00,138.75,0.0
2023-06-17 11:00:00-03:00,138.66666666666666,0.0
2023-06-17 12:00:00-03:00,136.75,0.0
2023-06-17 13:00:00-03:00,136.0,0.0
2023-06-17 14:00:00-03:00,135.25,0.0
2023-06-17 15:00:00-03:00,133.75,0.0
2023-06-17 16:00:00-03:00,132.25,0.0
2023-06-17 17:00:00-03:00,131.0,0.0
2023-06-17 18:00:00-03:00,129.75,0.0
2023-06-17 19:00:00-03:00,129.0,0.0
2023-06-17 20:00:00-03:00,127.5,0.0
2023-06-17 21:00:00-03:00,126.5,0.0
2023-06-17 22:00:00-03:00,125.0,0.0
2023-06-18 06:00:00-03:00,123.0,0.0
2023-06-18 07:00:00-03:00,121.0,0.0
2023-06-18 08:00:00-03:00,119.0,0.0
2023-06-18 09:00:00-03:00,116.0,0.0
2023-06-18 10:00:00-03:00,115.25,0.0
2023-06-18 11:00:00-03:00,115.0,0.0
2023-06-18 12:00:00-03:00,114.75,0.0
2023-06-18 13:00:00-03:00,114.0,0.0
2023-06-18 14:00:00-03:00,114.0,0.0
2023-06-18 15:00:00-03:00,113.5,0.0
2023-06-18 16:00:00-03:00,113.0,0.0
2023-06-18 17:00:00-03:00,112.75,0.0
2023-06-18 18:00:00-03:00,112.25,0.0
2023-06-18 19:00:00-03:00,112.0,0.0
2023-06-18 20:00:00-03:00,111.25,0.0
2023-06-18 21:00:00-03:00,111.0,0.0
2023-06-19 06:00:00-03:00,109.5,0.0
2023-06-19 07:00:00-03:00,109.75,0.0
2023-06-19 08:00:00-03:00,107.75,0.0
2023-06-19 09:00:00-03:00,105.75,0.0
2023-06-19 10:00:00-03:00,107.0,0.0
2023-06-19 11:00:00-03:00,107.0,0.0
2023-06-19 12:00:00-03:00,106.5,0.0
2023-06-19 13:00:00-03:00,107.0,0.0
2023-06-19 14:00:00-03:00,106.25,0.0
2023-06-19 15:00:00-03:00,106.0,0.0
2023-06-19 16:00:00-03:00,106.0,0.0
2023-06-19 17:00:00-03:00,106.0,0.0
2023-06-19 18:00:00-03:00,105.25,0.0
2023-06-19 19:00:00-03:00,105.0,0.0
2023-06-20 07:00:00-03:00,104.0,0.0
2023-06-20 08:00:00-03:00,102.75,0.0
2023-06-20 09:00:00-03:00,101.5,0.0
2023-06-20 10:00:00-03:00,100.75,0.0
2023-06-20 11:00:00-03:00,100.75,0.0
2023-06-20 12:00:00-03:00,101.0,0.0
2023-06-20 13:00:00-03:00,101.0,0.0
2023-06-20 14:00:00-03:00,100.0,0.0
2023-06-24 09:00:00-03:00,93.0,0.0
2023-06-24 10:00:00-03:00,92.0,0.0
2023-06-24 11:00:00-03:00,92.5,0.0
2023-06-24 12:00:00-03:00,92.75,0.0
2023-06-24 13:00:00-03:00,92.75,0.0
2023-06-24 14:00:00-03:00,93.0,0.0
2023-06-25 08:00:00-03:00,92.0,0.0
2023-06-25 09:00:00-03:00,91.0,0.0
2023-06-25 10:00:00-03:00,91.5,0.0
2023-06-25 11:00:00-03:00,91.75,0.0
2023-06-25 12:00:00-03:00,92.0,0.0
2023-06-25 13:00:00-03:00,92.25,0.0
2023-06-25 14:00:00-03:00,92.0,0.0
2023-06-26 09:00:00-03:00,90.5,0.0
2023-06-26 10:00:00-03:00,90.25,0.0
2023-06-26 11:00:00-03:00,90.75,0.0
2023-06-26 12:00:00-03:00,91.0,0.0
2023-06-26 13:00:00-03:00,90.5,0.0
2023-06-27 08:00:00-03:00,89.5,0.0
2023-06-27 09:00:00-03:00,88.75,0.0
2023-06-27 10:00:00-03:00,90.5,0.0
2023-06-29 08:00:00-03:00,86.0,0.0
2023-06-29 09:00:00-03:00,86.0,0.2
2023-06-29 10:00:00-03:00,85.5,0.0
2023-07-01 17:00:00-03:00,85.0,0.0
2023-07-01 18:00:00-03:00,84.75,0.0
2023-07-01 19:00:00-03:00,85.0,0.0
2023-07-03 13:00:00-03:00,83.5,0.0
2023-07-03 14:00:00-03:00,84.0,0.0
2023-07-03 15:00:00-03:00,83.0,0.0
2023-07-03 16:00:00-03:00,83.25,0.0
2023-07-03 17:00:00-03:00,83.5,0.0
2023-07-03 18:00:00-03:00,83.25,0.0
2023-07-03 19:00:00-03:00,84.0,0.0
2023-07-04 11:00:00-03:00,82.0,0.0
2023-07-04 12:00:00-03:00,82.75,0.0
2023-07-04 13:00:00-03:00,87.0,0.0
2023-07-06 17:00:00-03:00,81.0,0.0
2023-07-06 18:00:00-03:00,81.25,0.0
2023-07-06 19:00:00-03:00,81.0,0.0
2023-07-09 10:00:00-03:00,79.0,0.0
2023-07-09 11:00:00-03:00,79.0,0.0
2023-07-09 12:00:00-03:00,79.0,0.0
2023-07-09 13:00:00-03:00,79.11111111111111,0.0
2023-07-09 14:00:00-03:00,79.22222222222223,0.4
2023-07-09 15:00:00-03:00,79.33333333333333,0.0
2023-07-09 16:00:00-03:00,,0.0
2023-07-09 17:00:00-03:00,,0.0
2023-07-09 18:00:00-03:00,,0.0
2023-07-10 06:00:00-03:00,,0.0
2023-07-10 07:00:00-03:00,,0.0
2023-07-10 08:00:00-03:00,80.0,0.0
2023-07-10 09:00:00-03:00,80.0,0.0
2023-07-10 10:00:00-03:00,80.0,0.0
2023-07-10 11:00:00-03:00,79.0,0.0
2023-07-10 12:00:00-03:00,80.0,0.0
2023-07-10 13:00:00-03:00,80.25,0.0
2023-07-10 14:00:00-03:00,81.0,0.0
2023-07-10 15:00:00-03:00,81.0,0.0
2023-07-10 16:00:00-03:00,81.5,0.0
2023-07-10 17:00:00-03:00,81.66666666666667,0.0
2023-07-10 18:00:00-03:00,81.83333333333333,0.0
2023-07-11 06:00:00-03:00,82.0,0.2
2023-07-11 07:00:00-03:00,82.0,0.0
2023-07-11 08:00:00-03:00,82.25,0.0
2023-07-11 09:00:00-03:00,83.0,0.0
2023-07-11 10:00:00-03:00,83.25,0.0
2023-07-11 11:00:00-03:00,82.75,0.0
2023-07-11 12:00:00-03:00,83.0,0.0
2023-07-11 13:00:00-03:00,83.25,0.0
2023-07-11 14:00:00-03:00,83.5,0.0
2023-07-12 06:00:00-03:00,83.0,0.0
2023-07-12 07:00:00-03:00,82.5,0.0
2023-07-12 08:00:00-03:00,82.0,0.0
2023-07-12 09:00:00-03:00,81.75,0.0
2023-07-12 10:00:00-03:00,82.0,0.0
2023-07-12 11:00:00-03:00,81.5,0.0
2023-07-12 12:00:00-03:00,82.5,0.0
2023-07-12 13:00:00-03:00,82.5,0.0
2023-07-12 14:00:00-03:00,82.25,0.0
2023-07-12 15:00:00-03:00,82.0,0.0
2023-07-12 16:00:00-03:00,81.35714285714286,0.0
2023-07-12 17:00:00-03:00,80.71428571428571,0.0
2023-07-12 18:00:00-03:00,80.07142857142857,0.0
2023-07-13 06:00:00-03:00,,0.0
2023-07-13 07:00:00-03:00,,0.0
2023-07-13 08:00:00-03:00,,0.0
2023-07-14 07:00:00-03:00,77.5,0.0
2023-07-14 08:00:00-03:00,77.0,0.0
2023-07-14 09:00:00-03:00,76.0,0.2
2023-07-16 12:00:00-03:00,75.0,0.0
2023-07-16 13:00:00-03:00,75.0,0.0
2023-07-16 14:00:00-03:00,74.5,0.0
2023-07-16 15:00:00-03:00,74.66666666666667,0.0
2023-07-16 16:00:00-03:00,74.83333333333333,0.0
2023-07-16 17:00:00-03:00,75.0,0.0
2023-07-16 18:00:00-03:00,75.0,0.0
2023-07-16 19:00:00-03:00,75.0,0.0
2023-07-17 08:00:00-03:00,74.5,0.0
2023-07-17 09:00:00-03:00,74.25,0.0
2023-07-17 10:00:00-03:00,74.75,0.0
2023-07-17 11:00:00-03:00,74.5,0.0
2023-07-17 12:00:00-03:00,75.0,0.0
2023-07-17 13:00:00-03:00,75.5,0.0
2023-07-17 14:00:00-03:00,76.0,0.0
2023-07-17 15:00:00-03:00,74.75,0.0
2023-07-17 16:00:00-03:00,75.0,0.0
2023-07-17 17:00:00-03:00,75.0,0.0
2023-07-17 18:00:00-03:00,75.0,0.0
2023-07-18 06:00:00-03:00,75.0,0.0
2023-07-18 07:00:00-03:00,75.25,0.0
2023-07-18 08:00:00-03:00,75.0,0.0
2023-07-18 09:00:00-03:00,74.5,0.0
2023-07-18 10:00:00-03:00,74.75,0.0
2023-07-18 11:00:00-03:00,75.0,0.0
2023-07-18 12:00:00-03:00,75.25,0.0
2023-07-18 13:00:00-03:00,76.0,0.0
2023-07-18 14:00:00-03:00,76.0,0.0
2023-07-18 15:00:00-03:00,75.75,0.0
2023-07-18 16:00:00-03:00,76.0,0.0
2023-07-18 17:00:00-03:00,75.5,0.0
2023-07-18 18:00:00-03:00,75.0,0.0
2023-07-18 19:00:00-03:00,75.5,0.0
2023-07-19 06:00:00-03:00,75.16666666666667,0.0
2023-07-19 07:00:00-03:00,74.83333333333333,0.0
2023-07-19 08:00:00-03:00,74.5,0.2
2023-07-19 09:00:00-03:00,74.0,0.0
2023-07-19 10:00:00-03:00,73.75,0.0
2023-07-19 11:00:00-03:00,74.5,0.0
2023-07-19 12:00:00-03:00,74.75,0.0
2023-07-19 13:00:00-03:00,75.25,0.0
2023-07-19 14:00:00-03:00,74.5,0.0
2023-07-19 15:00:00-03:00,75.0,0.0
2023-07-19 16:00:00-03:00,75.0,0.0
2023-07-19 17:00:00-03:00,75.0,0.0
2023-07-19 18:00:00-03:00,75.0,0.0
2023-07-19 19:00:00-03:00,75.0,0.0
2023-07-20 06:00:00-03:00,74.33333333333333,0.0
2023-07-20 07:00:00-03:00,73.66666666666667,0.0
2023-07-20 08:00:00-03:00,73.0,0.0
2023-07-20 09:00:00-03:00,73.0,0.0
2023-07-20 10:00:00-03:00,74.5,0.0
2023-07-20 11:00:00-03:00,73.0,0.0
2023-07-20 12:00:00-03:00,73.5,0.0
2023-07-20 13:00:00-03:00,73.75,0.0
2023-07-20 14:00:00-03:00,73.0,0.0
2023-07-21 08:00:00-03:00,72.0,0.2
2023-07-21 09:00:00-03:00,72.25,0.0
2023-07-21 10:00:00-03:00,72.0,0.0
2023-07-21 11:00:00-03:00,72.75,0.0
2023-07-21 12:00:00-03:00,74.25,0.0
2023-07-21 13:00:00-03:00,73.5,0.0
2023-07-21 14:00:00-03:00,73.0,0.0
2023-07-21 15:00:00-03:00,72.8,0.0
2023-07-21 16:00:00-03:00,72.6,0.0
2023-07-21 17:00:00-03:00,72.4,0.0
2023-07-21 18:00:00-03:00,,0.0
2023-07-22 07:00:00-03:00,72.0,0.0
2023-07-22 08:00:00-03:00,72.25,0.0
2023-07-22 09:00:00-03:00,72.0,0.0
2023-07-22 10:00:00-03:00,72.0,0.0
2023-07-22 11:00:00-03:00,72.0,0.0
2023-07-22 12:00:00-03:00,72.25,0.0
2023-07-22 13:00:00-03:00,72.5,0.0
2023-07-22 14:00:00-03:00,72.25,0.0
2023-07-22 15:00:00-03:00,72.0,0.0
2023-07-22 16:00:00-03:00,72.0,0.0
2023-07-22 17:00:00-03:00,72.0,0.0
2023-07-22 18:00:00-03:00,72.0,0.0
2023-07-22 19:00:00-03:00,72.0,0.0
2023-07-23 07:00:00-03:00,72.0,0.0
2023-07-23 08:00:00-03:00,71.25,0.0
2023-07-23 09:00:00-03:00,71.0,0.0
2023-07-23 10:00:00-03:00,70.25,0.0
2023-07-23 11:00:00-03:00,71.0,0.0
2023-07-23 12:00:00-03:00,72.0,0.0
2023-07-23 13:00:00-03:00,71.5,0.0
2023-07-23 14:00:00-03:00,71.75,0.0
2023-07-23 15:00:00-03:00,71.0,0.0
2023-07-24 06:00:00-03:00,71.0,0.0
2023-07-24 07:00:00-03:00,71.0,0.0
2023-07-24 08:00:00-03:00,70.75,0.2
2023-07-24 09:00:00-03:00,70.75,0.0
2023-07-24 10:00:00-03:00,70.5,0.0
2023-07-24 11:00:00-03:00,71.0,0.0
2023-07-24 12:00:00-03:00,71.25,0.0
2023-07-24 13:00:00-03:00,73.66666666666667,0.0
2023-07-24 14:00:00-03:00,71.75,0.0
2023-07-24 15:00:00-03:00,71.5,0.0
2023-07-25 06:00:00-03:00,71.25,0.0
2023-07-25 07:00:00-03:00,71.0,0.0
2023-07-25 08:00:00-03:00,70.75,0.0
2023-07-25 09:00:00-03:00,70.5,0.0
2023-07-25 10:00:00-03:00,70.25,0.0
2023-07-25 11:00:00-03:00,70.5,0.0
2023-07-25 12:00:00-03:00,71.0,0.0
2023-07-25 13:00:00-03:00,71.0,0.0
2023-07-25 14:00:00-03:00,71.0,0.0
2023-07-25 15:00:00-03:00,71.0,0.0
2023-07-26 06:00:00-03:00,70.5,0.0
2023-07-26 07:00:00-03:00,70.0,0.0
2023-07-26 08:00:00-03:00,69.5,0.2
2023-07-26 09:00:00-03:00,70.0,0.0
2023-07-26 10:00:00-03:00,73.0,0.0
2023-07-26 11:00:00-03:00,76.0,0.0
2023-07-26 12:00:00-03:00,79.0,0.0
2023-07-26 13:00:00-03:00,71.0,0.0
2023-07-26 14:00:00-03:00,70.5,0.0
2023-07-26 15:00:00-03:00,70.5,0.0
2023-07-26 16:00:00-03:00,70.375,0.0
2023-07-26 17:00:00-03:00,70.25,0.0
2023-07-26 18:00:00-03:00,70.125,0.0
2023-07-27 07:00:00-03:00,70.0,0.0
2023-07-27 08:00:00-03:00,70.25,0.2
2023-07-27 09:00:00-03:00,70.5,0.0
2023-07-27 10:00:00-03:00,70.0,0.0
2023-07-27 11:00:00-03:00,70.0,0.0
2023-07-27 12:00:00-03:00,70.25,0.0
2023-07-27 13:00:00-03:00,70.25,0.0
2023-07-27 14:00:00-03:00,70.25,0.0
2023-07-27 15:00:00-03:00,70.0,0.0
2023-07-27 16:00:00-03:00,69.75,0.0
2023-07-27 17:00:00-03:00,69.5,0.0
2023-07-27 18:00:00-03:00,69.25,0.0
2023-07-28 06:00:00-03:00,,0.0
2023-07-28 07:00:00-03:00,,0.0
2023-07-28 08:00:00-03:00,68.5,0.0
2023-07-28 09:00:00-03:00,69.0,0.0
2023-07-28 10:00:00-03:00,68.0,0.0
2023-07-28 11:00:00-03:00,68.75,0.0
2023-07-28 12:00:00-03:00,69.25,0.0
2023-07-28 13:00:00-03:00,69.75,0.0
2023-07-28 14:00:00-03:00,69.5,0.0
2023-07-29 07:00:00-03:00,69.0,0.0
2023-07-29 08:00:00-03:00,68.5,0.0
2023-07-29 09:00:00-03:00,67.75,0.0
2023-07-29 10:00:00-03:00,68.25,0.0
2023-07-29 11:00:00-03:00,68.5,0.0
2023-07-29 12:00:00-03:00,68.75,0.0
2023-07-29 13:00:00-03:00,69.0,0.0
2023-07-29 14:00:00-03:00,68.75,0.0
2023-07-29 15:00:00-03:00,69.5,0.0
2023-07-29 16:00:00-03:00,69.25,0.0
2023-07-29 17:00:00-03:00,69.0,0.0
2023-07-29 18:00:00-03:00,68.75,0.0
2023-07-30 07:00:00-03:00,68.5,0.0
2023-07-30 08:00:00-03:00,68.75,0.0
2023-07-30 09:00:00-03:00,68.0,0.0
2023-07-30 10:00:00-03:00,67.5,0.0
2023-07-30 11:00:00-03:00,68.0,0.0
2023-07-30 12:00:00-03:00,68.5,0.0
2023-07-30 13:00:00-03:00,69.0,0.0
2023-07-30 14:00:00-03:00,70.25,0.0
2023-07-30 15:00:00-03:00,68.5,0.0
2023-07-30 16:00:00-03:00,68.5,0.0
2023-07-30 17:00:00-03:00,68.5,0.0
2023-07-30 18:00:00-03:00,68.5,0.0
2023-07-30 19:00:00-03:00,68.5,0.0
2023-07-31 08:00:00-03:00,68.0,0.0
2023-07-31 09:00:00-03:00,68.5,0.0
2023-07-31 10:00:00-03:00,68.75,0.0
2023-07-31 11:00:00-03:00,68.5,0.0
2023-07-31 12:00:00-03:00,69.0,0.0
2023-07-31 13:00:00-03:00,69.0,0.0
2023-07-31 14:00:00-03:00,70.0,0.0
2023-07-31 15:00:00-03:00,69.0,0.0
2023-08-01 08:00:00-03:00,67.0,0.0
2023-08-01 09:00:00-03:00,67.0,0.0
2023-08-01 10:00:00-03:00,66.75,0.0
2023-08-01 11:00:00-03:00,69.0,0.0
2023-08-01 12:00:00-03:00,70.5,0.0
2023-08-01 13:00:00-03:00,67.0,0.0
2023-08-01 14:00:00-03:00,68.5,0.0
2023-08-01 15:00:00-03:00,67.0,0.0
2023-08-01 16:00:00-03:00,67.0,0.0
2023-08-01 17:00:00-03:00,67.0,0.0
2023-08-01 18:00:00-03:00,67.0,0.0
2023-08-01 19:00:00-03:00,67.0,0.0
2023-08-02 10:00:00-03:00,67.0,0.0
2023-08-02 11:00:00-03:00,68.25,0.0
2023-08-02 12:00:00-03:00,69.5,0.0
2023-08-02 13:00:00-03:00,72.5,0.0
2023-08-02 14:00:00-03:00,71.41666666666667,0.0
2023-08-02 15:00:00-03:00,70.33333333333333,0.0
2023-08-02 16:00:00-03:00,69.25,0.0
2023-08-02 17:00:00-03:00,,0.0
2023-08-02 18:00:00-03:00,,0.0
2023-08-03 08:00:00-03:00,66.0,0.0
2023-08-03 09:00:00-03:00,65.75,0.0
2023-08-03 10:00:00-03:00,65.5,0.0
2023-08-03 11:00:00-03:00,68.0,0.0
2023-08-03 12:00:00-03:00,68.0,0.0
2023-08-03 13:00:00-03:00,67.5,0.0
2023-08-03 14:00:00-03:00,67.0,0.0
2023-08-03 15:00:00-03:00,67.0,0.0
2023-08-03 16:00:00-03:00,66.625,0.0
2023-08-03 17:00:00-03:00,66.25,0.0
2023-08-03 18:00:00-03:00,65.875,0.0
2023-08-04 10:00:00-03:00,65.5,0.0
2023-08-04 11:00:00-03:00,66.0,0.0
2023-08-04 12:00:00-03:00,66.0,0.0
2023-08-04 13:00:00-03:00,66.0,0.0
2023-08-04 14:00:00-03:00,66.0,0.0
2023-08-04 15:00:00-03:00,66.0,0.0
2023-08-05 07:00:00-03:00,65.0,0.0
2023-08-05 08:00:00-03:00,64.5,0.0
2023-08-05 09:00:00-03:00,63.75,0.0
2023-08-05 10:00:00-03:00,64.0,0.0
2023-08-05 11:00:00-03:00,63.888888888888886,0.0
2023-08-05 12:00:00-03:00,63.77777777777778,0.0
2023-08-05 13:00:00-03:00,63.666666666666664,0.0
2023-08-05 14:00:00-03:00,,0.0
2023-08-05 15:00:00-03:00,,0.0
2023-08-05 16:00:00-03:00,,0.0
2023-08-05 17:00:00-03:00,,0.0
2023-08-05 18:00:00-03:00,,0.0
2023-08-06 08:00:00-03:00,63.0,0.0
2023-08-06 09:00:00-03:00,63.0,0.0
2023-08-06 10:00:00-03:00,62.5,0.0
2023-08-06 11:00:00-03:00,63.5,0.0
2023-08-06 12:00:00-03:00,64.0,0.0
2023-08-06 13:00:00-03:00,65.0,0.0
2023-08-06 14:00:00-03:00,64.0,0.0
2023-08-06 15:00:00-03:00,64.0,0.0
2023-08-07 06:00:00-03:00,63.166666666666664,0.0
2023-08-07 07:00:00-03:00,62.333333333333336,0.0
2023-08-07 08:00:00-03:00,61.5,0.0
2023-08-07 09:00:00-03:00,61.5,0.0
2023-08-08 07:00:00-03:00,62.0,0.0
2023-08-08 08:00:00-03:00,61.0,0.0
2023-08-08 09:00:00-03:00,61.0,0.2
2023-08-08 10:00:00-03:00,60.95,0.0
2023-08-08 11:00:00-03:00,60.9,0.0
2023-08-08 12:00:00-03:00,60.85,0.0
2023-08-08 13:00:00-03:00,,0.0
2023-08-08 14:00:00-03:00,,0.0
2023-08-08 15:00:00-03:00,,0.0
2023-08-08 16:00:00-03:00,,0.0
2023-08-08 17:00:00-03:00,,0.0
2023-08-08 18:00:00-03:00,,0.0
2023-08-09 08:00:00-03:00,60.5,0.0
2023-08-09 09:00:00-03:00,60.5,0.0
2023-08-09 10:00:00-03:00,60.5,0.0
2023-08-11 07:00:00-03:00,61.0,0.0
2023-08-11 08:00:00-03:00,60.5,0.0
2023-08-11 09:00:00-03:00,61.25,0.0
2023-08-11 10:00:00-03:00,61.0,0.0
2023-08-11 11:00:00-03:00,61.0,0.0
2023-08-11 12:00:00-03:00,61.0,0.0
2023-08-11 13:00:00-03:00,61.0,0.0
2023-08-11 14:00:00-03:00,,0.0
2023-08-11 15:00:00-03:00,,0.0
2023-08-11 16:00:00-03:00,,0.0
2023-08-11 17:00:00-03:00,,0.0
2023-08-11 18:00:00-03:00,,0.0
2023-08-12 07:00:00-03:00,61.0,0.0
2023-08-12 08:00:00-03:00,60.0,0.2
2023-08-12 09:00:00-03:00,59.5,0.0
2023-08-12 10:00:00-03:00,60.0,0.0
2023-08-12 11:00:00-03:00,59.5,0.0
2023-08-12 12:00:00-03:00,60.0,0.0
2023-08-12 13:00:00-03:00,60.5,0.0
2023-08-12 14:00:00-03:00,61.0,0.0
2023-08-12 15:00:00-03:00,60.75,0.0
2023-08-12 16:00:00-03:00,60.0,0.0
2023-08-13 06:00:00-03:00,59.666666666666664,0.0
2023-08-13 07:00:00-03:00,59.333333333333336,0.0
2023-08-13 08:00:00-03:00,59.0,0.0
2023-08-13 09:00:00-03:00,59.0,0.0
2023-08-13 10:00:00-03:00,59.125,0.0
2023-08-13 11:00:00-03:00,59.25,0.0
2023-08-13 12:00:00-03:00,59.375,0.0
2023-08-13 13:00:00-03:00,59.5,0.0
2023-08-13 14:00:00-03:00,59.75,0.0
2023-08-13 15:00:00-03:00,60.0,0.0
2023-08-13 16:00:00-03:00,59.0,0.0
2023-08-13 17:00:00-03:00,59.833333333333336,0.0
2023-08-13 18:00:00-03:00,60.666666666666664,0.0
2023-08-14 09:00:00-03:00,61.5,0.0
2023-08-14 10:00:00-03:00,60.5,0.0
2023-08-14 11:00:00-03:00,61.5,0.0
2023-08-14 12:00:00-03:00,62.5,0.0
2023-08-14 13:00:00-03:00,62.291666666666664,0.0
2023-08-14 14:00:00-03:00,62.083333333333336,0.0
2023-08-14 15:00:00-03:00,61.875,0.0
2023-08-14 16:00:00-03:00,,0.0
2023-08-14 17:00:00-03:00,,0.0
2023-08-14 18:00:00-03:00,,0.0
2023-08-16 06:00:00-03:00,,0.0
2023-08-16 07:00:00-03:00,,0.2
2023-08-16 08:00:00-03:00,,0.0
2023-08-16 09:00:00-03:00,,0.0
2023-08-16 10:00:00-03:00,,0.0
2023-08-16 11:00:00-03:00,60.0,0.0
2023-08-16 12:00:00-03:00,60.0,0.0
2023-08-16 13:00:00-03:00,61.0,0.0
2023-08-16 14:00:00-03:00,60.0,0.0
2023-08-16 15:00:00-03:00,60.0,0.0
2023-08-16 16:00:00-03:00,60.0,0.0
2023-08-16 17:00:00-03:00,60.0,0.0
2023-08-16 18:00:00-03:00,60.0,0.0
2023-08-16 19:00:00-03:00,60.0,0.0
2023-08-17 17:00:00-03:00,60.0,0.0
2023-08-17 18:00:00-03:00,60.0,0.0
2023-08-17 19:00:00-03:00,60.0,0.0
2023-08-18 06:00:00-03:00,60.0,0.0
2023-08-18 07:00:00-03:00,60.0,0.0
2023-08-18 08:00:00-03:00,60.0,0.2
2023-08-18 09:00:00-03:00,,0.0
2023-08-18 10:00:00-03:00,,0.0
2023-08-18 11:00:00-03:00,60.0,0.0
2023-08-18 12:00:00-03:00,60.25,0.0
2023-08-18 13:00:00-03:00,60.5,0.0
2023-08-19 09:00:00-03:00,59.0,0.0
2023-08-19 10:00:00-03:00,59.0,0.0
2023-08-19 11:00:00-03:00,59.0,0.0
2023-08-19 12:00:00-03:00,58.8125,0.0
2023-08-19 13:00:00-03:00,58.625,0.0
2023-08-19 14:00:00-03:00,58.4375,0.0
2023-08-19 15:00:00-03:00,,0.0
2023-08-19 16:00:00-03:00,,0.0
2023-08-19 17:00:00-03:00,,0.0
2023-08-19 18:00:00-03:00,,0.0
2023-08-20 11:00:00-03:00,57.5,0.0
2023-08-20 12:00:00-03:00,57.75,0.0
2023-08-20 13:00:00-03:00,57.0,0.8
2023-08-20 14:00:00-03:00,57.0,0.6
2023-08-20 15:00:00-03:00,57.0,0.0
2023-08-20 16:00:00-03:00,57.25,0.0
2023-08-20 17:00:00-03:00,57.25,0.0
2023-08-20 18:00:00-03:00,57.0,0.0
2023-08-20 19:00:00-03:00,57.5,0.0
2023-08-20 20:00:00-03:00,57.5,0.0
2023-08-21 08:00:00-03:00,57.0,0.0
2023-08-21 09:00:00-03:00,57.0,0.0
2023-08-21 10:00:00-03:00,57.5,0.0
2023-08-21 11:00:00-03:00,57.75,0.0
2023-08-21 12:00:00-03:00,58.0,0.0
2023-08-21 13:00:00-03:00,58.0,0.0
2023-08-21 14:00:00-03:00,58.0,0.0
2023-08-21 15:00:00-03:00,58.5,0.0
2023-08-21 16:00:00-03:00,58.25,0.0
2023-08-21 17:00:00-03:00,58.0,0.0
2023-08-21 18:00:00-03:00,58.0,0.0
2023-08-21 19:00:00-03:00,58.0,0.0
2023-08-24 16:00:00-03:00,57.125,0.0
2023-08-24 17:00:00-03:00,56.25,0.2
2023-08-24 18:00:00-03:00,55.375,0.0
2023-08-25 17:00:00-03:00,54.5,0.0
2023-08-25 18:00:00-03:00,54.0,0.0
2023-08-25 19:00:00-03:00,54.0,0.0
2023-08-26 08:00:00-03:00,53.5,0.2
2023-08-26 09:00:00-03:00,53.75,0.0
2023-08-26 10:00:00-03:00,53.5,0.0
2023-08-26 11:00:00-03:00,54.25,0.0
2023-08-26 12:00:00-03:00,54.0,1.4
2023-08-26 13:00:00-03:00,55.0,1.2
2023-08-26 14:00:00-03:00,54.5,2.2
2023-08-26 15:00:00-03:00,55.25,0.0
2023-08-26 16:00:00-03:00,55.0,0.0
2023-08-26 17:00:00-03:00,55.0,0.0
2023-08-26 18:00:00-03:00,55.0,0.0
2023-08-26 19:00:00-03:00,55.0,0.2
2023-08-26 20:00:00-03:00,55.0,0.6
2023-08-27 07:00:00-03:00,56.333333333333336,0.0
2023-08-27 08:00:00-03:00,57.666666666666664,0.0
2023-08-27 09:00:00-03:00,59.0,0.0
2023-08-27 10:00:00-03:00,59.5,0.0
2023-08-27 11:00:00-03:00,60.0,0.0
2023-08-27 12:00:00-03:00,60.75,0.0
2023-08-27 13:00:00-03:00,61.0,0.0
2023-08-27 14:00:00-03:00,61.75,0.2
2023-08-27 15:00:00-03:00,62.25,0.0
2023-08-27 16:00:00-03:00,63.0,2.6
2023-08-27 17:00:00-03:00,63.75,0.4
2023-08-27 18:00:00-03:00,64.75,1.2
2023-08-27 19:00:00-03:00,65.25,2.2
2023-08-27 20:00:00-03:00,66.0,1.6
2023-08-28 07:00:00-03:00,67.66666666666667,0.0
2023-08-28 08:00:00-03:00,69.33333333333333,0.0
2023-08-28 09:00:00-03:00,71.0,0.0
2023-08-28 10:00:00-03:00,71.0,0.0
2023-08-28 11:00:00-03:00,70.75,0.0
2023-08-28 12:00:00-03:00,71.75,0.0
2023-08-28 13:00:00-03:00,71.0,0.0
2023-08-28 14:00:00-03:00,71.0,0.0
2023-08-28 15:00:00-03:00,71.75,0.0
2023-08-28 16:00:00-03:00,71.5,0.0
2023-08-28 17:00:00-03:00,71.25,0.0
2023-08-28 18:00:00-03:00,71.5,0.0
2023-08-28 19:00:00-03:00,71.75,0.0
2023-08-28 20:00:00-03:00,71.0,0.0
2023-08-29 07:00:00-03:00,71.0,0.0
2023-08-29 08:00:00-03:00,71.25,0.0
2023-08-29 09:00:00-03:00,71.0,1.2
2023-08-29 10:00:00-03:00,70.75,0.0
2023-08-29 11:00:00-03:00,71.0,0.0
2023-08-29 12:00:00-03:00,71.5,0.0
2023-08-29 13:00:00-03:00,72.0,0.0
2023-08-29 14:00:00-03:00,71.0,0.0
2023-08-29 15:00:00-03:00,71.0,0.0
2023-08-29 16:00:00-03:00,71.0,0.0
2023-08-29 17:00:00-03:00,71.25,0.0
2023-08-29 18:00:00-03:00,71.25,0.0
2023-08-29 19:00:00-03:00,71.75,0.0
2023-08-29 20:00:00-03:00,71.0,0.0
2023-08-30 06:00:00-03:00,70.33333333333333,0.0
2023-08-30 07:00:00-03:00,69.66666666666667,0.0
2023-08-30 08:00:00-03:00,69.0,0.0
2023-08-30 09:00:00-03:00,69.5,0.0
2023-08-30 10:00:00-03:00,69.5,0.0
2023-08-30 11:00:00-03:00,69.25,0.0
2023-08-30 12:00:00-03:00,69.75,0.0
2023-08-30 13:00:00-03:00,73.25,0.0
2023-08-30 14:00:00-03:00,68.5,0.0
2023-08-30 15:00:00-03:00,69.0,0.0
2023-08-30 16:00:00-03:00,68.5,0.0
2023-08-30 17:00:00-03:00,68.0,0.0
2023-08-30 18:00:00-03:00,68.5,0.0
2023-08-30 19:00:00-03:00,68.0,0.0
2023-08-31 06:00:00-03:00,67.5,0.0
2023-08-31 07:00:00-03:00,67.0,0.0
2023-08-31 08:00:00-03:00,66.5,0.0
2023-08-31 09:00:00-03:00,67.0,0.0
2023-08-31 10:00:00-03:00,67.25,0.0
2023-08-31 11:00:00-03:00,67.25,0.0
2023-08-31 12:00:00-03:00,67.5,0.0
2023-08-31 13:00:00-03:00,67.0,0.0
2023-08-31 14:00:00-03:00,66.5,0.0
2023-08-31 15:00:00-03:00,66.0,0.0
2023-08-31 16:00:00-03:00,66.0,0.0
2023-08-31 17:00:00-03:00,65.5,0.0
2023-08-31 18:00:00-03:00,66.0,0.0
2023-08-31 19:00:00-03:00,66.0,0.0
2023-09-01 09:00:00-03:00,62.5,0.0
2023-09-01 10:00:00-03:00,63.0,0.0
2023-09-01 11:00:00-03:00,64.5,0.0
2023-09-01 12:00:00-03:00,64.08333333333333,0.0
2023-09-01 13:00:00-03:00,63.666666666666664,0.0
2023-09-01 14:00:00-03:00,63.25,0.0
2023-09-01 15:00:00-03:00,,0.0
2023-09-01 16:00:00-03:00,,0.0
2023-09-01 17:00:00-03:00,62.0,0.0
2023-09-01 18:00:00-03:00,62.0,0.0
2023-09-01 19:00:00-03:00,62.0,0.0
2023-09-02 09:00:00-03:00,59.0,0.0
2023-09-02 10:00:00-03:00,59.5,0.0
2023-09-02 11:00:00-03:00,59.5,0.0
2023-09-02 12:00:00-03:00,58.5,0.0
2023-09-02 13:00:00-03:00,59.0,0.0
2023-09-02 14:00:00-03:00,59.75,0.0
2023-09-02 15:00:00-03:00,59.5,0.0
2023-09-03 06:00:00-03:00,59.333333333333336,0.2
2023-09-03 07:00:00-03:00,59.166666666666664,0.0
2023-09-03 08:00:00-03:00,59.0,0.0
2023-09-03 09:00:00-03:00,58.5,0.0
2023-09-03 10:00:00-03:00,58.75,0.0
2023-09-03 11:00:00-03:00,58.5,0.0
2023-09-03 12:00:00-03:00,59.25,0.0
2023-09-03 13:00:00-03:00,62.75,0.0
2023-09-03 14:00:00-03:00,60.0,0.0
2023-09-03 15:00:00-03:00,60.5,0.0
2023-09-03 16:00:00-03:00,61.0,0.0
2023-09-03 17:00:00-03:00,61.5,0.0
2023-09-03 18:00:00-03:00,62.0,0.0
2023-09-03 19:00:00-03:00,62.5,0.0
2023-09-04 06:00:00-03:00,70.16666666666667,0.0
2023-09-04 07:00:00-03:00,77.83333333333333,0.0
2023-09-04 08:00:00-03:00,85.5,0.0
2023-09-04 09:00:00-03:00,87.0,0.0
2023-09-04 10:00:00-03:00,88.25,0.0
2023-09-04 11:00:00-03:00,88.5,0.0
2023-09-04 12:00:00-03:00,89.08333333333333,0.0
2023-09-04 13:00:00-03:00,89.66666666666667,0.0
2023-09-04 14:00:00-03:00,90.25,0.0
2023-09-04 15:00:00-03:00,,0.0
2023-09-04 16:00:00-03:00,,0.0
2023-09-04 17:00:00-03:00,92.0,0.0
2023-09-04 18:00:00-03:00,92.5,0.0
2023-09-04 19:00:00-03:00,92.5,0.0
2023-09-05 06:00:00-03:00,90.0,0.2
2023-09-05 07:00:00-03:00,88.0,0.8
2023-09-05 08:00:00-03:00,85.25,0.0
2023-09-05 09:00:00-03:00,83.5,0.0
2023-09-05 10:00:00-03:00,82.0,0.0
2023-09-05 11:00:00-03:00,81.75,0.0
2023-09-05 12:00:00-03:00,80.5,0.2
2023-09-05 13:00:00-03:00,80.0,0.0
2023-09-05 14:00:00-03:00,78.5,0.0
2023-09-05 15:00:00-03:00,78.25,0.0
2023-09-05 16:00:00-03:00,77.5,0.0
2023-09-05 17:00:00-03:00,76.75,0.0
2023-09-05 18:00:00-03:00,76.0,0.0
2023-09-05 19:00:00-03:00,76.0,0.0
2023-09-06 06:00:00-03:00,73.0,0.0
2023-09-06 07:00:00-03:00,72.5,0.0
2023-09-06 08:00:00-03:00,70.5,0.0
2023-09-06 09:00:00-03:00,69.5,0.0
2023-09-06 10:00:00-03:00,69.04166666666667,0.0
2023-09-06 11:00:00-03:00,68.58333333333333,0.0
2023-09-06 12:00:00-03:00,68.125,0.0
2023-09-06 13:00:00-03:00,,0.0
2023-09-06 14:00:00-03:00,,0.0
2023-09-06 15:00:00-03:00,,0.0
2023-09-06 16:00:00-03:00,,0.0
2023-09-06 17:00:00-03:00,,0.0
2023-09-06 18:00:00-03:00,,0.0
2023-09-07 06:00:00-03:00,,0.0
2023-09-07 07:00:00-03:00,,0.0
2023-09-07 08:00:00-03:00,64.0,0.0
2023-09-07 09:00:00-03:00,64.25,0.0
2023-09-07 10:00:00-03:00,63.5,0.0
2023-09-07 11:00:00-03:00,63.333333333333336,0.0
2023-09-07 12:00:00-03:00,63.166666666666664,0.0
2023-09-07 13:00:00-03:00,63.0,0.0
2023-09-07 14:00:00-03:00,,0.0
2023-09-07 15:00:00-03:00,,0.0
2023-09-07 16:00:00-03:00,,0.0
2023-09-07 17:00:00-03:00,,0.0
2023-09-07 18:00:00-03:00,,0.0
2023-09-08 06:00:00-03:00,62.0,0.0
2023-09-08 07:00:00-03:00,62.0,0.0
2023-09-08 08:00:00-03:00,61.81818181818182,0.0
2023-09-08 09:00:00-03:00,61.63636363636363,0.0
2023-09-08 10:00:00-03:00,61.45454545454545,0.0
2023-09-08 11:00:00-03:00,,0.0
2023-09-08 12:00:00-03:00,,0.0
2023-09-08 13:00:00-03:00,,0.0
2023-09-08 14:00:00-03:00,,0.0
2023-09-08 15:00:00-03:00,,0.0
2023-09-08 16:00:00-03:00,,0.0
2023-09-08 17:00:00-03:00,,0.0
2023-09-08 18:00:00-03:00,60.0,0.0
2023-09-08 19:00:00-03:00,60.0,0.0
2023-09-09 11:00:00-03:00,58.0,0.0
2023-09-09 12:00:00-03:00,58.5,0.0
2023-09-09 13:00:00-03:00,59.0,0.0
2023-09-10 16:00:00-03:00,58.0,0.0
2023-09-10 17:00:00-03:00,57.0,0.0
2023-09-10 18:00:00-03:00,56.0,0.0
2023-09-10 19:00:00-03:00,56.0,0.0
2023-09-11 07:00:00-03:00,55.0,0.0
2023-09-11 08:00:00-03:00,53.75,0.0
2023-09-11 09:00:00-03:00,55.5,0.0
2023-09-15 05:00:00-03:00,52.666666666666664,0.0
2023-09-15 06:00:00-03:00,49.833333333333336,0.0
2023-09-15 07:00:00-03:00,47.0,0.0
2023-09-15 08:00:00-03:00,47.0,0.0
2023-09-15 09:00:00-03:00,47.0,0.0
2023-09-15 10:00:00-03:00,48.0,0.0
2023-09-18 17:00:00-03:00,47.5,0.0
2023-09-18 18:00:00-03:00,47.75,0.0
2023-09-18 19:00:00-03:00,47.0,0.0
2023-09-21 06:00:00-03:00,44.75,0.0
2023-09-21 07:00:00-03:00,42.5,0.0
2023-09-21 08:00:00-03:00,40.25,0.0
2023-09-27 08:00:00-03:00,38.0,0.0
2023-09-27 09:00:00-03:00,38.5,0.4
2023-09-27 10:00:00-03:00,39.0,0.0
2023-09-27 11:00:00-03:00,39.285714285714285,0.0
2023-09-27 12:00:00-03:00,39.57142857142857,0.0
2023-09-27 13:00:00-03:00,39.857142857142854,1.2
2023-09-27 14:00:00-03:00,,2.4
2023-09-27 15:00:00-03:00,,0.2
2023-09-27 16:00:00-03:00,,0.0
2023-09-27 17:00:00-03:00,41.0,0.0
2023-09-27 18:00:00-03:00,40.75,0.0
2023-09-27 19:00:00-03:00,40.5,0.0
2023-09-28 07:00:00-03:00,44.666666666666664,0.0
2023-09-28 08:00:00-03:00,48.833333333333336,0.0
2023-09-28 09:00:00-03:00,53.0,0.0
2023-09-28 10:00:00-03:00,54.25,0.0
2023-09-28 11:00:00-03:00,56.5,0.0
2023-09-28 12:00:00-03:00,58.75,0.0
2023-09-28 13:00:00-03:00,60.5,0.0
2023-09-28 14:00:00-03:00,63.0,0.0
2023-09-28 15:00:00-03:00,64.75,0.0
2023-09-28 16:00:00-03:00,67.5,0.0
2023-09-28 17:00:00-03:00,69.0,0.0
2023-09-28 18:00:00-03:00,71.5,0.0
2023-09-28 19:00:00-03:00,74.0,0.0
2023-09-28 20:00:00-03:00,76.0,0.0
2023-09-29 06:00:00-03:00,80.66666666666667,0.0
2023-09-29 07:00:00-03:00,85.33333333333333,0.0
2023-09-29 08:00:00-03:00,90.0,0.0
2023-09-29 09:00:00-03:00,91.25,0.0
2023-09-29 10:00:00-03:00,91.0,0.0
2023-09-29 11:00:00-03:00,91.0,0.0
2023-09-29 12:00:00-03:00,91.0,0.0
2023-09-29 13:00:00-03:00,94.25,0.0
2023-09-29 14:00:00-03:00,92.0,0.0
2023-09-29 15:00:00-03:00,91.0,0.0
2023-09-29 16:00:00-03:00,90.0,0.0
2023-09-29 17:00:00-03:00,89.25,0.0
2023-09-29 18:00:00-03:00,88.5,0.0
2023-09-30 07:00:00-03:00,78.5,0.0
2023-09-30 08:00:00-03:00,77.0,0.0
2023-09-30 09:00:00-03:00,76.0,0.0
2023-09-30 10:00:00-03:00,75.5,0.0
2023-09-30 11:00:00-03:00,75.0,0.0
2023-09-30 12:00:00-03:00,74.25,0.0
2023-09-30 13:00:00-03:00,73.5,0.0
2023-09-30 14:00:00-03:00,72.75,0.0
2023-09-30 15:00:00-03:00,,0.0
2023-09-30 16:00:00-03:00,,0.0
2023-09-30 17:00:00-03:00,70.5,0.0
2023-09-30 18:00:00-03:00,70.0,0.0
2023-09-30 19:00:00-03:00,69.5,0.0
2023-10-01 08:00:00-03:00,75.16666666666667,19.6
2023-10-01 09:00:00-03:00,80.83333333333333,7.6
2023-10-01 10:00:00-03:00,86.5,4.6
2023-10-01 11:00:00-03:00,82.25,0.2
2023-10-01 12:00:00-03:00,80.0,0.0
2023-10-01 13:00:00-03:00,80.25,0.0
2023-10-01 14:00:00-03:00,80.75,0.0
2023-10-01 15:00:00-03:00,82.25,0.6
2023-10-01 16:00:00-03:00,84.5,1.8
2023-10-01 17:00:00-03:00,87.5,4.2
2023-10-01 18:00:00-03:00,90.0,0.2
2023-10-01 19:00:00-03:00,92.75,0.0
2023-10-01 20:00:00-03:00,94.5,8.6
2023-10-02 06:00:00-03:00,106.33333333333333,0.0
2023-10-02 07:00:00-03:00,118.16666666666667,0.0
2023-10-02 08:00:00-03:00,130.0,0.0
2023-10-02 09:00:00-03:00,133.5,0.0
2023-10-02 10:00:00-03:00,138.25,0.0
2023-10-02 11:00:00-03:00,143.75,0.0
2023-10-02 12:00:00-03:00,148.25,0.2
2023-10-02 13:00:00-03:00,152.5,0.0
2023-10-02 14:00:00-03:00,156.5,0.0
2023-10-02 15:00:00-03:00,160.75,0.0
2023-10-02 16:00:00-03:00,164.0,1.0
2023-10-02 17:00:00-03:00,168.25,1.2
2023-10-02 18:00:00-03:00,171.0,0.2
2023-10-02 19:00:00-03:00,174.0,0.0
2023-10-02 20:00:00-03:00,176.0,0.0
2023-10-03 05:00:00-03:00,178.66666666666666,0.0
2023-10-03 06:00:00-03:00,181.33333333333334,0.0
2023-10-03 07:00:00-03:00,184.0,0.0
2023-10-03 08:00:00-03:00,183.0,0.0
2023-10-03 09:00:00-03:00,182.0,0.0
2023-10-03 10:00:00-03:00,180.5,0.0
2023-10-03 11:00:00-03:00,179.5,0.0
2023-10-03 12:00:00-03:00,177.0,0.0
2023-10-03 13:00:00-03:00,175.0,0.0
2023-10-03 14:00:00-03:00,172.75,0.0
2023-10-03 15:00:00-03:00,171.0,0.0
2023-10-03 16:00:00-03:00,166.5,0.0
2023-10-03 17:00:00-03:00,165.0,0.0
2023-10-03 18:00:00-03:00,161.5,0.0
2023-10-03 19:00:00-03:00,158.75,0.0
2023-10-03 20:00:00-03:00,156.5,0.0
2023-10-04 05:00:00-03:00,147.0,0.0
2023-10-04 06:00:00-03:00,137.5,0.0
2023-10-04 07:00:00-03:00,128.0,0.0
2023-10-04 08:00:00-03:00,127.5,0.0
2023-10-04 09:00:00-03:00,125.66666666666667,0.0
2023-10-04 10:00:00-03:00,123.83333333333333,0.0
2023-10-04 11:00:00-03:00,122.0,0.0
2023-10-04 12:00:00-03:00,,0.0
2023-10-04 13:00:00-03:00,,0.0
2023-10-04 14:00:00-03:00,,0.0
2023-10-04 15:00:00-03:00,,0.0
2023-10-04 16:00:00-03:00,,0.0
2023-10-04 17:00:00-03:00,111.0,0.0
2023-10-04 18:00:00-03:00,109.75,0.0
2023-10-04 19:00:00-03:00,109.0,0.0
2023-10-05 06:00:00-03:00,104.0,0.0
2023-10-05 07:00:00-03:00,99.0,0.0
2023-10-05 08:00:00-03:00,94.0,0.0
2023-10-05 09:00:00-03:00,95.5,0.0
2023-10-05 10:00:00-03:00,93.0,0.0
2023-10-05 11:00:00-03:00,92.75,0.0
2023-10-05 12:00:00-03:00,92.5,0.2
2023-10-05 13:00:00-03:00,92.25,0.0
2023-10-05 14:00:00-03:00,92.0,2.2
2023-10-05 15:00:00-03:00,92.25,0.0
2023-10-05 16:00:00-03:00,92.0,0.0
2023-10-06 05:00:00-03:00,92.66666666666667,0.0
2023-10-06 06:00:00-03:00,93.33333333333333,0.2
2023-10-06 07:00:00-03:00,94.0,0.2
2023-10-06 08:00:00-03:00,93.0,0.6
2023-10-06 09:00:00-03:00,93.25,0.0
2023-10-06 10:00:00-03:00,92.5,0.0
2023-10-06 11:00:00-03:00,93.5,0.0
2023-10-06 12:00:00-03:00,94.0,0.0
2023-10-06 13:00:00-03:00,94.0,0.0
2023-10-06 14:00:00-03:00,94.5,0.0
2023-10-06 15:00:00-03:00,95.0,0.0
2023-10-06 16:00:00-03:00,95.5,0.0
2023-10-06 17:00:00-03:00,96.0,0.0
2023-10-06 18:00:00-03:00,96.0,0.0
2023-10-06 19:00:00-03:00,96.0,0.0
2023-10-07 05:00:00-03:00,97.5,0.0
2023-10-07 06:00:00-03:00,97.75,0.0
2023-10-07 07:00:00-03:00,98.0,0.0
2023-10-07 08:00:00-03:00,98.25,0.0
2023-10-07 09:00:00-03:00,98.75,0.0
2023-10-07 10:00:00-03:00,98.75,0.0
2023-10-07 11:00:00-03:00,98.75,0.0
2023-10-07 12:00:00-03:00,99.0,0.0
2023-10-07 13:00:00-03:00,98.77777777777777,0.0
2023-10-07 14:00:00-03:00,98.55555555555556,0.0
2023-10-07 15:00:00-03:00,98.33333333333333,0.0
2023-10-07 16:00:00-03:00,,0.8
2023-10-07 17:00:00-03:00,,1.0
2023-10-07 18:00:00-03:00,,0.0
2023-10-08 06:00:00-03:00,,0.0
2023-10-08 07:00:00-03:00,,0.0
2023-10-08 08:00:00-03:00,97.0,0.0
2023-10-08 09:00:00-03:00,97.0,0.0
2023-10-08 10:00:00-03:00,96.25,0.0
2023-10-08 11:00:00-03:00,95.75,0.0
2023-10-08 12:00:00-03:00,95.0,0.2
2023-10-08 13:00:00-03:00,94.75,0.0
2023-10-08 14:00:00-03:00,94.0,0.0
2023-10-08 15:00:00-03:00,93.0,0.0
2023-10-08 16:00:00-03:00,93.5,0.0
2023-10-08 17:00:00-03:00,92.25,0.0
2023-10-08 18:00:00-03:00,91.0,0.0
2023-10-08 19:00:00-03:00,91.0,0.0
2023-10-09 06:00:00-03:00,91.0,2.2
2023-10-09 07:00:00-03:00,91.0,0.6
2023-10-09 08:00:00-03:00,91.0,0.0
2023-10-09 09:00:00-03:00,91.0,0.0
2023-10-09 10:00:00-03:00,91.25,0.0
2023-10-09 11:00:00-03:00,91.75,0.0
2023-10-09 12:00:00-03:00,93.0,0.0
2023-10-09 13:00:00-03:00,93.0,0.0
2023-10-09 14:00:00-03:00,93.75,0.0
2023-10-09 15:00:00-03:00,95.75,0.0
2023-10-09 16:00:00-03:00,96.5,0.0
2023-10-09 17:00:00-03:00,97.25,0.0
2023-10-09 18:00:00-03:00,98.0,0.0
2023-10-09 19:00:00-03:00,98.75,0.0
2023-10-09 20:00:00-03:00,99.5,0.0
2023-10-10 06:00:00-03:00,103.83333333333333,0.0
2023-10-10 07:00:00-03:00,108.16666666666667,0.0
2023-10-10 08:00:00-03:00,112.5,0.0
2023-10-10 09:00:00-03:00,113.5,0.0
2023-10-10 10:00:00-03:00,114.75,0.0
2023-10-10 11:00:00-03:00,116.75,0.0
2023-10-10 12:00:00-03:00,119.0,0.0
2023-10-10 13:00:00-03:00,121.5,0.0
2023-10-10 14:00:00-03:00,121.75,0.0
2023-10-10 15:00:00-03:00,123.25,0.0
2023-10-10 16:00:00-03:00,123.75,0.0
2023-10-10 17:00:00-03:00,124.0,0.0
2023-10-10 18:00:00-03:00,124.25,0.0
2023-10-10 19:00:00-03:00,125.0,0.0
2023-10-11 05:00:00-03:00,120.75,0.0
2023-10-11 06:00:00-03:00,116.5,0.2
2023-10-11 07:00:00-03:00,112.25,0.0
2023-10-11 08:00:00-03:00,108.0,0.0
2023-10-11 09:00:00-03:00,106.75,0.0
2023-10-11 10:00:00-03:00,105.5,0.0
2023-10-11 11:00:00-03:00,104.75,0.0
2023-10-11 12:00:00-03:00,103.75,0.0
2023-10-11 13:00:00-03:00,104.25,0.0
2023-10-11 14:00:00-03:00,101.25,0.0
2023-10-11 15:00:00-03:00,100.0,0.0
2023-10-11 16:00:00-03:00,99.25,0.0
2023-10-11 17:00:00-03:00,97.5,0.0
2023-10-11 18:00:00-03:00,96.0,0.0
2023-10-11 19:00:00-03:00,95.0,0.0
2023-10-12 05:00:00-03:00,91.66666666666667,0.0
2023-10-12 06:00:00-03:00,88.33333333333333,0.0
2023-10-12 07:00:00-03:00,85.0,0.0
2023-10-12 08:00:00-03:00,84.0,0.0
2023-10-12 09:00:00-03:00,84.0,0.0
2023-10-13 05:00:00-03:00,88.33333333333333,0.0
2023-10-13 06:00:00-03:00,92.66666666666667,0.0
2023-10-13 07:00:00-03:00,97.0,0.0
2023-10-13 08:00:00-03:00,98.5,0.0
2023-10-13 09:00:00-03:00,100.25,0.0
2023-10-13 10:00:00-03:00,103.25,0.0
2023-10-13 11:00:00-03:00,105.75,0.0
2023-10-13 12:00:00-03:00,109.25,0.2
2023-10-13 13:00:00-03:00,111.75,0.0
2023-10-13 14:00:00-03:00,115.5,0.0
2023-10-13 15:00:00-03:00,119.0,0.0
2023-10-13 16:00:00-03:00,123.5,0.0
2023-10-13 17:00:00-03:00,127.0,0.0
2023-10-13 18:00:00-03:00,131.5,0.0
2023-10-13 19:00:00-03:00,136.0,0.0
2023-10-13 20:00:00-03:00,137.5,0.0
2023-10-14 06:00:00-03:00,143.66666666666666,0.0
2023-10-14 07:00:00-03:00,149.83333333333334,0.0
2023-10-14 08:00:00-03:00,156.0,0.0
2023-10-14 09:00:00-03:00,156.75,0.0
2023-10-14 10:00:00-03:00,156.0,0.0
2023-10-14 11:00:00-03:00,156.5,0.0
2023-10-14 12:00:00-03:00,156.0,0.0
2023-10-14 13:00:00-03:00,157.0,0.0
2023-10-14 14:00:00-03:00,155.0,0.0
2023-10-14 15:00:00-03:00,153.5,0.0
2023-10-14 16:00:00-03:00,152.25,0.0
2023-10-14 17:00:00-03:00,151.0,0.0
2023-10-14 18:00:00-03:00,149.25,0.0
2023-10-14 19:00:00-03:00,147.5,0.0
2023-10-14 20:00:00-03:00,146.5,0.0
2023-10-15 05:00:00-03:00,139.5,0.0
2023-10-15 06:00:00-03:00,132.5,0.0
2023-10-15 07:00:00-03:00,125.5,0.0
2023-10-15 08:00:00-03:00,123.75,0.0
2023-10-15 09:00:00-03:00,121.75,0.0
2023-10-15 10:00:00-03:00,119.75,0.0
2023-10-15 11:00:00-03:00,118.75,0.0
2023-10-15 12:00:00-03:00,117.0,0.0
2023-10-15 13:00:00-03:00,115.5,0.0
2023-10-15 14:00:00-03:00,116.0,0.0
2023-10-15 15:00:00-03:00,114.0,0.0
2023-10-15 16:00:00-03:00,112.5,0.0
2023-10-15 17:00:00-03:00,111.5,0.0
2023-10-15 18:00:00-03:00,110.25,0.0
2023-10-15 19:00:00-03:00,109.0,0.0
2023-10-15 20:00:00-03:00,108.0,0.0
2023-10-16 06:00:00-03:00,104.33333333333333,0.0
2023-10-16 07:00:00-03:00,100.66666666666667,0.0
2023-10-16 08:00:00-03:00,97.0,0.0
2023-10-16 09:00:00-03:00,97.0,0.0
2023-10-16 10:00:00-03:00,96.5,0.0
2023-10-16 11:00:00-03:00,96.0,0.0
2023-10-16 12:00:00-03:00,96.0,0.0
2023-10-16 13:00:00-03:00,95.0,0.0
2023-10-16 14:00:00-03:00,94.0,0.0
2023-10-16 15:00:00-03:00,94.25,0.0
2023-10-16 16:00:00-03:00,94.0,0.0
2023-10-16 17:00:00-03:00,93.0,5.8
2023-10-16 18:00:00-03:00,92.0,8.2
2023-10-16 19:00:00-03:00,92.0,0.0
2023-10-17 06:00:00-03:00,91.66666666666667,5.0
2023-10-17 07:00:00-03:00,91.33333333333333,1.8
2023-10-17 08:00:00-03:00,91.0,0.0
2023-10-17 09:00:00-03:00,90.0,0.0
2023-10-17 10:00:00-03:00,89.75,0.0
2023-10-17 11:00:00-03:00,90.5,0.0
2023-10-17 12:00:00-03:00,91.25,0.2
2023-10-17 13:00:00-03:00,93.25,0.0
2023-10-17 14:00:00-03:00,94.25,0.0
2023-10-17 15:00:00-03:00,95.75,0.0
2023-10-17 16:00:00-03:00,97.25,0.0
2023-10-17 17:00:00-03:00,98.5,0.0
2023-10-17 18:00:00-03:00,99.0,0.0
2023-10-17 19:00:00-03:00,99.0,0.0
2023-10-17 20:00:00-03:00,99.0,0.0
2023-10-18 05:00:00-03:00,103.33333333333333,0.0
2023-10-18 06:00:00-03:00,107.66666666666667,0.0
2023-10-18 07:00:00-03:00,112.0,0.0
2023-10-18 08:00:00-03:00,112.25,0.0
2023-10-18 09:00:00-03:00,113.25,0.0
2023-10-18 10:00:00-03:00,113.5,0.0
2023-10-18 11:00:00-03:00,114.75,0.0
2023-10-18 12:00:00-03:00,115.75,0.0
2023-10-18 13:00:00-03:00,117.0,0.0
2023-10-18 14:00:00-03:00,117.0,0.0
2023-10-18 15:00:00-03:00,117.25,0.0
2023-10-18 16:00:00-03:00,117.5,0.0
2023-10-18 17:00:00-03:00,117.75,0.0
2023-10-18 18:00:00-03:00,118.0,0.0
2023-10-18 19:00:00-03:00,118.0,0.0
2023-10-19 05:00:00-03:00,113.83333333333333,0.0
2023-10-19 06:00:00-03:00,109.66666666666667,0.0
2023-10-19 07:00:00-03:00,105.5,0.0
2023-10-19 08:00:00-03:00,104.5,0.0
2023-10-19 09:00:00-03:00,103.5,0.0
2023-10-19 10:00:00-03:00,102.75,0.0
2023-10-19 11:00:00-03:00,100.75,0.0
2023-10-19 12:00:00-03:00,100.0,0.0
2023-10-19 13:00:00-03:00,98.25,0.0
2023-10-19 14:00:00-03:00,96.75,0.0
2023-10-19 15:00:00-03:00,95.5,0.0
2023-10-19 16:00:00-03:00,95.0,0.0
2023-10-19 17:00:00-03:00,93.66666666666667,0.0
2023-10-19 18:00:00-03:00,92.33333333333333,0.0
2023-10-19 19:00:00-03:00,91.0,0.0
2023-10-19 20:00:00-03:00,90.5,0.0
2023-10-20 05:00:00-03:00,87.33333333333333,0.0
2023-10-20 06:00:00-03:00,84.16666666666667,0.0
2023-10-20 07:00:00-03:00,81.0,0.0
2023-10-20 08:00:00-03:00,81.0,0.0
2023-10-20 09:00:00-03:00,81.25,0.0
2023-10-20 10:00:00-03:00,81.5,0.0
2023-10-20 11:00:00-03:00,80.5,0.0
2023-10-20 12:00:00-03:00,80.0,0.0
2023-10-20 13:00:00-03:00,79.0,0.0
2023-10-20 14:00:00-03:00,79.5,0.0
2023-10-20 15:00:00-03:00,79.8,0.0
2023-10-20 16:00:00-03:00,80.1,0.0
2023-10-20 17:00:00-03:00,80.4,0.6
2023-10-20 18:00:00-03:00,,2.0
2023-10-21 05:00:00-03:00,81.0,0.0
2023-10-21 06:00:00-03:00,81.0,0.0
2023-10-21 07:00:00-03:00,81.0,0.0
2023-10-21 08:00:00-03:00,81.0,0.0
2023-10-21 09:00:00-03:00,80.5,0.0
2023-10-21 10:00:00-03:00,79.75,0.0
2023-10-21 11:00:00-03:00,79.5,0.0
2023-10-21 12:00:00-03:00,80.0,0.0
2023-10-21 13:00:00-03:00,79.5,0.0
2023-10-21 14:00:00-03:00,80.0,0.0
2023-10-21 15:00:00-03:00,79.5,0.0
2023-10-21 16:00:00-03:00,79.0,0.0
2023-10-21 17:00:00-03:00,78.83333333333333,0.0
2023-10-21 18:00:00-03:00,78.66666666666667,0.0
2023-10-21 19:00:00-03:00,78.5,0.0
2023-10-22 06:00:00-03:00,,0.0
2023-10-22 07:00:00-03:00,,0.0
2023-10-22 08:00:00-03:00,78.0,0.0
2023-10-22 09:00:00-03:00,78.25,0.0
2023-10-22 10:00:00-03:00,77.25,0.0
2023-10-22 11:00:00-03:00,78.0,0.0
2023-10-22 12:00:00-03:00,78.0,0.0
2023-10-22 13:00:00-03:00,83.0,0.0
2023-10-22 14:00:00-03:00,77.75,0.0
2023-10-22 15:00:00-03:00,77.0,0.0
2023-10-22 16:00:00-03:00,77.0,0.0
2023-10-22 17:00:00-03:00,76.0,0.0
2023-10-22 18:00:00-03:00,76.0,0.0
2023-10-22 19:00:00-03:00,75.5,0.0
2023-10-23 08:00:00-03:00,71.0,0.0
2023-10-23 09:00:00-03:00,71.25,0.0
2023-10-23 10:00:00-03:00,70.0,0.0
2023-10-23 11:00:00-03:00,71.0,0.0
2023-10-23 12:00:00-03:00,70.0,0.0
2023-10-23 13:00:00-03:00,75.5,0.0
2023-10-23 14:00:00-03:00,70.0,0.0
2023-10-23 15:00:00-03:00,70.0,0.0
2023-10-23 16:00:00-03:00,69.5,0.0
2023-10-23 17:00:00-03:00,69.25,0.0
2023-10-23 18:00:00-03:00,69.0,0.0
2023-10-23 19:00:00-03:00,68.0,0.0
2023-10-24 05:00:00-03:00,67.0,0.0
2023-10-24 06:00:00-03:00,66.0,0.0
2023-10-24 07:00:00-03:00,65.0,0.0
2023-10-24 08:00:00-03:00,64.5,0.0
2023-10-24 09:00:00-03:00,64.25,0.0
2023-10-24 10:00:00-03:00,64.25,0.0
2023-10-24 11:00:00-03:00,65.0,0.0
2023-10-24 12:00:00-03:00,65.0,0.0
2023-10-24 13:00:00-03:00,64.75,0.0
2023-10-24 14:00:00-03:00,64.5,0.0
2023-10-24 15:00:00-03:00,64.0,0.0
2023-10-24 16:00:00-03:00,64.0,0.0
2023-10-25 06:00:00-03:00,63.0,0.2
2023-10-25 07:00:00-03:00,62.0,0.2
2023-10-25 08:00:00-03:00,61.0,0.4
2023-10-25 09:00:00-03:00,60.0,0.0
2023-10-25 10:00:00-03:00,59.75,0.0
2023-10-25 11:00:00-03:00,60.5,0.0
2023-10-25 12:00:00-03:00,60.42857142857143,0.0
2023-10-25 13:00:00-03:00,60.357142857142854,0.0
2023-10-25 14:00:00-03:00,60.285714285714285,0.0
2023-10-25 15:00:00-03:00,,0.0
2023-10-25 16:00:00-03:00,,0.0
2023-10-25 17:00:00-03:00,,0.0
2023-10-25 18:00:00-03:00,60.0,0.0
2023-10-25 19:00:00-03:00,60.0,0.0
2023-10-26 05:00:00-03:00,59.333333333333336,0.0
2023-10-26 06:00:00-03:00,58.666666666666664,0.0
2023-10-26 07:00:00-03:00,58.0,0.0
2023-10-26 08:00:00-03:00,58.0,0.0
2023-10-26 09:00:00-03:00,58.0,0.0
2023-10-26 10:00:00-03:00,58.1875,0.0
2023-10-26 11:00:00-03:00,58.375,0.2
2023-10-26 12:00:00-03:00,58.5625,0.0
2023-10-26 13:00:00-03:00,,0.0
2023-10-26 14:00:00-03:00,,0.0
2023-10-26 15:00:00-03:00,,0.0
2023-10-26 16:00:00-03:00,,0.0
2023-10-26 17:00:00-03:00,59.5,0.0
2023-10-26 18:00:00-03:00,59.0,0.0
2023-10-26 19:00:00-03:00,59.0,0.0
2023-10-27 05:00:00-03:00,59.333333333333336,0.0
2023-10-27 06:00:00-03:00,59.666666666666664,0.0
2023-10-27 07:00:00-03:00,60.0,0.0
2023-10-27 08:00:00-03:00,60.0,0.0
2023-10-27 09:00:00-03:00,60.0,0.0
2023-10-27 10:00:00-03:00,60.0,0.0
2023-10-27 11:00:00-03:00,60.0,0.0
2023-10-27 12:00:00-03:00,60.25,0.0
2023-10-27 13:00:00-03:00,60.25,0.0
2023-10-27 14:00:00-03:00,60.75,0.0
2023-10-27 15:00:00-03:00,60.25,0.0
2023-10-27 16:00:00-03:00,60.5,0.0
2023-10-27 17:00:00-03:00,61.0,0.0
2023-10-27 18:00:00-03:00,61.5,0.0
2023-10-27 19:00:00-03:00,61.5,0.0
2023-10-28 06:00:00-03:00,65.0,0.0
2023-10-28 07:00:00-03:00,68.5,0.0
2023-10-28 08:00:00-03:00,72.0,0.0
2023-10-28 09:00:00-03:00,73.5,0.0
2023-10-28 10:00:00-03:00,75.0,0.0
2023-10-28 11:00:00-03:00,77.5,0.0
2023-10-28 12:00:00-03:00,80.0,0.0
2023-10-28 13:00:00-03:00,82.5,0.0
2023-10-28 14:00:00-03:00,85.0,0.0
2023-10-28 15:00:00-03:00,84.0,0.0
2023-10-28 16:00:00-03:00,85.5,0.0
2023-10-28 17:00:00-03:00,86.5,0.0
2023-10-28 18:00:00-03:00,87.0,0.0
2023-10-28 19:00:00-03:00,88.5,0.0
2023-10-28 20:00:00-03:00,90.5,0.0
2023-10-29 05:00:00-03:00,113.5,0.0
2023-10-29 06:00:00-03:00,136.5,0.0
2023-10-29 07:00:00-03:00,159.5,0.0
2023-10-29 08:00:00-03:00,162.0,0.0
2023-10-29 09:00:00-03:00,164.5,0.0
2023-10-29 10:00:00-03:00,168.0,0.0
2023-10-29 11:00:00-03:00,171.25,0.2
2023-10-29 12:00:00-03:00,173.0,0.0
2023-10-29 13:00:00-03:00,174.75,0.0
2023-10-29 14:00:00-03:00,176.25,3.6
2023-10-29 15:00:00-03:00,176.5,9.2
2023-10-29 16:00:00-03:00,177.25,0.4
2023-10-29 17:00:00-03:00,176.75,0.0
2023-10-29 18:00:00-03:00,177.25,2.6
2023-10-29 19:00:00-03:00,179.0,5.4
2023-10-29 20:00:00-03:00,178.0,1.8
2023-10-30 05:00:00-03:00,174.0,0.0
2023-10-30 06:00:00-03:00,173.0,0.0
2023-10-30 07:00:00-03:00,171.0,0.0
2023-10-30 08:00:00-03:00,170.75,0.0
2023-10-30 09:00:00-03:00,170.0,0.0
2023-10-30 10:00:00-03:00,169.5,0.0
2023-10-30 11:00:00-03:00,170.5,0.0
2023-10-30 12:00:00-03:00,170.66666666666666,0.0
2023-10-30 13:00:00-03:00,170.0,0.2
2023-10-30 14:00:00-03:00,170.66666666666666,0.0
2023-10-30 15:00:00-03:00,171.0,0.0
2023-10-30 16:00:00-03:00,170.75,0.0
2023-10-30 17:00:00-03:00,172.0,0.0
2023-10-30 18:00:00-03:00,173.0,0.0
2023-10-30 19:00:00-03:00,174.0,0.0
2023-10-30 20:00:00-03:00,174.75,0.0
2023-10-30 21:00:00-03:00,176.0,0.0
2023-10-31 05:00:00-03:00,180.83333333333334,0.0
2023-10-31 06:00:00-03:00,185.66666666666666,0.0
2023-10-31 07:00:00-03:00,190.5,0.0
2023-10-31 08:00:00-03:00,191.0,0.0
2023-10-31 09:00:00-03:00,191.0,0.0
2023-10-31 10:00:00-03:00,191.25,0.0
2023-10-31 11:00:00-03:00,191.25,0.0
2023-10-31 12:00:00-03:00,190.25,0.0
2023-10-31 13:00:00-03:00,189.75,0.0
2023-10-31 14:00:00-03:00,187.0,0.0
2023-10-31 15:00:00-03:00,186.0,0.0
2023-10-31 16:00:00-03:00,184.5,0.0
2023-10-31 17:00:00-03:00,181.5,0.0
2023-10-31 18:00:00-03:00,178.5,0.6
2023-10-31 19:00:00-03:00,181.75,11.8
2023-10-31 20:00:00-03:00,183.0,8.8
2023-10-31 21:00:00-03:00,182.1,0.0
2023-11-01 05:00:00-03:00,181.2,0.0
2023-11-01 06:00:00-03:00,180.3,0.0
2023-11-01 07:00:00-03:00,,0.0
2023-11-01 08:00:00-03:00,,0.0
2023-11-01 09:00:00-03:00,,0.0
2023-11-01 10:00:00-03:00,,0.0
2023-11-01 11:00:00-03:00,,0.0
2023-11-01 12:00:00-03:00,,0.0
2023-11-01 13:00:00-03:00,,0.0
2023-11-01 14:00:00-03:00,,0.2
2023-11-01 15:00:00-03:00,,0.0
2023-11-01 16:00:00-03:00,,0.0
2023-11-01 17:00:00-03:00,,0.0
2023-11-01 18:00:00-03:00,,0.0
2023-11-01 19:00:00-03:00,,0.0
2023-11-01 20:00:00-03:00,,0.0
2023-11-02 05:00:00-03:00,,0.0
2023-11-02 06:00:00-03:00,,0.0
2023-11-02 07:00:00-03:00,,0.0
2023-11-02 08:00:00-03:00,,0.0
2023-11-02 09:00:00-03:00,,0.0
2023-11-02 10:00:00-03:00,,0.0
2023-11-02 11:00:00-03:00,,0.0
2023-11-02 12:00:00-03:00,,0.0
2023-11-02 13:00:00-03:00,,0.0
2023-11-02 14:00:00-03:00,,0.0
2023-11-02 15:00:00-03:00,,0.0
2023-11-02 16:00:00-03:00,,0.0
2023-11-02 17:00:00-03:00,,0.0
2023-11-02 18:00:00-03:00,,0.0
2023-11-02 19:00:00-03:00,,0.0
2023-11-03 05:00:00-03:00,,0.0
2023-11-03 06:00:00-03:00,,0.0
2023-11-03 07:00:00-03:00,151.5,0.0
2023-11-03 08:00:00-03:00,150.75,0.0
2023-11-03 09:00:00-03:00,148.75,0.0
2023-11-03 10:00:00-03:00,148.5,0.0
2023-11-03 11:00:00-03:00,146.5,0.0
2023-11-03 12:00:00-03:00,145.0,0.0
2023-11-03 13:00:00-03:00,143.33333333333334,0.0
2023-11-03 14:00:00-03:00,143.5,0.0
2023-11-03 15:00:00-03:00,142.0,0.0
2023-11-03 16:00:00-03:00,140.5,0.0
2023-11-04 06:00:00-03:00,139.0,0.0
2023-11-04 07:00:00-03:00,139.5,0.0
2023-11-04 08:00:00-03:00,144.5,0.0
2023-11-04 09:00:00-03:00,150.0,0.0
2023-11-04 10:00:00-03:00,156.75,0.0
2023-11-04 11:00:00-03:00,161.5,0.0
2023-11-04 12:00:00-03:00,169.75,0.0
2023-11-04 13:00:00-03:00,176.0,0.0
2023-11-04 14:00:00-03:00,182.5,0.0
2023-11-04 15:00:00-03:00,190.25,0.0
2023-11-04 16:00:00-03:00,196.5,0.0
2023-11-04 17:00:00-03:00,202.0,0.0
2023-11-04 18:00:00-03:00,207.75,0.0
2023-11-04 19:00:00-03:00,213.5,0.0
2023-11-04 20:00:00-03:00,215.5,0.0
2023-11-05 05:00:00-03:00,223.33333333333334,0.2
2023-11-05 06:00:00-03:00,231.16666666666666,0.0
2023-11-05 07:00:00-03:00,239.0,0.0
2023-11-05 08:00:00-03:00,240.25,0.0
2023-11-05 09:00:00-03:00,240.75,0.0
2023-11-05 10:00:00-03:00,241.25,0.0
2023-11-05 11:00:00-03:00,242.25,0.0
2023-11-05 12:00:00-03:00,242.5,0.0
2023-11-05 13:00:00-03:00,245.3333333333333,0.0
2023-11-05 14:00:00-03:00,244.25,0.0
2023-11-05 15:00:00-03:00,243.0,0.0
2023-11-06 05:00:00-03:00,216.5,0.0
2023-11-06 06:00:00-03:00,213.0,0.2
2023-11-06 07:00:00-03:00,205.5,0.0
2023-11-06 08:00:00-03:00,202.5,0.0
2023-11-06 09:00:00-03:00,198.75,0.0
2023-11-06 10:00:00-03:00,196.5,0.0
2023-11-06 11:00:00-03:00,193.25,0.0
2023-11-06 12:00:00-03:00,190.5,0.0
2023-11-06 13:00:00-03:00,192.66666666666663,0.0
2023-11-06 14:00:00-03:00,186.0,0.0
2023-11-06 15:00:00-03:00,182.0,0.0
2023-11-07 05:00:00-03:00,170.0,0.0
2023-11-07 06:00:00-03:00,158.0,0.0
2023-11-07 07:00:00-03:00,146.0,0.0
2023-11-07 08:00:00-03:00,145.25,0.0
2023-11-07 09:00:00-03:00,143.5,0.0
2023-11-07 10:00:00-03:00,142.5,0.0
2023-11-07 11:00:00-03:00,142.0,0.0
2023-11-07 12:00:00-03:00,144.5,0.0
2023-11-07 13:00:00-03:00,141.66666666666666,0.0
2023-11-07 14:00:00-03:00,140.0,0.0
2023-11-08 06:00:00-03:00,122.5,0.0
2023-11-08 07:00:00-03:00,120.25,0.2
2023-11-08 08:00:00-03:00,119.25,0.0
2023-11-08 09:00:00-03:00,119.25,0.0
2023-11-08 10:00:00-03:00,118.0,0.0
2023-11-08 11:00:00-03:00,118.0,0.0
2023-11-08 12:00:00-03:00,118.0,0.0
2023-11-08 13:00:00-03:00,118.0,0.0
2023-11-08 14:00:00-03:00,117.0,0.0
2023-11-08 15:00:00-03:00,116.0,0.0
2023-11-09 05:00:00-03:00,112.66666666666667,0.0
2023-11-09 06:00:00-03:00,109.33333333333333,0.0
2023-11-09 07:00:00-03:00,106.0,0.0
2023-11-09 08:00:00-03:00,105.5,0.0
2023-11-09 09:00:00-03:00,106.0,0.0
2023-11-09 10:00:00-03:00,104.75,0.0
2023-11-09 11:00:00-03:00,105.0,0.0
2023-11-09 12:00:00-03:00,105.0,0.0
2023-11-09 13:00:00-03:00,105.75,0.0
2023-11-09 14:00:00-03:00,104.0,0.0
2023-11-09 15:00:00-03:00,103.5,0.0
2023-11-09 16:00:00-03:00,103.0,0.0
2023-11-09 17:00:00-03:00,101.83333333333333,0.0
2023-11-09 18:00:00-03:00,100.66666666666667,0.0
2023-11-10 05:00:00-03:00,99.5,0.0
2023-11-10 06:00:00-03:00,,0.0
2023-11-10 07:00:00-03:00,,0.0
2023-11-10 08:00:00-03:00,96.0,0.0
2023-11-10 09:00:00-03:00,95.75,0.0
2023-11-10 10:00:00-03:00,95.5,0.0
2023-11-10 11:00:00-03:00,95.75,0.0
2023-11-10 12:00:00-03:00,95.25,0.0
2023-11-10 13:00:00-03:00,95.0,0.0
2023-11-10 14:00:00-03:00,95.0,0.0
2023-11-11 05:00:00-03:00,89.5,0.0
2023-11-11 06:00:00-03:00,89.5,0.0
2023-11-11 07:00:00-03:00,88.0,0.0
2023-11-11 08:00:00-03:00,88.0,0.0
2023-11-11 09:00:00-03:00,87.25,0.0
2023-11-11 10:00:00-03:00,88.0,0.0
2023-11-11 11:00:00-03:00,88.0,0.0
2023-11-11 12:00:00-03:00,87.75,0.0
2023-11-11 13:00:00-03:00,89.0,0.0
2023-11-12 06:00:00-03:00,82.0,0.0
2023-11-12 07:00:00-03:00,81.0,0.0
2023-11-12 08:00:00-03:00,81.0,0.0
2023-11-12 09:00:00-03:00,81.0,0.0
2023-11-12 10:00:00-03:00,82.0,0.0
2023-11-12 11:00:00-03:00,81.25,0.0
2023-11-12 12:00:00-03:00,82.0,0.0
2023-11-12 13:00:00-03:00,82.0,0.0
2023-11-12 14:00:00-03:00,82.0,0.0
2023-11-12 15:00:00-03:00,82.0,0.0
2023-11-13 07:00:00-03:00,75.0,0.0
2023-11-13 08:00:00-03:00,75.0,0.0
2023-11-13 09:00:00-03:00,75.0,0.0
2023-11-13 10:00:00-03:00,75.0,0.0
2023-11-13 11:00:00-03:00,75.0,0.0
2023-11-13 12:00:00-03:00,76.0,0.0
2023-11-13 13:00:00-03:00,76.5,0.0
2023-11-13 14:00:00-03:00,75.0,0.0
2023-11-14 05:00:00-03:00,73.33333333333333,0.0
2023-11-14 06:00:00-03:00,71.66666666666667,0.0
2023-11-14 07:00:00-03:00,70.0,0.0
2023-11-14 08:00:00-03:00,70.0,0.0
2023-11-14 09:00:00-03:00,69.75,0.0
2023-11-14 10:00:00-03:00,70.0,0.0
2023-11-14 11:00:00-03:00,70.5,0.0
2023-11-14 12:00:00-03:00,70.75,0.0
2023-11-14 13:00:00-03:00,73.0,0.0
2023-11-14 14:00:00-03:00,70.0,0.0
2023-11-15 05:00:00-03:00,68.66666666666667,0.0
2023-11-15 06:00:00-03:00,67.33333333333333,0.0
2023-11-15 07:00:00-03:00,66.0,0.0
2023-11-15 08:00:00-03:00,65.75,0.0
2023-11-15 09:00:00-03:00,65.0,0.0
2023-11-15 10:00:00-03:00,65.75,0.0
2023-11-15 11:00:00-03:00,66.0,0.0
2023-11-15 12:00:00-03:00,66.75,0.0
2023-11-15 13:00:00-03:00,67.0,0.0
2023-11-16 06:00:00-03:00,65.0,0.0
2023-11-16 07:00:00-03:00,64.25,0.0
2023-11-16 08:00:00-03:00,64.0,0.0
2023-11-16 09:00:00-03:00,65.0,0.0
2023-11-16 10:00:00-03:00,65.0,0.0
2023-11-16 11:00:00-03:00,65.0,0.0
2023-11-16 12:00:00-03:00,65.5,0.0
2023-11-16 13:00:00-03:00,65.25,0.0
2023-11-16 14:00:00-03:00,65.0,0.0
2023-11-17 05:00:00-03:00,64.33333333333333,0.0
2023-11-17 06:00:00-03:00,63.666666666666664,0.0
2023-11-17 07:00:00-03:00,63.0,0.0
2023-11-17 08:00:00-03:00,63.0,0.0
2023-11-17 09:00:00-03:00,63.25,0.0
2023-11-17 10:00:00-03:00,63.25,0.0
2023-11-17 11:00:00-03:00,63.75,0.0
2023-11-17 12:00:00-03:00,63.25,0.0
2023-11-17 13:00:00-03:00,65.0,0.0
2023-11-18 17:00:00-03:00,63.666666666666664,0.0
2023-11-18 18:00:00-03:00,62.333333333333336,0.0
2023-11-18 19:00:00-03:00,61.0,0.0
2023-11-19 05:00:00-03:00,,0.0
2023-11-19 06:00:00-03:00,,0.0
2023-11-19 07:00:00-03:00,57.0,0.0
2023-11-19 08:00:00-03:00,57.0,0.0
2023-11-19 09:00:00-03:00,56.75,0.0
2023-11-19 10:00:00-03:00,56.75,0.0
2023-11-19 11:00:00-03:00,56.5,0.0
2023-11-19 12:00:00-03:00,57.25,0.0
2023-11-19 13:00:00-03:00,57.5,0.0
2023-11-19 14:00:00-03:00,59.7,0.0
2023-11-19 15:00:00-03:00,61.9,0.0
2023-11-19 16:00:00-03:00,64.1,0.0
2023-11-19 17:00:00-03:00,,3.8
2023-11-19 18:00:00-03:00,68.5,7.0
2023-11-19 19:00:00-03:00,66.5,2.2
2023-11-19 20:00:00-03:00,64.5,1.2
2023-11-19 21:00:00-03:00,64.0,1.6
2023-11-20 05:00:00-03:00,63.333333333333336,0.0
2023-11-20 06:00:00-03:00,62.666666666666664,0.0
2023-11-20 07:00:00-03:00,62.0,0.0
2023-11-20 08:00:00-03:00,62.5,0.0
2023-11-20 09:00:00-03:00,62.25,0.0
2023-11-20 10:00:00-03:00,63.5,0.0
2023-11-20 11:00:00-03:00,65.25,0.0
2023-11-20 12:00:00-03:00,66.5,0.0
2023-11-20 13:00:00-03:00,69.0,0.0
2023-11-20 14:00:00-03:00,65.75,0.0
2023-11-20 15:00:00-03:00,67.25,0.0
2023-11-20 16:00:00-03:00,67.0,0.0
2023-11-20 17:00:00-03:00,67.66666666666667,0.0
2023-11-20 18:00:00-03:00,68.33333333333333,0.0
2023-11-20 19:00:00-03:00,69.0,21.8
2023-11-20 20:00:00-03:00,69.0,2.6
2023-11-21 05:00:00-03:00,71.16666666666667,0.0
2023-11-21 06:00:00-03:00,73.33333333333333,0.0
2023-11-21 07:00:00-03:00,75.5,0.0
2023-11-21 08:00:00-03:00,76.0,0.0
2023-11-21 09:00:00-03:00,77.0,0.0
2023-11-21 10:00:00-03:00,77.75,0.0
2023-11-21 11:00:00-03:00,79.75,0.0
2023-11-21 12:00:00-03:00,82.0,0.0
2023-11-21 13:00:00-03:00,80.5,0.0
2023-11-21 14:00:00-03:00,81.5,0.0
2023-11-21 15:00:00-03:00,83.0,0.0
2023-11-21 16:00:00-03:00,83.78571428571429,0.0
2023-11-21 17:00:00-03:00,84.57142857142857,0.0
2023-11-21 18:00:00-03:00,85.35714285714286,0.0
2023-11-21 19:00:00-03:00,,0.0
2023-11-22 05:00:00-03:00,,0.6
2023-11-22 06:00:00-03:00,,0.4
2023-11-22 07:00:00-03:00,88.5,0.0
2023-11-22 08:00:00-03:00,88.75,0.0
2023-11-22 09:00:00-03:00,89.25,0.0
2023-11-22 10:00:00-03:00,90.0,0.0
2023-11-22 11:00:00-03:00,92.25,0.0
2023-11-22 12:00:00-03:00,99.0,0.0
2023-11-22 13:00:00-03:00,97.75,0.0
2023-11-22 14:00:00-03:00,99.25,0.2
2023-11-22 15:00:00-03:00,100.0,0.0
2023-11-22 16:00:00-03:00,100.5,0.0
2023-11-22 17:00:00-03:00,101.0,4.0
2023-11-22 18:00:00-03:00,101.0,0.0
2023-11-22 19:00:00-03:00,100.5,2.8
2023-11-23 05:00:00-03:00,104.83333333333333,0.0
2023-11-23 06:00:00-03:00,109.16666666666667,0.0
2023-11-23 07:00:00-03:00,113.5,0.0
2023-11-23 08:00:00-03:00,116.75,0.0
2023-11-23 09:00:00-03:00,122.25,0.0
2023-11-23 10:00:00-03:00,129.25,0.0
2023-11-23 11:00:00-03:00,136.25,0.0
2023-11-23 12:00:00-03:00,144.0,0.0
2023-11-23 13:00:00-03:00,148.0,0.0
2023-11-23 14:00:00-03:00,152.0,1.4
2023-11-23 15:00:00-03:00,157.5,0.0
2023-11-23 16:00:00-03:00,163.0,0.0
2023-11-23 17:00:00-03:00,164.0,0.0
2023-11-23 18:00:00-03:00,162.1,0.0
2023-11-23 19:00:00-03:00,160.2,0.0
2023-11-24 05:00:00-03:00,158.3,0.0
2023-11-24 06:00:00-03:00,,0.0
2023-11-24 07:00:00-03:00,154.5,0.0
2023-11-24 08:00:00-03:00,152.5,0.0
2023-11-24 09:00:00-03:00,149.5,0.0
2023-11-24 10:00:00-03:00,147.25,0.2
2023-11-24 11:00:00-03:00,144.25,0.0
2023-11-24 12:00:00-03:00,141.75,0.0
2023-11-24 13:00:00-03:00,139.75,0.0
2023-11-24 14:00:00-03:00,139.75,0.0
2023-11-24 15:00:00-03:00,134.75,0.0
2023-11-24 16:00:00-03:00,133.5,0.0
2023-11-24 17:00:00-03:00,130.25,0.0
2023-11-24 18:00:00-03:00,127.0,0.0
2023-11-24 19:00:00-03:00,126.0,1.6
2023-11-24 20:00:00-03:00,126.75,4.4
2023-11-24 21:00:00-03:00,124.5,0.0
2023-11-25 05:00:00-03:00,118.66666666666667,0.0
2023-11-25 06:00:00-03:00,112.83333333333333,0.0
2023-11-25 07:00:00-03:00,107.0,0.0
2023-11-25 08:00:00-03:00,106.5,0.0
2023-11-25 09:00:00-03:00,105.75,0.0
2023-11-25 10:00:00-03:00,105.0,0.0
2023-11-25 11:00:00-03:00,104.0,0.0
2023-11-25 12:00:00-03:00,105.0,0.0
2023-11-25 13:00:00-03:00,104.25,0.0
2023-11-25 14:00:00-03:00,102.5,0.0
2023-11-25 15:00:00-03:00,100.75,0.0
2023-11-25 16:00:00-03:00,100.0,0.0
2023-11-25 17:00:00-03:00,100.5,0.0
2023-11-25 18:00:00-03:00,99.25,0.2
2023-11-25 19:00:00-03:00,98.0,0.0
2023-11-25 20:00:00-03:00,98.0,0.0
2023-11-25 21:00:00-03:00,97.5,0.0
2023-11-25 22:00:00-03:00,97.0,0.0
2023-11-26 05:00:00-03:00,96.16666666666667,0.0
2023-11-26 06:00:00-03:00,95.33333333333333,0.0
2023-11-26 07:00:00-03:00,94.5,0.0
2023-11-26 08:00:00-03:00,94.0,0.0
2023-11-26 09:00:00-03:00,94.0,0.0
2023-11-26 10:00:00-03:00,93.75,0.0
2023-11-26 11:00:00-03:00,93.75,0.0
2023-11-26 12:00:00-03:00,94.0,0.0
2023-11-26 13:00:00-03:00,93.66666666666669,0.0
2023-11-26 14:00:00-03:00,95.0,0.0
2023-11-26 15:00:00-03:00,93.0,0.0
2023-11-27 05:00:00-03:00,91.33333333333333,0.0
2023-11-27 06:00:00-03:00,89.66666666666667,0.0
2023-11-27 07:00:00-03:00,88.0,0.0
2023-11-27 08:00:00-03:00,87.5,0.0
2023-11-27 09:00:00-03:00,87.25,0.0
2023-11-27 10:00:00-03:00,87.25,0.0
2023-11-27 11:00:00-03:00,87.75,0.2
2023-11-27 12:00:00-03:00,88.0,0.0
2023-11-27 13:00:00-03:00,88.0,0.0
2023-11-27 14:00:00-03:00,87.5,0.0
2023-11-27 15:00:00-03:00,87.0,0.0
2023-11-27 16:00:00-03:00,87.0,0.0
2023-11-27 17:00:00-03:00,87.0,0.0
2023-11-27 18:00:00-03:00,87.0,0.0
2023-11-27 19:00:00-03:00,87.0,0.0
2023-11-27 20:00:00-03:00,87.0,0.0
2023-11-27 21:00:00-03:00,86.0,0.0
2023-11-27 22:00:00-03:00,86.0,0.0
2023-11-27 23:00:00-03:00,86.0,0.0
2023-11-28 05:00:00-03:00,85.66666666666667,0.0
2023-11-28 06:00:00-03:00,85.33333333333333,0.0
2023-11-28 07:00:00-03:00,85.0,0.0
2023-11-28 08:00:00-03:00,85.0,0.0
2023-11-28 09:00:00-03:00,84.5,0.0
2023-11-28 10:00:00-03:00,85.25,0.0
2023-11-28 11:00:00-03:00,85.75,0.0
2023-11-28 12:00:00-03:00,86.25,0.0
2023-11-28 13:00:00-03:00,86.0,0.0
2023-11-28 14:00:00-03:00,85.875,0.0
2023-11-28 15:00:00-03:00,85.75,0.0
2023-11-28 16:00:00-03:00,85.625,0.0
2023-11-28 17:00:00-03:00,,0.4
2023-11-28 18:00:00-03:00,,1.6
2023-11-28 19:00:00-03:00,,0.0
2023-11-28 20:00:00-03:00,,0.0
2023-11-28 21:00:00-03:00,85.0,0.2
2023-11-28 22:00:00-03:00,84.5,3.2
2023-11-28 23:00:00-03:00,87.5,8.0
2023-11-29 00:00:00-03:00,88.0,0.4
2023-11-29 01:00:00-03:00,87.57142857142857,0.4
2023-11-29 02:00:00-03:00,87.14285714285714,0.4
2023-11-29 03:00:00-03:00,86.71428571428571,1.4
2023-11-29 04:00:00-03:00,,0.6
2023-11-29 05:00:00-03:00,,0.6
2023-11-29 06:00:00-03:00,,2.6
2023-11-29 07:00:00-03:00,85.0,0.6
2023-11-29 08:00:00-03:00,85.0,0.0
2023-11-29 09:00:00-03:00,85.25,0.0
2023-11-29 10:00:00-03:00,86.5,0.0
2023-11-29 11:00:00-03:00,86.25,0.0
2023-11-29 12:00:00-03:00,86.5,0.0
2023-11-29 13:00:00-03:00,87.75,0.0
2023-11-29 14:00:00-03:00,87.25,0.0
2023-11-29 15:00:00-03:00,88.5,2.2
2023-11-29 16:00:00-03:00,89.25,0.2
2023-11-29 17:00:00-03:00,89.25,0.0
2023-11-29 18:00:00-03:00,90.25,0.0
2023-11-29 19:00:00-03:00,91.0,0.0
2023-11-29 20:00:00-03:00,93.0,0.0
2023-11-29 21:00:00-03:00,93.5,0.0
2023-11-29 22:00:00-03:00,94.5,0.0
2023-11-29 23:00:00-03:00,95.75,0.6
2023-11-30 00:00:00-03:00,97.0,4.2
2023-11-30 01:00:00-03:00,99.0,0.2
2023-11-30 02:00:00-03:00,100.0,0.0
2023-11-30 03:00:00-03:00,100.75,0.0
2023-11-30 04:00:00-03:00,101.5,0.0
2023-11-30 05:00:00-03:00,102.66666666666667,0.0
2023-11-30 06:00:00-03:00,103.83333333333333,0.0
2023-11-30 07:00:00-03:00,105.0,0.0
2023-11-30 08:00:00-03:00,106.25,0.0
2023-11-30 09:00:00-03:00,108.25,0.0
2023-11-30 10:00:00-03:00,109.75,0.0
2023-11-30 11:00:00-03:00,112.0,0.0
2023-11-30 12:00:00-03:00,116.25,0.0
2023-11-30 13:00:00-03:00,114.33333333333331,0.0
2023-11-30 14:00:00-03:00,115.0,0.0
2023-11-30 15:00:00-03:00,116.4,0.0
2023-11-30 16:00:00-03:00,117.8,0.0
2023-11-30 17:00:00-03:00,119.2,5.0
2023-11-30 18:00:00-03:00,,0.0
2023-11-30 19:00:00-03:00,122.0,0.0
2023-11-30 20:00:00-03:00,122.5,2.0
2023-11-30 21:00:00-03:00,123.75,0.6
2023-11-30 22:00:00-03:00,124.25,0.0
2023-11-30 23:00:00-03:00,124.5,0.0
2023-12-01 00:00:00-03:00,124.75,0.0
2023-12-01 01:00:00-03:00,125.0,0.0
2023-12-01 02:00:00-03:00,125.0,0.0
2023-12-01 03:00:00-03:00,124.75,0.0
2023-12-01 04:00:00-03:00,124.5,0.2
2023-12-01 05:00:00-03:00,124.0,0.0
2023-12-01 06:00:00-03:00,123.5,0.0
2023-12-01 07:00:00-03:00,123.0,0.0
2023-12-01 08:00:00-03:00,122.75,0.0
2023-12-01 09:00:00-03:00,122.25,0.0
2023-12-01 10:00:00-03:00,121.75,0.0
2023-12-01 11:00:00-03:00,122.0,0.0
2023-12-01 12:00:00-03:00,124.0,0.0
2023-12-01 13:00:00-03:00,121.5,0.0
2023-12-01 14:00:00-03:00,121.25,0.0
2023-12-01 15:00:00-03:00,121.0,0.0
2023-12-01 16:00:00-03:00,120.57142857142857,0.0
2023-12-01 17:00:00-03:00,120.14285714285714,0.0
2023-12-01 18:00:00-03:00,119.71428571428571,0.0
2023-12-01 19:00:00-03:00,,0.0
2023-12-01 20:00:00-03:00,,0.0
2023-12-01 21:00:00-03:00,,0.0
2023-12-01 22:00:00-03:00,118.0,0.0
2023-12-01 23:00:00-03:00,118.0,0.0
2023-12-02 05:00:00-03:00,117.0,0.0
2023-12-02 06:00:00-03:00,117.0,0.0
2023-12-02 07:00:00-03:00,117.0,0.0
2023-12-02 08:00:00-03:00,117.0,0.0
2023-12-02 09:00:00-03:00,117.0,0.0
2023-12-02 10:00:00-03:00,117.0,0.0
2023-12-02 11:00:00-03:00,117.5,0.0
2023-12-02 12:00:00-03:00,118.0,0.0
2023-12-02 13:00:00-03:00,117.0,0.0
2023-12-02 14:00:00-03:00,116.25,0.0
2023-12-02 15:00:00-03:00,116.0,0.0
2023-12-02 16:00:00-03:00,113.71428571428571,0.0
2023-12-02 17:00:00-03:00,111.42857142857143,0.0
2023-12-02 18:00:00-03:00,109.14285714285714,0.0
2023-12-02 19:00:00-03:00,,0.0
2023-12-03 05:00:00-03:00,,0.0
2023-12-03 06:00:00-03:00,,0.0
2023-12-03 07:00:00-03:00,100.0,0.0
2023-12-03 08:00:00-03:00,99.75,0.0
2023-12-03 09:00:00-03:00,98.75,0.0
2023-12-03 10:00:00-03:00,98.25,0.0
2023-12-03 11:00:00-03:00,98.25,0.0
2023-12-03 12:00:00-03:00,100.5,0.0
2023-12-03 13:00:00-03:00,98.0,0.0
2023-12-03 14:00:00-03:00,97.5,0.0
2023-12-03 15:00:00-03:00,97.0,0.0
2023-12-03 16:00:00-03:00,95.71428571428571,0.0
2023-12-03 17:00:00-03:00,94.42857142857143,0.0
2023-12-03 18:00:00-03:00,93.14285714285714,0.0
2023-12-03 19:00:00-03:00,,0.0
2023-12-04 05:00:00-03:00,,0.0
2023-12-04 06:00:00-03:00,,0.0
2023-12-04 07:00:00-03:00,88.0,0.0
2023-12-04 08:00:00-03:00,88.0,0.0
2023-12-04 09:00:00-03:00,88.75,0.0
2023-12-04 10:00:00-03:00,87.75,0.0
2023-12-04 11:00:00-03:00,88.0,0.0
2023-12-04 12:00:00-03:00,88.0,0.0
2023-12-04 13:00:00-03:00,88.25,0.0
2023-12-04 14:00:00-03:00,87.75,3.8
2023-12-04 15:00:00-03:00,87.5,8.2
2023-12-04 16:00:00-03:00,87.5,0.0
2023-12-04 17:00:00-03:00,87.0,0.0
2023-12-04 18:00:00-03:00,86.5,0.0
2023-12-04 19:00:00-03:00,86.0,0.0
2023-12-04 20:00:00-03:00,86.0,0.0
2023-12-04 21:00:00-03:00,85.5,0.0
2023-12-04 22:00:00-03:00,85.0,0.0
2023-12-04 23:00:00-03:00,85.0,0.0
2023-12-05 05:00:00-03:00,84.0,0.0
2023-12-05 06:00:00-03:00,83.0,0.0
2023-12-05 07:00:00-03:00,82.0,0.0
2023-12-05 08:00:00-03:00,81.75,0.0
2023-12-05 09:00:00-03:00,82.25,0.0
2023-12-05 10:00:00-03:00,81.75,0.0
2023-12-05 11:00:00-03:00,81.75,0.0
2023-12-05 12:00:00-03:00,82.66666666666667,0.0
2023-12-05 13:00:00-03:00,82.75,0.0
2023-12-05 14:00:00-03:00,83.25,0.0
2023-12-05 15:00:00-03:00,84.0,0.0
2023-12-05 16:00:00-03:00,84.75,0.0
2023-12-05 17:00:00-03:00,85.5,0.0
2023-12-05 18:00:00-03:00,87.33333333333333,0.0
2023-12-05 19:00:00-03:00,89.16666666666667,0.0
2023-12-05 20:00:00-03:00,91.0,0.0
2023-12-05 21:00:00-03:00,93.25,5.8
2023-12-05 22:00:00-03:00,99.5,0.6
2023-12-06 05:00:00-03:00,101.66666666666667,0.0
2023-12-06 06:00:00-03:00,103.83333333333333,0.2
2023-12-06 07:00:00-03:00,106.0,0.0
2023-12-06 08:00:00-03:00,105.25,0.0
2023-12-06 09:00:00-03:00,106.75,0.0
2023-12-06 10:00:00-03:00,106.75,0.0
2023-12-06 11:00:00-03:00,105.0,0.0
2023-12-06 12:00:00-03:00,105.75,0.0
2023-12-06 13:00:00-03:00,105.0,0.0
2023-12-06 14:00:00-03:00,104.25,0.0
2023-12-06 15:00:00-03:00,105.0,0.0
2023-12-06 16:00:00-03:00,104.25,0.0
2023-12-06 17:00:00-03:00,103.5,0.0
2023-12-06 18:00:00-03:00,102.75,0.0
2023-12-06 19:00:00-03:00,102.0,0.0
2023-12-06 20:00:00-03:00,100.75,0.0
2023-12-06 21:00:00-03:00,100.0,0.0
2023-12-06 22:00:00-03:00,99.75,0.0
2023-12-06 23:00:00-03:00,99.5,0.0
2023-12-07 05:00:00-03:00,99.0,0.0
2023-12-07 06:00:00-03:00,98.5,0.0
2023-12-07 07:00:00-03:00,98.0,0.0
2023-12-07 08:00:00-03:00,98.0,0.0
2023-12-07 09:00:00-03:00,97.5,0.0
2023-12-07 10:00:00-03:00,97.75,0.0
2023-12-07 11:00:00-03:00,98.5,0.0
2023-12-07 12:00:00-03:00,103.33333333333331,0.0
2023-12-07 13:00:00-03:00,100.25,0.0
2023-12-07 14:00:00-03:00,98.25,0.0
2023-12-07 15:00:00-03:00,98.0,0.0
2023-12-07 16:00:00-03:00,98.0,0.0
2023-12-07 17:00:00-03:00,96.58333333333333,0.0
2023-12-07 18:00:00-03:00,95.16666666666667,0.0
2023-12-07 19:00:00-03:00,93.75,0.0
2023-12-08 05:00:00-03:00,,0.0
2023-12-08 06:00:00-03:00,,0.0
2023-12-08 07:00:00-03:00,89.5,0.2
2023-12-08 08:00:00-03:00,88.75,0.0
2023-12-08 09:00:00-03:00,88.0,0.0
2023-12-08 10:00:00-03:00,87.75,0.0
2023-12-08 11:00:00-03:00,87.66666666666667,0.0
2023-12-08 12:00:00-03:00,88.0,0.0
2023-12-08 13:00:00-03:00,87.66666666666667,0.0
2023-12-08 14:00:00-03:00,87.75,0.0
2023-12-08 15:00:00-03:00,87.0,0.0
2023-12-08 16:00:00-03:00,86.375,0.0
2023-12-08 17:00:00-03:00,85.75,0.0
2023-12-08 18:00:00-03:00,85.125,0.0
2023-12-08 19:00:00-03:00,84.5,0.0
2023-12-08 20:00:00-03:00,84.0,0.0
2023-12-09 05:00:00-03:00,81.0,0.0
2023-12-09 06:00:00-03:00,80.5,0.0
2023-12-09 07:00:00-03:00,80.0,0.0
2023-12-09 08:00:00-03:00,80.25,0.0
2023-12-09 09:00:00-03:00,80.5,0.0
2023-12-09 10:00:00-03:00,80.5,0.0
2023-12-09 11:00:00-03:00,82.5,0.0
2023-12-09 12:00:00-03:00,82.75,0.0
2023-12-09 13:00:00-03:00,87.25,0.0
2023-12-09 14:00:00-03:00,83.75,0.0
2023-12-09 15:00:00-03:00,83.0,0.0
2023-12-09 16:00:00-03:00,82.875,0.0
2023-12-09 17:00:00-03:00,82.75,0.0
2023-12-09 18:00:00-03:00,82.625,0.0
2023-12-09 19:00:00-03:00,82.5,0.0
2023-12-09 20:00:00-03:00,82.0,0.0
2023-12-10 05:00:00-03:00,82.0,0.0
2023-12-10 06:00:00-03:00,82.0,0.0
2023-12-10 07:00:00-03:00,82.0,0.0
2023-12-10 08:00:00-03:00,82.25,0.0
2023-12-10 09:00:00-03:00,83.0,0.0
2023-12-10 10:00:00-03:00,83.75,0.0
2023-12-10 11:00:00-03:00,85.0,0.0
2023-12-10 12:00:00-03:00,85.75,0.0
2023-12-10 13:00:00-03:00,87.25,0.0
2023-12-10 14:00:00-03:00,88.25,0.0
2023-12-10 15:00:00-03:00,88.0,0.0
2023-12-10 16:00:00-03:00,88.75,0.0
2023-12-10 17:00:00-03:00,88.5,0.0
2023-12-10 18:00:00-03:00,88.75,0.0
2023-12-10 19:00:00-03:00,89.0,0.0
2023-12-10 20:00:00-03:00,89.0,0.0
2023-12-11 05:00:00-03:00,85.0,0.6
2023-12-11 06:00:00-03:00,84.75,0.0
2023-12-11 07:00:00-03:00,84.0,0.0
2023-12-11 08:00:00-03:00,83.5,0.2
2023-12-11 09:00:00-03:00,83.0,0.2
2023-12-11 10:00:00-03:00,83.0,0.2
2023-12-11 11:00:00-03:00,83.0,0.0
2023-12-11 12:00:00-03:00,83.5,0.0
2023-12-11 13:00:00-03:00,83.0,0.0
2023-12-11 14:00:00-03:00,83.0,0.0
2023-12-11 15:00:00-03:00,83.0,0.4
2023-12-11 16:00:00-03:00,82.5,2.8
2023-12-11 17:00:00-03:00,83.0,0.0
2023-12-11 18:00:00-03:00,82.75,0.0
2023-12-11 19:00:00-03:00,87.75,0.8
2023-12-11 20:00:00-03:00,87.5,0.0
2023-12-11 21:00:00-03:00,85.5,0.0
2023-12-11 22:00:00-03:00,85.0,1.0
2023-12-11 23:00:00-03:00,85.75,0.0
2023-12-12 00:00:00-03:00,87.0,0.2
2023-12-12 01:00:00-03:00,87.64285714285714,0.0
2023-12-12 02:00:00-03:00,88.28571428571429,0.0
2023-12-12 03:00:00-03:00,88.92857142857143,0.0
2023-12-12 04:00:00-03:00,,0.0
2023-12-12 05:00:00-03:00,,0.0
2023-12-12 06:00:00-03:00,,0.0
2023-12-12 07:00:00-03:00,91.5,0.0
2023-12-12 08:00:00-03:00,92.0,0.2
2023-12-12 09:00:00-03:00,92.5,0.0
2023-12-12 10:00:00-03:00,93.75,0.0
2023-12-12 11:00:00-03:00,95.0,0.0
2023-12-12 12:00:00-03:00,96.375,0.0
2023-12-12 13:00:00-03:00,97.75,0.0
2023-12-12 14:00:00-03:00,98.75,0.0
2023-12-12 15:00:00-03:00,98.5,0.0
2023-12-12 16:00:00-03:00,98.875,0.0
2023-12-12 17:00:00-03:00,99.25,0.0
2023-12-12 18:00:00-03:00,99.625,0.0
2023-12-12 19:00:00-03:00,100.0,0.0
2023-12-12 20:00:00-03:00,100.0,0.0
2023-12-12 21:00:00-03:00,101.0,0.0
2023-12-13 05:00:00-03:00,100.33333333333333,0.0
2023-12-13 06:00:00-03:00,99.66666666666667,0.0
2023-12-13 07:00:00-03:00,99.0,0.0
2023-12-13 08:00:00-03:00,98.75,0.0
2023-12-13 09:00:00-03:00,98.25,0.0
2023-12-13 10:00:00-03:00,99.5,0.0
2023-12-13 11:00:00-03:00,100.5,0.0
2023-12-13 12:00:00-03:00,101.0,0.0
2023-12-13 13:00:00-03:00,105.0,0.0
2023-12-13 14:00:00-03:00,106.5,0.0
2023-12-13 15:00:00-03:00,103.5,0.0
2023-12-13 16:00:00-03:00,103.625,0.0
2023-12-13 17:00:00-03:00,103.75,0.0
2023-12-13 18:00:00-03:00,103.875,0.0
2023-12-13 19:00:00-03:00,104.0,0.0
2023-12-13 20:00:00-03:00,103.5,0.0
2023-12-13 21:00:00-03:00,103.25,0.0
2023-12-13 22:00:00-03:00,103.0,0.0
2023-12-14 05:00:00-03:00,100.33333333333333,0.0
2023-12-14 06:00:00-03:00,97.66666666666667,0.0
2023-12-14 07:00:00-03:00,95.0,0.0
2023-12-14 08:00:00-03:00,94.25,0.0
2023-12-14 09:00:00-03:00,93.5,0.0
2023-12-14 10:00:00-03:00,92.75,0.0
2023-12-14 11:00:00-03:00,92.25,0.0
2023-12-14 12:00:00-03:00,92.0,0.0
2023-12-14 13:00:00-03:00,90.0,0.0
2023-12-14 14:00:00-03:00,93.75,0.0
2023-12-14 15:00:00-03:00,89.5,0.0
2023-12-14 16:00:00-03:00,88.28571428571429,0.0
2023-12-14 17:00:00-03:00,87.07142857142857,0.0
2023-12-14 18:00:00-03:00,85.85714285714286,0.0
2023-12-14 19:00:00-03:00,,0.0
2023-12-15 05:00:00-03:00,,0.0
2023-12-15 06:00:00-03:00,,0.0
2023-12-15 07:00:00-03:00,81.0,0.0
2023-12-15 08:00:00-03:00,81.0,0.0
2023-12-15 09:00:00-03:00,80.25,0.0
2023-12-15 10:00:00-03:00,80.5,0.0
2023-12-15 11:00:00-03:00,80.25,0.0
2023-12-15 12:00:00-03:00,80.0,0.0
2023-12-15 13:00:00-03:00,79.5,0.0
2023-12-15 14:00:00-03:00,79.0,0.0
2023-12-15 15:00:00-03:00,79.5,0.0
2023-12-16 05:00:00-03:00,74.0,0.0
2023-12-16 06:00:00-03:00,74.0,0.0
2023-12-16 07:00:00-03:00,74.0,0.0
2023-12-16 08:00:00-03:00,73.25,0.0
2023-12-16 09:00:00-03:00,74.0,0.0
2023-12-16 10:00:00-03:00,73.75,0.0
2023-12-16 11:00:00-03:00,73.5,0.0
2023-12-16 12:00:00-03:00,79.0,0.0
2023-12-16 13:00:00-03:00,76.0,0.0
2023-12-16 14:00:00-03:00,73.5,0.0
2023-12-16 15:00:00-03:00,73.5,0.0
2023-12-16 16:00:00-03:00,72.875,0.0
2023-12-16 17:00:00-03:00,72.25,0.8
2023-12-16 18:00:00-03:00,71.625,0.8
2023-12-16 19:00:00-03:00,71.0,0.0
2023-12-16 20:00:00-03:00,71.0,0.0
2023-12-16 21:00:00-03:00,71.0,0.0
2023-12-17 05:00:00-03:00,70.33333333333333,0.2
2023-12-17 06:00:00-03:00,69.66666666666667,0.0
2023-12-17 07:00:00-03:00,69.0,0.0
2023-12-17 08:00:00-03:00,69.0,0.0
2023-12-17 09:00:00-03:00,69.0,0.0
2023-12-17 10:00:00-03:00,69.75,0.0
2023-12-17 11:00:00-03:00,70.75,0.0
2023-12-17 12:00:00-03:00,71.25,0.0
2023-12-17 13:00:00-03:00,71.33333333333333,0.0
2023-12-17 14:00:00-03:00,72.0,0.0
2023-12-17 15:00:00-03:00,71.5,10.6
2023-12-17 16:00:00-03:00,71.375,1.0
2023-12-17 17:00:00-03:00,71.25,0.0
2023-12-17 18:00:00-03:00,71.125,0.0
2023-12-17 19:00:00-03:00,71.0,0.0
2023-12-17 20:00:00-03:00,70.75,0.0
2023-12-17 21:00:00-03:00,70.0,0.0
2023-12-18 05:00:00-03:00,69.83333333333333,0.0
2023-12-18 06:00:00-03:00,69.66666666666667,0.0
2023-12-18 07:00:00-03:00,69.5,0.0
2023-12-18 08:00:00-03:00,69.5,0.0
2023-12-18 09:00:00-03:00,69.25,0.2
2023-12-18 10:00:00-03:00,70.25,0.0
2023-12-18 11:00:00-03:00,71.0,0.0
2023-12-18 12:00:00-03:00,73.25,0.0
2023-12-18 13:00:00-03:00,74.75,0.0
2023-12-18 14:00:00-03:00,73.5,0.0
2023-12-18 15:00:00-03:00,72.0,0.0
2023-12-18 16:00:00-03:00,72.5,0.0
2023-12-18 17:00:00-03:00,73.0,0.0
2023-12-18 18:00:00-03:00,73.5,0.0
2023-12-18 19:00:00-03:00,74.0,0.0
2023-12-18 20:00:00-03:00,73.25,0.0
2023-12-18 21:00:00-03:00,72.5,0.0
2023-12-18 22:00:00-03:00,72.25,0.0
2023-12-18 23:00:00-03:00,72.0,0.0
2023-12-19 00:00:00-03:00,72.0,0.0
2023-12-19 01:00:00-03:00,72.42857142857143,0.0
2023-12-19 02:00:00-03:00,72.85714285714286,0.0
2023-12-19 03:00:00-03:00,73.28571428571429,0.0
2023-12-19 04:00:00-03:00,,0.0
2023-12-19 05:00:00-03:00,,0.0
2023-12-19 06:00:00-03:00,,0.0
2023-12-19 07:00:00-03:00,75.0,0.0
2023-12-19 08:00:00-03:00,75.5,0.0
2023-12-19 09:00:00-03:00,75.75,0.0
2023-12-19 10:00:00-03:00,75.75,0.0
2023-12-19 11:00:00-03:00,76.0,0.0
2023-12-19 12:00:00-03:00,77.75,0.0
2023-12-19 13:00:00-03:00,77.5,0.0
2023-12-19 14:00:00-03:00,78.75,0.0
2023-12-19 15:00:00-03:00,77.0,0.0
2023-12-19 16:00:00-03:00,76.33333333333333,0.4
2023-12-19 17:00:00-03:00,75.66666666666667,0.0
2023-12-19 18:00:00-03:00,75.0,0.0
2023-12-19 19:00:00-03:00,74.75,0.0
2023-12-19 20:00:00-03:00,74.0,0.0
2023-12-20 05:00:00-03:00,73.0,0.0
2023-12-20 06:00:00-03:00,72.0,0.0
2023-12-20 07:00:00-03:00,71.0,0.0
2023-12-20 08:00:00-03:00,70.75,0.0
2023-12-20 09:00:00-03:00,71.0,0.0
2023-12-20 10:00:00-03:00,70.5,0.0
2023-12-20 11:00:00-03:00,73.0,0.0
2023-12-20 12:00:00-03:00,70.0,0.0
2023-12-20 13:00:00-03:00,77.5,0.0
2023-12-20 14:00:00-03:00,71.5,0.0
2023-12-20 15:00:00-03:00,69.5,0.0
2023-12-20 16:00:00-03:00,69.375,0.0
2023-12-20 17:00:00-03:00,69.25,0.0
2023-12-20 18:00:00-03:00,69.125,0.0
2023-12-20 19:00:00-03:00,69.0,0.0
2023-12-20 20:00:00-03:00,68.5,0.0
2023-12-20 21:00:00-03:00,68.0,0.0
2023-12-21 05:00:00-03:00,67.0,0.0
2023-12-21 06:00:00-03:00,66.0,0.0
2023-12-21 07:00:00-03:00,65.0,0.0
2023-12-21 08:00:00-03:00,65.0,0.0
2023-12-21 09:00:00-03:00,65.75,0.0
2023-12-21 10:00:00-03:00,65.0,0.0
2023-12-21 11:00:00-03:00,66.0,0.0
2023-12-21 12:00:00-03:00,66.33333333333333,0.0
2023-12-21 13:00:00-03:00,74.5,0.0
2023-12-21 14:00:00-03:00,65.25,0.0
2023-12-21 15:00:00-03:00,64.0,0.0
2023-12-21 16:00:00-03:00,63.42857142857143,0.0
2023-12-21 17:00:00-03:00,62.857142857142854,0.0
2023-12-21 18:00:00-03:00,62.285714285714285,0.0
2023-12-21 19:00:00-03:00,,0.0
2023-12-22 05:00:00-03:00,,0.0
2023-12-22 06:00:00-03:00,,0.0
2023-12-22 07:00:00-03:00,60.0,0.0
2023-12-22 08:00:00-03:00,59.75,0.0
2023-12-22 09:00:00-03:00,60.75,0.0
2023-12-22 10:00:00-03:00,59.5,0.0
2023-12-22 11:00:00-03:00,59.75,0.0
2023-12-22 12:00:00-03:00,60.333333333333336,0.0
2023-12-22 13:00:00-03:00,61.333333333333336,0.0
2023-12-22 14:00:00-03:00,62.75,0.0
2023-12-22 15:00:00-03:00,60.25,0.0
2023-12-22 16:00:00-03:00,60.5,0.0
2023-12-23 05:00:00-03:00,59.0,0.0
2023-12-23 06:00:00-03:00,57.5,0.0
2023-12-23 07:00:00-03:00,56.0,0.0
2023-12-23 08:00:00-03:00,56.25,0.0
2023-12-23 09:00:00-03:00,56.75,0.0
2023-12-23 10:00:00-03:00,56.5,0.0
2023-12-23 11:00:00-03:00,56.75,0.0
2023-12-23 12:00:00-03:00,56.5,0.0
2023-12-23 13:00:00-03:00,58.25,0.2
2023-12-23 14:00:00-03:00,57.0,5.2
2023-12-23 15:00:00-03:00,57.25,0.8
2023-12-23 16:00:00-03:00,57.25,0.0
2023-12-23 17:00:00-03:00,57.5,0.0
2023-12-23 18:00:00-03:00,62.5,0.0
2023-12-23 19:00:00-03:00,67.5,0.0
2023-12-24 05:00:00-03:00,72.5,0.0
2023-12-24 06:00:00-03:00,,0.0
2023-12-24 07:00:00-03:00,82.5,0.0
2023-12-24 08:00:00-03:00,84.5,0.2
2023-12-24 09:00:00-03:00,87.25,0.0
2023-12-24 10:00:00-03:00,91.5,0.2
2023-12-24 11:00:00-03:00,94.0,0.0
2023-12-24 12:00:00-03:00,96.5,0.0
2023-12-24 13:00:00-03:00,102.5,0.0
2023-12-24 14:00:00-03:00,106.75,0.0
2023-12-24 15:00:00-03:00,110.5,0.0
2023-12-24 16:00:00-03:00,125.2,0.0
2023-12-24 17:00:00-03:00,139.9,0.0
2023-12-24 18:00:00-03:00,154.6,0.0
2023-12-24 19:00:00-03:00,,0.0
2023-12-25 06:00:00-03:00,184.0,0.0
2023-12-25 07:00:00-03:00,184.5,0.0
2023-12-25 08:00:00-03:00,185.0,0.0
2023-12-25 09:00:00-03:00,185.25,0.0
2023-12-25 10:00:00-03:00,185.75,0.0
2023-12-25 11:00:00-03:00,185.25,0.0
2023-12-25 12:00:00-03:00,184.5,0.0
2023-12-25 13:00:00-03:00,184.25,0.0
2023-12-25 14:00:00-03:00,182.5,0.0
2023-12-25 15:00:00-03:00,179.0,0.0
2023-12-25 16:00:00-03:00,176.5,0.0
2023-12-26 05:00:00-03:00,163.33333333333334,0.0
2023-12-26 06:00:00-03:00,150.16666666666666,0.0
2023-12-26 07:00:00-03:00,137.0,0.0
2023-12-26 08:00:00-03:00,136.25,0.0
2023-12-26 09:00:00-03:00,135.75,0.0
2023-12-26 10:00:00-03:00,136.5,0.0
2023-12-26 11:00:00-03:00,136.5,0.0
2023-12-26 12:00:00-03:00,139.0,0.0
2023-12-26 13:00:00-03:00,135.5,0.8
2023-12-26 14:00:00-03:00,135.0,0.0
2023-12-26 15:00:00-03:00,134.1,0.0
2023-12-26 16:00:00-03:00,133.2,0.0
2023-12-26 17:00:00-03:00,132.3,0.0
2023-12-26 18:00:00-03:00,,0.0
2023-12-26 19:00:00-03:00,130.5,0.0
2023-12-26 20:00:00-03:00,129.5,0.0
2023-12-27 05:00:00-03:00,122.83333333333333,0.0
2023-12-27 06:00:00-03:00,116.16666666666667,0.0
2023-12-27 07:00:00-03:00,109.5,0.0
2023-12-27 08:00:00-03:00,108.5,0.0
2023-12-27 09:00:00-03:00,107.75,0.0
2023-12-27 10:00:00-03:00,106.25,0.0
2023-12-27 11:00:00-03:00,105.5,0.0
2023-12-27 12:00:00-03:00,108.0,0.0
2023-12-27 13:00:00-03:00,104.33333333333331,0.0
2023-12-27 14:00:00-03:00,104.0,0.0
2023-12-27 15:00:00-03:00,103.75,0.0
2023-12-27 16:00:00-03:00,103.5,0.0
2023-12-27 17:00:00-03:00,103.25,0.0
2023-12-27 18:00:00-03:00,103.0,0.0
2023-12-27 19:00:00-03:00,103.0,0.0
2023-12-27 20:00:00-03:00,103.0,0.0
2023-12-28 05:00:00-03:00,108.5,0.0
2023-12-28 06:00:00-03:00,114.0,0.0
2023-12-28 07:00:00-03:00,119.5,0.0
2023-12-28 08:00:00-03:00,125.0,0.0
2023-12-28 09:00:00-03:00,126.0,0.0
2023-12-28 10:00:00-03:00,125.25,0.0
2023-12-28 11:00:00-03:00,125.0,0.0
2023-12-28 12:00:00-03:00,126.66666666666669,0.0
2023-12-28 13:00:00-03:00,123.0,0.0
2023-12-28 14:00:00-03:00,123.5,0.0
2023-12-28 15:00:00-03:00,121.0,0.0
2023-12-28 16:00:00-03:00,119.5,0.0
2023-12-28 17:00:00-03:00,117.83333333333333,0.0
2023-12-28 18:00:00-03:00,116.16666666666667,0.0
2023-12-28 19:00:00-03:00,114.5,0.0
2023-12-28 20:00:00-03:00,113.5,0.0
2023-12-29 05:00:00-03:00,109.625,0.0
2023-12-29 06:00:00-03:00,105.75,0.0
2023-12-29 07:00:00-03:00,101.875,0.0
2023-12-29 08:00:00-03:00,98.0,0.0
2023-12-29 09:00:00-03:00,98.5,0.0
2023-12-29 10:00:00-03:00,96.75,0.0
2023-12-29 11:00:00-03:00,97.0,0.0
2023-12-29 12:00:00-03:00,96.5,0.0
2023-12-29 13:00:00-03:00,97.0,0.0
2023-12-29 14:00:00-03:00,95.0,0.0
2023-12-29 15:00:00-03:00,94.0,0.0
2023-12-29 16:00:00-03:00,94.0,0.0
2023-12-29 17:00:00-03:00,92.41666666666667,0.0
2023-12-29 18:00:00-03:00,90.83333333333333,0.0
2023-12-29 19:00:00-03:00,89.25,0.0
2023-12-30 05:00:00-03:00,,0.0
2023-12-30 06:00:00-03:00,,0.0
2023-12-30 07:00:00-03:00,84.5,0.0
2023-12-30 08:00:00-03:00,84.25,0.0
2023-12-30 09:00:00-03:00,84.0,0.0
2023-12-30 10:00:00-03:00,84.25,0.0
2023-12-30 11:00:00-03:00,84.0,0.0
2023-12-30 12:00:00-03:00,84.0,0.0
2023-12-30 13:00:00-03:00,83.5,0.0
2023-12-30 14:00:00-03:00,84.5,0.0
2023-12-30 15:00:00-03:00,83.0,0.0
2023-12-30 16:00:00-03:00,82.0,0.0
2023-12-31 05:00:00-03:00,80.33333333333333,0.0
2023-12-31 06:00:00-03:00,78.66666666666667,0.0
2023-12-31 07:00:00-03:00,77.0,0.0
2023-12-31 08:00:00-03:00,77.0,0.0
2023-12-31 09:00:00-03:00,77.0,0.0
2023-12-31 10:00:00-03:00,76.5,0.0
2023-12-31 11:00:00-03:00,77.0,0.0
2023-12-31 12:00:00-03:00,76.75,0.0
2023-12-31 13:00:00-03:00,77.0,0.0
2023-12-31 14:00:00-03:00,77.0,0.0
2023-12-31 15:00:00-03:00,80.75,0.0
2023-12-31 16:00:00-03:00,76.5,0.0
2023-12-31 17:00:00-03:00,76.0,0.0
2023-12-31 18:00:00-03:00,75.5,0.0
2023-12-31 19:00:00-03:00,75.0,7.4
2023-12-31 20:00:00-03:00,75.5,0.2
2024-01-01 05:00:00-03:00,74.0,0.0
2024-01-01 06:00:00-03:00,74.0,0.0
2024-01-01 07:00:00-03:00,74.0,0.0
2024-01-01 08:00:00-03:00,74.0,0.0
2024-01-01 09:00:00-03:00,73.75,0.0
2024-01-01 10:00:00-03:00,74.5,0.0
2024-01-01 11:00:00-03:00,75.0,0.0
2024-01-01 12:00:00-03:00,75.0,0.0
2024-01-01 13:00:00-03:00,75.75,0.0
2024-01-01 14:00:00-03:00,76.25,0.0
2024-01-01 15:00:00-03:00,77.5,0.0
2024-01-01 16:00:00-03:00,78.75,1.4
2024-01-01 17:00:00-03:00,79.0,0.0
2024-01-01 18:00:00-03:00,80.5,0.0
2024-01-01 19:00:00-03:00,82.0,0.0
2024-01-01 20:00:00-03:00,82.25,0.0
2024-01-01 21:00:00-03:00,83.0,0.0
2024-01-01 22:00:00-03:00,83.0,0.0
2024-01-02 06:00:00-03:00,83.66666666666667,0.0
2024-01-02 07:00:00-03:00,84.33333333333333,0.0
2024-01-02 08:00:00-03:00,85.0,0.0
2024-01-02 09:00:00-03:00,86.0,0.0
2024-01-02 10:00:00-03:00,85.5,0.0
2024-01-02 11:00:00-03:00,84.75,0.0
2024-01-02 12:00:00-03:00,84.33333333333333,0.0
2024-01-02 13:00:00-03:00,83.75,3.8
2024-01-02 14:00:00-03:00,83.66666666666667,0.0
2024-01-02 15:00:00-03:00,85.5,0.0
2024-01-02 16:00:00-03:00,83.5,0.0
2024-01-02 17:00:00-03:00,83.0,0.0
2024-01-02 18:00:00-03:00,82.5,0.0
2024-01-02 19:00:00-03:00,82.0,0.0
2024-01-02 20:00:00-03:00,81.5,0.0
2024-01-03 05:00:00-03:00,80.33333333333333,0.0
2024-01-03 06:00:00-03:00,79.16666666666667,0.0
2024-01-03 07:00:00-03:00,78.0,0.0
2024-01-03 08:00:00-03:00,78.0,0.0
2024-01-03 09:00:00-03:00,78.0,0.0
2024-01-03 10:00:00-03:00,77.75,0.0
2024-01-03 11:00:00-03:00,78.75,0.0
2024-01-03 12:00:00-03:00,79.0,0.0
2024-01-03 13:00:00-03:00,79.33333333333333,0.2
2024-01-03 14:00:00-03:00,79.66666666666667,0.0
2024-01-03 15:00:00-03:00,80.0,0.0
2024-01-03 16:00:00-03:00,82.0,0.0
2024-01-03 17:00:00-03:00,81.5,0.0
2024-01-03 18:00:00-03:00,81.0,0.0
2024-01-03 19:00:00-03:00,81.25,0.4
2024-01-03 20:00:00-03:00,81.0,0.0
2024-01-03 21:00:00-03:00,82.0,0.0
2024-01-03 22:00:00-03:00,81.0,2.4
2024-01-03 23:00:00-03:00,80.5,1.6
2024-01-04 05:00:00-03:00,80.66666666666667,0.2
2024-01-04 06:00:00-03:00,80.83333333333333,0.0
2024-01-04 07:00:00-03:00,81.0,0.0
2024-01-04 08:00:00-03:00,81.0,0.0
2024-01-04 09:00:00-03:00,81.25,0.0
2024-01-04 10:00:00-03:00,82.5,0.0
2024-01-04 11:00:00-03:00,83.25,0.0
2024-01-04 12:00:00-03:00,85.0,0.0
2024-01-04 13:00:00-03:00,87.66666666666667,0.0
2024-01-04 14:00:00-03:00,89.5,0.0
2024-01-04 15:00:00-03:00,92.0,0.0
2024-01-04 16:00:00-03:00,96.5,0.0
2024-01-04 17:00:00-03:00,103.0,0.0
2024-01-04 18:00:00-03:00,109.5,2.0
2024-01-04 19:00:00-03:00,116.0,0.0
2024-01-04 20:00:00-03:00,120.25,0.0
2024-01-04 21:00:00-03:00,128.0,0.0
2024-01-04 22:00:00-03:00,135.0,0.0
2024-01-05 05:00:00-03:00,151.33333333333334,0.0
2024-01-05 06:00:00-03:00,167.66666666666666,0.0
2024-01-05 07:00:00-03:00,184.0,0.0
2024-01-05 08:00:00-03:00,186.0,0.0
2024-01-05 09:00:00-03:00,188.0,0.0
2024-01-05 10:00:00-03:00,190.0,0.0
2024-01-05 11:00:00-03:00,191.5,0.0
2024-01-05 12:00:00-03:00,193.0,0.0
2024-01-05 13:00:00-03:00,196.66666666666663,0.0
2024-01-05 14:00:00-03:00,193.75,0.0
2024-01-05 15:00:00-03:00,194.5,0.0
2024-01-05 16:00:00-03:00,193.0,0.0
2024-01-05 17:00:00-03:00,192.33333333333334,0.0
2024-01-05 18:00:00-03:00,191.66666666666666,0.0
2024-01-05 19:00:00-03:00,191.0,0.0
2024-01-05 20:00:00-03:00,189.25,0.0
2024-01-05 21:00:00-03:00,189.0,0.0
2024-01-06 05:00:00-03:00,177.75,0.0
2024-01-06 06:00:00-03:00,166.5,0.0
2024-01-06 07:00:00-03:00,164.0,0.2
2024-01-06 08:00:00-03:00,161.5,0.0
2024-01-06 09:00:00-03:00,158.75,0.0
2024-01-06 10:00:00-03:00,156.0,0.0
2024-01-06 11:00:00-03:00,153.5,0.0
2024-01-06 12:00:00-03:00,154.0,0.0
2024-01-06 13:00:00-03:00,150.625,0.0
2024-01-06 14:00:00-03:00,147.25,0.0
2024-01-06 15:00:00-03:00,145.5,0.0
2024-01-06 16:00:00-03:00,141.9375,0.0
2024-01-06 17:00:00-03:00,138.375,0.0
2024-01-06 18:00:00-03:00,134.8125,0.0
2024-01-06 19:00:00-03:00,,0.4
2024-01-07 05:00:00-03:00,,0.0
2024-01-07 06:00:00-03:00,,0.0
2024-01-07 07:00:00-03:00,,0.0
2024-01-07 08:00:00-03:00,117.0,0.0
2024-01-07 09:00:00-03:00,116.25,0.0
2024-01-07 10:00:00-03:00,116.5,0.0
2024-01-07 11:00:00-03:00,115.5,0.0
2024-01-07 12:00:00-03:00,115.0,0.0
2024-01-07 13:00:00-03:00,114.0,0.0
2024-01-07 14:00:00-03:00,114.5,0.0
2024-01-07 15:00:00-03:00,113.8,0.0
2024-01-07 16:00:00-03:00,113.1,0.0
2024-01-07 17:00:00-03:00,112.4,0.0
2024-01-07 18:00:00-03:00,,0.0
2024-01-07 19:00:00-03:00,111.0,0.0
2024-01-07 20:00:00-03:00,110.25,0.0
2024-01-07 21:00:00-03:00,110.0,0.0
2024-01-08 05:00:00-03:00,103.0,0.0
2024-01-08 06:00:00-03:00,103.0,0.0
2024-01-08 07:00:00-03:00,102.25,0.0
2024-01-08 08:00:00-03:00,102.0,0.0
2024-01-08 09:00:00-03:00,101.5,0.0
2024-01-08 10:00:00-03:00,101.25,0.0
2024-01-08 11:00:00-03:00,100.75,0.0
2024-01-08 12:00:00-03:00,102.0,0.0
2024-01-08 13:00:00-03:00,99.0,0.0
2024-01-08 14:00:00-03:00,100.0,0.0
2024-01-08 15:00:00-03:00,99.0,4.0
2024-01-08 16:00:00-03:00,99.0,0.6
2024-01-08 17:00:00-03:00,98.0,0.0
2024-01-08 18:00:00-03:00,97.0,0.0
2024-01-08 19:00:00-03:00,96.0,0.0
2024-01-08 20:00:00-03:00,96.0,0.0
2024-01-08 21:00:00-03:00,96.0,0.0
2024-01-08 22:00:00-03:00,95.25,0.0
2024-01-08 23:00:00-03:00,95.0,0.0
2024-01-09 05:00:00-03:00,94.0,0.0
2024-01-09 06:00:00-03:00,93.0,0.0
2024-01-09 07:00:00-03:00,92.0,0.0
2024-01-09 08:00:00-03:00,92.25,0.0
2024-01-09 09:00:00-03:00,92.25,0.2
2024-01-09 10:00:00-03:00,93.0,0.0
2024-01-09 11:00:00-03:00,93.75,0.0
2024-01-09 12:00:00-03:00,94.75,0.0
2024-01-09 13:00:00-03:00,96.0,0.0
2024-01-09 14:00:00-03:00,96.75,0.0
2024-01-09 15:00:00-03:00,96.75,0.0
2024-01-09 16:00:00-03:00,97.0,0.0
2024-01-09 17:00:00-03:00,97.66666666666667,0.0
2024-01-09 18:00:00-03:00,98.33333333333333,0.0
2024-01-09 19:00:00-03:00,99.0,0.0
2024-01-09 20:00:00-03:00,100.0,0.0
2024-01-09 21:00:00-03:00,100.25,0.0
2024-01-09 22:00:00-03:00,100.0,0.0
2024-01-10 05:00:00-03:00,101.66666666666667,0.0
2024-01-10 06:00:00-03:00,103.33333333333333,0.0
2024-01-10 07:00:00-03:00,105.0,0.0
2024-01-10 08:00:00-03:00,105.0,0.0
2024-01-10 09:00:00-03:00,105.0,0.0
2024-01-10 10:00:00-03:00,105.0,0.2
2024-01-10 11:00:00-03:00,105.0,0.0
2024-01-10 12:00:00-03:00,105.5,0.0
2024-01-10 13:00:00-03:00,104.33333333333331,0.0
2024-01-10 14:00:00-03:00,105.33333333333331,0.0
2024-01-10 15:00:00-03:00,105.0,0.0
2024-01-10 16:00:00-03:00,104.0,0.0
2024-01-10 17:00:00-03:00,103.0,0.0
2024-01-10 18:00:00-03:00,102.0,21.6
2024-01-10 19:00:00-03:00,,0.6
2024-01-11 05:00:00-03:00,,0.0
2024-01-11 06:00:00-03:00,,0.0
2024-01-11 07:00:00-03:00,98.0,0.0
2024-01-11 08:00:00-03:00,97.75,0.0
2024-01-11 09:00:00-03:00,98.25,0.0
2024-01-11 10:00:00-03:00,100.0,0.0
2024-01-11 11:00:00-03:00,102.0,0.0
2024-01-11 12:00:00-03:00,105.5,0.0
2024-01-11 13:00:00-03:00,108.0,0.0
2024-01-11 14:00:00-03:00,111.66666666666669,0.0
2024-01-11 15:00:00-03:00,111.5,0.0
2024-01-11 16:00:00-03:00,114.375,0.0
2024-01-11 17:00:00-03:00,117.25,3.2
2024-01-11 18:00:00-03:00,120.125,0.0
2024-01-11 19:00:00-03:00,123.0,0.0
2024-01-11 20:00:00-03:00,123.0,0.0
2024-01-12 05:00:00-03:00,126.33333333333333,0.0
2024-01-12 06:00:00-03:00,129.66666666666666,0.0
2024-01-12 07:00:00-03:00,133.0,0.0
2024-01-12 08:00:00-03:00,133.0,0.0
2024-01-12 09:00:00-03:00,133.25,0.0
2024-01-12 10:00:00-03:00,133.25,0.2
2024-01-12 11:00:00-03:00,132.5,0.0
2024-01-12 12:00:00-03:00,132.0,0.0
2024-01-12 13:00:00-03:00,135.0,3.4
2024-01-12 14:00:00-03:00,134.5,0.2
2024-01-12 15:00:00-03:00,132.0,0.0
2024-01-12 16:00:00-03:00,131.0,0.0
2024-01-12 17:00:00-03:00,129.5,0.0
2024-01-12 18:00:00-03:00,128.0,0.0
2024-01-12 19:00:00-03:00,127.25,0.0
2024-01-12 20:00:00-03:00,126.0,0.0
2024-01-12 21:00:00-03:00,124.5,0.0
2024-01-12 22:00:00-03:00,123.0,0.0
2024-01-12 23:00:00-03:00,122.25,0.0
2024-01-13 00:00:00-03:00,121.0,0.0
2024-01-13 01:00:00-03:00,123.25,0.0
2024-01-13 02:00:00-03:00,123.5,3.0
2024-01-13 03:00:00-03:00,121.5,0.4
2024-01-13 04:00:00-03:00,119.25,0.2
2024-01-13 05:00:00-03:00,117.0,0.0
2024-01-13 06:00:00-03:00,116.0,0.0
2024-01-13 07:00:00-03:00,115.0,0.0
2024-01-13 08:00:00-03:00,114.0,0.0
2024-01-13 09:00:00-03:00,113.25,0.0
2024-01-13 10:00:00-03:00,114.25,0.0
2024-01-13 11:00:00-03:00,112.75,0.0
2024-01-13 12:00:00-03:00,113.0,0.6
2024-01-13 13:00:00-03:00,112.75,0.0
2024-01-13 14:00:00-03:00,112.75,0.6
2024-01-13 15:00:00-03:00,113.0,0.0
2024-01-13 16:00:00-03:00,114.25,0.0
2024-01-13 17:00:00-03:00,115.5,0.0
2024-01-13 18:00:00-03:00,116.75,0.0
2024-01-13 19:00:00-03:00,118.0,0.0
2024-01-13 20:00:00-03:00,126.5,0.0
2024-01-13 21:00:00-03:00,131.75,1.4
2024-01-13 22:00:00-03:00,129.0,2.6
2024-01-13 23:00:00-03:00,127.0,0.6
2024-01-14 00:00:00-03:00,126.25,0.2
2024-01-14 01:00:00-03:00,125.0,0.2
2024-01-14 02:00:00-03:00,124.0,0.2
2024-01-14 03:00:00-03:00,124.5,0.0
2024-01-14 04:00:00-03:00,125.0,0.0
2024-01-14 05:00:00-03:00,125.5,0.0
2024-01-14 06:00:00-03:00,,0.0
2024-01-14 07:00:00-03:00,126.5,0.0
2024-01-14 08:00:00-03:00,126.0,0.0
2024-01-14 09:00:00-03:00,125.75,0.0
2024-01-14 10:00:00-03:00,126.5,0.0
2024-01-14 11:00:00-03:00,126.0,0.0
2024-01-14 12:00:00-03:00,125.75,0.0
2024-01-14 13:00:00-03:00,125.0,0.0
2024-01-14 14:00:00-03:00,125.0,0.0
2024-01-14 15:00:00-03:00,126.25,0.0
2024-01-14 16:00:00-03:00,127.5,0.0
2024-01-14 17:00:00-03:00,129.0,0.0
2024-01-14 18:00:00-03:00,131.0,0.0
2024-01-14 19:00:00-03:00,133.0,0.0
2024-01-14 20:00:00-03:00,136.0,0.0
2024-01-14 21:00:00-03:00,138.75,0.0
2024-01-14 22:00:00-03:00,141.5,0.0
2024-01-14 23:00:00-03:00,145.5,0.0
2024-01-15 00:00:00-03:00,149.25,0.0
2024-01-15 01:00:00-03:00,153.0,0.0
2024-01-15 02:00:00-03:00,156.75,0.0
2024-01-15 03:00:00-03:00,159.0,0.0
2024-01-15 04:00:00-03:00,163.0,0.0
2024-01-15 05:00:00-03:00,167.0,0.0
2024-01-15 06:00:00-03:00,171.0,0.0
2024-01-15 07:00:00-03:00,175.0,0.0
2024-01-15 08:00:00-03:00,176.25,0.0
2024-01-15 09:00:00-03:00,178.5,0.0
2024-01-15 10:00:00-03:00,181.25,0.0
2024-01-15 11:00:00-03:00,182.0,0.0
2024-01-15 12:00:00-03:00,183.5,0.0
2024-01-15 13:00:00-03:00,185.0,3.2
2024-01-15 14:00:00-03:00,185.75,0.0
2024-01-15 15:00:00-03:00,185.5,0.0
2024-01-15 16:00:00-03:00,185.16666666666666,0.0
2024-01-15 17:00:00-03:00,184.83333333333334,0.0
2024-01-15 18:00:00-03:00,184.5,0.0
2024-01-15 19:00:00-03:00,184.0,0.0
2024-01-15 20:00:00-03:00,183.75,0.0
2024-01-15 21:00:00-03:00,181.75,0.0
2024-01-15 22:00:00-03:00,180.5,0.0
2024-01-15 23:00:00-03:00,178.75,0.0
2024-01-16 00:00:00-03:00,177.25,0.0
2024-01-16 01:00:00-03:00,175.0,0.0
2024-01-16 02:00:00-03:00,173.5,0.0
2024-01-16 03:00:00-03:00,171.41666666666666,0.0
2024-01-16 04:00:00-03:00,169.33333333333334,0.0
2024-01-16 05:00:00-03:00,167.25,0.0
2024-01-16 06:00:00-03:00,,0.0
2024-01-16 07:00:00-03:00,,0.0
2024-01-16 08:00:00-03:00,161.0,0.0
2024-01-16 09:00:00-03:00,158.75,0.0
2024-01-16 10:00:00-03:00,157.5,0.2
2024-01-16 11:00:00-03:00,157.0,0.0
2024-01-16 12:00:00-03:00,155.0,0.0
2024-01-16 13:00:00-03:00,154.5,0.0
2024-01-16 14:00:00-03:00,153.0,0.0
2024-01-16 15:00:00-03:00,154.0,0.0
2024-01-16 16:00:00-03:00,152.75,0.0
2024-01-16 17:00:00-03:00,151.5,0.0
2024-01-16 18:00:00-03:00,150.25,0.0
2024-01-16 19:00:00-03:00,149.0,0.0
2024-01-16 20:00:00-03:00,148.5,0.0
2024-01-16 21:00:00-03:00,148.0,0.0
2024-01-16 22:00:00-03:00,148.0,0.0
2024-01-16 23:00:00-03:00,147.0,0.0
2024-01-17 05:00:00-03:00,145.33333333333334,0.0
2024-01-17 06:00:00-03:00,143.66666666666666,0.0
2024-01-17 07:00:00-03:00,142.0,0.0
2024-01-17 08:00:00-03:00,140.75,0.0
2024-01-17 09:00:00-03:00,139.5,0.0
2024-01-17 10:00:00-03:00,138.0,0.0
2024-01-17 11:00:00-03:00,138.25,0.0
2024-01-17 12:00:00-03:00,138.0,0.0
2024-01-17 13:00:00-03:00,137.66666666666666,0.0
2024-01-17 14:00:00-03:00,134.0,0.0
2024-01-17 15:00:00-03:00,132.75,0.0
2024-01-17 16:00:00-03:00,131.0,0.0
2024-01-17 17:00:00-03:00,130.5,0.0
2024-01-17 18:00:00-03:00,129.21428571428572,0.0
2024-01-17 19:00:00-03:00,127.92857142857143,0.0
2024-01-17 20:00:00-03:00,126.64285714285714,0.0
2024-01-17 21:00:00-03:00,,0.0
2024-01-17 22:00:00-03:00,,0.0
2024-01-17 23:00:00-03:00,,0.0
2024-01-18 00:00:00-03:00,121.5,0.0
2024-01-18 01:00:00-03:00,121.0,0.0
2024-01-18 02:00:00-03:00,120.0,0.0
2024-01-18 03:00:00-03:00,119.0,0.0
2024-01-18 04:00:00-03:00,118.0,0.0
2024-01-18 05:00:00-03:00,,0.0
2024-01-18 06:00:00-03:00,,0.0
2024-01-18 07:00:00-03:00,115.0,0.0
2024-01-18 08:00:00-03:00,114.5,0.0
2024-01-18 09:00:00-03:00,114.25,0.0
2024-01-18 10:00:00-03:00,114.75,0.0
2024-01-18 11:00:00-03:00,113.5,0.0
2024-01-18 12:00:00-03:00,115.25,0.0
2024-01-18 13:00:00-03:00,114.125,0.0
2024-01-18 14:00:00-03:00,113.0,0.0
2024-01-18 15:00:00-03:00,112.0,0.0
2024-01-18 16:00:00-03:00,111.0,9.8
2024-01-18 17:00:00-03:00,110.0,0.0
2024-01-18 18:00:00-03:00,,0.0
2024-01-18 19:00:00-03:00,108.0,0.0
2024-01-18 20:00:00-03:00,107.0,0.0
2024-01-18 21:00:00-03:00,107.0,0.0
2024-01-18 22:00:00-03:00,106.5,0.0
2024-01-18 23:00:00-03:00,106.0,0.0
2024-01-19 00:00:00-03:00,105.0,0.0
2024-01-19 01:00:00-03:00,105.0,0.0
2024-01-19 02:00:00-03:00,105.41666666666667,0.0
2024-01-19 03:00:00-03:00,105.83333333333333,0.0
2024-01-19 04:00:00-03:00,106.25,8.0
2024-01-19 05:00:00-03:00,,15.2
2024-01-19 06:00:00-03:00,,0.6
2024-01-19 07:00:00-03:00,107.5,0.0
2024-01-19 08:00:00-03:00,106.5,0.0
2024-01-19 09:00:00-03:00,105.5,2.8
2024-01-19 10:00:00-03:00,104.75,6.2
2024-01-19 11:00:00-03:00,105.5,2.8
2024-01-19 12:00:00-03:00,105.0,0.8
2024-01-19 13:00:00-03:00,105.0,0.0
2024-01-19 14:00:00-03:00,105.25,0.0
2024-01-19 15:00:00-03:00,106.0,0.0
2024-01-19 16:00:00-03:00,106.5,0.0
2024-01-19 17:00:00-03:00,107.0,0.0
2024-01-19 18:00:00-03:00,107.5,0.0
2024-01-19 19:00:00-03:00,108.0,0.0
2024-01-19 20:00:00-03:00,108.0,0.0
2024-01-19 21:00:00-03:00,108.0,0.4
2024-01-19 22:00:00-03:00,108.75,0.0
2024-01-19 23:00:00-03:00,109.25,0.8
2024-01-20 00:00:00-03:00,110.25,1.0
2024-01-20 01:00:00-03:00,111.75,0.2
2024-01-20 02:00:00-03:00,113.5,0.0
2024-01-20 03:00:00-03:00,114.5,0.0
2024-01-20 04:00:00-03:00,118.4,0.0
2024-01-20 05:00:00-03:00,122.3,0.0
2024-01-20 06:00:00-03:00,126.2,0.0
2024-01-20 07:00:00-03:00,,0.0
2024-01-20 08:00:00-03:00,134.0,0.0
2024-01-20 09:00:00-03:00,136.5,0.0
2024-01-20 10:00:00-03:00,139.75,0.0
2024-01-20 11:00:00-03:00,143.0,0.0
2024-01-20 12:00:00-03:00,146.25,0.0
2024-01-20 13:00:00-03:00,149.33333333333334,0.2
2024-01-20 14:00:00-03:00,152.25,0.0
2024-01-20 15:00:00-03:00,153.5,0.0
2024-01-20 16:00:00-03:00,156.0,0.0
2024-01-20 17:00:00-03:00,158.66666666666666,0.0
2024-01-20 18:00:00-03:00,161.33333333333334,0.0
2024-01-20 19:00:00-03:00,164.0,0.0
2024-01-20 20:00:00-03:00,164.75,0.0
2024-01-20 21:00:00-03:00,166.25,0.0
2024-01-20 22:00:00-03:00,172.33333333333334,1.2
2024-01-20 23:00:00-03:00,181.3333333333333,5.0
2024-01-21 00:00:00-03:00,191.5,3.0
2024-01-21 01:00:00-03:00,185.75,0.4
2024-01-21 02:00:00-03:00,183.0,0.2
2024-01-21 03:00:00-03:00,181.75,0.2
2024-01-21 04:00:00-03:00,181.0,0.0
2024-01-21 05:00:00-03:00,180.125,0.0
2024-01-21 06:00:00-03:00,179.25,0.0
2024-01-21 07:00:00-03:00,178.375,0.0
2024-01-21 08:00:00-03:00,177.5,0.0
2024-01-21 09:00:00-03:00,176.75,0.0
2024-01-21 10:00:00-03:00,176.0,0.0
2024-01-21 11:00:00-03:00,175.0,0.0
2024-01-21 12:00:00-03:00,174.0,0.0
2024-01-21 13:00:00-03:00,173.25,0.0
2024-01-21 14:00:00-03:00,173.75,0.0
2024-01-21 15:00:00-03:00,173.0,0.0
2024-01-21 16:00:00-03:00,173.0,0.0
2024-01-21 17:00:00-03:00,172.33333333333334,0.0
2024-01-21 18:00:00-03:00,171.66666666666666,1.0
2024-01-21 19:00:00-03:00,171.0,5.8
2024-01-21 20:00:00-03:00,171.0,0.0
2024-01-21 21:00:00-03:00,171.0,0.2
2024-01-21 22:00:00-03:00,171.5,0.0
2024-01-21 23:00:00-03:00,172.0,0.0
2024-01-22 00:00:00-03:00,172.0,0.0
2024-01-22 01:00:00-03:00,172.75,0.0
2024-01-22 02:00:00-03:00,173.25,0.0
2024-01-22 03:00:00-03:00,173.5,0.0
2024-01-22 04:00:00-03:00,173.25,0.0
2024-01-22 05:00:00-03:00,173.0,0.0
2024-01-22 06:00:00-03:00,173.25,0.0
2024-01-22 07:00:00-03:00,173.5,0.0
2024-01-22 08:00:00-03:00,173.0,0.0
2024-01-22 09:00:00-03:00,173.0,0.0
2024-01-22 10:00:00-03:00,171.5,0.2
2024-01-22 11:00:00-03:00,171.5,0.0
2024-01-22 12:00:00-03:00,170.33333333333334,0.0
2024-01-22 13:00:00-03:00,169.33333333333334,0.0
2024-01-22 14:00:00-03:00,169.33333333333334,0.0
2024-01-22 15:00:00-03:00,168.0,1.0
2024-01-22 16:00:00-03:00,166.0,0.2
2024-01-22 17:00:00-03:00,164.0,0.0
2024-01-22 18:00:00-03:00,162.0,0.0
2024-01-22 19:00:00-03:00,161.5,1.0
2024-01-22 20:00:00-03:00,160.0,0.0
2024-01-22 21:00:00-03:00,158.25,0.0
2024-01-22 22:00:00-03:00,156.75,0.0
2024-01-22 23:00:00-03:00,154.75,0.0
2024-01-23 00:00:00-03:00,153.25,0.0
2024-01-23 01:00:00-03:00,152.0,0.0
2024-01-23 02:00:00-03:00,151.5,0.0
2024-01-23 03:00:00-03:00,150.85714285714286,0.0
2024-01-23 04:00:00-03:00,150.21428571428572,0.0
2024-01-23 05:00:00-03:00,149.57142857142858,0.0
2024-01-23 06:00:00-03:00,,0.6
2024-01-23 07:00:00-03:00,,0.0
2024-01-23 08:00:00-03:00,,0.8
2024-01-23 09:00:00-03:00,147.0,3.2
2024-01-23 10:00:00-03:00,146.75,0.2
2024-01-23 11:00:00-03:00,146.75,0.0
2024-01-23 12:00:00-03:00,146.5,1.4
2024-01-23 13:00:00-03:00,147.5,1.6
2024-01-23 14:00:00-03:00,146.25,0.0
2024-01-23 15:00:00-03:00,146.0,0.0
2024-01-23 16:00:00-03:00,146.0,0.0
2024-01-23 17:00:00-03:00,148.25,7.6
2024-01-23 18:00:00-03:00,153.25,9.6
2024-01-23 19:00:00-03:00,153.25,4.0
2024-01-23 20:00:00-03:00,153.75,0.6
2024-01-23 21:00:00-03:00,153.25,0.0
2024-01-23 22:00:00-03:00,153.5,0.0
2024-01-23 23:00:00-03:00,154.5,0.0
2024-01-24 00:00:00-03:00,155.0,0.0
2024-01-24 01:00:00-03:00,156.25,0.0
2024-01-24 02:00:00-03:00,156.75,0.0
2024-01-24 03:00:00-03:00,157.75,0.0
2024-01-24 04:00:00-03:00,158.5,0.0
2024-01-24 05:00:00-03:00,159.0,0.0
2024-01-24 06:00:00-03:00,160.25,0.0
2024-01-24 07:00:00-03:00,161.5,0.0
2024-01-24 08:00:00-03:00,161.75,0.0
2024-01-24 09:00:00-03:00,162.75,0.0
2024-01-24 10:00:00-03:00,164.0,0.2
2024-01-24 11:00:00-03:00,165.5,0.0
2024-01-24 12:00:00-03:00,168.0,0.0
2024-01-24 13:00:00-03:00,170.25,0.0
2024-01-24 14:00:00-03:00,173.75,0.0
2024-01-24 15:00:00-03:00,176.0,0.0
2024-01-24 16:00:00-03:00,180.75,0.0
2024-01-24 17:00:00-03:00,185.5,0.0
2024-01-24 18:00:00-03:00,190.25,0.0
2024-01-24 19:00:00-03:00,195.0,0.0
2024-01-24 20:00:00-03:00,197.0,0.0
2024-01-24 21:00:00-03:00,201.0,0.0
2024-01-24 22:00:00-03:00,204.75,0.0
2024-01-24 23:00:00-03:00,207.75,0.0
2024-01-25 00:00:00-03:00,210.75,0.0
2024-01-25 01:00:00-03:00,213.5,0.0
2024-01-25 02:00:00-03:00,215.75,0.0
2024-01-25 03:00:00-03:00,217.5,0.0
2024-01-25 04:00:00-03:00,219.0,0.0
2024-01-25 05:00:00-03:00,220.5,0.0
2024-01-25 06:00:00-03:00,222.0,0.0
2024-01-25 07:00:00-03:00,223.5,0.0
2024-01-25 08:00:00-03:00,224.0,0.0
2024-01-25 09:00:00-03:00,226.25,0.0
2024-01-25 10:00:00-03:00,225.5,0.0
2024-01-25 11:00:00-03:00,225.75,0.0
2024-01-25 12:00:00-03:00,226.0,0.0
2024-01-25 13:00:00-03:00,227.0,0.0
2024-01-25 14:00:00-03:00,225.25,0.0
2024-01-25 15:00:00-03:00,224.5,0.0
2024-01-25 16:00:00-03:00,222.875,0.2
2024-01-25 17:00:00-03:00,221.25,0.0
2024-01-25 18:00:00-03:00,219.625,0.0
2024-01-25 19:00:00-03:00,218.0,0.0
2024-01-25 20:00:00-03:00,217.0,0.0
2024-01-25 21:00:00-03:00,213.5,0.0
2024-01-25 22:00:00-03:00,211.0,0.0
2024-01-25 23:00:00-03:00,209.0,0.0
2024-01-26 00:00:00-03:00,205.75,0.0
2024-01-26 01:00:00-03:00,202.75,0.0
2024-01-26 02:00:00-03:00,200.0,0.0
2024-01-26 03:00:00-03:00,197.5,0.0
2024-01-26 04:00:00-03:00,195.0,0.0
2024-01-26 05:00:00-03:00,192.25,0.0
2024-01-26 06:00:00-03:00,189.5,0.0
2024-01-26 07:00:00-03:00,186.75,0.0
2024-01-26 08:00:00-03:00,184.0,0.0
2024-01-26 09:00:00-03:00,182.0,0.0
2024-01-26 10:00:00-03:00,179.75,0.0
2024-01-26 11:00:00-03:00,177.25,0.0
2024-01-26 12:00:00-03:00,176.0,0.0
2024-01-26 13:00:00-03:00,173.66666666666666,0.0
2024-01-26 14:00:00-03:00,171.33333333333334,0.0
2024-01-26 15:00:00-03:00,169.0,0.0
2024-01-26 16:00:00-03:00,169.5,0.0
2024-01-26 17:00:00-03:00,167.0,0.0
2024-01-26 18:00:00-03:00,164.5,0.0
2024-01-26 19:00:00-03:00,162.0,0.0
2024-01-26 20:00:00-03:00,160.5,0.6
2024-01-26 21:00:00-03:00,159.5,0.0
2024-01-26 22:00:00-03:00,157.75,0.0
2024-01-26 23:00:00-03:00,156.0,2.4
2024-01-27 00:00:00-03:00,155.25,0.0
2024-01-27 01:00:00-03:00,154.25,0.0
2024-01-27 02:00:00-03:00,153.25,0.0
2024-01-27 03:00:00-03:00,152.0,0.0
2024-01-27 04:00:00-03:00,151.25,0.0
2024-01-27 05:00:00-03:00,150.5,0.0
2024-01-27 06:00:00-03:00,149.75,0.0
2024-01-27 07:00:00-03:00,149.0,0.0
2024-01-27 08:00:00-03:00,148.5,0.0
2024-01-27 09:00:00-03:00,148.0,0.0
2024-01-27 10:00:00-03:00,147.25,0.2
2024-01-27 11:00:00-03:00,147.33333333333334,0.0
2024-01-27 12:00:00-03:00,146.5,0.0
2024-01-27 13:00:00-03:00,145.75,0.0
2024-01-27 14:00:00-03:00,145.0,0.0
2024-01-27 15:00:00-03:00,147.0,0.0
2024-01-27 16:00:00-03:00,145.75,0.0
2024-01-27 17:00:00-03:00,144.5,0.0
2024-01-27 18:00:00-03:00,143.25,0.0
2024-01-27 19:00:00-03:00,142.0,0.0
2024-01-27 20:00:00-03:00,141.25,0.0
2024-01-27 21:00:00-03:00,141.0,0.0
2024-01-28 05:00:00-03:00,139.33333333333334,0.0
2024-01-28 06:00:00-03:00,137.66666666666666,0.0
2024-01-28 07:00:00-03:00,136.0,0.0
2024-01-28 08:00:00-03:00,135.5,0.0
2024-01-28 09:00:00-03:00,135.25,0.0
2024-01-28 10:00:00-03:00,135.5,0.0
2024-01-28 11:00:00-03:00,135.0,0.0
2024-01-28 12:00:00-03:00,134.5,0.0
2024-01-28 13:00:00-03:00,134.0,0.0
2024-01-28 14:00:00-03:00,134.25,22.8
2024-01-28 15:00:00-03:00,134.75,1.0
2024-01-28 16:00:00-03:00,134.5,0.0
2024-01-28 17:00:00-03:00,133.33333333333334,0.0
2024-01-28 18:00:00-03:00,132.16666666666666,0.0
2024-01-28 19:00:00-03:00,131.0,0.2
2024-01-28 20:00:00-03:00,131.0,0.0
2024-01-28 21:00:00-03:00,130.5,0.0
2024-01-28 22:00:00-03:00,130.0,0.0
2024-01-28 23:00:00-03:00,130.0,0.0
2024-01-29 00:00:00-03:00,130.0,0.0
2024-01-29 01:00:00-03:00,129.75,0.0
2024-01-29 02:00:00-03:00,130.0,0.0
2024-01-29 03:00:00-03:00,130.0,0.0
2024-01-29 04:00:00-03:00,129.5,0.0
2024-01-29 05:00:00-03:00,129.0,0.0
2024-01-29 06:00:00-03:00,130.0,0.0
2024-01-29 07:00:00-03:00,130.5,0.0
2024-01-29 08:00:00-03:00,131.5,0.0
2024-01-29 09:00:00-03:00,132.0,0.2
2024-01-29 10:00:00-03:00,134.25,0.0
2024-01-29 11:00:00-03:00,136.5,0.0
2024-01-29 12:00:00-03:00,141.0,0.0
2024-01-29 13:00:00-03:00,141.0,0.0
2024-01-29 14:00:00-03:00,143.25,0.0
2024-01-29 15:00:00-03:00,145.5,0.0
2024-01-29 16:00:00-03:00,147.0,0.0
2024-01-29 17:00:00-03:00,148.83333333333334,0.0
2024-01-29 18:00:00-03:00,150.66666666666666,0.0
2024-01-29 19:00:00-03:00,152.5,0.0
2024-01-29 20:00:00-03:00,153.25,1.4
2024-01-29 21:00:00-03:00,154.0,0.0
2024-01-29 22:00:00-03:00,155.25,0.0
2024-01-29 23:00:00-03:00,155.0,0.0
2024-01-30 05:00:00-03:00,155.25,0.0
2024-01-30 06:00:00-03:00,155.5,0.0
2024-01-30 07:00:00-03:00,155.75,0.0
2024-01-30 08:00:00-03:00,156.0,0.0
2024-01-30 09:00:00-03:00,155.0,0.0
2024-01-30 10:00:00-03:00,155.0,0.0
2024-01-30 11:00:00-03:00,154.75,0.0
2024-01-30 12:00:00-03:00,153.5,0.0
2024-01-30 13:00:00-03:00,152.0,0.0
2024-01-30 14:00:00-03:00,150.5,0.0
2024-01-30 15:00:00-03:00,150.0,0.0
2024-01-30 16:00:00-03:00,148.83333333333334,0.0
2024-01-30 17:00:00-03:00,147.66666666666666,0.0
2024-01-30 18:00:00-03:00,146.5,0.0
2024-01-30 19:00:00-03:00,144.25,0.0
2024-01-30 20:00:00-03:00,142.5,0.0
2024-01-30 21:00:00-03:00,140.5,0.0
2024-01-30 22:00:00-03:00,139.25,0.0
2024-01-30 23:00:00-03:00,138.0,0.0
2024-01-31 05:00:00-03:00,134.33333333333334,0.0
2024-01-31 06:00:00-03:00,130.66666666666666,0.0
2024-01-31 07:00:00-03:00,127.0,0.0
2024-01-31 08:00:00-03:00,126.5,0.0
2024-01-31 09:00:00-03:00,125.75,0.0
2024-01-31 10:00:00-03:00,125.5,0.0
2024-01-31 11:00:00-03:00,125.0,0.0
2024-01-31 12:00:00-03:00,124.5,0.0
2024-01-31 13:00:00-03:00,124.33333333333331,0.0
2024-01-31 14:00:00-03:00,123.75,0.0
2024-01-31 15:00:00-03:00,122.25,0.0
2024-01-31 16:00:00-03:00,121.0,0.0
2024-01-31 17:00:00-03:00,121.0,0.0
2024-01-31 18:00:00-03:00,120.0,0.0
2024-01-31 19:00:00-03:00,119.0,0.0
2024-01-31 20:00:00-03:00,118.25,0.0
2024-01-31 21:00:00-03:00,118.0,0.0
2024-01-31 22:00:00-03:00,117.0,0.0
2024-01-31 23:00:00-03:00,116.5,0.0
2024-02-01 05:00:00-03:00,115.0,0.0
2024-02-01 06:00:00-03:00,113.5,0.0
2024-02-01 07:00:00-03:00,112.0,0.0
2024-02-01 08:00:00-03:00,112.0,0.0
2024-02-01 09:00:00-03:00,111.5,0.0
2024-02-01 10:00:00-03:00,111.5,0.0
2024-02-01 11:00:00-03:00,112.0,0.0
2024-02-01 12:00:00-03:00,112.75,0.0
2024-02-01 13:00:00-03:00,113.0,0.0
2024-02-01 14:00:00-03:00,113.66666666666669,0.0
2024-02-01 15:00:00-03:00,114.5,0.0
2024-02-01 16:00:00-03:00,117.71428571428571,0.0
2024-02-01 17:00:00-03:00,120.92857142857143,0.0
2024-02-01 18:00:00-03:00,124.14285714285714,0.0
2024-02-01 19:00:00-03:00,,0.0
2024-02-02 05:00:00-03:00,,0.0
2024-02-02 06:00:00-03:00,,0.0
2024-02-02 07:00:00-03:00,137.0,0.0
2024-02-02 08:00:00-03:00,137.0,0.0
2024-02-02 09:00:00-03:00,137.0,0.0
2024-02-02 10:00:00-03:00,136.66666666666666,0.0
2024-02-02 11:00:00-03:00,136.33333333333334,7.6
2024-02-02 12:00:00-03:00,136.0,5.0
2024-02-02 13:00:00-03:00,136.0,5.2
2024-02-02 14:00:00-03:00,135.5,0.0
2024-02-02 15:00:00-03:00,133.75,0.0
2024-02-02 16:00:00-03:00,133.0,0.0
2024-02-02 17:00:00-03:00,132.75,0.0
2024-02-02 18:00:00-03:00,131.5,0.0
2024-02-02 19:00:00-03:00,131.0,0.0
2024-02-02 20:00:00-03:00,130.25,0.0
2024-02-02 21:00:00-03:00,129.5,0.0
2024-02-02 22:00:00-03:00,129.25,0.0
2024-02-02 23:00:00-03:00,129.0,0.0
2024-02-03 00:00:00-03:00,129.0,0.0
2024-02-03 01:00:00-03:00,129.5,0.0
2024-02-03 02:00:00-03:00,129.25,0.0
2024-02-03 03:00:00-03:00,129.5,0.0
2024-02-03 04:00:00-03:00,130.0,0.2
2024-02-03 05:00:00-03:00,130.0,0.0
2024-02-03 06:00:00-03:00,130.5,0.0
2024-02-03 07:00:00-03:00,131.0,0.0
2024-02-03 08:00:00-03:00,131.75,0.0
2024-02-03 09:00:00-03:00,133.0,0.0
2024-02-03 10:00:00-03:00,134.75,0.0
2024-02-03 11:00:00-03:00,137.5,0.0
2024-02-03 12:00:00-03:00,137.5,0.0
2024-02-03 13:00:00-03:00,139.5,0.0
2024-02-03 14:00:00-03:00,140.25,0.0
2024-02-03 15:00:00-03:00,142.0,0.8
2024-02-03 16:00:00-03:00,143.0,0.2
2024-02-03 17:00:00-03:00,144.0,0.0
2024-02-03 18:00:00-03:00,145.0,0.0
2024-02-03 19:00:00-03:00,146.0,1.0
2024-02-03 20:00:00-03:00,,0.2
2024-02-03 21:00:00-03:00,148.0,0.0
2024-02-03 22:00:00-03:00,149.0,0.0
2024-02-03 23:00:00-03:00,149.5,0.0
2024-02-04 00:00:00-03:00,150.0,0.0
2024-02-04 01:00:00-03:00,150.5,0.0
2024-02-04 02:00:00-03:00,151.0,0.2
2024-02-04 03:00:00-03:00,151.0,0.0
2024-02-04 04:00:00-03:00,151.5,0.0
2024-02-04 05:00:00-03:00,152.0,0.0
2024-02-04 06:00:00-03:00,152.5,0.0
2024-02-04 07:00:00-03:00,153.0,0.0
2024-02-04 08:00:00-03:00,153.25,0.0
2024-02-04 09:00:00-03:00,154.0,0.0
2024-02-04 10:00:00-03:00,155.25,0.0
2024-02-04 11:00:00-03:00,156.5,0.0
2024-02-04 12:00:00-03:00,158.0,0.0
2024-02-04 13:00:00-03:00,159.5,0.0
2024-02-04 14:00:00-03:00,161.0,7.6
2024-02-04 15:00:00-03:00,162.5,0.6
2024-02-04 16:00:00-03:00,163.0,0.0
2024-02-04 17:00:00-03:00,163.5,0.0
2024-02-04 18:00:00-03:00,164.0,0.0
2024-02-04 19:00:00-03:00,164.5,0.0
2024-02-04 20:00:00-03:00,165.0,0.0
2024-02-04 21:00:00-03:00,164.5,0.0
2024-02-04 22:00:00-03:00,164.0,0.0
2024-02-04 23:00:00-03:00,163.14285714285714,0.0
2024-02-05 00:00:00-03:00,162.28571428571428,0.0
2024-02-05 01:00:00-03:00,161.42857142857142,0.0
2024-02-05 02:00:00-03:00,,0.0
2024-02-05 03:00:00-03:00,,0.0
2024-02-05 04:00:00-03:00,,0.0
2024-02-05 05:00:00-03:00,158.0,0.0
2024-02-05 06:00:00-03:00,158.0,0.0
2024-02-05 07:00:00-03:00,157.75,0.0
2024-02-05 08:00:00-03:00,156.75,0.0
2024-02-05 09:00:00-03:00,156.25,0.0
2024-02-05 10:00:00-03:00,155.75,0.0
2024-02-05 11:00:00-03:00,156.75,0.0
2024-02-05 12:00:00-03:00,156.75,0.0
2024-02-05 13:00:00-03:00,157.0,3.4
2024-02-05 14:00:00-03:00,157.0,0.0
2024-02-05 15:00:00-03:00,157.0,0.0
2024-02-05 16:00:00-03:00,157.0,0.0
2024-02-05 17:00:00-03:00,,0.0
2024-02-05 18:00:00-03:00,,0.0
2024-02-05 19:00:00-03:00,157.0,0.0
2024-02-05 20:00:00-03:00,157.0,0.0
2024-02-05 21:00:00-03:00,157.25,0.0
2024-02-05 22:00:00-03:00,157.0,0.2
2024-02-06 05:00:00-03:00,155.0,0.0
2024-02-06 06:00:00-03:00,153.0,0.0
2024-02-06 07:00:00-03:00,151.0,0.0
2024-02-06 08:00:00-03:00,150.25,0.0
2024-02-06 09:00:00-03:00,149.25,0.0
2024-02-06 10:00:00-03:00,149.5,0.0
2024-02-06 11:00:00-03:00,147.5,0.0
2024-02-06 12:00:00-03:00,147.66666666666666,0.0
2024-02-06 13:00:00-03:00,145.5,0.0
2024-02-06 14:00:00-03:00,146.0,0.0
2024-02-06 15:00:00-03:00,143.75,0.0
2024-02-06 16:00:00-03:00,143.0,0.0
2024-02-06 17:00:00-03:00,141.83333333333334,0.0
2024-02-06 18:00:00-03:00,140.66666666666666,0.0
2024-02-06 19:00:00-03:00,139.5,0.0
2024-02-06 20:00:00-03:00,139.0,0.0
2024-02-06 21:00:00-03:00,138.0,0.0
2024-02-07 05:00:00-03:00,136.66666666666666,0.0
2024-02-07 06:00:00-03:00,135.33333333333334,0.0
2024-02-07 07:00:00-03:00,134.0,0.0
2024-02-07 08:00:00-03:00,133.25,0.0
2024-02-07 09:00:00-03:00,132.75,0.0
2024-02-07 10:00:00-03:00,132.75,0.0
2024-02-07 11:00:00-03:00,132.25,0.0
2024-02-07 12:00:00-03:00,132.0,0.0
2024-02-07 13:00:00-03:00,132.0,0.0
2024-02-07 14:00:00-03:00,130.66666666666666,0.0
2024-02-07 15:00:00-03:00,130.0,0.0
2024-02-07 16:00:00-03:00,129.42857142857142,0.0
2024-02-07 17:00:00-03:00,128.85714285714286,0.0
2024-02-07 18:00:00-03:00,128.28571428571428,0.0
2024-02-07 19:00:00-03:00,,0.0
2024-02-08 05:00:00-03:00,,0.0
2024-02-08 06:00:00-03:00,,0.2
2024-02-08 07:00:00-03:00,126.0,0.0
2024-02-08 08:00:00-03:00,125.25,0.0
2024-02-08 09:00:00-03:00,125.75,0.0
2024-02-08 10:00:00-03:00,125.0,0.0
2024-02-08 11:00:00-03:00,124.75,0.0
2024-02-08 12:00:00-03:00,125.0,0.0
2024-02-08 13:00:00-03:00,124.0,0.0
2024-02-08 14:00:00-03:00,124.0,0.0
2024-02-08 15:00:00-03:00,124.25,0.0
2024-02-08 16:00:00-03:00,123.0,0.0
2024-02-08 17:00:00-03:00,122.0,0.0
2024-02-08 18:00:00-03:00,121.0,0.0
2024-02-08 19:00:00-03:00,120.0,0.0
2024-02-09 06:00:00-03:00,,0.0
2024-02-09 07:00:00-03:00,,0.0
2024-02-09 08:00:00-03:00,117.0,0.0
2024-02-09 09:00:00-03:00,116.0,0.0
2024-02-09 10:00:00-03:00,116.75,0.0
2024-02-09 11:00:00-03:00,117.0,0.0
2024-02-09 12:00:00-03:00,116.5,0.0
2024-02-09 13:00:00-03:00,117.0,0.0
2024-02-09 14:00:00-03:00,117.75,0.0
2024-02-09 15:00:00-03:00,118.25,0.0
2024-02-09 16:00:00-03:00,117.0,0.0
2024-02-09 17:00:00-03:00,117.5,0.0
2024-02-09 18:00:00-03:00,118.0,0.0
2024-02-09 19:00:00-03:00,118.5,0.0
2024-02-10 06:00:00-03:00,,0.0
2024-02-10 07:00:00-03:00,,0.0
2024-02-10 08:00:00-03:00,120.0,0.0
2024-02-10 09:00:00-03:00,119.75,0.0
2024-02-10 10:00:00-03:00,120.75,0.0
2024-02-10 11:00:00-03:00,121.5,0.0
2024-02-10 12:00:00-03:00,122.0,0.0
2024-02-10 13:00:00-03:00,122.33333333333331,0.0
2024-02-10 14:00:00-03:00,122.5,0.0
2024-02-10 15:00:00-03:00,122.5,0.0
2024-02-10 16:00:00-03:00,121.0,0.0
2024-02-10 17:00:00-03:00,120.33333333333333,0.0
2024-02-10 18:00:00-03:00,119.66666666666667,0.0
2024-02-10 19:00:00-03:00,119.0,0.0
2024-02-10 20:00:00-03:00,119.0,0.0
2024-02-11 06:00:00-03:00,118.16666666666667,0.0
2024-02-11 07:00:00-03:00,117.33333333333333,0.2
2024-02-11 08:00:00-03:00,116.5,0.0
2024-02-11 09:00:00-03:00,116.75,0.0
2024-02-11 10:00:00-03:00,115.5,0.0
2024-02-11 11:00:00-03:00,115.75,0.0
2024-02-11 12:00:00-03:00,115.0,0.0
2024-02-11 13:00:00-03:00,114.0,0.0
2024-02-11 14:00:00-03:00,114.75,0.0
2024-02-11 15:00:00-03:00,113.25,0.0
2024-02-11 16:00:00-03:00,112.5,0.0
2024-02-11 17:00:00-03:00,111.5,0.0
2024-02-11 18:00:00-03:00,110.5,0.0
2024-02-11 19:00:00-03:00,109.5,0.0
2024-02-11 20:00:00-03:00,109.5,0.0
2024-02-12 06:00:00-03:00,107.33333333333333,0.4
2024-02-12 07:00:00-03:00,105.16666666666667,0.0
2024-02-12 08:00:00-03:00,103.0,0.0
2024-02-12 09:00:00-03:00,102.75,0.0
2024-02-12 10:00:00-03:00,103.5,0.0
2024-02-12 11:00:00-03:00,104.0,0.2
2024-02-12 12:00:00-03:00,106.0,0.0
2024-02-12 13:00:00-03:00,111.0,0.0
2024-02-12 14:00:00-03:00,111.0,0.0
2024-02-12 15:00:00-03:00,116.28571428571429,1.2
2024-02-12 16:00:00-03:00,121.57142857142857,0.0
2024-02-12 17:00:00-03:00,126.85714285714286,0.0
2024-02-12 18:00:00-03:00,,0.2
2024-02-12 19:00:00-03:00,,0.0
2024-02-12 20:00:00-03:00,,0.0
2024-02-12 21:00:00-03:00,148.0,0.0
2024-02-12 22:00:00-03:00,150.0,0.0
2024-02-12 23:00:00-03:00,151.5,0.0
2024-02-13 05:00:00-03:00,161.33333333333334,0.0
2024-02-13 06:00:00-03:00,171.16666666666666,0.0
2024-02-13 07:00:00-03:00,181.0,0.0
2024-02-13 08:00:00-03:00,182.0,0.0
2024-02-13 09:00:00-03:00,184.0,0.0
2024-02-13 10:00:00-03:00,185.75,0.0
2024-02-13 11:00:00-03:00,187.75,0.2
2024-02-13 12:00:00-03:00,190.5,0.0
2024-02-13 13:00:00-03:00,191.0,0.0
2024-02-13 14:00:00-03:00,191.66666666666666,0.0
2024-02-13 15:00:00-03:00,192.33333333333334,2.0
2024-02-13 16:00:00-03:00,193.0,5.4
2024-02-13 17:00:00-03:00,193.0,0.8
2024-02-13 18:00:00-03:00,193.5,0.4
2024-02-13 19:00:00-03:00,194.0,0.2
2024-02-13 20:00:00-03:00,193.25,0.0
2024-02-13 21:00:00-03:00,193.25,0.0
2024-02-13 22:00:00-03:00,193.25,0.0
2024-02-13 23:00:00-03:00,193.0,0.0
2024-02-14 00:00:00-03:00,192.5,0.0
2024-02-14 01:00:00-03:00,192.0,0.0
2024-02-14 02:00:00-03:00,191.0,0.0
2024-02-14 03:00:00-03:00,190.0,0.0
2024-02-14 04:00:00-03:00,188.15,0.0
2024-02-14 05:00:00-03:00,186.3,0.2
2024-02-14 06:00:00-03:00,184.45,0.0
2024-02-14 07:00:00-03:00,,0.0
2024-02-14 08:00:00-03:00,180.75,0.0
2024-02-14 09:00:00-03:00,178.75,0.0
2024-02-14 10:00:00-03:00,176.0,0.0
2024-02-14 11:00:00-03:00,173.25,0.0
2024-02-14 12:00:00-03:00,171.25,0.0
2024-02-14 13:00:00-03:00,169.0,0.0
2024-02-14 14:00:00-03:00,167.0,0.0
2024-02-14 15:00:00-03:00,165.5,0.0
2024-02-14 16:00:00-03:00,165.125,0.0
2024-02-14 17:00:00-03:00,164.75,0.4
2024-02-14 18:00:00-03:00,164.375,0.2
2024-02-14 19:00:00-03:00,164.0,0.2
2024-02-14 20:00:00-03:00,162.0,0.0
2024-02-14 21:00:00-03:00,159.0,0.4
2024-02-14 22:00:00-03:00,158.25,0.0
2024-02-14 23:00:00-03:00,157.5,0.2
2024-02-15 00:00:00-03:00,157.0,0.4
2024-02-15 01:00:00-03:00,157.0,1.8
2024-02-15 02:00:00-03:00,157.25,1.2
2024-02-15 03:00:00-03:00,157.0,0.2
2024-02-15 04:00:00-03:00,156.5,0.6
2024-02-15 05:00:00-03:00,156.0,1.2
2024-02-15 06:00:00-03:00,155.5,0.0
2024-02-15 07:00:00-03:00,155.0,0.0
2024-02-15 08:00:00-03:00,155.0,0.0
2024-02-15 09:00:00-03:00,154.0,0.4
2024-02-15 10:00:00-03:00,152.5,3.8
2024-02-15 11:00:00-03:00,152.5,4.6
2024-02-15 12:00:00-03:00,151.5,2.0
2024-02-15 13:00:00-03:00,152.0,0.0
2024-02-15 14:00:00-03:00,150.5,1.0
2024-02-15 15:00:00-03:00,149.0,5.6
2024-02-15 16:00:00-03:00,149.75,1.0
2024-02-15 17:00:00-03:00,149.0,1.2
2024-02-15 18:00:00-03:00,149.0,0.0
2024-02-15 19:00:00-03:00,148.75,0.6
2024-02-15 20:00:00-03:00,149.0,0.0
2024-02-15 21:00:00-03:00,149.0,0.4
2024-02-15 22:00:00-03:00,149.75,0.2
2024-02-15 23:00:00-03:00,151.0,0.0
2024-02-16 00:00:00-03:00,152.5,0.0
2024-02-16 01:00:00-03:00,155.0,0.0
2024-02-16 02:00:00-03:00,157.0,0.0
2024-02-16 03:00:00-03:00,160.25,0.0
2024-02-16 04:00:00-03:00,163.0,0.0
2024-02-16 05:00:00-03:00,165.5,0.0
2024-02-16 06:00:00-03:00,169.75,0.0
2024-02-16 07:00:00-03:00,174.0,0.0
2024-02-16 08:00:00-03:00,175.5,0.0
2024-02-16 09:00:00-03:00,178.75,0.0
2024-02-16 10:00:00-03:00,182.25,0.0
2024-02-16 11:00:00-03:00,184.5,0.0
2024-02-16 12:00:00-03:00,188.75,0.0
2024-02-16 13:00:00-03:00,190.0,0.0
2024-02-16 14:00:00-03:00,193.25,0.0
2024-02-16 15:00:00-03:00,194.0,0.0
2024-02-16 16:00:00-03:00,196.25,0.0
2024-02-16 17:00:00-03:00,198.5,0.0
2024-02-16 18:00:00-03:00,200.75,0.2
2024-02-16 19:00:00-03:00,203.0,0.0
2024-02-16 20:00:00-03:00,204.0,0.0
2024-02-16 21:00:00-03:00,205.5,0.0
2024-02-16 22:00:00-03:00,207.5,0.0
2024-02-16 23:00:00-03:00,208.5,0.0
2024-02-17 00:00:00-03:00,210.0,0.0
2024-02-17 01:00:00-03:00,211.5,0.4
2024-02-17 02:00:00-03:00,212.75,0.0
2024-02-17 03:00:00-03:00,213.0,0.0
2024-02-17 04:00:00-03:00,214.5,0.0
2024-02-17 05:00:00-03:00,216.0,0.0
2024-02-17 06:00:00-03:00,217.0,0.0
2024-02-17 07:00:00-03:00,217.0,0.0
2024-02-17 08:00:00-03:00,217.25,0.0
2024-02-17 09:00:00-03:00,217.75,0.0
2024-02-17 10:00:00-03:00,218.25,0.0
2024-02-17 11:00:00-03:00,218.25,0.0
2024-02-17 12:00:00-03:00,218.25,0.0
2024-02-17 13:00:00-03:00,220.0,0.0
2024-02-17 14:00:00-03:00,219.0,0.0
2024-02-17 15:00:00-03:00,217.75,0.0
2024-02-17 16:00:00-03:00,216.5,0.0
2024-02-17 17:00:00-03:00,215.25,0.0
2024-02-17 18:00:00-03:00,214.0,0.0
2024-02-17 19:00:00-03:00,213.25,0.2
2024-02-17 20:00:00-03:00,212.0,0.2
2024-02-17 21:00:00-03:00,211.0,0.0
2024-02-17 22:00:00-03:00,208.5,0.0
2024-02-17 23:00:00-03:00,206.0,0.0
2024-02-18 00:00:00-03:00,204.5,0.0
2024-02-18 01:00:00-03:00,202.75,0.0
2024-02-18 02:00:00-03:00,200.5,0.2
2024-02-18 03:00:00-03:00,197.91666666666666,0.0
2024-02-18 04:00:00-03:00,195.33333333333334,0.0
2024-02-18 05:00:00-03:00,192.75,0.0
2024-02-18 06:00:00-03:00,,0.0
2024-02-18 07:00:00-03:00,,0.0
2024-02-18 08:00:00-03:00,185.0,0.0
2024-02-18 09:00:00-03:00,184.0,0.0
2024-02-18 10:00:00-03:00,180.5,0.0
2024-02-18 11:00:00-03:00,179.5,0.2
2024-02-18 12:00:00-03:00,178.25,0.4
2024-02-18 13:00:00-03:00,176.5,0.0
2024-02-18 14:00:00-03:00,175.0,0.0
2024-02-18 15:00:00-03:00,173.0,0.2
2024-02-18 16:00:00-03:00,171.0,0.0
2024-02-18 17:00:00-03:00,169.66666666666666,0.0
2024-02-18 18:00:00-03:00,168.33333333333334,0.0
2024-02-18 19:00:00-03:00,167.0,0.0
2024-02-18 20:00:00-03:00,167.0,0.0
2024-02-18 21:00:00-03:00,166.25,0.0
2024-02-18 22:00:00-03:00,166.0,0.0
2024-02-18 23:00:00-03:00,167.0,0.4
2024-02-19 00:00:00-03:00,167.0,0.0
2024-02-19 01:00:00-03:00,167.25,0.0
2024-02-19 02:00:00-03:00,168.0,0.0
2024-02-19 03:00:00-03:00,168.0,0.0
2024-02-19 04:00:00-03:00,168.5,0.0
2024-02-19 05:00:00-03:00,169.0,0.0
2024-02-19 06:00:00-03:00,169.5,0.0
2024-02-19 07:00:00-03:00,170.0,0.0
2024-02-19 08:00:00-03:00,170.0,0.0
2024-02-19 09:00:00-03:00,169.75,0.0
2024-02-19 10:00:00-03:00,170.75,0.0
2024-02-19 11:00:00-03:00,170.0,0.2
2024-02-19 12:00:00-03:00,169.5,0.0
2024-02-19 13:00:00-03:00,169.5,0.0
2024-02-19 14:00:00-03:00,169.0,2.2
2024-02-19 15:00:00-03:00,175.66666666666666,0.0
2024-02-19 16:00:00-03:00,173.75,0.0
2024-02-19 17:00:00-03:00,171.83333333333331,0.0
2024-02-19 18:00:00-03:00,169.91666666666666,0.0
2024-02-19 19:00:00-03:00,168.0,0.0
2024-02-19 20:00:00-03:00,167.0,16.6
2024-02-19 21:00:00-03:00,166.75,2.8
2024-02-19 22:00:00-03:00,166.0,0.0
2024-02-19 23:00:00-03:00,166.0,0.0
2024-02-20 00:00:00-03:00,166.0,0.0
2024-02-20 01:00:00-03:00,165.25,0.0
2024-02-20 02:00:00-03:00,165.5,0.0
2024-02-20 03:00:00-03:00,165.41666666666666,0.0
2024-02-20 04:00:00-03:00,165.33333333333334,0.0
2024-02-20 05:00:00-03:00,165.25,0.0
2024-02-20 06:00:00-03:00,,0.2
2024-02-20 07:00:00-03:00,,0.0
2024-02-20 08:00:00-03:00,165.0,0.0
2024-02-20 09:00:00-03:00,165.0,0.0
2024-02-20 10:00:00-03:00,164.5,0.2
2024-02-20 11:00:00-03:00,164.25,0.0
2024-02-20 12:00:00-03:00,164.25,0.0
2024-02-20 13:00:00-03:00,163.5,4.8
2024-02-20 14:00:00-03:00,168.0,0.0
2024-02-20 15:00:00-03:00,166.33333333333334,0.0
2024-02-20 16:00:00-03:00,164.66666666666666,0.0
2024-02-20 17:00:00-03:00,163.0,0.4
2024-02-20 18:00:00-03:00,162.5,0.0
2024-02-20 19:00:00-03:00,162.0,0.0
2024-02-20 20:00:00-03:00,162.0,0.0
2024-02-20 21:00:00-03:00,161.5,0.0
2024-02-20 22:00:00-03:00,161.75,0.0
2024-02-20 23:00:00-03:00,161.75,0.0
2024-02-21 00:00:00-03:00,162.5,0.2
2024-02-21 01:00:00-03:00,163.0,0.0
2024-02-21 02:00:00-03:00,163.0,0.0
2024-02-21 03:00:00-03:00,163.25,0.0
2024-02-21 04:00:00-03:00,163.0,0.0
2024-02-21 05:00:00-03:00,163.5,0.0
2024-02-21 06:00:00-03:00,163.25,0.0
2024-02-21 07:00:00-03:00,163.0,0.0
2024-02-21 08:00:00-03:00,163.0,0.0
2024-02-21 09:00:00-03:00,163.0,0.0
2024-02-21 10:00:00-03:00,162.5,0.0
2024-02-21 11:00:00-03:00,161.25,0.0
2024-02-21 12:00:00-03:00,161.0,0.0
2024-02-21 13:00:00-03:00,161.5,0.0
2024-02-21 14:00:00-03:00,160.0,1.6
2024-02-21 15:00:00-03:00,158.8,0.0
2024-02-21 16:00:00-03:00,157.6,0.0
2024-02-21 17:00:00-03:00,156.4,1.4
2024-02-21 18:00:00-03:00,,1.4
2024-02-21 19:00:00-03:00,154.0,0.2
2024-02-21 20:00:00-03:00,152.75,0.0
2024-02-21 21:00:00-03:00,152.0,0.0
2024-02-22 00:00:00-03:00,151.0,0.0
2024-02-22 01:00:00-03:00,151.25,5.0
2024-02-22 02:00:00-03:00,153.0,2.2
2024-02-22 03:00:00-03:00,156.25,0.4
2024-02-22 04:00:00-03:00,159.0,0.0
2024-02-22 05:00:00-03:00,158.0,0.0
2024-02-22 06:00:00-03:00,157.0,0.0
2024-02-22 07:00:00-03:00,156.0,0.0
2024-02-22 08:00:00-03:00,156.0,0.0
2024-02-22 09:00:00-03:00,155.75,0.0
2024-02-22 10:00:00-03:00,157.0,0.0
2024-02-22 11:00:00-03:00,157.0,0.0
2024-02-22 12:00:00-03:00,158.0,0.2
2024-02-22 13:00:00-03:00,157.66666666666666,0.0
2024-02-22 14:00:00-03:00,161.5,0.0
2024-02-22 15:00:00-03:00,160.25,0.0
2024-02-22 16:00:00-03:00,159.0,0.0
2024-02-22 17:00:00-03:00,159.33333333333334,0.0
2024-02-22 18:00:00-03:00,159.66666666666666,0.0
2024-02-22 19:00:00-03:00,160.0,0.0
2024-02-22 20:00:00-03:00,160.5,0.0
2024-02-23 01:00:00-03:00,169.0,0.0
2024-02-23 02:00:00-03:00,178.5,0.2
2024-02-23 03:00:00-03:00,186.0,0.2
2024-02-23 04:00:00-03:00,190.0,0.6
2024-02-23 05:00:00-03:00,194.0,0.2
2024-02-23 06:00:00-03:00,198.0,0.2
2024-02-23 07:00:00-03:00,,0.0
2024-02-23 08:00:00-03:00,206.0,0.0
2024-02-23 09:00:00-03:00,208.75,0.0
2024-02-23 10:00:00-03:00,213.5,0.6
2024-02-23 11:00:00-03:00,217.75,0.4
2024-02-23 12:00:00-03:00,221.0,26.4
2024-02-23 13:00:00-03:00,224.0,0.0
2024-02-23 14:00:00-03:00,225.66666666666663,0.0
2024-02-23 15:00:00-03:00,227.66666666666663,0.0
2024-02-23 16:00:00-03:00,228.5,0.0
2024-02-23 17:00:00-03:00,230.0,0.0
2024-02-23 18:00:00-03:00,231.5,0.0
2024-02-23 19:00:00-03:00,233.0,0.0
2024-02-23 20:00:00-03:00,233.5,0.0
2024-02-23 21:00:00-03:00,234.0,0.0
2024-02-23 22:00:00-03:00,235.5,0.0
2024-02-23 23:00:00-03:00,235.75,0.0
2024-02-24 00:00:00-03:00,236.0,0.0
2024-02-24 01:00:00-03:00,236.0,0.0
2024-02-24 02:00:00-03:00,236.25,0.0
2024-02-24 03:00:00-03:00,236.5,0.0
2024-02-24 04:00:00-03:00,236.0,0.0
2024-02-24 05:00:00-03:00,236.5,0.0
2024-02-24 06:00:00-03:00,236.25,0.0
2024-02-24 07:00:00-03:00,236.0,0.0
2024-02-24 08:00:00-03:00,235.25,0.0
2024-02-24 09:00:00-03:00,234.75,0.0
2024-02-24 10:00:00-03:00,233.75,0.0
2024-02-24 11:00:00-03:00,233.75,0.0
2024-02-24 12:00:00-03:00,233.5,0.0
2024-02-24 13:00:00-03:00,233.0,0.6
2024-02-24 14:00:00-03:00,232.5,0.0
2024-02-24 15:00:00-03:00,232.5,0.0
2024-02-24 16:00:00-03:00,231.375,0.0
2024-02-24 17:00:00-03:00,230.25,0.0
2024-02-24 18:00:00-03:00,229.125,0.0
2024-02-24 19:00:00-03:00,228.0,0.0
2024-02-24 20:00:00-03:00,228.0,0.0
2024-02-24 21:00:00-03:00,227.0,0.0
2024-02-24 22:00:00-03:00,227.0,0.0
2024-02-24 23:00:00-03:00,226.25,0.0
2024-02-25 00:00:00-03:00,226.0,0.0
2024-02-25 01:00:00-03:00,225.5,0.0
2024-02-25 02:00:00-03:00,225.0,0.0
2024-02-25 03:00:00-03:00,224.25,0.0
2024-02-25 04:00:00-03:00,224.0,0.2
2024-02-25 05:00:00-03:00,223.0,0.0
2024-02-25 06:00:00-03:00,222.0,0.0
2024-02-25 07:00:00-03:00,221.0,0.0
2024-02-25 08:00:00-03:00,219.75,0.0
2024-02-25 09:00:00-03:00,218.75,0.0
2024-02-25 10:00:00-03:00,217.5,0.0
2024-02-25 11:00:00-03:00,216.25,0.0
2024-02-25 12:00:00-03:00,215.0,0.0
2024-02-25 13:00:00-03:00,213.5,0.0
2024-02-25 14:00:00-03:00,211.0,0.0
2024-02-25 15:00:00-03:00,211.5,0.0
2024-02-25 16:00:00-03:00,208.0,0.0
2024-02-25 17:00:00-03:00,205.33333333333334,0.0
2024-02-25 18:00:00-03:00,202.66666666666666,0.0
2024-02-25 19:00:00-03:00,200.0,0.0
2024-02-25 20:00:00-03:00,198.5,0.0
2024-02-25 21:00:00-03:00,196.0,0.0
2024-02-25 22:00:00-03:00,193.75,0.0
2024-02-25 23:00:00-03:00,191.75,0.0
2024-02-26 00:00:00-03:00,190.5,0.0
2024-02-26 01:00:00-03:00,188.4,0.0
2024-02-26 02:00:00-03:00,186.3,0.0
2024-02-26 03:00:00-03:00,184.2,0.0
2024-02-26 04:00:00-03:00,,0.0
2024-02-26 05:00:00-03:00,180.0,0.0
2024-02-26 06:00:00-03:00,178.75,0.0
2024-02-26 07:00:00-03:00,177.0,0.0
2024-02-26 08:00:00-03:00,175.5,0.0
2024-02-26 09:00:00-03:00,175.0,0.0
2024-02-26 10:00:00-03:00,173.0,0.0
2024-02-26 11:00:00-03:00,172.0,0.0
2024-02-26 12:00:00-03:00,171.75,0.0
2024-02-26 13:00:00-03:00,171.66666666666666,0.0
2024-02-26 14:00:00-03:00,172.0,0.0
2024-02-26 15:00:00-03:00,170.25,0.0
2024-02-26 16:00:00-03:00,169.0,0.0
2024-02-26 17:00:00-03:00,168.0,0.2
2024-02-26 18:00:00-03:00,167.0,0.0
2024-02-26 19:00:00-03:00,166.0,0.0
2024-02-26 20:00:00-03:00,166.0,0.6
2024-02-26 21:00:00-03:00,164.5,10.0
2024-02-26 22:00:00-03:00,163.75,2.0
2024-02-26 23:00:00-03:00,163.0,0.2
2024-02-27 00:00:00-03:00,162.0,0.0
2024-02-27 01:00:00-03:00,161.0,0.0
2024-02-27 02:00:00-03:00,160.66666666666666,0.0
2024-02-27 03:00:00-03:00,160.33333333333334,0.0
2024-02-27 04:00:00-03:00,160.0,0.0
2024-02-27 05:00:00-03:00,,0.0
2024-02-27 06:00:00-03:00,,0.0
2024-02-27 07:00:00-03:00,159.0,0.0
2024-02-27 08:00:00-03:00,158.0,0.0
2024-02-27 09:00:00-03:00,157.5,0.0
2024-02-27 10:00:00-03:00,156.75,0.0
2024-02-27 11:00:00-03:00,156.5,0.0
2024-02-27 12:00:00-03:00,156.25,0.0
2024-02-27 13:00:00-03:00,155.5,0.0
2024-02-27 14:00:00-03:00,155.0,0.0
2024-02-27 15:00:00-03:00,157.5,0.0
2024-02-27 16:00:00-03:00,157.125,0.0
2024-02-27 17:00:00-03:00,156.75,0.0
2024-02-27 18:00:00-03:00,156.375,0.0
2024-02-27 19:00:00-03:00,156.0,0.0
2024-02-27 20:00:00-03:00,156.0,0.0
2024-02-27 21:00:00-03:00,156.0,0.0
2024-02-27 22:00:00-03:00,156.0,0.0
2024-02-27 23:00:00-03:00,157.0,0.0
2024-02-28 00:00:00-03:00,157.0,0.0
2024-02-28 01:00:00-03:00,157.0,0.0
2024-02-28 02:00:00-03:00,157.0,0.0
2024-02-28 03:00:00-03:00,157.0,0.0
2024-02-28 04:00:00-03:00,,0.0
2024-02-28 05:00:00-03:00,,0.0
2024-02-28 06:00:00-03:00,,0.0
2024-02-28 07:00:00-03:00,157.0,0.0
2024-02-28 08:00:00-03:00,157.0,0.0
2024-02-28 09:00:00-03:00,156.5,0.0
2024-02-28 10:00:00-03:00,155.75,0.0
2024-02-28 11:00:00-03:00,156.0,0.0
2024-02-28 12:00:00-03:00,155.5,0.0
2024-02-28 13:00:00-03:00,156.75,0.0
2024-02-28 14:00:00-03:00,155.0,0.0
2024-02-28 15:00:00-03:00,154.0,0.0
2024-02-28 16:00:00-03:00,153.25,0.0
2024-02-28 17:00:00-03:00,152.5,20.8
2024-02-28 18:00:00-03:00,151.75,0.0
2024-02-28 19:00:00-03:00,151.0,0.0
2024-02-28 20:00:00-03:00,149.75,0.0
2024-02-28 21:00:00-03:00,148.75,0.0
2024-02-28 22:00:00-03:00,148.25,0.0
2024-02-28 23:00:00-03:00,147.0,0.0
2024-02-29 00:00:00-03:00,146.75,0.0
2024-02-29 01:00:00-03:00,146.0,0.0
2024-02-29 02:00:00-03:00,145.5,0.0
2024-02-29 03:00:00-03:00,144.8,0.0
2024-02-29 04:00:00-03:00,144.1,0.0
2024-02-29 05:00:00-03:00,143.4,0.0
2024-02-29 06:00:00-03:00,,0.0
2024-02-29 07:00:00-03:00,142.0,0.0
2024-02-29 08:00:00-03:00,141.75,0.0
2024-02-29 09:00:00-03:00,142.0,0.0
2024-02-29 10:00:00-03:00,141.75,0.2
2024-02-29 11:00:00-03:00,141.5,0.0
2024-02-29 12:00:00-03:00,141.75,0.0
2024-02-29 13:00:00-03:00,142.0,0.0
2024-02-29 14:00:00-03:00,143.16666666666666,0.0
2024-02-29 15:00:00-03:00,144.33333333333334,0.0
2024-02-29 16:00:00-03:00,145.5,0.0
2024-02-29 17:00:00-03:00,,0.0
2024-02-29 18:00:00-03:00,,0.0
2024-02-29 19:00:00-03:00,149.0,7.6
2024-02-29 20:00:00-03:00,149.25,0.0
2024-02-29 21:00:00-03:00,150.5,0.0
2024-02-29 22:00:00-03:00,151.5,0.0
2024-02-29 23:00:00-03:00,153.0,0.0
2024-03-01 06:00:00-03:00,153.83333333333334,0.0
2024-03-01 07:00:00-03:00,154.66666666666666,0.0
2024-03-01 08:00:00-03:00,155.5,0.0
2024-03-01 09:00:00-03:00,155.0,0.0
2024-03-01 10:00:00-03:00,154.25,0.2
2024-03-01 11:00:00-03:00,154.0,0.0
2024-03-01 12:00:00-03:00,153.0,0.0
2024-03-01 13:00:00-03:00,152.5,0.0
2024-03-01 14:00:00-03:00,153.0,0.0
2024-03-01 15:00:00-03:00,150.5,3.0
2024-03-01 16:00:00-03:00,149.875,0.0
2024-03-01 17:00:00-03:00,149.25,0.0
2024-03-01 18:00:00-03:00,148.625,0.0
2024-03-01 19:00:00-03:00,148.0,0.0
2024-03-01 20:00:00-03:00,147.25,0.0
2024-03-01 21:00:00-03:00,146.25,0.0
2024-03-01 22:00:00-03:00,145.75,0.0
2024-03-01 23:00:00-03:00,145.0,0.0
2024-03-02 00:00:00-03:00,145.0,0.0
2024-03-02 01:00:00-03:00,144.0,0.0
2024-03-02 02:00:00-03:00,144.0,0.0
2024-03-02 03:00:00-03:00,144.0,0.0
2024-03-02 04:00:00-03:00,144.0,0.0
2024-03-02 05:00:00-03:00,144.0,0.0
2024-03-02 06:00:00-03:00,144.0,0.2
2024-03-02 07:00:00-03:00,144.0,0.0
2024-03-02 08:00:00-03:00,144.0,0.0
2024-03-02 09:00:00-03:00,144.0,0.0
2024-03-02 10:00:00-03:00,145.5,0.0
2024-03-02 11:00:00-03:00,144.75,0.0
2024-03-02 12:00:00-03:00,146.0,0.0
2024-03-02 13:00:00-03:00,147.0,0.0
2024-03-02 14:00:00-03:00,147.33333333333334,0.0
2024-03-02 15:00:00-03:00,149.5,0.0
2024-03-02 16:00:00-03:00,148.5,0.0
2024-03-02 17:00:00-03:00,149.0,0.0
2024-03-02 18:00:00-03:00,149.5,0.0
2024-03-02 19:00:00-03:00,150.0,0.0
2024-03-02 20:00:00-03:00,150.0,0.0
2024-03-02 21:00:00-03:00,150.0,0.0
2024-03-02 22:00:00-03:00,150.0,0.0
2024-03-02 23:00:00-03:00,149.5,0.0
2024-03-03 00:00:00-03:00,149.25,0.0
2024-03-03 01:00:00-03:00,149.0,0.0
2024-03-03 02:00:00-03:00,148.5,0.0
2024-03-03 03:00:00-03:00,147.8,0.0
2024-03-03 04:00:00-03:00,147.1,0.0
2024-03-03 05:00:00-03:00,146.4,0.2
2024-03-03 06:00:00-03:00,,0.0
2024-03-03 07:00:00-03:00,145.0,0.0
2024-03-03 08:00:00-03:00,144.75,0.0
2024-03-03 09:00:00-03:00,143.75,0.0
2024-03-03 10:00:00-03:00,142.75,0.0
2024-03-03 11:00:00-03:00,143.25,0.0
2024-03-03 12:00:00-03:00,141.25,0.0
2024-03-03 13:00:00-03:00,141.0,0.0
2024-03-03 14:00:00-03:00,140.33333333333334,0.0
2024-03-03 15:00:00-03:00,140.5,0.0
2024-03-03 16:00:00-03:00,139.5,0.0
2024-03-03 17:00:00-03:00,138.5,0.0
2024-03-03 18:00:00-03:00,137.5,0.0
2024-03-03 19:00:00-03:00,136.5,0.0
2024-03-03 20:00:00-03:00,135.25,0.0
2024-03-03 21:00:00-03:00,134.5,0.0
2024-03-03 22:00:00-03:00,134.0,0.0
2024-03-03 23:00:00-03:00,133.0,0.0
2024-03-04 00:00:00-03:00,132.25,0.0
2024-03-04 01:00:00-03:00,132.0,0.0
2024-03-04 02:00:00-03:00,131.75,0.0
2024-03-04 03:00:00-03:00,130.5,0.0
2024-03-04 04:00:00-03:00,129.75,0.0
2024-03-04 05:00:00-03:00,129.0,0.0
2024-03-04 06:00:00-03:00,128.25,0.0
2024-03-04 07:00:00-03:00,127.5,0.0
2024-03-04 08:00:00-03:00,127.0,0.0
2024-03-04 09:00:00-03:00,126.0,0.0
2024-03-04 10:00:00-03:00,126.25,0.0
2024-03-04 11:00:00-03:00,125.75,0.0
2024-03-04 12:00:00-03:00,126.5,0.0
2024-03-04 13:00:00-03:00,126.66666666666669,0.0
2024-03-04 14:00:00-03:00,125.5,0.0
2024-03-04 15:00:00-03:00,126.5,0.0
2024-03-04 16:00:00-03:00,125.0,0.0
2024-03-04 17:00:00-03:00,124.33333333333333,0.0
2024-03-04 18:00:00-03:00,123.66666666666667,0.0
2024-03-04 19:00:00-03:00,123.0,0.0
2024-03-04 20:00:00-03:00,122.75,0.0
2024-03-04 21:00:00-03:00,122.0,0.0
2024-03-04 22:00:00-03:00,121.5,0.0
2024-03-04 23:00:00-03:00,121.0,0.0
2024-03-05 06:00:00-03:00,120.0,0.0
2024-03-05 07:00:00-03:00,119.0,0.0
2024-03-05 08:00:00-03:00,118.0,0.0
2024-03-05 09:00:00-03:00,117.5,0.0
2024-03-05 10:00:00-03:00,117.5,0.0
2024-03-05 11:00:00-03:00,117.5,0.0
2024-03-05 12:00:00-03:00,119.33333333333331,0.0
2024-03-05 13:00:00-03:00,118.0,0.0
2024-03-05 14:00:00-03:00,117.0,0.0
2024-03-05 15:00:00-03:00,120.5,0.0
2024-03-05 16:00:00-03:00,120.0,0.0
2024-03-05 17:00:00-03:00,119.5,0.0
2024-03-05 18:00:00-03:00,119.0,0.2
2024-03-05 19:00:00-03:00,,0.0
2024-03-05 20:00:00-03:00,118.0,0.0
2024-03-05 21:00:00-03:00,119.25,0.0
2024-03-05 22:00:00-03:00,120.5,0.0
2024-03-06 05:00:00-03:00,130.0,0.0
2024-03-06 06:00:00-03:00,139.5,0.2
2024-03-06 07:00:00-03:00,149.0,0.4
2024-03-06 08:00:00-03:00,149.25,0.0
2024-03-06 09:00:00-03:00,150.0,0.0
2024-03-06 10:00:00-03:00,151.75,0.0
2024-03-06 11:00:00-03:00,150.0,0.0
2024-03-06 12:00:00-03:00,149.75,0.0
2024-03-06 13:00:00-03:00,149.66666666666666,0.0
2024-03-06 14:00:00-03:00,149.0,0.0
2024-03-06 15:00:00-03:00,148.0,0.0
2024-03-06 16:00:00-03:00,147.0,0.0
2024-03-06 17:00:00-03:00,146.0,11.4
2024-03-06 18:00:00-03:00,,1.6
2024-03-06 19:00:00-03:00,144.0,0.0
2024-03-06 20:00:00-03:00,143.5,0.0
2024-03-06 21:00:00-03:00,142.25,0.2
2024-03-06 22:00:00-03:00,141.0,0.0
2024-03-06 23:00:00-03:00,141.0,0.0
2024-03-07 00:00:00-03:00,140.0,0.0
2024-03-07 01:00:00-03:00,139.25,0.0
2024-03-07 02:00:00-03:00,139.0,0.0
2024-03-07 03:00:00-03:00,138.5,0.0
2024-03-07 04:00:00-03:00,138.0,0.0
2024-03-07 05:00:00-03:00,138.0,0.0
2024-03-07 06:00:00-03:00,138.0,0.0
2024-03-07 07:00:00-03:00,138.0,0.0
2024-03-07 08:00:00-03:00,137.5,0.0
2024-03-07 09:00:00-03:00,137.5,0.0
2024-03-07 10:00:00-03:00,138.0,0.0
2024-03-07 11:00:00-03:00,138.0,0.0
2024-03-07 12:00:00-03:00,140.0,0.0
2024-03-07 13:00:00-03:00,139.0,0.0
2024-03-07 14:00:00-03:00,139.0,0.0
2024-03-07 15:00:00-03:00,140.0,0.0
2024-03-07 16:00:00-03:00,138.5,0.2
2024-03-07 17:00:00-03:00,138.33333333333334,11.6
2024-03-07 18:00:00-03:00,138.16666666666666,0.2
2024-03-07 19:00:00-03:00,138.0,0.0
2024-03-07 20:00:00-03:00,137.25,0.0
2024-03-07 21:00:00-03:00,137.0,0.0
2024-03-07 22:00:00-03:00,136.5,0.0
2024-03-07 23:00:00-03:00,136.0,0.0
2024-03-08 00:00:00-03:00,136.0,0.0
2024-03-08 01:00:00-03:00,136.0,0.0
2024-03-08 02:00:00-03:00,135.57142857142858,0.0
2024-03-08 03:00:00-03:00,135.14285714285714,0.0
2024-03-08 04:00:00-03:00,134.71428571428572,0.0
2024-03-08 05:00:00-03:00,,0.0
2024-03-08 06:00:00-03:00,,0.0
2024-03-08 07:00:00-03:00,,0.0
2024-03-08 08:00:00-03:00,133.0,0.0
2024-03-08 09:00:00-03:00,132.5,0.0
2024-03-08 10:00:00-03:00,132.0,0.0
2024-03-08 11:00:00-03:00,132.75,0.0
2024-03-08 12:00:00-03:00,131.75,0.0
2024-03-08 13:00:00-03:00,132.66666666666666,0.2
2024-03-08 14:00:00-03:00,132.0,0.0
2024-03-08 15:00:00-03:00,132.0,14.2
2024-03-08 16:00:00-03:00,132.0,1.6
2024-03-08 17:00:00-03:00,132.0,0.0
2024-03-08 18:00:00-03:00,,0.0
2024-03-08 19:00:00-03:00,132.0,0.0
2024-03-08 20:00:00-03:00,132.0,0.0
2024-03-08 21:00:00-03:00,132.0,0.0
2024-03-08 22:00:00-03:00,132.75,0.0
2024-03-08 23:00:00-03:00,132.5,0.0
2024-03-09 00:00:00-03:00,133.0,0.0
2024-03-09 01:00:00-03:00,133.0,0.0
2024-03-09 02:00:00-03:00,132.78571428571428,0.0
2024-03-09 03:00:00-03:00,132.57142857142858,0.0
2024-03-09 04:00:00-03:00,132.35714285714286,0.2
2024-03-09 05:00:00-03:00,,0.2
2024-03-09 06:00:00-03:00,,0.0
2024-03-09 07:00:00-03:00,,0.0
2024-03-09 08:00:00-03:00,131.5,0.0
2024-03-09 09:00:00-03:00,131.25,0.0
2024-03-09 10:00:00-03:00,131.0,0.0
2024-03-09 11:00:00-03:00,131.0,0.0
2024-03-09 12:00:00-03:00,130.75,0.0
2024-03-09 13:00:00-03:00,131.0,0.0
2024-03-09 14:00:00-03:00,130.66666666666666,0.0
2024-03-09 15:00:00-03:00,131.5,0.2
2024-03-09 16:00:00-03:00,131.33333333333334,6.0
2024-03-09 17:00:00-03:00,131.16666666666666,0.2
2024-03-09 18:00:00-03:00,131.0,0.0
2024-03-09 19:00:00-03:00,138.33333333333334,2.4
2024-03-09 20:00:00-03:00,148.0,1.4
2024-03-09 21:00:00-03:00,145.5,0.0
2024-03-09 22:00:00-03:00,141.25,0.0
2024-03-09 23:00:00-03:00,139.0,1.0
2024-03-10 00:00:00-03:00,139.75,1.4
2024-03-10 01:00:00-03:00,138.5,0.0
2024-03-10 02:00:00-03:00,137.0,0.0
2024-03-10 03:00:00-03:00,136.3,0.0
2024-03-10 04:00:00-03:00,135.6,0.0
2024-03-10 05:00:00-03:00,134.9,0.0
2024-03-10 06:00:00-03:00,,0.0
2024-03-10 07:00:00-03:00,133.5,0.0
2024-03-10 08:00:00-03:00,133.25,0.0
2024-03-10 09:00:00-03:00,132.5,0.0
2024-03-10 10:00:00-03:00,132.0,0.0
2024-03-10 11:00:00-03:00,132.25,0.0
2024-03-10 12:00:00-03:00,133.0,0.0
2024-03-10 13:00:00-03:00,131.66666666666666,0.0
2024-03-10 14:00:00-03:00,132.0,7.4
2024-03-10 15:00:00-03:00,132.0,0.0
2024-03-10 16:00:00-03:00,132.0,0.0
2024-03-10 17:00:00-03:00,132.0,0.0
2024-03-10 18:00:00-03:00,132.0,0.0
2024-03-10 19:00:00-03:00,132.0,0.0
2024-03-10 20:00:00-03:00,132.25,0.0
2024-03-10 21:00:00-03:00,132.75,0.0
2024-03-10 22:00:00-03:00,133.0,0.0
2024-03-10 23:00:00-03:00,134.0,0.0
2024-03-11 00:00:00-03:00,134.75,0.0
2024-03-11 01:00:00-03:00,135.75,0.0
2024-03-11 02:00:00-03:00,136.25,0.0
2024-03-11 03:00:00-03:00,137.5,0.0
2024-03-11 04:00:00-03:00,138.5,0.0
2024-03-11 05:00:00-03:00,139.5,0.0
2024-03-11 06:00:00-03:00,140.5,0.2
2024-03-11 07:00:00-03:00,,0.0
2024-03-11 08:00:00-03:00,142.5,0.0
2024-03-11 09:00:00-03:00,143.75,0.0
2024-03-11 10:00:00-03:00,144.5,0.0
2024-03-11 11:00:00-03:00,145.25,0.0
2024-03-11 12:00:00-03:00,146.0,0.0
2024-03-11 13:00:00-03:00,147.0,0.0
2024-03-11 14:00:00-03:00,149.33333333333334,0.0
2024-03-11 15:00:00-03:00,147.0,0.0
2024-03-11 16:00:00-03:00,147.0,0.0
2024-03-11 17:00:00-03:00,146.66666666666666,0.0
2024-03-11 18:00:00-03:00,146.33333333333334,0.0
2024-03-11 19:00:00-03:00,146.0,0.0
2024-03-11 20:00:00-03:00,145.25,0.0
2024-03-11 21:00:00-03:00,144.75,0.0
2024-03-11 22:00:00-03:00,143.75,0.0
2024-03-11 23:00:00-03:00,142.75,0.0
2024-03-12 00:00:00-03:00,141.5,0.0
2024-03-12 01:00:00-03:00,140.75,0.0
2024-03-12 02:00:00-03:00,140.0,0.0
2024-03-12 03:00:00-03:00,138.8,0.0
2024-03-12 04:00:00-03:00,137.6,0.0
2024-03-12 05:00:00-03:00,136.4,0.0
2024-03-12 06:00:00-03:00,,0.0
2024-03-12 07:00:00-03:00,134.0,0.0
2024-03-12 08:00:00-03:00,133.25,0.2
2024-03-12 09:00:00-03:00,132.5,0.0
2024-03-12 10:00:00-03:00,131.5,0.0
2024-03-12 11:00:00-03:00,131.5,0.0
2024-03-12 12:00:00-03:00,130.75,0.0
2024-03-12 13:00:00-03:00,131.25,0.0
2024-03-12 14:00:00-03:00,129.0,0.0
2024-03-12 15:00:00-03:00,129.0,0.0
2024-03-12 16:00:00-03:00,128.0,0.0
2024-03-12 17:00:00-03:00,127.0,0.0
2024-03-12 18:00:00-03:00,126.0,0.0
2024-03-12 19:00:00-03:00,125.0,0.0
2024-03-12 20:00:00-03:00,124.0,0.0
2024-03-12 21:00:00-03:00,123.75,0.0
2024-03-12 22:00:00-03:00,123.0,0.0
2024-03-12 23:00:00-03:00,122.5,0.0
2024-03-13 00:00:00-03:00,121.5,0.0
2024-03-13 01:00:00-03:00,121.0,0.0
2024-03-13 02:00:00-03:00,120.5,0.0
2024-03-13 03:00:00-03:00,119.5,0.0
2024-03-13 04:00:00-03:00,119.1,0.0
2024-03-13 05:00:00-03:00,118.7,0.0
2024-03-13 06:00:00-03:00,118.3,0.0
2024-03-13 07:00:00-03:00,,0.0
2024-03-13 08:00:00-03:00,117.5,0.0
2024-03-13 09:00:00-03:00,117.25,0.0
2024-03-13 10:00:00-03:00,116.75,0.0
2024-03-13 11:00:00-03:00,117.5,0.0
2024-03-13 12:00:00-03:00,117.25,0.0
2024-03-13 13:00:00-03:00,116.92857142857143,0.0
2024-03-13 14:00:00-03:00,116.60714285714286,0.0
2024-03-13 15:00:00-03:00,116.28571428571429,0.0
2024-03-13 16:00:00-03:00,,0.0
2024-03-13 17:00:00-03:00,,0.0
2024-03-13 18:00:00-03:00,,0.0
2024-03-13 19:00:00-03:00,115.0,0.0
2024-03-13 20:00:00-03:00,114.0,0.0
2024-03-13 21:00:00-03:00,114.0,0.0
2024-03-13 22:00:00-03:00,114.0,0.0
2024-03-13 23:00:00-03:00,113.5,0.0
2024-03-14 00:00:00-03:00,113.0,0.0
2024-03-14 01:00:00-03:00,113.0,0.0
2024-03-14 02:00:00-03:00,113.0,0.0
2024-03-14 03:00:00-03:00,112.7,0.0
2024-03-14 04:00:00-03:00,112.4,0.0
2024-03-14 05:00:00-03:00,112.1,0.0
2024-03-14 06:00:00-03:00,,0.2
2024-03-14 07:00:00-03:00,111.5,0.0
2024-03-14 08:00:00-03:00,111.25,0.0
2024-03-14 09:00:00-03:00,111.0,0.0
2024-03-14 10:00:00-03:00,111.0,0.0
2024-03-14 11:00:00-03:00,111.5,0.0
2024-03-14 12:00:00-03:00,111.0,0.0
2024-03-14 13:00:00-03:00,111.0,0.0
2024-03-14 14:00:00-03:00,112.0,0.0
2024-03-14 15:00:00-03:00,113.5,0.0
2024-03-14 16:00:00-03:00,112.375,0.0
2024-03-14 17:00:00-03:00,111.25,0.0
2024-03-14 18:00:00-03:00,110.125,0.0
2024-03-14 19:00:00-03:00,109.0,0.0
2024-03-14 20:00:00-03:00,108.75,0.0
2024-03-14 21:00:00-03:00,108.0,0.0
2024-03-14 22:00:00-03:00,108.0,0.0
2024-03-14 23:00:00-03:00,107.5,0.0
2024-03-15 00:00:00-03:00,107.0,0.0
2024-03-15 01:00:00-03:00,107.0,0.0
2024-03-15 02:00:00-03:00,106.5,0.0
2024-03-15 03:00:00-03:00,106.5,0.0
2024-03-15 04:00:00-03:00,106.25,0.0
2024-03-15 05:00:00-03:00,106.0,0.0
2024-03-15 06:00:00-03:00,105.75,0.0
2024-03-15 07:00:00-03:00,105.5,0.2
2024-03-15 08:00:00-03:00,105.0,0.0
2024-03-15 09:00:00-03:00,105.0,0.0
2024-03-15 10:00:00-03:00,105.0,0.0
2024-03-15 11:00:00-03:00,105.5,0.0
2024-03-15 12:00:00-03:00,104.5,0.0
2024-03-15 13:00:00-03:00,105.0,0.0
2024-03-15 14:00:00-03:00,104.8,0.0
2024-03-15 15:00:00-03:00,104.6,0.0
2024-03-15 16:00:00-03:00,104.4,0.0
2024-03-15 17:00:00-03:00,,0.0
2024-03-15 18:00:00-03:00,104.0,0.0
2024-03-15 19:00:00-03:00,103.75,0.0
2024-03-15 20:00:00-03:00,103.0,0.0
2024-03-16 00:00:00-03:00,102.0,0.0
2024-03-16 01:00:00-03:00,102.0,0.0
2024-03-16 02:00:00-03:00,102.0,0.0
2024-03-16 03:00:00-03:00,102.0,0.0
2024-03-16 04:00:00-03:00,102.0,0.0
2024-03-16 05:00:00-03:00,102.0,0.0
2024-03-16 06:00:00-03:00,,0.0
2024-03-16 07:00:00-03:00,,0.0
2024-03-16 08:00:00-03:00,102.0,0.0
2024-03-16 09:00:00-03:00,102.5,0.0
2024-03-16 10:00:00-03:00,102.0,0.0
2024-03-16 11:00:00-03:00,102.25,0.0
2024-03-16 12:00:00-03:00,102.5,0.0
2024-03-16 13:00:00-03:00,103.0,0.0
2024-03-16 14:00:00-03:00,102.66666666666667,0.0
2024-03-16 15:00:00-03:00,102.33333333333333,0.0
2024-03-16 16:00:00-03:00,102.0,0.0
2024-03-16 17:00:00-03:00,,0.0
2024-03-16 18:00:00-03:00,,0.0
2024-03-16 19:00:00-03:00,101.0,4.6
2024-03-16 20:00:00-03:00,100.75,0.0
2024-03-16 21:00:00-03:00,100.0,0.0
2024-03-17 00:00:00-03:00,99.0,0.0
2024-03-17 01:00:00-03:00,99.0,0.0
2024-03-17 02:00:00-03:00,99.0,0.0
2024-03-17 03:00:00-03:00,98.66666666666667,0.0
2024-03-17 04:00:00-03:00,98.33333333333333,0.2
2024-03-17 05:00:00-03:00,98.0,0.0
2024-03-17 06:00:00-03:00,,0.0
2024-03-17 07:00:00-03:00,,0.0
2024-03-17 08:00:00-03:00,97.0,0.0
2024-03-17 09:00:00-03:00,97.0,0.0
2024-03-17 10:00:00-03:00,97.25,0.0
2024-03-17 11:00:00-03:00,98.0,0.0
2024-03-17 12:00:00-03:00,97.75,0.0
2024-03-17 13:00:00-03:00,97.0,0.0
2024-03-17 14:00:00-03:00,98.5,0.0
2024-03-17 15:00:00-03:00,97.0,0.0
2024-03-17 16:00:00-03:00,96.875,0.8
2024-03-17 17:00:00-03:00,96.75,0.0
2024-03-17 18:00:00-03:00,96.625,0.0
2024-03-17 19:00:00-03:00,96.5,0.0
2024-03-17 20:00:00-03:00,96.0,0.0
2024-03-17 21:00:00-03:00,95.83333333333333,0.0
2024-03-17 22:00:00-03:00,95.66666666666667,0.0
2024-03-17 23:00:00-03:00,95.5,0.0
2024-03-18 00:00:00-03:00,95.5,0.0
2024-03-18 01:00:00-03:00,95.25,0.0
2024-03-18 02:00:00-03:00,95.0,0.0
2024-03-18 03:00:00-03:00,95.16666666666667,0.0
2024-03-18 04:00:00-03:00,95.33333333333333,0.0
2024-03-18 05:00:00-03:00,95.5,0.0
2024-03-18 06:00:00-03:00,,0.0
2024-03-18 07:00:00-03:00,,0.0
2024-03-18 08:00:00-03:00,96.0,0.0
2024-03-18 09:00:00-03:00,95.75,0.0
2024-03-18 10:00:00-03:00,96.75,0.0
2024-03-18 11:00:00-03:00,96.25,0.0
2024-03-18 12:00:00-03:00,96.5,0.0
2024-03-18 13:00:00-03:00,98.0,0.0
2024-03-18 14:00:00-03:00,97.5,0.0
2024-03-18 15:00:00-03:00,97.0,0.2
2024-03-18 16:00:00-03:00,97.5,7.4
2024-03-18 17:00:00-03:00,97.5,0.0
2024-03-18 18:00:00-03:00,96.75,0.0
2024-03-18 19:00:00-03:00,96.0,0.0
2024-03-18 20:00:00-03:00,95.75,0.0
2024-03-18 21:00:00-03:00,95.5,0.0
2024-03-18 22:00:00-03:00,95.0,0.0
2024-03-18 23:00:00-03:00,95.0,0.0
2024-03-19 00:00:00-03:00,94.75,0.0
2024-03-19 01:00:00-03:00,95.0,0.0
2024-03-19 02:00:00-03:00,95.0,0.0
2024-03-19 03:00:00-03:00,94.25,0.0
2024-03-19 04:00:00-03:00,94.75,0.0
2024-03-19 05:00:00-03:00,95.0,0.0
2024-03-19 06:00:00-03:00,94.83333333333333,0.0
2024-03-19 07:00:00-03:00,94.66666666666667,0.0
2024-03-19 08:00:00-03:00,94.5,0.0
2024-03-19 09:00:00-03:00,95.0,0.0
2024-03-19 10:00:00-03:00,95.75,0.0
2024-03-19 11:00:00-03:00,95.5,0.2
2024-03-19 12:00:00-03:00,95.5,0.0
2024-03-19 13:00:00-03:00,96.0,0.0
2024-03-19 14:00:00-03:00,97.25,0.0
2024-03-19 15:00:00-03:00,96.25,0.0
2024-03-19 16:00:00-03:00,95.5,0.0
2024-03-19 17:00:00-03:00,96.0,0.0
2024-03-19 18:00:00-03:00,96.5,0.0
2024-03-19 19:00:00-03:00,96.75,0.0
2024-03-19 20:00:00-03:00,97.0,0.0
2024-03-19 21:00:00-03:00,97.25,0.0
2024-03-19 22:00:00-03:00,98.0,0.0
2024-03-19 23:00:00-03:00,98.0,0.0
2024-03-20 00:00:00-03:00,98.75,0.0
2024-03-20 01:00:00-03:00,99.5,0.0
2024-03-20 02:00:00-03:00,100.0,0.0
2024-03-20 03:00:00-03:00,100.25,0.0
2024-03-20 04:00:00-03:00,101.0,0.0
2024-03-20 05:00:00-03:00,101.0,0.0
2024-03-20 06:00:00-03:00,101.33333333333333,0.0
2024-03-20 07:00:00-03:00,101.66666666666667,0.0
2024-03-20 08:00:00-03:00,102.0,0.0
2024-03-20 09:00:00-03:00,101.5,0.0
2024-03-20 10:00:00-03:00,101.5,0.0
2024-03-20 11:00:00-03:00,102.0,0.0
2024-03-20 12:00:00-03:00,102.5,0.0
2024-03-20 13:00:00-03:00,104.33333333333331,0.0
2024-03-20 14:00:00-03:00,105.0,0.0
2024-03-20 15:00:00-03:00,101.75,0.0
2024-03-20 16:00:00-03:00,101.5,0.0
2024-03-20 17:00:00-03:00,101.0,4.2
2024-03-20 18:00:00-03:00,100.5,0.4
2024-03-20 19:00:00-03:00,100.0,0.0
2024-03-20 20:00:00-03:00,99.75,0.0
2024-03-20 21:00:00-03:00,99.25,0.0
2024-03-20 22:00:00-03:00,99.0,0.0
2024-03-20 23:00:00-03:00,99.25,0.0
2024-03-21 00:00:00-03:00,99.25,0.0
2024-03-21 01:00:00-03:00,99.5,0.0
2024-03-21 02:00:00-03:00,99.75,0.0
2024-03-21 03:00:00-03:00,99.75,0.0
2024-03-21 04:00:00-03:00,100.0,0.0
2024-03-21 05:00:00-03:00,99.875,0.0
2024-03-21 06:00:00-03:00,99.75,0.0
2024-03-21 07:00:00-03:00,99.625,0.0
2024-03-21 08:00:00-03:00,99.5,0.0
2024-03-21 09:00:00-03:00,99.5,0.0
2024-03-21 10:00:00-03:00,99.0,0.0
2024-03-21 11:00:00-03:00,99.0,0.0
2024-03-21 12:00:00-03:00,98.5,0.0
2024-03-21 13:00:00-03:00,98.0,0.0
2024-03-21 14:00:00-03:00,99.0,0.0
2024-03-21 15:00:00-03:00,98.25,0.2
2024-03-21 16:00:00-03:00,97.5,0.0
2024-03-21 17:00:00-03:00,96.75,1.0
2024-03-21 18:00:00-03:00,96.0,0.0
2024-03-21 19:00:00-03:00,97.0,0.0
2024-03-21 20:00:00-03:00,96.0,0.0
2024-03-21 21:00:00-03:00,96.0,0.0
2024-03-21 22:00:00-03:00,95.5,0.0
2024-03-21 23:00:00-03:00,95.0,0.0
2024-03-22 00:00:00-03:00,95.0,0.0
2024-03-22 01:00:00-03:00,95.5,0.0
2024-03-22 02:00:00-03:00,96.0,0.0
2024-03-22 03:00:00-03:00,96.0,0.0
2024-03-22 04:00:00-03:00,97.0,4.0
2024-03-22 05:00:00-03:00,97.625,1.6
2024-03-22 06:00:00-03:00,98.25,0.0
2024-03-22 07:00:00-03:00,98.875,0.0
2024-03-22 08:00:00-03:00,99.5,0.0
2024-03-22 09:00:00-03:00,100.0,0.0
2024-03-22 10:00:00-03:00,101.25,0.0
2024-03-22 11:00:00-03:00,101.75,0.0
2024-03-22 12:00:00-03:00,101.25,0.0
2024-03-22 13:00:00-03:00,101.75,2.0
2024-03-22 14:00:00-03:00,102.0,0.2
2024-03-22 15:00:00-03:00,102.25,0.0
2024-03-22 16:00:00-03:00,101.0,0.0
2024-03-22 17:00:00-03:00,102.75,0.0
2024-03-22 18:00:00-03:00,104.5,0.0
2024-03-22 19:00:00-03:00,104.0,0.0
2024-03-22 20:00:00-03:00,104.0,0.2
2024-03-22 21:00:00-03:00,104.5,0.4
2024-03-22 22:00:00-03:00,105.0,0.6
2024-03-22 23:00:00-03:00,106.0,0.2
2024-03-23 00:00:00-03:00,107.0,0.0
2024-03-23 01:00:00-03:00,108.25,0.0
2024-03-23 02:00:00-03:00,110.0,0.0
2024-03-23 03:00:00-03:00,111.5,0.2
2024-03-23 04:00:00-03:00,113.0,0.2
2024-03-23 05:00:00-03:00,115.0,0.0
2024-03-23 06:00:00-03:00,117.66666666666667,0.0
2024-03-23 07:00:00-03:00,120.33333333333333,0.0
2024-03-23 08:00:00-03:00,123.0,0.0
2024-03-23 09:00:00-03:00,124.5,0.0
2024-03-23 10:00:00-03:00,127.75,0.0
2024-03-23 11:00:00-03:00,131.75,0.0
2024-03-23 12:00:00-03:00,133.5,0.0
2024-03-23 13:00:00-03:00,135.75,0.0
2024-03-23 14:00:00-03:00,137.75,0.0
2024-03-23 15:00:00-03:00,139.5,0.0
2024-03-23 16:00:00-03:00,141.25,0.0
2024-03-23 17:00:00-03:00,141.75,0.0
2024-03-23 18:00:00-03:00,143.0,0.0
2024-03-23 19:00:00-03:00,143.25,0.0
2024-03-23 20:00:00-03:00,143.5,0.0
2024-03-23 21:00:00-03:00,143.0,0.0
2024-03-23 22:00:00-03:00,143.0,0.0
2024-03-23 23:00:00-03:00,142.5,0.0
2024-03-24 00:00:00-03:00,141.75,0.0
2024-03-24 01:00:00-03:00,141.0,0.0
2024-03-24 02:00:00-03:00,140.25,0.4
2024-03-24 03:00:00-03:00,139.75,0.2
2024-03-24 04:00:00-03:00,138.75,0.0
2024-03-24 05:00:00-03:00,138.5,0.2
2024-03-24 06:00:00-03:00,137.33333333333334,0.0
2024-03-24 07:00:00-03:00,136.16666666666666,0.0
2024-03-24 08:00:00-03:00,135.0,0.0
2024-03-24 09:00:00-03:00,134.25,0.0
2024-03-24 10:00:00-03:00,133.5,0.0
2024-03-24 11:00:00-03:00,133.0,0.0
2024-03-24 12:00:00-03:00,132.5,0.4
2024-03-24 13:00:00-03:00,131.75,5.0
2024-03-24 14:00:00-03:00,131.25,2.4
2024-03-24 15:00:00-03:00,132.25,0.6
2024-03-24 16:00:00-03:00,130.5,0.0
2024-03-24 17:00:00-03:00,130.0,0.0
2024-03-24 18:00:00-03:00,129.25,0.4
2024-03-24 19:00:00-03:00,128.5,0.6
2024-03-24 20:00:00-03:00,128.0,0.8
2024-03-24 21:00:00-03:00,128.0,0.2
2024-03-24 22:00:00-03:00,128.0,0.0
2024-03-24 23:00:00-03:00,128.0,0.0
2024-03-25 00:00:00-03:00,128.75,0.0
2024-03-25 01:00:00-03:00,129.0,0.0
2024-03-25 02:00:00-03:00,129.25,0.0
2024-03-25 03:00:00-03:00,130.0,0.0
2024-03-25 04:00:00-03:00,130.75,0.0
2024-03-25 05:00:00-03:00,131.0,0.0
2024-03-25 06:00:00-03:00,131.5,0.0
2024-03-25 07:00:00-03:00,131.75,0.0
2024-03-25 08:00:00-03:00,132.0,0.0
2024-03-25 09:00:00-03:00,132.0,0.0
2024-03-25 10:00:00-03:00,131.5,0.0
2024-03-25 11:00:00-03:00,132.0,0.0
2024-03-25 12:00:00-03:00,132.25,0.2
2024-03-25 13:00:00-03:00,132.0,1.0
2024-03-25 14:00:00-03:00,133.33333333333334,0.0
2024-03-25 15:00:00-03:00,132.25,0.0
2024-03-25 16:00:00-03:00,132.75,0.0
2024-03-25 17:00:00-03:00,132.0,0.0
2024-03-25 18:00:00-03:00,132.25,0.0
2024-03-25 19:00:00-03:00,132.5,0.0
2024-03-25 20:00:00-03:00,132.75,0.0
2024-03-25 21:00:00-03:00,132.75,0.0
2024-03-25 22:00:00-03:00,132.75,0.0
2024-03-25 23:00:00-03:00,132.75,0.0
2024-03-26 00:00:00-03:00,135.5,0.0
2024-03-26 01:00:00-03:00,135.5,0.0
2024-03-26 02:00:00-03:00,134.75,0.0
2024-03-26 03:00:00-03:00,134.0,16.4
2024-03-26 04:00:00-03:00,133.5,6.4
2024-03-26 05:00:00-03:00,133.75,0.2
2024-03-26 06:00:00-03:00,133.5,0.0
2024-03-26 07:00:00-03:00,133.33333333333334,0.2
2024-03-26 08:00:00-03:00,133.16666666666666,0.0
2024-03-26 09:00:00-03:00,133.0,0.0
2024-03-26 10:00:00-03:00,133.25,0.0
2024-03-26 11:00:00-03:00,134.5,0.2
2024-03-26 12:00:00-03:00,135.5,0.0
2024-03-26 13:00:00-03:00,135.5,0.0
2024-03-26 14:00:00-03:00,135.75,0.0
2024-03-26 15:00:00-03:00,136.25,0.0
2024-03-26 16:00:00-03:00,137.5,0.6
2024-03-26 17:00:00-03:00,138.25,0.0
2024-03-26 18:00:00-03:00,139.0,0.2
2024-03-26 19:00:00-03:00,140.0,4.8
2024-03-26 20:00:00-03:00,141.0,0.6
2024-03-26 21:00:00-03:00,142.25,0.4
2024-03-26 22:00:00-03:00,144.75,0.0
2024-03-26 23:00:00-03:00,147.0,7.4
2024-03-27 00:00:00-03:00,149.5,4.6
2024-03-27 01:00:00-03:00,152.5,0.4
2024-03-27 02:00:00-03:00,155.75,0.2
2024-03-27 03:00:00-03:00,158.75,0.0
2024-03-27 04:00:00-03:00,161.75,0.0
2024-03-27 05:00:00-03:00,164.0,0.0
2024-03-27 06:00:00-03:00,167.25,0.0
2024-03-27 07:00:00-03:00,170.5,0.0
2024-03-27 08:00:00-03:00,173.75,0.0
2024-03-27 09:00:00-03:00,177.0,0.0
2024-03-27 10:00:00-03:00,178.5,0.4
2024-03-27 11:00:00-03:00,181.0,0.6
2024-03-27 12:00:00-03:00,183.75,0.4
2024-03-27 13:00:00-03:00,186.25,1.2
2024-03-27 14:00:00-03:00,188.5,8.4
2024-03-27 15:00:00-03:00,194.25,3.4
2024-03-27 16:00:00-03:00,199.25,2.0
2024-03-27 17:00:00-03:00,200.25,1.0
2024-03-27 18:00:00-03:00,201.75,0.8
2024-03-27 19:00:00-03:00,203.5,0.2
2024-03-27 20:00:00-03:00,204.75,0.4
2024-03-27 21:00:00-03:00,206.25,0.0
2024-03-27 22:00:00-03:00,207.75,0.0
2024-03-27 23:00:00-03:00,209.5,0.0
2024-03-28 00:00:00-03:00,210.75,0.0
2024-03-28 01:00:00-03:00,212.0,0.2
2024-03-28 02:00:00-03:00,213.0,0.2
2024-03-28 03:00:00-03:00,213.75,0.6
2024-03-28 04:00:00-03:00,214.25,1.0
2024-03-28 05:00:00-03:00,215.75,5.8
2024-03-28 06:00:00-03:00,217.0,5.8
2024-03-28 07:00:00-03:00,219.33333333333334,2.0
2024-03-28 08:00:00-03:00,221.66666666666666,1.6
2024-03-28 09:00:00-03:00,224.0,1.2
2024-03-28 10:00:00-03:00,224.5,3.2
2024-03-28 11:00:00-03:00,225.0,1.6
2024-03-28 12:00:00-03:00,226.0,2.8
2024-03-28 13:00:00-03:00,228.0,0.8
2024-03-28 14:00:00-03:00,229.0,0.2
2024-03-28 15:00:00-03:00,229.75,0.0
2024-03-28 16:00:00-03:00,231.5,0.0
2024-03-28 17:00:00-03:00,232.75,0.0
2024-03-28 18:00:00-03:00,234.25,0.0
2024-03-28 19:00:00-03:00,235.5,0.0
2024-03-28 20:00:00-03:00,237.75,1.0
2024-03-28 21:00:00-03:00,240.5,2.6
2024-03-28 22:00:00-03:00,241.25,2.6
2024-03-28 23:00:00-03:00,242.75,0.2
2024-03-29 00:00:00-03:00,245.0,0.0
2024-03-29 01:00:00-03:00,247.5,0.2
2024-03-29 02:00:00-03:00,248.75,0.0
2024-03-29 03:00:00-03:00,250.75,0.2
2024-03-29 04:00:00-03:00,252.75,0.4
2024-03-29 05:00:00-03:00,253.5,0.0
2024-03-29 06:00:00-03:00,255.5,0.0
2024-03-29 07:00:00-03:00,257.5,0.0
2024-03-29 08:00:00-03:00,259.5,0.0
2024-03-29 09:00:00-03:00,260.5,0.0
2024-03-29 10:00:00-03:00,261.5,0.0
2024-03-29 11:00:00-03:00,262.5,0.0
2024-03-29 12:00:00-03:00,264.25,0.0
2024-03-29 13:00:00-03:00,264.0,0.0
2024-03-29 14:00:00-03:00,265.5,0.0
2024-03-29 15:00:00-03:00,266.5,0.2
2024-03-29 16:00:00-03:00,267.0,0.2
2024-03-29 17:00:00-03:00,267.25,0.8
2024-03-29 18:00:00-03:00,268.5,0.2
2024-03-29 19:00:00-03:00,269.0,0.6
2024-03-29 20:00:00-03:00,275.0,5.8
2024-03-29 21:00:00-03:00,275.0,0.2
2024-03-29 22:00:00-03:00,275.0,0.0
2024-03-29 23:00:00-03:00,275.75,1.0
2024-03-30 00:00:00-03:00,277.25,0.2
2024-03-30 01:00:00-03:00,278.0,0.0
2024-03-30 02:00:00-03:00,278.75,0.2
2024-03-30 03:00:00-03:00,279.75,0.0
2024-03-30 04:00:00-03:00,281.0,0.0
2024-03-30 05:00:00-03:00,281.5,0.6
2024-03-30 06:00:00-03:00,284.6666666666667,3.6
2024-03-30 07:00:00-03:00,287.8333333333333,3.2
2024-03-30 08:00:00-03:00,291.0,0.2
2024-03-30 09:00:00-03:00,291.0,0.0
2024-03-30 10:00:00-03:00,292.0,0.0
2024-03-30 11:00:00-03:00,292.5,0.0
2024-03-30 12:00:00-03:00,293.0,0.0
2024-03-30 13:00:00-03:00,294.375,0.0
2024-03-30 14:00:00-03:00,295.75,0.0
2024-03-30 15:00:00-03:00,297.125,0.0
2024-03-30 16:00:00-03:00,298.5,0.0
2024-03-30 17:00:00-03:00,300.0,0.0
2024-03-30 18:00:00-03:00,301.75,0.4
2024-03-30 19:00:00-03:00,302.25,0.0
2024-03-30 20:00:00-03:00,303.0,0.0
2024-03-30 21:00:00-03:00,303.25,0.0
2024-03-30 22:00:00-03:00,304.0,0.0
2024-03-30 23:00:00-03:00,304.5,0.0
2024-03-31 00:00:00-03:00,305.0,0.0
2024-03-31 01:00:00-03:00,305.75,0.0
2024-03-31 02:00:00-03:00,306.0,0.0
2024-03-31 03:00:00-03:00,306.5,0.0
2024-03-31 04:00:00-03:00,307.0,0.0
2024-03-31 05:00:00-03:00,307.0,0.0
2024-03-31 06:00:00-03:00,307.3333333333333,0.0
2024-03-31 07:00:00-03:00,307.6666666666667,0.0
2024-03-31 08:00:00-03:00,308.0,0.0
2024-03-31 09:00:00-03:00,308.0,0.0
2024-03-31 10:00:00-03:00,308.25,0.0
2024-03-31 11:00:00-03:00,308.75,0.2
2024-03-31 12:00:00-03:00,309.0,0.0
2024-03-31 13:00:00-03:00,312.5,0.0
2024-03-31 14:00:00-03:00,310.75,0.0
2024-03-31 15:00:00-03:00,310.0,0.0
2024-03-31 16:00:00-03:00,310.0,0.0
2024-03-31 17:00:00-03:00,309.75,0.0
2024-03-31 18:00:00-03:00,309.5,0.0
2024-03-31 19:00:00-03:00,309.25,0.0
2024-03-31 20:00:00-03:00,309.0,0.0
2024-03-31 21:00:00-03:00,308.75,0.0
2024-03-31 22:00:00-03:00,308.75,0.0
2024-03-31 23:00:00-03:00,308.0,0.0
2024-04-01 00:00:00-03:00,307.75,0.0
2024-04-01 01:00:00-03:00,307.25,0.0
2024-04-01 02:00:00-03:00,307.0,0.0
2024-04-01 03:00:00-03:00,306.25,0.0
2024-04-01 04:00:00-03:00,305.75,0.0
2024-04-01 05:00:00-03:00,305.0,0.0
2024-04-01 06:00:00-03:00,304.0,0.0
2024-04-01 07:00:00-03:00,303.0,0.0
2024-04-01 08:00:00-03:00,302.5,0.0
2024-04-01 09:00:00-03:00,300.75,0.0
2024-04-01 10:00:00-03:00,301.0,0.0
2024-04-01 11:00:00-03:00,299.0,0.0
2024-04-01 12:00:00-03:00,298.25,0.0
2024-04-01 13:00:00-03:00,297.5,0.0
2024-04-01 14:00:00-03:00,297.0,0.0
2024-04-01 15:00:00-03:00,293.5,0.0
2024-04-01 16:00:00-03:00,292.0,0.0
2024-04-01 17:00:00-03:00,289.25,0.0
2024-04-01 18:00:00-03:00,286.5,0.0
2024-04-01 19:00:00-03:00,284.75,0.0
2024-04-01 20:00:00-03:00,282.0,0.0
2024-04-01 21:00:00-03:00,279.0,0.0
2024-04-01 22:00:00-03:00,276.75,0.0
2024-04-01 23:00:00-03:00,273.5,0.0
2024-04-02 00:00:00-03:00,271.0,0.0
2024-04-02 01:00:00-03:00,267.75,0.0
2024-04-02 02:00:00-03:00,264.5,0.0
2024-04-02 03:00:00-03:00,261.75,0.0
2024-04-02 04:00:00-03:00,259.5,0.0
2024-04-02 05:00:00-03:00,256.0,0.0
2024-04-02 06:00:00-03:00,252.5,0.2
2024-04-02 07:00:00-03:00,249.0,0.0
2024-04-02 08:00:00-03:00,,0.0
2024-04-02 09:00:00-03:00,242.0,0.0
2024-04-02 10:00:00-03:00,239.25,0.0
2024-04-02 11:00:00-03:00,236.25,0.0
2024-04-02 12:00:00-03:00,234.5,0.0
2024-04-02 13:00:00-03:00,231.66666666666663,0.0
2024-04-02 14:00:00-03:00,228.5,0.0
2024-04-02 15:00:00-03:00,225.75,0.0
2024-04-02 16:00:00-03:00,224.0,0.0
2024-04-02 17:00:00-03:00,220.5,0.0
2024-04-02 18:00:00-03:00,217.0,0.0
2024-04-02 19:00:00-03:00,215.5,0.0
2024-04-02 20:00:00-03:00,212.75,0.0
2024-04-02 21:00:00-03:00,210.25,0.0
2024-04-02 22:00:00-03:00,208.25,0.0
2024-04-02 23:00:00-03:00,205.75,0.0
2024-04-03 00:00:00-03:00,203.75,0.0
2024-04-03 01:00:00-03:00,201.75,0.0
2024-04-03 02:00:00-03:00,201.0,0.0
2024-04-03 03:00:00-03:00,199.2,0.0
2024-04-03 04:00:00-03:00,197.4,0.0
2024-04-03 05:00:00-03:00,195.6,0.0
2024-04-03 06:00:00-03:00,,0.0
2024-04-03 07:00:00-03:00,192.0,0.0
2024-04-03 08:00:00-03:00,190.5,0.0
2024-04-03 09:00:00-03:00,189.75,0.0
2024-04-03 10:00:00-03:00,188.75,0.0
2024-04-03 11:00:00-03:00,187.75,0.0
2024-04-03 12:00:00-03:00,186.0,0.0
2024-04-03 13:00:00-03:00,184.75,0.0
2024-04-03 14:00:00-03:00,183.5,0.0
2024-04-03 15:00:00-03:00,184.0,0.0
2024-04-03 16:00:00-03:00,183.0,0.0
2024-04-03 17:00:00-03:00,181.75,0.0
2024-04-03 18:00:00-03:00,180.5,0.0
2024-04-03 19:00:00-03:00,179.5,0.0
2024-04-03 20:00:00-03:00,178.75,0.0
2024-04-03 21:00:00-03:00,177.75,0.0
2024-04-03 22:00:00-03:00,176.75,0.0
2024-04-03 23:00:00-03:00,175.75,0.0
2024-04-04 00:00:00-03:00,175.0,0.0
2024-04-04 01:00:00-03:00,174.14285714285714,0.0
2024-04-04 02:00:00-03:00,173.28571428571428,0.0
2024-04-04 03:00:00-03:00,172.42857142857142,0.0
2024-04-04 04:00:00-03:00,,0.0
2024-04-04 05:00:00-03:00,,0.0
2024-04-04 06:00:00-03:00,,0.0
2024-04-04 07:00:00-03:00,169.0,0.0
2024-04-04 08:00:00-03:00,168.75,0.0
2024-04-04 09:00:00-03:00,168.25,0.0
2024-04-04 10:00:00-03:00,167.25,0.0
2024-04-04 11:00:00-03:00,167.5,0.0
2024-04-04 12:00:00-03:00,166.75,0.0
2024-04-04 13:00:00-03:00,166.5,0.0
2024-04-04 14:00:00-03:00,165.75,0.0
2024-04-04 15:00:00-03:00,165.5,0.0
2024-04-04 16:00:00-03:00,164.5,0.0
2024-04-04 17:00:00-03:00,163.5,0.0
2024-04-04 18:00:00-03:00,162.5,0.0
2024-04-04 19:00:00-03:00,162.0,0.0
2024-04-04 20:00:00-03:00,161.5,0.0
2024-04-04 21:00:00-03:00,160.75,0.0
2024-04-04 22:00:00-03:00,160.25,0.0
2024-04-04 23:00:00-03:00,160.0,0.0
2024-04-05 06:00:00-03:00,158.0,0.0
2024-04-05 07:00:00-03:00,156.0,0.0
2024-04-05 08:00:00-03:00,154.0,0.0
2024-04-05 09:00:00-03:00,153.25,0.0
2024-04-05 10:00:00-03:00,153.25,0.0
2024-04-05 11:00:00-03:00,153.5,0.0
2024-04-05 12:00:00-03:00,153.0,0.0
2024-04-05 13:00:00-03:00,153.33333333333334,0.0
2024-04-05 14:00:00-03:00,154.0,0.0
2024-04-05 15:00:00-03:00,152.0,0.0
2024-04-05 16:00:00-03:00,151.5,0.0
2024-04-05 17:00:00-03:00,150.75,0.0
2024-04-05 18:00:00-03:00,150.0,0.0
2024-04-05 19:00:00-03:00,150.0,0.0
2024-04-05 20:00:00-03:00,149.0,0.0
2024-04-05 21:00:00-03:00,149.0,0.0
2024-04-05 22:00:00-03:00,148.0,0.0
2024-04-05 23:00:00-03:00,147.75,0.0
2024-04-06 00:00:00-03:00,147.0,0.0
2024-04-06 01:00:00-03:00,146.5625,0.0
2024-04-06 02:00:00-03:00,146.125,0.0
2024-04-06 03:00:00-03:00,145.6875,0.0
2024-04-06 04:00:00-03:00,,0.0
2024-04-06 05:00:00-03:00,,0.0
2024-04-06 06:00:00-03:00,,0.0
2024-04-06 07:00:00-03:00,,0.0
2024-04-06 08:00:00-03:00,143.5,0.0
2024-04-06 09:00:00-03:00,144.0,0.0
2024-04-06 10:00:00-03:00,143.25,0.0
2024-04-06 11:00:00-03:00,144.0,0.0
2024-04-06 12:00:00-03:00,142.5,0.0
2024-04-06 13:00:00-03:00,142.66666666666666,0.0
2024-04-06 14:00:00-03:00,143.0,0.0
2024-04-06 15:00:00-03:00,142.0,0.0
2024-04-06 16:00:00-03:00,141.5,0.0
2024-04-06 17:00:00-03:00,140.75,0.0
2024-04-06 18:00:00-03:00,140.0,0.0
2024-04-06 19:00:00-03:00,139.25,0.0
2024-04-06 20:00:00-03:00,139.0,0.0
2024-04-06 21:00:00-03:00,138.25,0.0
2024-04-06 22:00:00-03:00,137.75,0.0
2024-04-06 23:00:00-03:00,137.5,0.0
2024-04-07 00:00:00-03:00,137.0,0.0
2024-04-07 01:00:00-03:00,136.5,0.0
2024-04-07 02:00:00-03:00,136.0,0.0
2024-04-07 03:00:00-03:00,135.5,0.0
2024-04-07 04:00:00-03:00,,0.0
2024-04-07 05:00:00-03:00,,0.2
2024-04-07 06:00:00-03:00,,0.0
2024-04-07 07:00:00-03:00,,0.0
2024-04-07 08:00:00-03:00,133.0,0.0
2024-04-07 09:00:00-03:00,131.75,0.0
2024-04-07 10:00:00-03:00,132.25,0.0
2024-04-07 11:00:00-03:00,131.75,0.0
2024-04-07 12:00:00-03:00,132.5,0.0
2024-04-07 13:00:00-03:00,134.75,0.0
2024-04-07 14:00:00-03:00,133.0,0.0
2024-04-07 15:00:00-03:00,131.25,0.0
2024-04-07 16:00:00-03:00,131.0,0.0
2024-04-07 17:00:00-03:00,130.5,0.0
2024-04-07 18:00:00-03:00,130.0,0.0
2024-04-07 19:00:00-03:00,129.25,0.0
2024-04-07 20:00:00-03:00,129.75,0.0
2024-04-07 21:00:00-03:00,129.25,0.0
2024-04-07 22:00:00-03:00,129.0,0.0
2024-04-07 23:00:00-03:00,129.0,0.0
2024-04-08 00:00:00-03:00,128.25,0.0
2024-04-08 01:00:00-03:00,128.0,0.0
2024-04-08 02:00:00-03:00,127.71428571428571,0.0
2024-04-08 03:00:00-03:00,127.42857142857143,0.0
2024-04-08 04:00:00-03:00,127.14285714285714,0.0
2024-04-08 05:00:00-03:00,,0.0
2024-04-08 06:00:00-03:00,,0.0
2024-04-08 07:00:00-03:00,,0.0
2024-04-08 08:00:00-03:00,126.0,0.2
2024-04-08 09:00:00-03:00,125.5,0.0
2024-04-08 10:00:00-03:00,126.0,0.0
2024-04-08 11:00:00-03:00,125.5,0.0
2024-04-08 12:00:00-03:00,125.5,0.0
2024-04-08 13:00:00-03:00,128.5,0.0
2024-04-08 14:00:00-03:00,128.0,0.0
2024-04-08 15:00:00-03:00,126.5,0.0
2024-04-08 16:00:00-03:00,125.66666666666667,0.0
2024-04-08 17:00:00-03:00,124.83333333333333,0.0
2024-04-08 18:00:00-03:00,124.0,0.0
2024-04-08 19:00:00-03:00,124.0,0.0
2024-04-08 20:00:00-03:00,124.0,0.0
2024-04-08 21:00:00-03:00,123.75,0.0
2024-04-08 22:00:00-03:00,123.5,0.0
2024-04-08 23:00:00-03:00,123.0,0.0
2024-04-09 00:00:00-03:00,123.0,0.0
2024-04-09 01:00:00-03:00,122.5,0.0
2024-04-09 02:00:00-03:00,122.28571428571429,0.0
2024-04-09 03:00:00-03:00,122.07142857142857,0.0
2024-04-09 04:00:00-03:00,121.85714285714286,0.0
2024-04-09 05:00:00-03:00,,0.0
2024-04-09 06:00:00-03:00,,0.0
2024-04-09 07:00:00-03:00,,0.0
2024-04-09 08:00:00-03:00,121.0,0.0
2024-04-09 09:00:00-03:00,121.0,0.0
2024-04-09 10:00:00-03:00,120.5,0.0
2024-04-09 11:00:00-03:00,120.75,0.0
2024-04-09 12:00:00-03:00,121.0,0.0
2024-04-09 13:00:00-03:00,121.0,0.0
2024-04-09 14:00:00-03:00,120.5,0.0
2024-04-09 15:00:00-03:00,120.375,0.0
2024-04-09 16:00:00-03:00,120.25,0.0
2024-04-09 17:00:00-03:00,120.125,0.0
2024-04-09 18:00:00-03:00,120.0,0.0
2024-04-09 19:00:00-03:00,120.0,0.0
2024-04-09 20:00:00-03:00,119.75,0.0
2024-04-09 21:00:00-03:00,119.75,0.0
2024-04-09 22:00:00-03:00,119.0,0.0
2024-04-09 23:00:00-03:00,118.75,0.0
2024-04-10 00:00:00-03:00,118.25,0.0
2024-04-10 01:00:00-03:00,118.25,0.0
2024-04-10 02:00:00-03:00,118.0,0.0
2024-04-10 03:00:00-03:00,117.83333333333333,0.0
2024-04-10 04:00:00-03:00,117.66666666666667,0.0
2024-04-10 05:00:00-03:00,117.5,0.0
2024-04-10 06:00:00-03:00,,0.0
2024-04-10 07:00:00-03:00,,0.0
2024-04-10 08:00:00-03:00,117.0,0.0
2024-04-10 09:00:00-03:00,117.0,0.0
2024-04-10 10:00:00-03:00,117.25,0.0
2024-04-10 11:00:00-03:00,117.75,0.0
2024-04-10 12:00:00-03:00,117.0,0.0
2024-04-10 13:00:00-03:00,118.0,0.0
2024-04-10 14:00:00-03:00,117.33333333333331,0.0
2024-04-10 15:00:00-03:00,118.0,0.0
2024-04-10 16:00:00-03:00,117.66666666666667,0.0
2024-04-10 17:00:00-03:00,117.33333333333333,0.0
2024-04-10 18:00:00-03:00,117.0,0.0
2024-04-10 19:00:00-03:00,116.5,0.0
2024-04-10 20:00:00-03:00,116.0,0.0
2024-04-10 21:00:00-03:00,116.0,0.0
2024-04-10 22:00:00-03:00,116.0,0.0
2024-04-10 23:00:00-03:00,115.5,0.0
2024-04-11 00:00:00-03:00,115.5,0.0
2024-04-11 01:00:00-03:00,115.0,0.0
2024-04-11 02:00:00-03:00,114.85714285714286,0.0
2024-04-11 03:00:00-03:00,114.71428571428571,0.0
2024-04-11 04:00:00-03:00,114.57142857142857,0.0
2024-04-11 05:00:00-03:00,,0.0
2024-04-11 06:00:00-03:00,,0.0
2024-04-11 07:00:00-03:00,,0.0
2024-04-11 08:00:00-03:00,114.0,0.0
2024-04-11 09:00:00-03:00,114.0,0.0
2024-04-11 10:00:00-03:00,114.0,0.0
2024-04-11 11:00:00-03:00,114.5,0.0
2024-04-11 12:00:00-03:00,114.25,0.0
2024-04-11 13:00:00-03:00,114.75,0.0
2024-04-11 14:00:00-03:00,114.5,0.0
2024-04-11 15:00:00-03:00,114.5,0.0
2024-04-11 16:00:00-03:00,114.33333333333333,0.0
2024-04-11 17:00:00-03:00,114.16666666666667,0.0
2024-04-11 18:00:00-03:00,114.0,0.0
2024-04-11 19:00:00-03:00,114.0,0.0
2024-04-11 20:00:00-03:00,114.0,0.0
2024-04-11 21:00:00-03:00,114.0,0.0
2024-04-11 22:00:00-03:00,114.0,0.0
2024-04-11 23:00:00-03:00,113.75,0.0
2024-04-12 00:00:00-03:00,114.0,0.0
2024-04-12 01:00:00-03:00,113.75,0.0
2024-04-12 02:00:00-03:00,114.0,0.0
2024-04-12 03:00:00-03:00,113.83333333333333,0.0
2024-04-12 04:00:00-03:00,113.66666666666667,0.0
2024-04-12 05:00:00-03:00,113.5,0.0
2024-04-12 06:00:00-03:00,,0.0
2024-04-12 07:00:00-03:00,,0.0
2024-04-12 08:00:00-03:00,113.0,0.0
2024-04-12 09:00:00-03:00,113.0,0.0
2024-04-12 10:00:00-03:00,113.5,0.0
2024-04-12 11:00:00-03:00,113.0,0.0
2024-04-12 12:00:00-03:00,113.0,0.0
2024-04-12 13:00:00-03:00,113.25,0.0
2024-04-12 14:00:00-03:00,113.0,0.0
2024-04-12 15:00:00-03:00,113.0,0.0
2024-04-12 16:00:00-03:00,112.83333333333333,0.0
2024-04-12 17:00:00-03:00,112.66666666666667,0.0
2024-04-12 18:00:00-03:00,112.5,0.0
2024-04-12 19:00:00-03:00,112.0,0.0
2024-04-12 20:00:00-03:00,112.0,0.0
2024-04-12 21:00:00-03:00,112.0,0.0
2024-04-12 22:00:00-03:00,112.0,0.0
2024-04-12 23:00:00-03:00,111.25,0.0
2024-04-13 00:00:00-03:00,112.0,0.0
2024-04-13 01:00:00-03:00,112.4375,0.0
2024-04-13 02:00:00-03:00,112.875,0.0
2024-04-13 03:00:00-03:00,113.3125,0.0
2024-04-13 04:00:00-03:00,,0.0
2024-04-13 05:00:00-03:00,,0.0
2024-04-13 06:00:00-03:00,,0.0
2024-04-13 07:00:00-03:00,,0.0
2024-04-13 08:00:00-03:00,115.5,0.0
2024-04-13 09:00:00-03:00,116.25,0.0
2024-04-13 10:00:00-03:00,117.5,0.0
2024-04-13 11:00:00-03:00,118.25,0.0
2024-04-13 12:00:00-03:00,120.25,0.0
2024-04-13 13:00:00-03:00,121.0,0.0
2024-04-13 14:00:00-03:00,121.2,0.0
2024-04-13 15:00:00-03:00,121.4,0.0
2024-04-13 16:00:00-03:00,121.6,0.0
2024-04-13 17:00:00-03:00,,0.0
2024-04-13 18:00:00-03:00,122.0,0.0
2024-04-13 19:00:00-03:00,122.0,0.0
2024-04-13 20:00:00-03:00,121.5,0.0
2024-04-13 21:00:00-03:00,121.25,0.0
2024-04-13 22:00:00-03:00,121.0,0.0
2024-04-13 23:00:00-03:00,120.0,0.0
2024-04-14 00:00:00-03:00,119.75,0.0
2024-04-14 01:00:00-03:00,119.0,0.0
2024-04-14 02:00:00-03:00,119.0,0.0
2024-04-14 03:00:00-03:00,118.33333333333333,0.0
2024-04-14 04:00:00-03:00,117.66666666666667,0.0
2024-04-14 05:00:00-03:00,117.0,0.0
2024-04-14 06:00:00-03:00,,0.0
2024-04-14 07:00:00-03:00,,0.0
2024-04-14 08:00:00-03:00,115.0,0.0
2024-04-14 09:00:00-03:00,114.25,0.0
2024-04-14 10:00:00-03:00,114.0,0.0
2024-04-14 11:00:00-03:00,115.25,0.0
2024-04-14 12:00:00-03:00,114.0,0.0
2024-04-14 13:00:00-03:00,114.0,0.0
2024-04-14 14:00:00-03:00,113.25,0.0
2024-04-14 15:00:00-03:00,113.5,0.0
2024-04-14 16:00:00-03:00,113.0,0.0
2024-04-14 17:00:00-03:00,112.5,0.0
2024-04-14 18:00:00-03:00,112.0,0.0
2024-04-14 19:00:00-03:00,112.0,0.0
2024-04-14 20:00:00-03:00,111.0,0.0
2024-04-14 21:00:00-03:00,111.0,0.0
2024-04-14 22:00:00-03:00,110.75,0.0
2024-04-14 23:00:00-03:00,110.25,0.0
2024-04-15 00:00:00-03:00,110.0,0.0
2024-04-15 01:00:00-03:00,110.0,0.0
2024-04-15 02:00:00-03:00,110.0,0.0
2024-04-15 03:00:00-03:00,109.83333333333333,0.0
2024-04-15 04:00:00-03:00,109.66666666666667,0.0
2024-04-15 05:00:00-03:00,109.5,0.0
2024-04-15 06:00:00-03:00,,0.0
2024-04-15 07:00:00-03:00,,0.0
2024-04-15 08:00:00-03:00,109.0,0.0
2024-04-15 09:00:00-03:00,109.0,0.0
2024-04-15 10:00:00-03:00,110.0,0.0
2024-04-15 11:00:00-03:00,108.75,0.0
2024-04-15 12:00:00-03:00,108.5,0.0
2024-04-15 13:00:00-03:00,108.5,0.0
2024-04-15 14:00:00-03:00,108.4,0.0
2024-04-15 15:00:00-03:00,108.3,0.0
2024-04-15 16:00:00-03:00,108.2,0.0
2024-04-15 17:00:00-03:00,,0.0
2024-04-15 18:00:00-03:00,108.0,0.0
2024-04-15 19:00:00-03:00,107.75,0.0
2024-04-15 20:00:00-03:00,107.0,0.0
2024-04-15 21:00:00-03:00,107.0,0.0
2024-04-15 22:00:00-03:00,107.0,0.0
2024-04-15 23:00:00-03:00,107.0,0.0
2024-04-16 00:00:00-03:00,106.5,0.0
2024-04-16 01:00:00-03:00,106.5,0.0
2024-04-16 02:00:00-03:00,106.0,0.0
2024-04-16 03:00:00-03:00,105.875,0.0
2024-04-16 04:00:00-03:00,105.75,0.0
2024-04-16 05:00:00-03:00,105.625,0.0
2024-04-16 06:00:00-03:00,105.5,0.0
2024-04-16 07:00:00-03:00,105.75,0.0
2024-04-16 08:00:00-03:00,105.75,0.0
2024-04-16 09:00:00-03:00,105.25,0.0
2024-04-16 10:00:00-03:00,105.0,0.0
2024-04-16 11:00:00-03:00,105.75,0.0
2024-04-16 12:00:00-03:00,106.0,0.0
2024-04-16 13:00:00-03:00,107.0,0.0
2024-04-16 14:00:00-03:00,105.5,0.0
2024-04-16 15:00:00-03:00,105.5,0.0
2024-04-16 16:00:00-03:00,105.33333333333333,0.0
2024-04-16 17:00:00-03:00,105.16666666666667,0.0
2024-04-16 18:00:00-03:00,105.0,0.0
2024-04-16 19:00:00-03:00,105.0,0.0
2024-04-16 20:00:00-03:00,104.75,0.0
2024-04-16 21:00:00-03:00,104.25,0.0
2024-04-16 22:00:00-03:00,104.0,0.0
2024-04-16 23:00:00-03:00,104.0,0.0
2024-04-17 00:00:00-03:00,104.0,0.0
2024-04-17 01:00:00-03:00,104.0,0.0
2024-04-17 02:00:00-03:00,104.0,0.0
2024-04-17 03:00:00-03:00,103.83333333333333,0.0
2024-04-17 04:00:00-03:00,103.66666666666667,0.0
2024-04-17 05:00:00-03:00,103.5,0.0
2024-04-17 06:00:00-03:00,,0.0
2024-04-17 07:00:00-03:00,,0.0
2024-04-17 08:00:00-03:00,103.0,0.0
2024-04-17 09:00:00-03:00,103.0,0.0
2024-04-17 10:00:00-03:00,103.0,0.0
2024-04-17 11:00:00-03:00,103.0,0.0
2024-04-17 12:00:00-03:00,103.0,0.0
2024-04-17 13:00:00-03:00,103.0,0.0
2024-04-17 14:00:00-03:00,104.5,0.0
2024-04-17 15:00:00-03:00,103.66666666666667,0.0
2024-04-17 16:00:00-03:00,102.83333333333333,0.0
2024-04-17 17:00:00-03:00,102.0,0.0
2024-04-17 18:00:00-03:00,102.75,0.0
2024-04-17 19:00:00-03:00,103.5,0.0
2024-04-17 20:00:00-03:00,103.5,0.0
2024-04-17 21:00:00-03:00,103.0,0.8
2024-04-17 22:00:00-03:00,102.0,0.0
2024-04-17 23:00:00-03:00,102.0,0.2
2024-04-18 00:00:00-03:00,101.75,0.0
2024-04-18 01:00:00-03:00,101.0,0.0
2024-04-18 02:00:00-03:00,101.0,0.0
2024-04-18 03:00:00-03:00,100.91666666666667,0.0
2024-04-18 04:00:00-03:00,100.83333333333333,0.0
2024-04-18 05:00:00-03:00,100.75,0.0
2024-04-18 06:00:00-03:00,,0.0
2024-04-18 07:00:00-03:00,,0.0
2024-04-18 08:00:00-03:00,100.5,0.2
2024-04-18 09:00:00-03:00,100.25,0.0
2024-04-18 10:00:00-03:00,100.5,0.0
2024-04-18 11:00:00-03:00,100.5,0.0
2024-04-18 12:00:00-03:00,101.25,0.0
2024-04-18 13:00:00-03:00,100.5,0.0
2024-04-18 14:00:00-03:00,100.5,0.0
2024-04-18 15:00:00-03:00,100.5,0.0
2024-04-18 16:00:00-03:00,100.0,0.0
2024-04-18 17:00:00-03:00,100.0,0.0
2024-04-18 18:00:00-03:00,100.0,0.0
2024-04-18 19:00:00-03:00,100.0,0.0
2024-04-18 20:00:00-03:00,100.0,0.0
2024-04-18 21:00:00-03:00,100.0,0.0
2024-04-18 22:00:00-03:00,100.0,0.0
2024-04-18 23:00:00-03:00,100.25,0.0
2024-04-19 00:00:00-03:00,100.75,0.0
2024-04-19 01:00:00-03:00,101.5,0.0
2024-04-19 02:00:00-03:00,102.0,0.0
2024-04-19 03:00:00-03:00,102.58333333333333,0.0
2024-04-19 04:00:00-03:00,103.16666666666667,0.0
2024-04-19 05:00:00-03:00,103.75,0.0
2024-04-19 06:00:00-03:00,,0.0
2024-04-19 07:00:00-03:00,,0.0
2024-04-19 08:00:00-03:00,105.5,0.0
2024-04-19 09:00:00-03:00,106.5,0.0
2024-04-19 10:00:00-03:00,105.75,0.0
2024-04-19 11:00:00-03:00,106.0,0.0
2024-04-19 12:00:00-03:00,107.0,0.0
2024-04-19 13:00:00-03:00,106.0,0.0
2024-04-19 14:00:00-03:00,106.0,0.0
2024-04-19 15:00:00-03:00,105.75,0.0
2024-04-19 16:00:00-03:00,105.5,0.0
2024-04-19 17:00:00-03:00,105.25,0.0
2024-04-19 18:00:00-03:00,105.0,0.0
2024-04-19 19:00:00-03:00,104.5,0.0
2024-04-19 20:00:00-03:00,104.0,0.0
2024-04-19 21:00:00-03:00,104.0,0.0
2024-04-19 22:00:00-03:00,103.0,0.0
2024-04-19 23:00:00-03:00,103.0,0.0
2024-04-20 00:00:00-03:00,102.5,0.0
2024-04-20 01:00:00-03:00,102.25,0.0
2024-04-20 02:00:00-03:00,102.0,0.0
2024-04-20 03:00:00-03:00,101.71428571428571,0.0
2024-04-20 04:00:00-03:00,101.42857142857143,0.0
2024-04-20 05:00:00-03:00,101.14285714285714,0.0
2024-04-20 06:00:00-03:00,,0.0
2024-04-20 07:00:00-03:00,,0.0
2024-04-20 08:00:00-03:00,,0.0
2024-04-20 09:00:00-03:00,100.0,0.0
2024-04-20 10:00:00-03:00,100.0,0.0
2024-04-20 11:00:00-03:00,99.75,0.0
2024-04-20 12:00:00-03:00,100.0,0.0
2024-04-20 13:00:00-03:00,99.5,0.0
2024-04-20 14:00:00-03:00,100.66666666666669,0.0
2024-04-20 15:00:00-03:00,102.0,0.0
2024-04-20 16:00:00-03:00,101.16666666666667,0.0
2024-04-20 17:00:00-03:00,100.33333333333333,0.0
2024-04-20 18:00:00-03:00,99.5,0.0
2024-04-20 19:00:00-03:00,99.25,0.0
2024-04-20 20:00:00-03:00,99.0,0.0
2024-04-20 21:00:00-03:00,99.0,0.0
2024-04-20 22:00:00-03:00,99.0,0.0
2024-04-20 23:00:00-03:00,98.25,0.0
2024-04-21 00:00:00-03:00,98.0,0.0
2024-04-21 01:00:00-03:00,98.0,0.0
2024-04-21 02:00:00-03:00,98.0,0.0
2024-04-21 03:00:00-03:00,98.0,0.0
2024-04-21 04:00:00-03:00,98.0,0.0
2024-04-21 05:00:00-03:00,97.75,0.0
2024-04-21 06:00:00-03:00,97.5,0.0
2024-04-21 07:00:00-03:00,97.25,0.2
2024-04-21 08:00:00-03:00,97.0,0.0
2024-04-21 09:00:00-03:00,97.5,0.0
2024-04-21 10:00:00-03:00,96.75,0.0
2024-04-21 11:00:00-03:00,97.75,0.0
2024-04-21 12:00:00-03:00,100.5,0.0
2024-04-21 13:00:00-03:00,98.25,0.0
2024-04-21 14:00:00-03:00,98.66666666666669,0.0
2024-04-21 15:00:00-03:00,97.5,0.0
2024-04-21 16:00:00-03:00,97.16666666666667,0.0
2024-04-21 17:00:00-03:00,96.83333333333333,0.0
2024-04-21 18:00:00-03:00,96.5,0.0
2024-04-21 19:00:00-03:00,96.0,0.0
2024-04-21 20:00:00-03:00,96.0,0.0
2024-04-21 21:00:00-03:00,96.0,0.0
2024-04-21 22:00:00-03:00,96.0,0.0
2024-04-21 23:00:00-03:00,95.5,0.0
2024-04-22 00:00:00-03:00,95.0,0.0
2024-04-22 01:00:00-03:00,96.0,0.0
2024-04-22 02:00:00-03:00,95.71428571428571,0.0
2024-04-22 03:00:00-03:00,95.42857142857143,0.0
2024-04-22 04:00:00-03:00,95.14285714285714,0.0
2024-04-22 05:00:00-03:00,,0.2
2024-04-22 06:00:00-03:00,,0.0
2024-04-22 07:00:00-03:00,,0.0
2024-04-22 08:00:00-03:00,94.0,0.0
2024-04-22 09:00:00-03:00,93.75,0.0
2024-04-22 10:00:00-03:00,94.5,0.0
2024-04-22 11:00:00-03:00,95.25,0.0
2024-04-22 12:00:00-03:00,97.0,0.0
2024-04-22 13:00:00-03:00,99.5,0.0
2024-04-22 14:00:00-03:00,96.0,0.0
2024-04-22 15:00:00-03:00,95.0,0.0
2024-04-22 16:00:00-03:00,94.66666666666667,0.0
2024-04-22 17:00:00-03:00,94.33333333333333,0.0
2024-04-22 18:00:00-03:00,94.0,0.0
2024-04-22 19:00:00-03:00,93.75,0.0
2024-04-22 20:00:00-03:00,93.75,0.0
2024-04-22 21:00:00-03:00,94.0,0.0
2024-04-22 22:00:00-03:00,93.0,0.0
2024-04-22 23:00:00-03:00,93.0,0.0
2024-04-23 00:00:00-03:00,93.0,0.0
2024-04-23 01:00:00-03:00,92.875,0.0
2024-04-23 02:00:00-03:00,92.75,0.0
2024-04-23 03:00:00-03:00,92.625,0.0
2024-04-23 04:00:00-03:00,,0.0
2024-04-23 05:00:00-03:00,,0.0
2024-04-23 06:00:00-03:00,,0.0
2024-04-23 07:00:00-03:00,,0.0
2024-04-23 08:00:00-03:00,92.0,0.0
2024-04-23 09:00:00-03:00,92.25,0.0
2024-04-23 10:00:00-03:00,92.25,0.0
2024-04-23 11:00:00-03:00,93.5,0.0
2024-04-23 12:00:00-03:00,93.0,0.0
2024-04-23 13:00:00-03:00,93.33333333333331,0.0
2024-04-23 14:00:00-03:00,94.0,0.0
2024-04-23 15:00:00-03:00,93.0,0.0
2024-04-23 16:00:00-03:00,92.66666666666667,0.0
2024-04-23 17:00:00-03:00,92.33333333333333,0.0
2024-04-23 18:00:00-03:00,92.0,0.0
2024-04-23 19:00:00-03:00,92.0,0.0
2024-04-23 20:00:00-03:00,92.0,0.0
2024-04-23 21:00:00-03:00,91.5,0.0
2024-04-23 22:00:00-03:00,91.0,0.0
2024-04-23 23:00:00-03:00,91.0,0.0
2024-04-24 06:00:00-03:00,90.66666666666667,0.0
2024-04-24 07:00:00-03:00,90.33333333333333,0.0
2024-04-24 08:00:00-03:00,90.0,0.0
2024-04-24 09:00:00-03:00,90.25,0.0
2024-04-24 10:00:00-03:00,90.0,0.0
2024-04-24 11:00:00-03:00,90.0,0.0
2024-04-24 12:00:00-03:00,90.0,0.0
2024-04-24 13:00:00-03:00,90.66666666666669,0.0
2024-04-24 14:00:00-03:00,91.0,0.0
2024-04-24 15:00:00-03:00,90.0,0.0
2024-04-24 16:00:00-03:00,90.0,0.0
2024-04-24 17:00:00-03:00,90.0,0.0
2024-04-24 18:00:00-03:00,90.0,0.0
2024-04-24 19:00:00-03:00,89.5,0.0
2024-04-24 20:00:00-03:00,89.5,0.0
2024-04-24 21:00:00-03:00,89.0,0.0
2024-04-24 22:00:00-03:00,89.0,0.0
2024-04-24 23:00:00-03:00,89.0,0.0
2024-04-25 06:00:00-03:00,88.66666666666667,0.0
2024-04-25 07:00:00-03:00,88.33333333333333,0.0
2024-04-25 08:00:00-03:00,88.0,0.0
2024-04-25 09:00:00-03:00,87.25,0.2
2024-04-25 10:00:00-03:00,88.0,0.0
2024-04-25 11:00:00-03:00,88.75,0.0
2024-04-25 12:00:00-03:00,90.5,0.0
2024-04-25 13:00:00-03:00,88.75,0.0
2024-04-25 14:00:00-03:00,88.25,0.0
2024-04-25 15:00:00-03:00,88.0,0.0
2024-04-25 16:00:00-03:00,88.0,0.0
2024-04-25 17:00:00-03:00,88.0,0.0
2024-04-25 18:00:00-03:00,88.0,0.0
2024-04-25 19:00:00-03:00,88.0,0.0
2024-04-25 20:00:00-03:00,88.0,0.0
2024-04-25 21:00:00-03:00,87.25,0.0
2024-04-25 22:00:00-03:00,87.0,0.0
2024-04-26 06:00:00-03:00,87.0,0.0
2024-04-26 07:00:00-03:00,87.0,0.0
2024-04-26 08:00:00-03:00,87.0,0.0
2024-04-26 09:00:00-03:00,85.5,0.0
2024-04-26 10:00:00-03:00,86.0,0.0
2024-04-26 11:00:00-03:00,86.5,0.0
2024-04-26 12:00:00-03:00,87.0,0.0
2024-04-26 13:00:00-03:00,87.0,0.0
2024-04-26 14:00:00-03:00,87.25,0.0
2024-04-26 15:00:00-03:00,87.0,0.0
2024-04-26 16:00:00-03:00,86.83333333333333,0.0
2024-04-26 17:00:00-03:00,86.66666666666667,0.0
2024-04-26 18:00:00-03:00,86.5,0.0
2024-04-26 19:00:00-03:00,86.0,0.0
2024-04-26 20:00:00-03:00,86.0,0.0
2024-04-26 21:00:00-03:00,86.0,0.0
2024-04-26 22:00:00-03:00,86.0,0.0
2024-04-27 06:00:00-03:00,85.83333333333333,0.0
2024-04-27 07:00:00-03:00,85.66666666666667,0.0
2024-04-27 08:00:00-03:00,85.5,0.0
2024-04-27 09:00:00-03:00,85.5,0.0
2024-04-27 10:00:00-03:00,85.5,0.0
2024-04-27 11:00:00-03:00,85.33333333333333,0.0
2024-04-27 12:00:00-03:00,87.0,0.0
2024-04-27 13:00:00-03:00,87.0,0.0
2024-04-27 14:00:00-03:00,87.0,0.0
2024-04-27 15:00:00-03:00,87.0,0.0
2024-04-27 16:00:00-03:00,86.83333333333333,0.0
2024-04-27 17:00:00-03:00,86.66666666666667,0.0
2024-04-27 18:00:00-03:00,86.5,0.0
2024-04-27 19:00:00-03:00,86.0,0.0
2024-04-27 20:00:00-03:00,86.0,0.0
2024-04-27 21:00:00-03:00,86.0,0.0
2024-04-27 22:00:00-03:00,86.0,0.0
2024-04-28 06:00:00-03:00,86.0,0.0
2024-04-28 07:00:00-03:00,86.0,0.0
2024-04-28 08:00:00-03:00,86.0,0.0
2024-04-28 09:00:00-03:00,86.0,0.0
2024-04-28 10:00:00-03:00,85.5,0.0
2024-04-28 11:00:00-03:00,86.25,0.0
2024-04-28 12:00:00-03:00,87.25,0.0
2024-04-28 13:00:00-03:00,88.5,0.0
2024-04-28 14:00:00-03:00,86.75,0.0
2024-04-28 15:00:00-03:00,86.0,0.0
2024-04-28 16:00:00-03:00,85.66666666666667,0.0
2024-04-28 17:00:00-03:00,85.33333333333333,0.0
2024-04-28 18:00:00-03:00,85.0,0.0
2024-04-28 19:00:00-03:00,85.0,0.0
2024-04-28 20:00:00-03:00,85.0,0.0
2024-04-28 21:00:00-03:00,85.0,0.0
2024-04-28 22:00:00-03:00,85.0,0.0
2024-04-29 06:00:00-03:00,84.83333333333333,0.0
2024-04-29 07:00:00-03:00,84.66666666666667,0.0
2024-04-29 08:00:00-03:00,84.5,0.0
2024-04-29 09:00:00-03:00,84.25,0.0
2024-04-29 10:00:00-03:00,84.75,0.0
2024-04-29 11:00:00-03:00,85.5,0.0
2024-04-29 12:00:00-03:00,88.5,0.0
2024-04-29 13:00:00-03:00,88.0,0.0
2024-04-29 14:00:00-03:00,85.5,0.0
2024-04-29 15:00:00-03:00,85.0,0.0
2024-04-29 16:00:00-03:00,85.0,0.0
2024-04-29 17:00:00-03:00,85.0,0.0
2024-04-29 18:00:00-03:00,85.0,0.0
2024-04-29 19:00:00-03:00,85.0,0.0
2024-04-29 20:00:00-03:00,84.75,0.0
2024-04-29 21:00:00-03:00,85.0,0.0
2024-04-29 22:00:00-03:00,85.0,0.0
2024-04-30 06:00:00-03:00,84.5,0.0
2024-04-30 07:00:00-03:00,84.0,0.0
2024-04-30 08:00:00-03:00,83.5,0.0
2024-04-30 09:00:00-03:00,83.75,0.0
2024-04-30 10:00:00-03:00,84.0,0.0
2024-04-30 11:00:00-03:00,85.0,0.0
2024-04-30 12:00:00-03:00,86.0,0.0
2024-04-30 13:00:00-03:00,84.66666666666667,0.0
2024-04-30 14:00:00-03:00,85.25,0.0
2024-04-30 15:00:00-03:00,84.5,0.0
2024-04-30 16:00:00-03:00,84.33333333333333,0.0
2024-04-30 17:00:00-03:00,84.16666666666667,0.0
2024-04-30 18:00:00-03:00,84.0,0.0
2024-04-30 19:00:00-03:00,84.0,0.0
2024-04-30 20:00:00-03:00,84.0,0.0
2024-04-30 21:00:00-03:00,83.5,0.0
2024-05-01 06:00:00-03:00,83.0,0.0
2024-05-01 07:00:00-03:00,82.5,0.0
2024-05-01 08:00:00-03:00,82.0,0.0
2024-05-01 09:00:00-03:00,82.5,0.0
2024-05-01 10:00:00-03:00,82.5,0.0
2024-05-01 11:00:00-03:00,82.66666666666667,0.0
2024-05-01 12:00:00-03:00,84.0,0.0
2024-05-01 13:00:00-03:00,83.75,0.0
2024-05-01 14:00:00-03:00,83.5,0.0
2024-05-01 15:00:00-03:00,83.25,0.0
2024-05-01 16:00:00-03:00,,0.0
2024-05-01 17:00:00-03:00,,0.0
2024-05-01 18:00:00-03:00,82.5,0.0
2024-05-01 19:00:00-03:00,82.25,0.0
2024-05-01 20:00:00-03:00,82.0,0.0
2024-05-01 21:00:00-03:00,82.0,0.0
2024-05-02 06:00:00-03:00,81.66666666666667,0.0
2024-05-02 07:00:00-03:00,81.33333333333333,0.0
2024-05-02 08:00:00-03:00,81.0,0.0
2024-05-02 09:00:00-03:00,81.5,0.0
2024-05-02 10:00:00-03:00,81.5,0.0
2024-05-02 11:00:00-03:00,82.0,0.0
2024-05-02 12:00:00-03:00,81.75,0.0
2024-05-02 13:00:00-03:00,81.5,0.0
2024-05-02 14:00:00-03:00,82.5,0.0
2024-05-02 15:00:00-03:00,82.0,0.0
2024-05-02 16:00:00-03:00,82.0,0.0
2024-05-02 17:00:00-03:00,82.0,0.0
2024-05-02 18:00:00-03:00,82.0,0.0
2024-05-02 19:00:00-03:00,82.0,0.0
2024-05-03 06:00:00-03:00,81.33333333333333,0.0
2024-05-03 07:00:00-03:00,80.66666666666667,0.0
2024-05-03 08:00:00-03:00,80.0,0.0
2024-05-03 09:00:00-03:00,79.25,0.0
2024-05-03 10:00:00-03:00,80.75,0.0
2024-05-03 11:00:00-03:00,82.66666666666667,0.0
2024-05-03 12:00:00-03:00,80.0,0.0
2024-05-03 13:00:00-03:00,84.0,0.0
2024-05-03 14:00:00-03:00,81.0,0.0
2024-05-03 15:00:00-03:00,81.0,0.0
2024-05-03 16:00:00-03:00,80.83333333333333,0.0
2024-05-03 17:00:00-03:00,80.66666666666667,0.0
2024-05-03 18:00:00-03:00,80.5,0.0
2024-05-03 19:00:00-03:00,80.0,0.0
2024-05-04 06:00:00-03:00,79.66666666666667,0.2
2024-05-04 07:00:00-03:00,79.33333333333333,0.0
2024-05-04 08:00:00-03:00,79.0,0.0
2024-05-04 09:00:00-03:00,78.75,0.0
2024-05-04 10:00:00-03:00,79.0,0.0
2024-05-04 11:00:00-03:00,79.25,0.0
2024-05-04 12:00:00-03:00,81.33333333333333,0.0
2024-05-04 13:00:00-03:00,81.0,0.0
2024-05-04 14:00:00-03:00,80.0,0.0
2024-05-04 15:00:00-03:00,79.75,0.0
2024-05-04 16:00:00-03:00,79.5,0.0
2024-05-04 17:00:00-03:00,79.25,0.0
2024-05-04 18:00:00-03:00,79.0,0.0
2024-05-04 19:00:00-03:00,79.0,0.0
2024-05-04 20:00:00-03:00,78.75,0.0
2024-05-04 21:00:00-03:00,78.5,0.0
2024-05-05 06:00:00-03:00,77.83333333333333,0.0
2024-05-05 07:00:00-03:00,77.16666666666667,0.0
2024-05-05 08:00:00-03:00,76.5,0.0
2024-05-05 09:00:00-03:00,76.25,0.2
2024-05-05 10:00:00-03:00,77.25,0.0
2024-05-05 11:00:00-03:00,79.5,0.0
2024-05-05 12:00:00-03:00,77.5,0.0
2024-05-05 13:00:00-03:00,78.33333333333333,0.0
2024-05-05 14:00:00-03:00,78.0,0.0
2024-05-05 15:00:00-03:00,77.75,0.0
2024-05-05 16:00:00-03:00,77.5,0.0
2024-05-05 17:00:00-03:00,77.25,0.0
2024-05-05 18:00:00-03:00,77.0,0.0
2024-05-05 19:00:00-03:00,77.0,0.0
2024-05-06 06:00:00-03:00,76.16666666666667,0.0
2024-05-06 07:00:00-03:00,75.33333333333333,0.0
2024-05-06 08:00:00-03:00,74.5,0.2
2024-05-06 09:00:00-03:00,74.5,0.0
2024-05-06 10:00:00-03:00,74.75,0.0
2024-05-06 11:00:00-03:00,75.0,0.0
2024-05-06 12:00:00-03:00,75.0,0.0
2024-05-06 13:00:00-03:00,76.25,0.0
2024-05-06 14:00:00-03:00,77.0,0.0
2024-05-06 15:00:00-03:00,76.57142857142857,0.0
2024-05-06 16:00:00-03:00,76.14285714285714,0.0
2024-05-06 17:00:00-03:00,75.71428571428571,0.0
2024-05-06 18:00:00-03:00,,0.0
2024-05-07 06:00:00-03:00,,0.2
2024-05-07 07:00:00-03:00,,0.0
2024-05-07 08:00:00-03:00,74.0,0.0
2024-05-07 09:00:00-03:00,73.75,0.0
2024-05-07 10:00:00-03:00,74.0,0.0
2024-05-07 11:00:00-03:00,74.66666666666667,0.0
2024-05-07 12:00:00-03:00,75.5,0.0
2024-05-07 13:00:00-03:00,75.22222222222223,0.0
2024-05-07 14:00:00-03:00,74.94444444444444,0.0
2024-05-07 15:00:00-03:00,74.66666666666667,0.0
2024-05-07 16:00:00-03:00,,0.0
2024-05-07 17:00:00-03:00,,0.0
2024-05-07 18:00:00-03:00,,0.0
2024-05-08 06:00:00-03:00,,0.0
2024-05-08 07:00:00-03:00,,0.2
2024-05-08 08:00:00-03:00,73.0,0.0
2024-05-08 09:00:00-03:00,72.5,0.0
2024-05-08 10:00:00-03:00,73.25,0.0
2024-05-08 11:00:00-03:00,73.66666666666667,0.0
2024-05-08 12:00:00-03:00,74.0,0.0
2024-05-08 13:00:00-03:00,74.0,0.0
2024-05-08 14:00:00-03:00,74.0,0.0
2024-05-08 15:00:00-03:00,74.0,0.0
2024-05-08 16:00:00-03:00,74.0,0.0
2024-05-08 17:00:00-03:00,74.0,0.0
2024-05-08 18:00:00-03:00,74.0,0.0
2024-05-08 19:00:00-03:00,75.0,0.0
2024-05-09 06:00:00-03:00,74.66666666666667,0.0
2024-05-09 07:00:00-03:00,74.33333333333333,0.0
2024-05-09 08:00:00-03:00,74.0,0.0
2024-05-09 09:00:00-03:00,74.0,0.0
2024-05-09 10:00:00-03:00,74.5,0.0
2024-05-09 11:00:00-03:00,76.0,0.0
2024-05-09 12:00:00-03:00,76.5,0.0
2024-05-09 13:00:00-03:00,75.33333333333333,0.0
2024-05-09 14:00:00-03:00,75.0,0.0
2024-05-09 15:00:00-03:00,75.0,0.0
2024-05-09 16:00:00-03:00,75.0,0.0
2024-05-09 17:00:00-03:00,75.0,0.0
2024-05-09 18:00:00-03:00,75.0,0.0
2024-05-09 19:00:00-03:00,75.0,0.0
2024-05-10 06:00:00-03:00,74.83333333333333,0.0
2024-05-10 07:00:00-03:00,74.66666666666667,0.0
2024-05-10 08:00:00-03:00,74.5,0.0
2024-05-10 09:00:00-03:00,74.5,0.0
2024-05-10 10:00:00-03:00,75.0,0.0
2024-05-10 11:00:00-03:00,75.5,0.0
2024-05-10 12:00:00-03:00,75.5,0.0
2024-05-10 13:00:00-03:00,76.5,0.0
2024-05-10 14:00:00-03:00,76.0,0.0
2024-05-10 15:00:00-03:00,75.75,0.0
2024-05-10 16:00:00-03:00,75.5,0.0
2024-05-10 17:00:00-03:00,75.25,0.0
2024-05-10 18:00:00-03:00,75.0,0.0
2024-05-10 19:00:00-03:00,75.5,0.0
2024-05-11 05:00:00-03:00,74.0,0.0
2024-05-11 06:00:00-03:00,74.0,0.0
2024-05-11 07:00:00-03:00,74.0,0.0
2024-05-11 08:00:00-03:00,74.0,0.0
2024-05-11 09:00:00-03:00,74.0,0.0
2024-05-11 10:00:00-03:00,73.25,0.0
2024-05-11 11:00:00-03:00,74.25,0.0
2024-05-11 12:00:00-03:00,74.5,0.0
2024-05-11 13:00:00-03:00,74.41666666666667,0.0
2024-05-11 14:00:00-03:00,74.33333333333333,0.0
2024-05-11 15:00:00-03:00,74.25,0.0
2024-05-11 16:00:00-03:00,,0.0
2024-05-11 17:00:00-03:00,,0.0
2024-05-11 18:00:00-03:00,74.0,0.0
2024-05-11 19:00:00-03:00,74.0,0.0
2024-05-12 06:00:00-03:00,73.16666666666667,0.0
2024-05-12 07:00:00-03:00,72.33333333333333,0.0
2024-05-12 08:00:00-03:00,71.5,0.0
2024-05-12 09:00:00-03:00,70.5,0.0
2024-05-12 10:00:00-03:00,72.0,0.0
2024-05-12 11:00:00-03:00,74.5,0.0
2024-05-12 12:00:00-03:00,75.0,0.0
2024-05-12 13:00:00-03:00,72.5,0.0
2024-05-12 14:00:00-03:00,73.0,0.0
2024-05-12 15:00:00-03:00,72.75,0.0
2024-05-12 16:00:00-03:00,72.5,0.0
2024-05-12 17:00:00-03:00,72.25,0.0
2024-05-12 18:00:00-03:00,72.0,0.0
2024-05-12 19:00:00-03:00,71.5,0.0
2024-05-13 06:00:00-03:00,71.33333333333333,0.2
2024-05-13 07:00:00-03:00,71.16666666666667,0.0
2024-05-13 08:00:00-03:00,71.0,0.0
2024-05-13 09:00:00-03:00,71.0,0.0
2024-05-13 10:00:00-03:00,71.25,0.0
2024-05-13 11:00:00-03:00,72.25,0.0
2024-05-13 12:00:00-03:00,78.0,0.0
2024-05-13 13:00:00-03:00,72.0,0.0
2024-05-13 14:00:00-03:00,72.0,0.0
2024-05-13 15:00:00-03:00,72.0,0.0
2024-05-13 16:00:00-03:00,72.0,0.0
2024-05-13 17:00:00-03:00,72.0,0.0
2024-05-13 18:00:00-03:00,72.0,0.0
2024-05-13 19:00:00-03:00,71.75,0.0
2024-05-13 20:00:00-03:00,72.0,0.0
2024-05-14 06:00:00-03:00,71.66666666666667,0.0
2024-05-14 07:00:00-03:00,71.33333333333333,0.0
2024-05-14 08:00:00-03:00,71.0,0.0
2024-05-14 09:00:00-03:00,70.75,0.0
2024-05-14 10:00:00-03:00,72.0,0.0
2024-05-14 11:00:00-03:00,71.25,0.0
2024-05-14 12:00:00-03:00,73.75,0.0
2024-05-14 13:00:00-03:00,72.0,0.0
2024-05-14 14:00:00-03:00,72.0,0.0
2024-05-14 15:00:00-03:00,72.0,0.0
2024-05-14 16:00:00-03:00,72.0,0.0
2024-05-14 17:00:00-03:00,,0.0
2024-05-14 18:00:00-03:00,72.0,0.0
2024-05-14 19:00:00-03:00,72.0,0.0
2024-05-14 20:00:00-03:00,72.0,0.0
2024-05-14 21:00:00-03:00,72.0,0.0
2024-05-15 06:00:00-03:00,72.0,0.0
2024-05-15 07:00:00-03:00,72.0,0.0
2024-05-15 08:00:00-03:00,72.0,0.0
2024-05-15 09:00:00-03:00,72.0,0.0
2024-05-15 10:00:00-03:00,72.0,0.0
2024-05-15 11:00:00-03:00,72.25,0.0
2024-05-15 12:00:00-03:00,74.0,0.0
2024-05-15 13:00:00-03:00,73.66666666666667,0.0
2024-05-15 14:00:00-03:00,73.33333333333333,0.0
2024-05-15 15:00:00-03:00,73.0,0.0
2024-05-15 16:00:00-03:00,,0.0
2024-05-15 17:00:00-03:00,,0.0
2024-05-15 18:00:00-03:00,72.0,0.0
2024-05-15 19:00:00-03:00,72.0,0.0
2024-05-15 20:00:00-03:00,72.0,0.0
2024-05-16 07:00:00-03:00,71.5,0.0
2024-05-16 08:00:00-03:00,71.0,0.0
2024-05-16 09:00:00-03:00,70.5,0.0
2024-05-16 10:00:00-03:00,71.0,0.0
2024-05-16 11:00:00-03:00,70.75,0.0
2024-05-16 12:00:00-03:00,70.75,0.0
2024-05-16 13:00:00-03:00,71.25,0.0
2024-05-16 14:00:00-03:00,71.5,0.0
2024-05-16 15:00:00-03:00,71.375,0.0
2024-05-16 16:00:00-03:00,71.25,0.0
2024-05-16 17:00:00-03:00,71.125,0.0
2024-05-16 18:00:00-03:00,71.0,0.0
2024-05-16 19:00:00-03:00,71.0,0.0
2024-05-16 20:00:00-03:00,71.0,0.0
2024-05-16 21:00:00-03:00,71.0,0.0
2024-05-17 06:00:00-03:00,71.0,0.2
2024-05-17 07:00:00-03:00,71.0,0.0
2024-05-17 08:00:00-03:00,71.0,0.0
2024-05-17 09:00:00-03:00,70.5,0.0
2024-05-17 10:00:00-03:00,70.75,0.0
2024-05-17 11:00:00-03:00,71.25,0.0
2024-05-17 12:00:00-03:00,73.66666666666667,0.0
2024-05-17 13:00:00-03:00,73.0,0.0
2024-05-17 14:00:00-03:00,78.0,0.0
2024-05-17 15:00:00-03:00,76.5,0.0
2024-05-17 16:00:00-03:00,75.0,0.0
2024-05-17 17:00:00-03:00,73.5,0.0
2024-05-17 18:00:00-03:00,72.0,0.0
2024-05-17 19:00:00-03:00,71.75,0.0
2024-05-17 20:00:00-03:00,71.5,0.0
2024-05-17 21:00:00-03:00,71.5,0.0
2024-05-17 22:00:00-03:00,71.25,0.0
2024-05-17 23:00:00-03:00,71.5,0.0
2024-05-18 06:00:00-03:00,71.33333333333333,0.0
2024-05-18 07:00:00-03:00,71.16666666666667,0.0
2024-05-18 08:00:00-03:00,71.0,0.0
2024-05-18 09:00:00-03:00,71.5,0.0
2024-05-18 10:00:00-03:00,71.25,0.0
2024-05-18 11:00:00-03:00,71.0,0.0
2024-05-18 12:00:00-03:00,72.5,0.0
2024-05-18 13:00:00-03:00,72.25,0.0
2024-05-18 14:00:00-03:00,72.5,0.0
2024-05-18 15:00:00-03:00,72.375,0.0
2024-05-18 16:00:00-03:00,72.25,0.0
2024-05-18 17:00:00-03:00,72.125,0.0
2024-05-18 18:00:00-03:00,72.0,0.0
2024-05-18 19:00:00-03:00,71.0,0.0
2024-05-18 20:00:00-03:00,71.0,0.0
2024-05-18 21:00:00-03:00,71.0,0.0
2024-05-18 22:00:00-03:00,71.0,0.0
2024-05-18 23:00:00-03:00,71.0,0.0
2024-05-19 00:00:00-03:00,71.0,0.0
2024-05-19 01:00:00-03:00,70.875,0.0
2024-05-19 02:00:00-03:00,70.75,0.0
2024-05-19 03:00:00-03:00,70.625,0.0
2024-05-19 04:00:00-03:00,,0.0
2024-05-19 05:00:00-03:00,,0.0
2024-05-19 06:00:00-03:00,,0.0
2024-05-19 07:00:00-03:00,,0.0
2024-05-19 08:00:00-03:00,70.0,0.2
2024-05-19 09:00:00-03:00,69.75,0.0
2024-05-19 10:00:00-03:00,69.75,0.0
2024-05-19 11:00:00-03:00,70.0,0.0
2024-05-19 12:00:00-03:00,71.5,0.0
2024-05-19 13:00:00-03:00,73.25,0.0
2024-05-19 14:00:00-03:00,72.0,0.0
2024-05-19 15:00:00-03:00,71.5,0.0
2024-05-19 16:00:00-03:00,71.0,0.0
2024-05-19 17:00:00-03:00,70.5,0.0
2024-05-19 18:00:00-03:00,70.0,0.0
2024-05-19 19:00:00-03:00,70.0,0.0
2024-05-19 20:00:00-03:00,69.75,0.0
2024-05-19 21:00:00-03:00,70.0,0.0
2024-05-20 07:00:00-03:00,69.33333333333333,0.0
2024-05-20 08:00:00-03:00,68.66666666666667,0.0
2024-05-20 09:00:00-03:00,68.0,0.0
2024-05-20 10:00:00-03:00,69.0,0.0
2024-05-20 11:00:00-03:00,68.5,0.0
2024-05-20 12:00:00-03:00,70.0,0.0
2024-05-20 13:00:00-03:00,70.25,0.0
2024-05-20 14:00:00-03:00,69.5,0.0
2024-05-20 15:00:00-03:00,69.125,0.0
2024-05-20 16:00:00-03:00,68.75,0.0
2024-05-20 17:00:00-03:00,68.375,0.0
2024-05-20 18:00:00-03:00,68.0,0.0
2024-05-20 19:00:00-03:00,68.25,0.0
2024-05-20 20:00:00-03:00,68.5,0.0
2024-05-20 21:00:00-03:00,68.0,0.0
2024-05-20 22:00:00-03:00,68.0,0.0
2024-05-20 23:00:00-03:00,68.0,0.0
2024-05-21 06:00:00-03:00,68.0,0.0
2024-05-21 07:00:00-03:00,68.0,0.0
2024-05-21 08:00:00-03:00,67.25,0.0
2024-05-21 09:00:00-03:00,66.75,0.0
2024-05-21 10:00:00-03:00,66.75,0.0
2024-05-21 11:00:00-03:00,67.25,0.0
2024-05-21 12:00:00-03:00,68.75,0.0
2024-05-21 13:00:00-03:00,70.0,0.0
2024-05-21 14:00:00-03:00,69.4,0.0
2024-05-21 15:00:00-03:00,68.8,0.0
2024-05-21 16:00:00-03:00,68.2,0.0
2024-05-21 17:00:00-03:00,,0.0
2024-05-21 18:00:00-03:00,67.0,0.0
2024-05-21 19:00:00-03:00,67.25,0.0
2024-05-21 20:00:00-03:00,67.25,0.0
2024-05-21 21:00:00-03:00,67.25,0.0
2024-05-21 22:00:00-03:00,67.0,0.0
2024-05-21 23:00:00-03:00,67.0,0.0
2024-05-22 00:00:00-03:00,67.0,0.0
2024-05-22 01:00:00-03:00,66.875,0.0
2024-05-22 02:00:00-03:00,66.75,0.0
2024-05-22 03:00:00-03:00,66.625,0.0
2024-05-22 04:00:00-03:00,,0.0
2024-05-22 05:00:00-03:00,,0.0
2024-05-22 06:00:00-03:00,,0.2
2024-05-22 07:00:00-03:00,,0.0
2024-05-22 08:00:00-03:00,66.0,0.0
2024-05-22 09:00:00-03:00,66.0,0.0
2024-05-22 10:00:00-03:00,66.5,0.0
2024-05-22 11:00:00-03:00,67.0,0.0
2024-05-22 12:00:00-03:00,67.0,0.0
2024-05-22 13:00:00-03:00,68.0,0.0
2024-05-22 14:00:00-03:00,67.0,0.0
2024-05-22 15:00:00-03:00,67.0,0.0
2024-05-22 16:00:00-03:00,67.0,0.0
2024-05-22 17:00:00-03:00,67.0,0.0
2024-05-22 18:00:00-03:00,67.0,0.0
2024-05-22 19:00:00-03:00,66.5,0.0
2024-05-22 20:00:00-03:00,67.0,0.0
2024-05-22 21:00:00-03:00,66.75,0.0
2024-05-22 22:00:00-03:00,66.25,0.0
2024-05-22 23:00:00-03:00,66.0,0.0
2024-05-23 00:00:00-03:00,66.0,0.0
2024-05-23 01:00:00-03:00,66.0,0.0
2024-05-23 02:00:00-03:00,66.0,0.0
2024-05-23 03:00:00-03:00,66.0,0.0
2024-05-23 04:00:00-03:00,,0.0
2024-05-23 05:00:00-03:00,,0.0
2024-05-23 06:00:00-03:00,,0.0
2024-05-23 07:00:00-03:00,,0.2
2024-05-23 08:00:00-03:00,66.0,0.0
2024-05-23 09:00:00-03:00,65.75,0.0
2024-05-23 10:00:00-03:00,66.25,0.0
2024-05-23 11:00:00-03:00,66.0,0.0
2024-05-23 12:00:00-03:00,67.25,0.0
2024-05-23 13:00:00-03:00,68.33333333333333,0.0
2024-05-23 14:00:00-03:00,66.5,0.0
2024-05-23 15:00:00-03:00,66.625,0.0
2024-05-23 16:00:00-03:00,66.75,0.0
2024-05-23 17:00:00-03:00,66.875,0.0
2024-05-23 18:00:00-03:00,67.0,0.0
2024-05-23 19:00:00-03:00,66.75,0.0
2024-05-23 20:00:00-03:00,66.75,0.0
2024-05-23 21:00:00-03:00,66.5,0.0
2024-05-23 22:00:00-03:00,66.0,0.0
2024-05-23 23:00:00-03:00,66.0,0.0
2024-05-24 00:00:00-03:00,66.25,0.0
2024-05-24 01:00:00-03:00,66.0,0.0
2024-05-24 02:00:00-03:00,66.0,0.0
2024-05-24 03:00:00-03:00,66.0,0.0
2024-05-24 04:00:00-03:00,66.0,0.0
2024-05-24 05:00:00-03:00,,0.0
2024-05-24 06:00:00-03:00,,0.0
2024-05-24 07:00:00-03:00,,0.0
2024-05-24 08:00:00-03:00,66.0,0.0
2024-05-24 09:00:00-03:00,65.75,0.0
2024-05-24 10:00:00-03:00,66.0,0.0
2024-05-24 11:00:00-03:00,66.5,0.0
2024-05-24 12:00:00-03:00,66.5,0.0
2024-05-24 13:00:00-03:00,66.58333333333333,0.0
2024-05-24 14:00:00-03:00,66.66666666666667,0.0
2024-05-24 15:00:00-03:00,66.75,0.0
2024-05-24 16:00:00-03:00,,0.0
2024-05-24 17:00:00-03:00,,2.2
2024-05-24 18:00:00-03:00,67.0,0.2
2024-05-24 19:00:00-03:00,66.75,0.0
2024-05-24 20:00:00-03:00,66.75,0.0
2024-05-24 21:00:00-03:00,66.25,0.0
2024-05-24 22:00:00-03:00,66.0,0.0
2024-05-24 23:00:00-03:00,66.0,0.0
2024-05-25 00:00:00-03:00,66.0,0.0
2024-05-25 01:00:00-03:00,66.0,0.0
2024-05-25 02:00:00-03:00,66.0,0.0
2024-05-25 03:00:00-03:00,66.0,0.0
2024-05-25 04:00:00-03:00,,0.2
2024-05-25 05:00:00-03:00,,0.0
2024-05-25 06:00:00-03:00,,0.0
2024-05-25 07:00:00-03:00,,0.0
2024-05-25 08:00:00-03:00,66.0,0.0
2024-05-25 09:00:00-03:00,65.5,0.0
2024-05-25 10:00:00-03:00,66.0,0.0
2024-05-25 11:00:00-03:00,66.25,0.0
2024-05-25 12:00:00-03:00,66.5,0.0
2024-05-25 13:00:00-03:00,66.5,0.0
2024-05-25 14:00:00-03:00,66.6,0.0
2024-05-25 15:00:00-03:00,66.7,0.0
2024-05-25 16:00:00-03:00,66.8,0.0
2024-05-25 17:00:00-03:00,,0.0
2024-05-25 18:00:00-03:00,67.0,0.0
2024-05-25 19:00:00-03:00,66.75,0.0
2024-05-25 20:00:00-03:00,67.0,0.0
2024-05-25 21:00:00-03:00,67.0,4.6
2024-05-25 22:00:00-03:00,66.5,2.4
2024-05-25 23:00:00-03:00,67.0,0.0
2024-05-26 10:00:00-03:00,67.66666666666667,0.0
2024-05-26 11:00:00-03:00,68.33333333333333,10.2
2024-05-26 12:00:00-03:00,69.0,0.2
2024-05-26 13:00:00-03:00,68.5,0.2
2024-05-26 14:00:00-03:00,68.0,6.6
2024-05-26 15:00:00-03:00,69.0,3.2
2024-05-26 16:00:00-03:00,70.0,3.2
2024-05-26 17:00:00-03:00,71.0,0.2
2024-05-26 18:00:00-03:00,72.0,0.0
2024-05-26 19:00:00-03:00,71.25,0.0
2024-05-26 20:00:00-03:00,71.0,0.0
2024-05-26 21:00:00-03:00,71.0,0.0
2024-05-26 22:00:00-03:00,71.0,0.0
2024-05-26 23:00:00-03:00,71.75,0.0
2024-05-27 00:00:00-03:00,72.0,0.0
2024-05-27 01:00:00-03:00,73.0,0.0
2024-05-27 02:00:00-03:00,73.5,0.2
2024-05-27 03:00:00-03:00,75.25,0.2
2024-05-27 04:00:00-03:00,77.0,0.0
2024-05-27 05:00:00-03:00,78.75,0.0
2024-05-27 06:00:00-03:00,,0.0
2024-05-27 07:00:00-03:00,,0.0
2024-05-27 08:00:00-03:00,,0.0
2024-05-27 09:00:00-03:00,,1.2
2024-05-27 10:00:00-03:00,,1.4
2024-05-27 11:00:00-03:00,,0.0
2024-05-27 12:00:00-03:00,91.0,4.2
2024-05-27 13:00:00-03:00,92.25,0.0
2024-05-27 14:00:00-03:00,94.25,0.2
2024-05-27 15:00:00-03:00,97.0,0.0
2024-05-27 16:00:00-03:00,97.5,0.0
2024-05-27 17:00:00-03:00,100.75,0.0
2024-05-27 18:00:00-03:00,104.0,0.0
2024-05-27 19:00:00-03:00,106.0,0.0
2024-05-27 20:00:00-03:00,108.5,0.0
2024-05-27 21:00:00-03:00,110.5,0.0
2024-05-27 22:00:00-03:00,112.5,0.0
2024-05-27 23:00:00-03:00,114.5,0.0
2024-05-28 00:00:00-03:00,115.5,0.0
2024-05-28 01:00:00-03:00,117.0,0.0
2024-05-28 02:00:00-03:00,118.5,0.0
2024-05-28 03:00:00-03:00,120.0,0.0
2024-05-28 04:00:00-03:00,120.66666666666667,0.2
2024-05-28 05:00:00-03:00,121.33333333333333,0.0
2024-05-28 06:00:00-03:00,122.0,0.0
2024-05-28 07:00:00-03:00,,0.0
2024-05-28 08:00:00-03:00,,0.0
2024-05-28 09:00:00-03:00,124.0,0.0
2024-05-28 10:00:00-03:00,123.75,0.0
2024-05-28 11:00:00-03:00,125.5,0.2
2024-05-28 12:00:00-03:00,125.0,0.0
2024-05-28 13:00:00-03:00,125.5,0.0
2024-05-28 14:00:00-03:00,127.5,0.0
2024-05-28 15:00:00-03:00,127.875,0.0
2024-05-28 16:00:00-03:00,128.25,0.0
2024-05-28 17:00:00-03:00,128.625,1.2
2024-05-28 18:00:00-03:00,129.0,0.0
2024-05-28 19:00:00-03:00,129.25,0.0
2024-05-28 20:00:00-03:00,129.75,0.0
2024-05-28 21:00:00-03:00,130.0,0.0
2024-05-28 22:00:00-03:00,130.0,0.2
2024-05-28 23:00:00-03:00,130.0,0.0
2024-05-29 00:00:00-03:00,130.0,0.0
2024-05-29 01:00:00-03:00,130.0,0.0
2024-05-29 02:00:00-03:00,129.5,0.0
2024-05-29 03:00:00-03:00,129.0,0.0
2024-05-29 04:00:00-03:00,128.0,0.0
2024-05-29 05:00:00-03:00,127.5,0.0
2024-05-29 06:00:00-03:00,126.0,0.0
2024-05-29 07:00:00-03:00,124.5,0.0
2024-05-29 08:00:00-03:00,123.0,0.0
2024-05-29 09:00:00-03:00,122.0,0.0
2024-05-29 10:00:00-03:00,121.25,0.0
2024-05-29 11:00:00-03:00,119.5,0.0
2024-05-29 12:00:00-03:00,121.0,0.0
2024-05-29 13:00:00-03:00,118.0,0.0
2024-05-29 14:00:00-03:00,118.0,0.0
2024-05-29 15:00:00-03:00,116.25,0.0
2024-05-29 16:00:00-03:00,114.5,0.0
2024-05-29 17:00:00-03:00,112.75,0.0
2024-05-29 18:00:00-03:00,111.0,0.0
2024-05-29 19:00:00-03:00,109.75,0.0
2024-05-29 20:00:00-03:00,108.75,0.0
2024-05-29 21:00:00-03:00,107.0,0.0
2024-05-29 22:00:00-03:00,106.25,0.0
2024-05-29 23:00:00-03:00,105.0,0.0
2024-05-30 06:00:00-03:00,102.9375,0.2
2024-05-30 07:00:00-03:00,100.875,0.0
2024-05-30 08:00:00-03:00,98.8125,0.0
2024-05-30 09:00:00-03:00,96.75,0.0
2024-05-30 10:00:00-03:00,97.33333333333331,0.0
2024-05-30 11:00:00-03:00,96.0,0.0
2024-05-30 12:00:00-03:00,96.0,0.0
2024-05-30 13:00:00-03:00,97.33333333333331,0.0
2024-05-30 14:00:00-03:00,96.46666666666665,0.0
2024-05-30 15:00:00-03:00,95.6,0.0
2024-05-30 16:00:00-03:00,94.73333333333332,0.0
2024-05-30 17:00:00-03:00,,0.0
2024-05-30 18:00:00-03:00,93.0,0.0
2024-05-30 19:00:00-03:00,93.0,0.0
2024-05-30 20:00:00-03:00,92.0,0.0
2024-05-31 07:00:00-03:00,87.5,0.0
2024-05-31 08:00:00-03:00,87.0,0.0
2024-05-31 09:00:00-03:00,86.0,0.0
2024-05-31 10:00:00-03:00,86.0,0.2
2024-05-31 11:00:00-03:00,86.0,0.0
2024-05-31 12:00:00-03:00,87.0,0.0
2024-05-31 13:00:00-03:00,86.0,0.0
2024-05-31 14:00:00-03:00,85.25,0.0
2024-05-31 15:00:00-03:00,84.5,0.0
2024-05-31 16:00:00-03:00,83.75,0.0
2024-05-31 17:00:00-03:00,,0.0
2024-05-31 18:00:00-03:00,,0.0
2024-06-01 06:00:00-03:00,,0.0
2024-06-01 07:00:00-03:00,,0.0
2024-06-01 08:00:00-03:00,80.0,0.2
2024-06-01 09:00:00-03:00,80.25,0.0
2024-06-01 10:00:00-03:00,80.25,0.0
2024-06-01 11:00:00-03:00,80.33333333333333,0.0
2024-06-01 12:00:00-03:00,80.0,0.0
2024-06-01 13:00:00-03:00,81.0,0.0
2024-06-02 06:00:00-03:00,79.33333333333333,0.0
2024-06-02 07:00:00-03:00,77.66666666666667,0.0
2024-06-02 08:00:00-03:00,76.0,0.0
2024-06-02 09:00:00-03:00,75.5,0.0
2024-06-02 10:00:00-03:00,76.66666666666667,0.0
2024-06-02 11:00:00-03:00,81.0,0.0
2024-06-02 12:00:00-03:00,76.0,0.0
2024-06-02 13:00:00-03:00,77.0,0.0
2024-06-02 14:00:00-03:00,77.0,0.0
2024-06-03 06:00:00-03:00,76.0,0.0
2024-06-03 07:00:00-03:00,75.0,0.0
2024-06-03 08:00:00-03:00,74.0,0.0
2024-06-03 09:00:00-03:00,73.5,0.0
2024-06-03 10:00:00-03:00,74.0,0.0
2024-06-03 11:00:00-03:00,75.0,0.0
2024-06-03 12:00:00-03:00,75.5,0.0
2024-06-04 06:00:00-03:00,73.0,0.0
2024-06-04 07:00:00-03:00,73.0,0.0
2024-06-04 08:00:00-03:00,73.0,0.0
2024-06-04 09:00:00-03:00,72.5,0.0
2024-06-04 10:00:00-03:00,73.0,0.0
2024-06-04 11:00:00-03:00,76.0,0.0
2024-06-04 12:00:00-03:00,74.0,0.0
2024-06-04 13:00:00-03:00,73.85714285714286,0.0
2024-06-04 14:00:00-03:00,73.71428571428571,0.0
2024-06-04 15:00:00-03:00,73.57142857142857,0.0
2024-06-04 16:00:00-03:00,,0.0
2024-06-04 17:00:00-03:00,,0.0
2024-06-04 18:00:00-03:00,,0.0
2024-06-05 07:00:00-03:00,73.0,0.0
2024-06-05 08:00:00-03:00,72.75,0.0
2024-06-05 09:00:00-03:00,71.75,0.0
2024-06-05 10:00:00-03:00,72.25,0.0
2024-06-05 11:00:00-03:00,73.0,0.0
2024-06-05 12:00:00-03:00,73.0,0.0
2024-06-05 13:00:00-03:00,73.0,0.0
2024-06-05 14:00:00-03:00,73.0,0.0
2024-06-06 06:00:00-03:00,72.33333333333333,0.0
2024-06-06 07:00:00-03:00,71.66666666666667,0.0
2024-06-06 08:00:00-03:00,71.0,0.0
2024-06-06 09:00:00-03:00,71.0,0.2
2024-06-06 10:00:00-03:00,72.25,0.0
2024-06-06 11:00:00-03:00,72.5,0.0
2024-06-06 12:00:00-03:00,72.0,0.0
2024-06-06 13:00:00-03:00,72.0,0.0
2024-06-06 14:00:00-03:00,72.0,0.0
2024-06-07 06:00:00-03:00,70.66666666666667,0.0
2024-06-07 07:00:00-03:00,69.33333333333333,0.0
2024-06-07 08:00:00-03:00,68.0,0.0
2024-06-07 09:00:00-03:00,68.0,0.0
2024-06-07 10:00:00-03:00,68.0,0.0
2024-06-07 11:00:00-03:00,70.0,0.0
2024-06-07 12:00:00-03:00,70.0,0.0
2024-06-07 13:00:00-03:00,70.0,0.0
2024-06-07 14:00:00-03:00,69.5,0.0
2024-06-08 06:00:00-03:00,68.0,0.2
2024-06-08 07:00:00-03:00,66.5,0.0
2024-06-08 08:00:00-03:00,65.0,0.0
2024-06-08 09:00:00-03:00,64.75,0.0
2024-06-08 10:00:00-03:00,65.25,0.0
2024-06-08 11:00:00-03:00,65.25,0.0
2024-06-08 12:00:00-03:00,66.5,0.0
2024-06-08 13:00:00-03:00,69.66666666666667,0.0
2024-06-08 14:00:00-03:00,67.5,0.0
2024-06-09 06:00:00-03:00,66.33333333333333,0.0
2024-06-09 07:00:00-03:00,65.16666666666667,0.0
2024-06-09 08:00:00-03:00,64.0,0.0
2024-06-09 09:00:00-03:00,63.75,0.0
2024-06-09 10:00:00-03:00,63.5,0.0
2024-06-09 11:00:00-03:00,67.66666666666667,0.0
2024-06-09 12:00:00-03:00,67.0,0.0
2024-06-09 13:00:00-03:00,67.25,0.0
2024-06-09 14:00:00-03:00,67.5,0.0
2024-06-10 06:00:00-03:00,67.0,0.0
2024-06-10 07:00:00-03:00,66.5,0.0
2024-06-10 08:00:00-03:00,66.0,0.0
2024-06-10 09:00:00-03:00,66.0,0.0
2024-06-10 10:00:00-03:00,66.5,0.0
2024-06-10 11:00:00-03:00,66.75,0.0
2024-06-10 12:00:00-03:00,67.0,0.0
2024-06-10 13:00:00-03:00,66.0,0.0
2024-06-10 14:00:00-03:00,70.0,0.0
2024-06-10 15:00:00-03:00,68.85,0.0
2024-06-10 16:00:00-03:00,67.7,0.0
2024-06-10 17:00:00-03:00,66.55,0.0
2024-06-10 18:00:00-03:00,,0.0
2024-06-10 19:00:00-03:00,64.25,0.0
2024-06-10 20:00:00-03:00,64.0,0.0
2024-06-10 21:00:00-03:00,64.0,0.0
2024-06-10 22:00:00-03:00,64.0,0.0
2024-06-10 23:00:00-03:00,64.0,0.0
2024-06-11 00:00:00-03:00,64.0,0.0
2024-06-11 01:00:00-03:00,64.0,0.0
2024-06-11 02:00:00-03:00,63.857142857142854,0.0
2024-06-11 03:00:00-03:00,63.714285714285715,0.0
2024-06-11 04:00:00-03:00,63.57142857142857,0.0
2024-06-11 05:00:00-03:00,,0.0
2024-06-11 06:00:00-03:00,,0.2
2024-06-11 07:00:00-03:00,,0.0
2024-06-11 08:00:00-03:00,63.0,0.0
2024-06-11 09:00:00-03:00,63.5,0.0
2024-06-11 10:00:00-03:00,63.5,0.0
2024-06-11 11:00:00-03:00,65.5,0.0
2024-06-11 12:00:00-03:00,65.25,0.0
2024-06-11 13:00:00-03:00,64.0,0.0
2024-06-11 14:00:00-03:00,64.0,0.0
2024-06-11 15:00:00-03:00,64.0,0.0
2024-06-11 16:00:00-03:00,64.0,0.0
2024-06-11 17:00:00-03:00,64.0,0.0
2024-06-11 18:00:00-03:00,64.0,0.0
2024-06-11 19:00:00-03:00,64.0,0.0
2024-06-11 20:00:00-03:00,64.0,0.0
2024-06-11 21:00:00-03:00,64.0,0.0
2024-06-11 22:00:00-03:00,64.0,0.0
2024-06-11 23:00:00-03:00,64.0,0.0
2024-06-12 00:00:00-03:00,64.0,0.0
2024-06-12 01:00:00-03:00,64.0,0.0
2024-06-12 02:00:00-03:00,64.0,0.0
2024-06-12 03:00:00-03:00,64.0,0.0
2024-06-12 04:00:00-03:00,64.0,0.0
2024-06-12 05:00:00-03:00,64.0,0.0
2024-06-12 06:00:00-03:00,63.666666666666664,0.0
2024-06-12 07:00:00-03:00,63.333333333333336,0.0
2024-06-12 08:00:00-03:00,63.0,0.0
2024-06-12 09:00:00-03:00,63.25,0.2
2024-06-12 10:00:00-03:00,63.5,0.0
2024-06-12 11:00:00-03:00,64.0,0.0
2024-06-12 12:00:00-03:00,64.25,0.0
2024-06-12 13:00:00-03:00,64.0,0.0
2024-06-12 14:00:00-03:00,64.0,0.0
2024-06-12 15:00:00-03:00,64.0,0.0
2024-06-12 16:00:00-03:00,64.0,0.0
2024-06-12 17:00:00-03:00,,0.0
2024-06-12 18:00:00-03:00,64.0,0.0
2024-06-12 19:00:00-03:00,64.25,0.0
2024-06-12 20:00:00-03:00,64.0,0.0
2024-06-12 21:00:00-03:00,64.0,0.0
2024-06-12 22:00:00-03:00,64.0,0.0
2024-06-12 23:00:00-03:00,64.0,0.0
2024-06-13 00:00:00-03:00,64.0,0.0
2024-06-13 01:00:00-03:00,64.0,0.0
2024-06-13 02:00:00-03:00,64.0,0.0
2024-06-13 03:00:00-03:00,64.0,0.0
2024-06-13 04:00:00-03:00,64.0,0.0
2024-06-13 05:00:00-03:00,63.75,0.0
2024-06-13 06:00:00-03:00,63.5,0.0
2024-06-13 07:00:00-03:00,63.25,0.0
2024-06-13 08:00:00-03:00,63.0,0.0
2024-06-13 09:00:00-03:00,63.5,0.2
2024-06-13 10:00:00-03:00,63.25,0.0
2024-06-13 11:00:00-03:00,64.66666666666667,0.0
2024-06-13 12:00:00-03:00,64.5,0.0
2024-06-13 13:00:00-03:00,65.0,0.0
2024-06-13 14:00:00-03:00,69.0,0.0
2024-06-13 15:00:00-03:00,67.75,0.0
2024-06-13 16:00:00-03:00,66.5,0.0
2024-06-13 17:00:00-03:00,65.25,0.0
2024-06-13 18:00:00-03:00,64.0,0.0
2024-06-13 19:00:00-03:00,63.75,0.0
2024-06-13 20:00:00-03:00,63.5,0.0
2024-06-13 21:00:00-03:00,63.25,0.0
2024-06-13 22:00:00-03:00,63.0,0.0
2024-06-13 23:00:00-03:00,63.0,0.0
2024-06-14 00:00:00-03:00,63.0,0.0
2024-06-14 01:00:00-03:00,63.0,0.0
2024-06-14 02:00:00-03:00,63.0,0.0
2024-06-14 03:00:00-03:00,63.0,0.0
2024-06-14 04:00:00-03:00,62.75,0.0
2024-06-14 05:00:00-03:00,62.5,0.0
2024-06-14 06:00:00-03:00,62.333333333333336,0.0
2024-06-14 07:00:00-03:00,62.166666666666664,0.0
2024-06-14 08:00:00-03:00,62.0,0.0
2024-06-14 09:00:00-03:00,62.75,0.0
2024-06-14 10:00:00-03:00,61.75,0.0
2024-06-14 11:00:00-03:00,62.66666666666666,0.0
2024-06-14 12:00:00-03:00,62.83333333333333,0.0
2024-06-14 13:00:00-03:00,63.0,0.0
2024-06-14 14:00:00-03:00,64.0,0.0
2024-06-14 15:00:00-03:00,63.0,0.0
2024-06-14 16:00:00-03:00,63.0,0.0
2024-06-14 17:00:00-03:00,63.0,0.0
2024-06-14 18:00:00-03:00,63.0,0.0
2024-06-14 19:00:00-03:00,62.75,0.0
2024-06-14 20:00:00-03:00,62.5,0.0
2024-06-14 21:00:00-03:00,62.0,0.0
2024-06-14 22:00:00-03:00,62.0,0.0
2024-06-14 23:00:00-03:00,62.0,0.0
2024-06-15 00:00:00-03:00,62.0,0.0
2024-06-15 01:00:00-03:00,61.0,0.0
2024-06-15 02:00:00-03:00,61.0,0.0
2024-06-15 03:00:00-03:00,61.0,0.0
2024-06-15 04:00:00-03:00,61.0,0.0
2024-06-15 05:00:00-03:00,60.0,0.2
2024-06-15 06:00:00-03:00,60.0,0.0
2024-06-15 07:00:00-03:00,59.5,0.0
2024-06-15 08:00:00-03:00,59.0,0.0
2024-06-15 09:00:00-03:00,58.75,0.0
2024-06-15 10:00:00-03:00,59.0,0.0
2024-06-15 11:00:00-03:00,60.25,0.0
2024-06-15 12:00:00-03:00,62.0,0.0
2024-06-15 13:00:00-03:00,60.0,0.0
2024-06-15 14:00:00-03:00,59.0,0.0
2024-06-15 15:00:00-03:00,59.125,0.0
2024-06-15 16:00:00-03:00,59.25,0.0
2024-06-15 17:00:00-03:00,59.375,0.0
2024-06-15 18:00:00-03:00,59.5,0.0
2024-06-15 19:00:00-03:00,59.0,0.0
2024-06-15 20:00:00-03:00,59.0,0.0
2024-06-15 21:00:00-03:00,59.0,0.0
2024-06-15 22:00:00-03:00,59.0,0.0
2024-06-15 23:00:00-03:00,59.0,0.0
2024-06-16 00:00:00-03:00,59.0,0.0
2024-06-16 01:00:00-03:00,59.0,0.0
2024-06-16 02:00:00-03:00,59.0,0.0
2024-06-16 03:00:00-03:00,59.0,0.0
2024-06-16 04:00:00-03:00,58.5,0.0
2024-06-16 05:00:00-03:00,59.0,0.0
2024-06-16 06:00:00-03:00,59.0,0.0
2024-06-16 07:00:00-03:00,59.0,0.0
2024-06-16 08:00:00-03:00,59.0,0.2
2024-06-16 09:00:00-03:00,58.75,0.0
2024-06-16 10:00:00-03:00,59.75,0.0
2024-06-16 11:00:00-03:00,61.0,0.0
2024-06-16 12:00:00-03:00,60.0,0.0
2024-06-16 13:00:00-03:00,61.0,0.0
2024-06-16 14:00:00-03:00,61.0,0.0
2024-06-16 15:00:00-03:00,61.0,0.0
2024-06-16 16:00:00-03:00,61.0,0.0
2024-06-16 17:00:00-03:00,61.0,0.0
2024-06-16 18:00:00-03:00,61.0,0.0
2024-06-16 19:00:00-03:00,61.0,0.0
2024-06-16 20:00:00-03:00,61.0,0.0
2024-06-16 21:00:00-03:00,61.0,0.0
2024-06-16 22:00:00-03:00,61.0,0.0
2024-06-16 23:00:00-03:00,61.0,0.0
2024-06-17 00:00:00-03:00,61.0,0.0
2024-06-17 01:00:00-03:00,60.75,0.0
2024-06-17 02:00:00-03:00,60.75,0.0
2024-06-17 03:00:00-03:00,60.5,0.0
2024-06-17 04:00:00-03:00,60.75,0.0
2024-06-17 05:00:00-03:00,61.0,0.0
2024-06-17 06:00:00-03:00,61.0,0.0
2024-06-17 07:00:00-03:00,60.5,0.0
2024-06-17 08:00:00-03:00,60.0,0.0
2024-06-17 09:00:00-03:00,59.75,0.0
2024-06-17 10:00:00-03:00,61.0,0.0
2024-06-17 11:00:00-03:00,61.0,0.0
2024-06-17 12:00:00-03:00,61.25,0.0
2024-06-17 13:00:00-03:00,61.0,0.0
2024-06-17 14:00:00-03:00,61.0,0.0
2024-06-17 15:00:00-03:00,61.0,0.0
2024-06-17 16:00:00-03:00,61.0,0.0
2024-06-17 17:00:00-03:00,,0.0
2024-06-17 18:00:00-03:00,61.0,0.0
2024-06-17 19:00:00-03:00,61.0,0.0
2024-06-17 20:00:00-03:00,61.0,0.0
2024-06-17 21:00:00-03:00,60.75,0.0
2024-06-17 22:00:00-03:00,61.0,0.0
2024-06-17 23:00:00-03:00,60.0,0.0
2024-06-18 00:00:00-03:00,60.0,0.0
2024-06-18 01:00:00-03:00,60.0,0.0
2024-06-18 02:00:00-03:00,60.25,0.0
2024-06-18 03:00:00-03:00,60.0,0.0
2024-06-18 04:00:00-03:00,60.0,0.2
2024-06-18 05:00:00-03:00,60.0,0.0
2024-06-18 06:00:00-03:00,60.0,0.0
2024-06-18 07:00:00-03:00,60.0,0.0
2024-06-18 08:00:00-03:00,60.0,0.0
2024-06-18 09:00:00-03:00,59.75,0.0
2024-06-18 10:00:00-03:00,59.75,0.0
2024-06-18 11:00:00-03:00,61.25,0.0
2024-06-18 12:00:00-03:00,60.5,0.0
2024-06-18 13:00:00-03:00,60.75,0.0
2024-06-18 14:00:00-03:00,61.0,0.0
2024-06-18 15:00:00-03:00,60.75,0.0
2024-06-18 16:00:00-03:00,60.5,0.0
2024-06-18 17:00:00-03:00,60.25,0.0
2024-06-18 18:00:00-03:00,60.0,0.0
2024-06-18 19:00:00-03:00,60.0,0.0
2024-06-18 20:00:00-03:00,60.0,0.0
2024-06-18 21:00:00-03:00,60.0,0.0
2024-06-18 22:00:00-03:00,59.75,0.0
2024-06-18 23:00:00-03:00,59.5,0.0
2024-06-19 00:00:00-03:00,59.25,0.0
2024-06-19 01:00:00-03:00,59.0,0.0
2024-06-19 02:00:00-03:00,59.0,0.0
2024-06-19 03:00:00-03:00,59.0,0.0
2024-06-19 04:00:00-03:00,59.0,0.0
2024-06-19 05:00:00-03:00,59.0,0.0
2024-06-19 06:00:00-03:00,59.0,0.0
2024-06-19 07:00:00-03:00,58.5,0.2
2024-06-19 08:00:00-03:00,58.0,0.0
2024-06-19 09:00:00-03:00,57.5,0.0
2024-06-19 10:00:00-03:00,58.75,0.0
2024-06-19 11:00:00-03:00,61.0,0.0
2024-06-19 12:00:00-03:00,59.0,0.0
2024-06-19 13:00:00-03:00,59.5,0.0
2024-06-19 14:00:00-03:00,60.0,0.0
2024-06-19 15:00:00-03:00,59.75,0.0
2024-06-19 16:00:00-03:00,59.5,0.0
2024-06-19 17:00:00-03:00,59.25,0.0
2024-06-19 18:00:00-03:00,59.0,0.0
2024-06-19 19:00:00-03:00,59.0,0.0
2024-06-19 20:00:00-03:00,58.5,0.0
2024-06-19 21:00:00-03:00,58.5,0.0
2024-06-19 22:00:00-03:00,58.25,0.0
2024-06-19 23:00:00-03:00,58.5,0.0
2024-06-20 00:00:00-03:00,58.25,0.0
2024-06-20 01:00:00-03:00,58.25,0.0
2024-06-20 02:00:00-03:00,58.25,0.0
2024-06-20 03:00:00-03:00,58.0,0.0
2024-06-20 04:00:00-03:00,58.0,0.0
2024-06-20 05:00:00-03:00,58.0,0.0
2024-06-20 06:00:00-03:00,58.0,0.0
2024-06-20 07:00:00-03:00,58.0,0.0
2024-06-20 08:00:00-03:00,58.0,0.0
2024-06-20 09:00:00-03:00,58.75,0.0
2024-06-20 10:00:00-03:00,58.5,0.0
2024-06-20 11:00:00-03:00,58.333333333333336,0.0
2024-06-20 12:00:00-03:00,58.0,0.0
2024-06-20 13:00:00-03:00,59.0,0.0
2024-06-20 14:00:00-03:00,59.5,0.0
2024-06-20 15:00:00-03:00,59.25,0.0
2024-06-20 16:00:00-03:00,59.0,0.0
2024-06-20 17:00:00-03:00,58.75,0.0
2024-06-20 18:00:00-03:00,58.5,0.0
2024-06-20 19:00:00-03:00,58.25,0.0
2024-06-20 20:00:00-03:00,58.0,0.0
2024-06-20 21:00:00-03:00,58.0,0.0
2024-06-20 22:00:00-03:00,58.0,0.0
2024-06-20 23:00:00-03:00,58.0,0.0
2024-06-21 00:00:00-03:00,58.0,0.0
2024-06-21 01:00:00-03:00,58.0,0.0
2024-06-21 02:00:00-03:00,58.0,0.0
2024-06-21 03:00:00-03:00,58.0,0.0
2024-06-21 04:00:00-03:00,57.75,0.0
2024-06-21 05:00:00-03:00,58.0,0.0
2024-06-21 06:00:00-03:00,58.0,0.2
2024-06-21 07:00:00-03:00,57.75,0.0
2024-06-21 08:00:00-03:00,57.5,0.0
2024-06-21 09:00:00-03:00,57.75,0.0
2024-06-21 10:00:00-03:00,57.5,0.0
2024-06-21 11:00:00-03:00,57.66666666666666,0.0
2024-06-21 12:00:00-03:00,58.0,0.0
2024-06-21 13:00:00-03:00,58.0,0.0
2024-06-21 14:00:00-03:00,59.5,0.0
2024-06-21 15:00:00-03:00,58.0,0.0
2024-06-21 16:00:00-03:00,58.0,0.0
2024-06-21 17:00:00-03:00,58.0,0.0
2024-06-21 18:00:00-03:00,58.0,0.0
2024-06-21 19:00:00-03:00,58.0,0.0
2024-06-21 20:00:00-03:00,57.5,0.0
2024-06-21 21:00:00-03:00,57.25,0.0
2024-06-21 22:00:00-03:00,57.25,0.0
2024-06-21 23:00:00-03:00,57.0,0.0
2024-06-22 00:00:00-03:00,57.0,0.0
2024-06-22 01:00:00-03:00,57.0,0.0
2024-06-22 02:00:00-03:00,57.0,0.0
2024-06-22 03:00:00-03:00,57.0,0.0
2024-06-22 04:00:00-03:00,57.0,0.0
2024-06-22 05:00:00-03:00,57.0,0.0
2024-06-22 06:00:00-03:00,57.0,0.0
2024-06-22 07:00:00-03:00,57.0,0.2
2024-06-22 08:00:00-03:00,57.0,0.0
2024-06-22 09:00:00-03:00,56.25,0.0
2024-06-22 10:00:00-03:00,56.5,0.0
2024-06-22 11:00:00-03:00,58.0,0.0
2024-06-22 12:00:00-03:00,56.5,0.0
2024-06-22 13:00:00-03:00,57.0,0.0
2024-06-22 14:00:00-03:00,57.333333333333336,0.0
2024-06-22 15:00:00-03:00,57.0,0.0
2024-06-22 16:00:00-03:00,57.0,0.0
2024-06-22 17:00:00-03:00,57.0,0.0
2024-06-22 18:00:00-03:00,57.0,0.0
2024-06-22 19:00:00-03:00,56.0,0.0
2024-06-22 20:00:00-03:00,56.0,0.0
2024-06-22 21:00:00-03:00,56.0,0.0
2024-06-22 22:00:00-03:00,55.0,0.0
2024-06-22 23:00:00-03:00,55.0,0.0
2024-06-23 00:00:00-03:00,55.0,0.0
2024-06-23 01:00:00-03:00,55.0,0.0
2024-06-23 02:00:00-03:00,54.5,0.0
2024-06-23 03:00:00-03:00,54.0,0.0
2024-06-23 04:00:00-03:00,54.0,0.0
2024-06-23 05:00:00-03:00,54.0,0.0
2024-06-23 06:00:00-03:00,54.0,0.0
2024-06-23 07:00:00-03:00,54.0,0.0
2024-06-23 08:00:00-03:00,54.0,0.0
2024-06-23 09:00:00-03:00,53.25,0.0
2024-06-23 10:00:00-03:00,53.5,0.0
2024-06-23 11:00:00-03:00,54.0,0.0
2024-06-23 12:00:00-03:00,55.0,0.0
2024-06-23 13:00:00-03:00,55.0,0.0
2024-06-23 14:00:00-03:00,55.0,0.0
2024-06-23 15:00:00-03:00,55.0,0.0
2024-06-23 16:00:00-03:00,55.0,0.0
2024-06-23 17:00:00-03:00,55.0,0.0
2024-06-23 18:00:00-03:00,55.0,0.0
2024-06-23 19:00:00-03:00,54.5,0.0
2024-06-23 20:00:00-03:00,54.0,0.0
2024-06-23 21:00:00-03:00,54.0,0.0
2024-06-23 22:00:00-03:00,54.0,0.0
2024-06-23 23:00:00-03:00,54.0,0.0
2024-06-24 00:00:00-03:00,54.0,0.0
2024-06-24 01:00:00-03:00,54.0,0.0
2024-06-24 02:00:00-03:00,53.75,0.0
2024-06-24 03:00:00-03:00,54.0,0.0
2024-06-24 04:00:00-03:00,54.0,0.0
2024-06-24 05:00:00-03:00,53.75,0.0
2024-06-24 06:00:00-03:00,54.0,0.0
2024-06-24 07:00:00-03:00,53.75,0.0
2024-06-24 08:00:00-03:00,53.5,0.2
2024-06-24 09:00:00-03:00,52.75,0.0
2024-06-24 10:00:00-03:00,53.5,0.0
2024-06-24 11:00:00-03:00,54.5,0.0
2024-06-24 12:00:00-03:00,54.0,0.0
2024-06-24 13:00:00-03:00,54.0,0.0
2024-06-24 14:00:00-03:00,55.333333333333336,0.0
2024-06-24 15:00:00-03:00,55.5,0.0
2024-06-24 16:00:00-03:00,55.0,0.0
2024-06-24 17:00:00-03:00,54.5,0.0
2024-06-24 18:00:00-03:00,54.0,0.0
2024-06-24 19:00:00-03:00,54.0,0.0
2024-06-24 20:00:00-03:00,54.0,0.0
2024-06-24 21:00:00-03:00,54.0,0.0
2024-06-24 22:00:00-03:00,53.0,0.0
2024-06-24 23:00:00-03:00,53.0,0.0
2024-06-25 00:00:00-03:00,53.25,0.0
2024-06-25 01:00:00-03:00,53.0,0.0
2024-06-25 02:00:00-03:00,53.0,0.0
2024-06-25 03:00:00-03:00,53.0,0.0
2024-06-25 04:00:00-03:00,53.0,0.0
2024-06-25 05:00:00-03:00,53.0,0.0
2024-06-25 06:00:00-03:00,53.0,0.0
2024-06-25 07:00:00-03:00,53.0,0.0
2024-06-25 08:00:00-03:00,53.0,0.0
2024-06-25 09:00:00-03:00,51.75,0.0
2024-06-25 10:00:00-03:00,53.0,0.0
2024-06-25 11:00:00-03:00,52.0,0.0
2024-06-25 12:00:00-03:00,52.5,0.0
2024-06-25 13:00:00-03:00,53.0,0.0
2024-06-25 14:00:00-03:00,54.0,0.0
2024-06-25 15:00:00-03:00,53.0,0.0
2024-06-25 16:00:00-03:00,53.0,0.0
2024-06-25 17:00:00-03:00,53.0,0.0
2024-06-25 18:00:00-03:00,53.0,0.0
2024-06-25 19:00:00-03:00,53.0,0.0
2024-06-25 20:00:00-03:00,53.0,0.0
2024-06-25 21:00:00-03:00,52.75,0.0
2024-06-25 22:00:00-03:00,52.25,0.0
2024-06-25 23:00:00-03:00,52.5,0.0
2024-06-26 00:00:00-03:00,52.0,0.0
2024-06-26 01:00:00-03:00,52.25,0.0
2024-06-26 02:00:00-03:00,52.0,0.0
2024-06-26 03:00:00-03:00,52.0,0.0
2024-06-26 04:00:00-03:00,52.25,0.0
2024-06-26 05:00:00-03:00,52.25,0.0
2024-06-26 06:00:00-03:00,52.5,0.2
2024-06-26 07:00:00-03:00,52.5,0.0
2024-06-26 08:00:00-03:00,52.5,0.0
2024-06-26 09:00:00-03:00,52.0,0.0
2024-06-26 10:00:00-03:00,51.5,0.0
2024-06-26 11:00:00-03:00,53.0,0.0
2024-06-26 12:00:00-03:00,53.0,0.0
2024-06-26 13:00:00-03:00,54.0,0.0
2024-06-26 14:00:00-03:00,53.0,0.0
2024-06-26 15:00:00-03:00,53.0,0.0
2024-06-26 16:00:00-03:00,53.0,0.0
2024-06-26 17:00:00-03:00,53.0,0.0
2024-06-26 18:00:00-03:00,53.0,0.0
2024-06-26 19:00:00-03:00,53.0,0.0
2024-06-26 20:00:00-03:00,53.0,0.0
2024-06-26 21:00:00-03:00,53.0,0.0
2024-06-26 22:00:00-03:00,53.0,0.0
2024-06-26 23:00:00-03:00,53.0,0.0
2024-06-27 00:00:00-03:00,53.0,0.0
2024-06-27 01:00:00-03:00,53.0,0.0
2024-06-27 02:00:00-03:00,53.0,0.0
2024-06-27 03:00:00-03:00,53.0,0.0
2024-06-27 04:00:00-03:00,53.0,0.0
2024-06-27 05:00:00-03:00,53.0,0.0
2024-06-27 06:00:00-03:00,53.0,0.0
2024-06-27 07:00:00-03:00,53.0,0.0
2024-06-27 08:00:00-03:00,53.0,0.0
2024-06-27 09:00:00-03:00,53.75,0.0
2024-06-27 10:00:00-03:00,53.75,0.0
2024-06-27 11:00:00-03:00,54.66666666666666,0.0
2024-06-27 12:00:00-03:00,54.0,0.0
2024-06-27 13:00:00-03:00,54.0,0.0
2024-06-27 14:00:00-03:00,54.75,0.0
2024-06-27 15:00:00-03:00,54.5,0.0
2024-06-27 16:00:00-03:00,54.333333333333336,0.0
2024-06-27 17:00:00-03:00,54.166666666666664,0.0
2024-06-27 18:00:00-03:00,54.0,0.0
2024-06-27 19:00:00-03:00,54.0,0.0
2024-06-27 20:00:00-03:00,54.0,0.0
2024-06-27 21:00:00-03:00,53.5,0.0
2024-06-27 22:00:00-03:00,53.25,0.0
2024-06-27 23:00:00-03:00,53.0,0.0
2024-06-28 00:00:00-03:00,53.0,0.0
2024-06-28 01:00:00-03:00,53.0,0.0
2024-06-28 02:00:00-03:00,53.0,0.0
2024-06-28 03:00:00-03:00,53.0,0.0
2024-06-28 04:00:00-03:00,52.5,0.0
2024-06-28 05:00:00-03:00,52.75,0.0
2024-06-28 06:00:00-03:00,52.5,0.0
2024-06-28 07:00:00-03:00,52.25,0.0
2024-06-28 08:00:00-03:00,52.0,0.0
2024-06-28 09:00:00-03:00,52.0,0.0
2024-06-28 10:00:00-03:00,52.75,0.0
2024-06-28 11:00:00-03:00,52.75,0.0
2024-06-28 12:00:00-03:00,53.0,0.0
2024-06-28 13:00:00-03:00,53.0,0.0
2024-06-28 14:00:00-03:00,52.75,0.0
2024-06-28 15:00:00-03:00,53.0,0.0
2024-06-28 16:00:00-03:00,53.0,0.0
2024-06-28 17:00:00-03:00,53.0,0.0
2024-06-28 18:00:00-03:00,53.0,0.0
2024-06-28 19:00:00-03:00,53.0,0.0
2024-06-28 20:00:00-03:00,53.0,0.0
2024-06-28 21:00:00-03:00,52.75,0.0
2024-06-28 22:00:00-03:00,52.25,0.0
2024-06-28 23:00:00-03:00,52.0,0.0
2024-06-29 00:00:00-03:00,52.0,0.0
2024-06-29 01:00:00-03:00,52.0,0.0
2024-06-29 02:00:00-03:00,52.0,0.0
2024-06-29 03:00:00-03:00,52.0,0.0
2024-06-29 04:00:00-03:00,52.0,0.0
2024-06-29 05:00:00-03:00,52.0,0.0
2024-06-29 06:00:00-03:00,52.0,0.0
2024-06-29 07:00:00-03:00,52.0,0.0
2024-06-29 08:00:00-03:00,52.0,0.0
2024-06-29 09:00:00-03:00,51.25,0.0
2024-06-29 10:00:00-03:00,52.25,0.0
2024-06-29 11:00:00-03:00,52.0,0.0
2024-06-29 12:00:00-03:00,52.0,0.0
2024-06-29 13:00:00-03:00,52.0,0.0
2024-06-29 14:00:00-03:00,52.75,0.0
2024-06-29 15:00:00-03:00,52.5,0.0
2024-06-29 16:00:00-03:00,52.333333333333336,0.0
2024-06-29 17:00:00-03:00,52.166666666666664,0.0
2024-06-29 18:00:00-03:00,52.0,0.0
2024-06-29 19:00:00-03:00,52.0,0.0
2024-06-29 20:00:00-03:00,52.0,0.0
2024-06-29 21:00:00-03:00,52.0,0.0
2024-06-29 22:00:00-03:00,52.0,0.0
2024-06-29 23:00:00-03:00,51.5,0.0
2024-06-30 00:00:00-03:00,51.5,0.0
2024-06-30 01:00:00-03:00,51.0,0.0
2024-06-30 02:00:00-03:00,51.0,0.0
2024-06-30 03:00:00-03:00,51.0,0.0
2024-06-30 04:00:00-03:00,51.0,0.0
2024-06-30 05:00:00-03:00,51.0,0.0
2024-06-30 06:00:00-03:00,51.0,0.0
2024-06-30 07:00:00-03:00,51.0,0.0
2024-06-30 08:00:00-03:00,51.0,0.0
2024-06-30 09:00:00-03:00,51.0,0.0
2024-06-30 10:00:00-03:00,51.0,0.0
2024-06-30 11:00:00-03:00,51.0,0.0
2024-06-30 12:00:00-03:00,50.75,0.0
2024-06-30 13:00:00-03:00,51.25,0.0
2024-06-30 14:00:00-03:00,51.25,0.0
2024-06-30 15:00:00-03:00,51.25,0.0
2024-06-30 16:00:00-03:00,51.5,0.0
2024-06-30 17:00:00-03:00,51.75,0.0
2024-06-30 18:00:00-03:00,52.0,0.0
2024-06-30 19:00:00-03:00,51.25,0.0
2024-06-30 20:00:00-03:00,51.75,5.2
2024-06-30 21:00:00-03:00,52.0,0.0
2024-06-30 22:00:00-03:00,51.75,0.4
2024-06-30 23:00:00-03:00,51.75,0.2
2024-07-01 00:00:00-03:00,51.0,0.0
2024-07-01 01:00:00-03:00,51.0,0.0
2024-07-01 02:00:00-03:00,51.0,0.0
2024-07-01 03:00:00-03:00,51.0,0.0
2024-07-01 04:00:00-03:00,51.07142857142857,0.0
2024-07-01 05:00:00-03:00,51.142857142857146,0.0
2024-07-01 06:00:00-03:00,51.214285714285715,0.0
2024-07-01 07:00:00-03:00,,0.0
2024-07-01 08:00:00-03:00,,0.2
2024-07-01 09:00:00-03:00,,0.0
2024-07-01 10:00:00-03:00,51.5,0.4
2024-07-01 11:00:00-03:00,52.0,1.6
2024-07-01 12:00:00-03:00,52.75,0.2
2024-07-01 13:00:00-03:00,52.0,0.0
2024-07-01 14:00:00-03:00,53.25,11.0
2024-07-01 15:00:00-03:00,56.75,5.6
2024-07-01 16:00:00-03:00,56.0,0.0
2024-07-01 17:00:00-03:00,55.0,0.4
2024-07-01 18:00:00-03:00,54.0,0.2
2024-07-01 19:00:00-03:00,54.5,0.0
2024-07-01 20:00:00-03:00,54.25,0.0
2024-07-01 21:00:00-03:00,54.5,0.0
2024-07-01 22:00:00-03:00,54.75,0.0
2024-07-01 23:00:00-03:00,55.0,0.0
2024-07-02 00:00:00-03:00,55.0,0.0
2024-07-02 01:00:00-03:00,55.0,0.0
2024-07-02 02:00:00-03:00,55.8,0.2
2024-07-02 03:00:00-03:00,56.6,0.0
2024-07-02 04:00:00-03:00,57.4,0.0
2024-07-02 05:00:00-03:00,,0.0
2024-07-02 06:00:00-03:00,59.0,0.0
2024-07-02 07:00:00-03:00,59.5,0.0
2024-07-02 08:00:00-03:00,60.0,0.0
2024-07-02 09:00:00-03:00,60.75,0.0
2024-07-02 10:00:00-03:00,61.25,0.0
2024-07-02 11:00:00-03:00,61.5,0.0
2024-07-02 12:00:00-03:00,63.0,0.0
2024-07-02 13:00:00-03:00,63.5,0.0
2024-07-02 14:00:00-03:00,64.66666666666667,0.0
2024-07-02 15:00:00-03:00,68.5,0.0
2024-07-02 16:00:00-03:00,68.66666666666667,0.0
2024-07-02 17:00:00-03:00,68.83333333333333,0.0
2024-07-02 18:00:00-03:00,69.0,0.0
2024-07-02 19:00:00-03:00,69.5,0.0
2024-07-02 20:00:00-03:00,70.75,0.0
2024-07-02 21:00:00-03:00,71.5,0.0
2024-07-02 22:00:00-03:00,72.5,0.0
2024-07-02 23:00:00-03:00,73.25,0.0
2024-07-03 00:00:00-03:00,74.25,0.0
2024-07-03 01:00:00-03:00,75.5,0.0
2024-07-03 02:00:00-03:00,76.25,0.0
2024-07-03 03:00:00-03:00,77.25,0.2
2024-07-03 04:00:00-03:00,78.0,0.0
2024-07-03 05:00:00-03:00,78.5,0.0
2024-07-03 06:00:00-03:00,79.0,0.0
2024-07-03 07:00:00-03:00,79.5,0.0
2024-07-03 08:00:00-03:00,80.0,0.2
2024-07-03 09:00:00-03:00,80.75,0.0
2024-07-03 10:00:00-03:00,79.75,0.0
2024-07-03 11:00:00-03:00,81.66666666666667,0.0
2024-07-03 12:00:00-03:00,84.5,0.0
2024-07-03 13:00:00-03:00,81.0,0.0
2024-07-03 14:00:00-03:00,80.66666666666667,0.0
2024-07-03 15:00:00-03:00,80.66666666666667,0.0
2024-07-03 16:00:00-03:00,80.0,0.0
2024-07-03 17:00:00-03:00,79.0,0.0
2024-07-03 18:00:00-03:00,78.0,0.0
2024-07-03 19:00:00-03:00,77.5,0.0
2024-07-03 20:00:00-03:00,77.0,0.0
2024-07-03 21:00:00-03:00,76.25,0.0
2024-07-03 22:00:00-03:00,75.5,0.0
2024-07-03 23:00:00-03:00,75.0,0.0
2024-07-04 00:00:00-03:00,74.0,0.0
2024-07-04 01:00:00-03:00,73.75,0.0
2024-07-04 02:00:00-03:00,73.0,0.0
2024-07-04 03:00:00-03:00,72.0,0.0
2024-07-04 04:00:00-03:00,71.5,0.0
2024-07-04 05:00:00-03:00,70.875,0.0
2024-07-04 06:00:00-03:00,70.25,0.0
2024-07-04 07:00:00-03:00,69.625,0.0
2024-07-04 08:00:00-03:00,69.0,0.0
2024-07-04 09:00:00-03:00,67.75,0.0
2024-07-04 10:00:00-03:00,67.5,0.0
2024-07-04 11:00:00-03:00,67.75,0.0
2024-07-04 12:00:00-03:00,66.75,0.0
2024-07-04 13:00:00-03:00,67.25,0.0
2024-07-04 14:00:00-03:00,66.75,0.0
2024-07-04 15:00:00-03:00,66.5,0.0
2024-07-04 16:00:00-03:00,65.5,0.0
2024-07-04 17:00:00-03:00,65.5,0.0
2024-07-04 18:00:00-03:00,65.5,0.0
2024-07-04 19:00:00-03:00,65.0,0.0
2024-07-04 20:00:00-03:00,65.0,0.0
2024-07-04 21:00:00-03:00,64.75,0.0
2024-07-04 22:00:00-03:00,64.0,0.0
2024-07-04 23:00:00-03:00,64.0,0.0
2024-07-05 00:00:00-03:00,64.0,0.0
2024-07-05 01:00:00-03:00,64.0,0.0
2024-07-05 02:00:00-03:00,63.5,0.0
2024-07-05 03:00:00-03:00,63.25,0.0
2024-07-05 04:00:00-03:00,63.0,0.0
2024-07-05 05:00:00-03:00,62.75,0.0
2024-07-05 06:00:00-03:00,62.5,0.0
2024-07-05 07:00:00-03:00,62.25,0.0
2024-07-05 08:00:00-03:00,62.0,0.0
2024-07-05 09:00:00-03:00,62.0,0.0
2024-07-05 10:00:00-03:00,61.5,0.0
2024-07-05 11:00:00-03:00,61.5,0.0
2024-07-05 12:00:00-03:00,61.75,0.0
2024-07-05 13:00:00-03:00,62.0,0.0
2024-07-05 14:00:00-03:00,62.0,0.0
2024-07-05 15:00:00-03:00,61.5,0.0
2024-07-05 16:00:00-03:00,61.666666666666664,0.0
2024-07-05 17:00:00-03:00,61.833333333333336,0.0
2024-07-05 18:00:00-03:00,62.0,0.0
2024-07-05 19:00:00-03:00,61.75,0.0
2024-07-05 20:00:00-03:00,62.0,0.0
2024-07-05 21:00:00-03:00,61.25,0.0
2024-07-05 22:00:00-03:00,61.25,0.0
2024-07-05 23:00:00-03:00,61.0,0.0
2024-07-06 00:00:00-03:00,61.0,0.0
2024-07-06 01:00:00-03:00,61.0,0.0
2024-07-06 02:00:00-03:00,61.0,0.0
2024-07-06 03:00:00-03:00,61.0,0.0
2024-07-06 04:00:00-03:00,61.0,0.0
2024-07-06 05:00:00-03:00,61.0,0.0
2024-07-06 06:00:00-03:00,61.0,0.0
2024-07-06 07:00:00-03:00,,0.0
2024-07-06 08:00:00-03:00,61.0,0.0
2024-07-06 09:00:00-03:00,60.0,0.0
2024-07-06 10:00:00-03:00,60.0,0.0
2024-07-06 11:00:00-03:00,61.25,0.0
2024-07-06 12:00:00-03:00,61.0,0.0
2024-07-06 13:00:00-03:00,61.0,0.0
2024-07-06 14:00:00-03:00,61.5,0.0
2024-07-06 15:00:00-03:00,61.0,0.0
2024-07-06 16:00:00-03:00,60.666666666666664,0.0
2024-07-06 17:00:00-03:00,60.333333333333336,0.0
2024-07-06 18:00:00-03:00,60.0,0.0
2024-07-06 19:00:00-03:00,60.0,0.0
2024-07-06 20:00:00-03:00,59.25,0.0
2024-07-06 21:00:00-03:00,59.0,0.0
2024-07-06 22:00:00-03:00,59.0,0.0
2024-07-06 23:00:00-03:00,59.0,0.0
2024-07-07 00:00:00-03:00,58.75,0.0
2024-07-07 01:00:00-03:00,58.0,0.0
2024-07-07 02:00:00-03:00,58.0,0.0
2024-07-07 03:00:00-03:00,58.0,0.0
2024-07-07 04:00:00-03:00,58.0,0.0
2024-07-07 05:00:00-03:00,58.0,0.0
2024-07-07 06:00:00-03:00,58.0,0.0
2024-07-07 07:00:00-03:00,,0.0
2024-07-07 08:00:00-03:00,58.0,0.0
2024-07-07 09:00:00-03:00,58.0,0.0
2024-07-07 10:00:00-03:00,57.5,0.0
2024-07-07 11:00:00-03:00,57.75,0.0
2024-07-07 12:00:00-03:00,59.0,0.0
2024-07-07 13:00:00-03:00,57.5,0.0
2024-07-07 14:00:00-03:00,57.75,0.0
2024-07-07 15:00:00-03:00,58.0,0.0
2024-07-07 16:00:00-03:00,58.0,0.0
2024-07-07 17:00:00-03:00,58.0,0.0
2024-07-07 18:00:00-03:00,58.0,0.0
2024-07-07 19:00:00-03:00,57.0,0.0
2024-07-07 20:00:00-03:00,57.0,0.0
2024-07-07 21:00:00-03:00,57.0,0.0
2024-07-07 22:00:00-03:00,57.0,0.0
2024-07-07 23:00:00-03:00,57.0,0.0
2024-07-08 00:00:00-03:00,57.0,0.0
2024-07-08 01:00:00-03:00,56.75,0.0
2024-07-08 02:00:00-03:00,56.0,0.0
2024-07-08 03:00:00-03:00,56.0,0.0
2024-07-08 04:00:00-03:00,55.9,0.0
2024-07-08 05:00:00-03:00,55.8,0.0
2024-07-08 06:00:00-03:00,55.7,0.0
2024-07-08 07:00:00-03:00,,0.0
2024-07-08 08:00:00-03:00,55.5,0.0
2024-07-08 09:00:00-03:00,54.75,0.0
2024-07-08 10:00:00-03:00,56.5,0.0
2024-07-08 11:00:00-03:00,55.0,0.0
2024-07-08 12:00:00-03:00,56.0,0.0
2024-07-08 13:00:00-03:00,57.0,0.0
2024-07-08 14:00:00-03:00,55.75,0.0
2024-07-08 15:00:00-03:00,55.25,0.0
2024-07-08 16:00:00-03:00,55.5,0.0
2024-07-08 17:00:00-03:00,55.25,0.0
2024-07-08 18:00:00-03:00,55.0,0.0
2024-07-08 19:00:00-03:00,55.0,0.0
2024-07-08 20:00:00-03:00,55.0,0.0
2024-07-08 21:00:00-03:00,55.0,0.0
2024-07-08 22:00:00-03:00,55.0,0.0
2024-07-08 23:00:00-03:00,55.0,0.0
2024-07-09 00:00:00-03:00,55.0,0.0
2024-07-09 01:00:00-03:00,55.0,0.0
2024-07-09 02:00:00-03:00,55.0,0.0
2024-07-09 03:00:00-03:00,55.0,0.0
2024-07-09 04:00:00-03:00,55.0,0.0
2024-07-09 05:00:00-03:00,55.0,0.0
2024-07-09 06:00:00-03:00,,0.0
2024-07-09 07:00:00-03:00,,0.0
2024-07-09 08:00:00-03:00,,0.0
2024-07-09 09:00:00-03:00,55.0,0.0
2024-07-09 10:00:00-03:00,55.0,0.0
2024-07-09 11:00:00-03:00,55.5,0.0
2024-07-09 12:00:00-03:00,55.25,0.0
2024-07-09 13:00:00-03:00,55.0,0.0
2024-07-09 14:00:00-03:00,55.0,0.0
2024-07-09 15:00:00-03:00,55.75,0.0
2024-07-09 16:00:00-03:00,55.5,0.0
2024-07-09 17:00:00-03:00,55.5,0.0
2024-07-09 18:00:00-03:00,55.25,0.0
2024-07-09 19:00:00-03:00,55.0,0.0
2024-07-09 20:00:00-03:00,55.25,0.0
2024-07-09 21:00:00-03:00,55.0,0.0
2024-07-09 22:00:00-03:00,55.5,0.0
2024-07-09 23:00:00-03:00,55.25,0.0
2024-07-10 00:00:00-03:00,55.5,1.8
2024-07-10 01:00:00-03:00,55.25,0.2
2024-07-10 02:00:00-03:00,55.0,0.0
2024-07-10 03:00:00-03:00,55.5,0.0
2024-07-10 04:00:00-03:00,55.6,0.0
2024-07-10 05:00:00-03:00,55.7,0.0
2024-07-10 06:00:00-03:00,55.8,0.0
2024-07-10 07:00:00-03:00,,0.0
2024-07-10 08:00:00-03:00,56.0,3.2
2024-07-10 09:00:00-03:00,56.0,0.0
2024-07-10 10:00:00-03:00,57.0,0.0
2024-07-10 11:00:00-03:00,56.0,0.2
2024-07-10 12:00:00-03:00,55.5,0.0
2024-07-10 13:00:00-03:00,56.0,0.0
2024-07-10 14:00:00-03:00,57.0,0.0
2024-07-10 15:00:00-03:00,57.5,0.0
2024-07-10 16:00:00-03:00,59.0,0.0
2024-07-10 17:00:00-03:00,60.5,10.4
2024-07-10 18:00:00-03:00,62.0,0.0
2024-07-10 19:00:00-03:00,60.5,0.0
2024-07-10 20:00:00-03:00,59.75,0.0
2024-07-10 21:00:00-03:00,59.0,0.0
2024-07-10 22:00:00-03:00,58.75,0.0
2024-07-10 23:00:00-03:00,58.25,0.0
2024-07-11 00:00:00-03:00,58.0,0.0
2024-07-11 01:00:00-03:00,58.25,0.0
2024-07-11 02:00:00-03:00,58.5,0.0
2024-07-11 03:00:00-03:00,59.0,0.0
2024-07-11 04:00:00-03:00,59.3,0.0
2024-07-11 05:00:00-03:00,59.6,0.0
2024-07-11 06:00:00-03:00,59.9,0.0
2024-07-11 07:00:00-03:00,,0.0
2024-07-11 08:00:00-03:00,60.5,0.0
2024-07-11 09:00:00-03:00,60.75,0.0
2024-07-11 10:00:00-03:00,61.25,0.0
2024-07-11 11:00:00-03:00,62.5,0.0
2024-07-11 12:00:00-03:00,63.0,0.0
2024-07-11 13:00:00-03:00,64.0,0.2
2024-07-11 14:00:00-03:00,65.5,0.0
2024-07-11 15:00:00-03:00,65.5,0.0
2024-07-11 16:00:00-03:00,66.16666666666667,0.0
2024-07-11 17:00:00-03:00,66.83333333333333,0.0
2024-07-11 18:00:00-03:00,67.5,0.0
2024-07-11 19:00:00-03:00,67.75,0.0
2024-07-11 20:00:00-03:00,68.0,0.0
2024-07-11 21:00:00-03:00,68.75,0.0
2024-07-11 22:00:00-03:00,69.0,0.0
2024-07-11 23:00:00-03:00,69.0,0.0
2024-07-12 00:00:00-03:00,69.0,0.0
2024-07-12 01:00:00-03:00,69.0,0.0
2024-07-12 02:00:00-03:00,69.75,0.0
2024-07-12 03:00:00-03:00,70.0,0.0
2024-07-12 04:00:00-03:00,69.7,0.0
2024-07-12 05:00:00-03:00,69.4,0.0
2024-07-12 06:00:00-03:00,69.1,0.0
2024-07-12 07:00:00-03:00,,0.0
2024-07-12 08:00:00-03:00,68.5,0.0
2024-07-12 09:00:00-03:00,68.5,0.0
2024-07-12 10:00:00-03:00,68.5,0.0
2024-07-12 11:00:00-03:00,68.5,0.0
2024-07-12 12:00:00-03:00,72.0,0.0
2024-07-12 13:00:00-03:00,69.0,0.0
2024-07-12 14:00:00-03:00,68.0,0.0
2024-07-12 15:00:00-03:00,68.0,0.0
2024-07-12 16:00:00-03:00,67.33333333333333,0.0
2024-07-12 17:00:00-03:00,66.66666666666667,0.0
2024-07-12 18:00:00-03:00,66.0,0.0
2024-07-12 19:00:00-03:00,66.0,0.0
2024-07-12 20:00:00-03:00,65.75,0.0
2024-07-12 21:00:00-03:00,65.0,0.0
2024-07-12 22:00:00-03:00,64.75,0.0
2024-07-12 23:00:00-03:00,64.0,0.0
2024-07-13 00:00:00-03:00,64.0,0.0
2024-07-13 01:00:00-03:00,63.0,0.0
2024-07-13 02:00:00-03:00,63.0,0.0
2024-07-13 03:00:00-03:00,63.0,0.0
2024-07-13 04:00:00-03:00,62.6,0.0
2024-07-13 05:00:00-03:00,62.2,0.0
2024-07-13 06:00:00-03:00,61.8,0.0
2024-07-13 07:00:00-03:00,,0.0
2024-07-13 08:00:00-03:00,61.0,0.0
2024-07-13 09:00:00-03:00,60.5,0.0
2024-07-13 10:00:00-03:00,61.75,0.0
2024-07-13 11:00:00-03:00,61.25,0.0
2024-07-13 12:00:00-03:00,60.75,0.0
2024-07-13 13:00:00-03:00,61.25,0.0
2024-07-13 14:00:00-03:00,60.66666666666666,0.0
2024-07-13 15:00:00-03:00,60.75,0.0
2024-07-13 16:00:00-03:00,61.0,0.0
2024-07-13 17:00:00-03:00,60.5,0.0
2024-07-13 18:00:00-03:00,60.0,0.0
2024-07-13 19:00:00-03:00,60.0,0.0
2024-07-13 20:00:00-03:00,59.5,0.0
2024-07-13 21:00:00-03:00,59.0,0.0
2024-07-13 22:00:00-03:00,59.0,0.0
2024-07-13 23:00:00-03:00,59.0,0.0
2024-07-14 00:00:00-03:00,58.5,0.0
2024-07-14 01:00:00-03:00,58.0,0.0
2024-07-14 02:00:00-03:00,58.0,0.0
2024-07-14 03:00:00-03:00,58.0,0.0
2024-07-14 04:00:00-03:00,58.0,0.0
2024-07-14 05:00:00-03:00,57.75,0.0
2024-07-14 06:00:00-03:00,57.5,0.2
2024-07-14 07:00:00-03:00,57.25,0.0
2024-07-14 08:00:00-03:00,57.0,0.0
2024-07-14 09:00:00-03:00,57.0,0.0
2024-07-14 10:00:00-03:00,56.75,0.0
2024-07-14 11:00:00-03:00,57.75,0.0
2024-07-14 12:00:00-03:00,57.0,0.0
2024-07-14 13:00:00-03:00,57.0,0.0
2024-07-14 14:00:00-03:00,58.5,0.0
2024-07-14 15:00:00-03:00,57.5,0.0
2024-07-14 16:00:00-03:00,57.0,0.0
2024-07-14 17:00:00-03:00,57.0,0.0
2024-07-14 18:00:00-03:00,57.0,0.0
2024-07-14 19:00:00-03:00,57.0,0.0
2024-07-14 20:00:00-03:00,57.0,0.0
2024-07-14 21:00:00-03:00,56.75,0.0
2024-07-14 22:00:00-03:00,56.25,0.0
2024-07-14 23:00:00-03:00,56.0,0.0
2024-07-15 00:00:00-03:00,56.0,0.0
2024-07-15 01:00:00-03:00,56.0,0.0
2024-07-15 02:00:00-03:00,56.0,0.0
2024-07-15 03:00:00-03:00,56.0,0.0
2024-07-15 04:00:00-03:00,55.9,0.0
2024-07-15 05:00:00-03:00,55.8,0.0
2024-07-15 06:00:00-03:00,55.7,0.0
2024-07-15 07:00:00-03:00,,0.0
2024-07-15 08:00:00-03:00,55.5,0.0
2024-07-15 09:00:00-03:00,55.25,0.0
2024-07-15 10:00:00-03:00,55.66666666666666,0.0
2024-07-15 11:00:00-03:00,55.25,0.0
2024-07-15 12:00:00-03:00,56.0,0.0
2024-07-15 13:00:00-03:00,56.0,0.0
2024-07-15 14:00:00-03:00,56.0,0.0
2024-07-15 15:00:00-03:00,56.0,0.0
2024-07-15 16:00:00-03:00,56.5,0.0
2024-07-15 17:00:00-03:00,56.25,0.0
2024-07-15 18:00:00-03:00,56.0,0.0
2024-07-15 19:00:00-03:00,56.0,0.0
2024-07-15 20:00:00-03:00,56.0,0.0
2024-07-15 21:00:00-03:00,55.5,0.0
2024-07-15 22:00:00-03:00,55.25,0.0
2024-07-15 23:00:00-03:00,55.0,0.0
2024-07-16 00:00:00-03:00,55.0,0.0
2024-07-16 01:00:00-03:00,55.0,0.0
2024-07-16 02:00:00-03:00,55.0,0.0
2024-07-16 03:00:00-03:00,55.0,0.0
2024-07-16 04:00:00-03:00,54.5,0.0
2024-07-16 05:00:00-03:00,54.375,0.2
2024-07-16 06:00:00-03:00,54.25,0.0
2024-07-16 07:00:00-03:00,54.125,0.0
2024-07-16 08:00:00-03:00,54.0,0.0
2024-07-16 09:00:00-03:00,53.5,0.0
2024-07-16 10:00:00-03:00,53.25,0.0
2024-07-16 11:00:00-03:00,54.0,0.0
2024-07-16 12:00:00-03:00,54.0,0.0
2024-07-16 13:00:00-03:00,55.0,0.0
2024-07-16 14:00:00-03:00,55.0,0.0
2024-07-16 15:00:00-03:00,55.0,0.0
2024-07-16 16:00:00-03:00,54.666666666666664,0.0
2024-07-16 17:00:00-03:00,54.333333333333336,0.0
2024-07-16 18:00:00-03:00,54.0,0.0
2024-07-16 19:00:00-03:00,54.0,0.0
2024-07-16 20:00:00-03:00,54.0,0.0
2024-07-16 21:00:00-03:00,54.0,0.0
2024-07-16 22:00:00-03:00,54.0,0.0
2024-07-16 23:00:00-03:00,53.5,0.0
2024-07-17 00:00:00-03:00,53.0,0.0
2024-07-17 01:00:00-03:00,53.0,0.0
2024-07-17 02:00:00-03:00,53.0,0.0
2024-07-17 03:00:00-03:00,53.0,0.0
2024-07-17 04:00:00-03:00,52.9,0.0
2024-07-17 05:00:00-03:00,52.8,0.0
2024-07-17 06:00:00-03:00,52.7,0.0
2024-07-17 07:00:00-03:00,,0.0
2024-07-17 08:00:00-03:00,52.5,0.0
2024-07-17 09:00:00-03:00,52.333333333333336,0.0
2024-07-17 10:00:00-03:00,52.5,0.0
2024-07-17 11:00:00-03:00,52.75,0.0
2024-07-17 12:00:00-03:00,55.0,0.0
2024-07-17 13:00:00-03:00,53.0,0.0
2024-07-17 14:00:00-03:00,53.5,0.0
2024-07-17 15:00:00-03:00,53.0,0.0
2024-07-17 16:00:00-03:00,53.0,0.0
2024-07-17 17:00:00-03:00,53.0,0.0
2024-07-17 18:00:00-03:00,53.0,0.0
2024-07-17 19:00:00-03:00,53.0,0.0
2024-07-17 20:00:00-03:00,52.5,0.0
2024-07-17 21:00:00-03:00,52.0,0.0
2024-07-17 22:00:00-03:00,52.25,0.0
2024-07-17 23:00:00-03:00,52.0,0.0
2024-07-18 00:00:00-03:00,52.0,0.0
2024-07-18 01:00:00-03:00,52.0,0.0
2024-07-18 02:00:00-03:00,52.0,0.0
2024-07-18 03:00:00-03:00,52.0,0.0
2024-07-18 04:00:00-03:00,51.8,0.0
2024-07-18 05:00:00-03:00,51.6,0.0
2024-07-18 06:00:00-03:00,51.4,0.0
2024-07-18 07:00:00-03:00,,0.0
2024-07-18 08:00:00-03:00,51.0,0.0
2024-07-18 09:00:00-03:00,51.0,0.2
2024-07-18 10:00:00-03:00,51.5,0.0
2024-07-18 11:00:00-03:00,51.75,0.0
2024-07-18 12:00:00-03:00,53.0,0.0
2024-07-18 13:00:00-03:00,53.0,0.0
2024-07-18 14:00:00-03:00,53.0,0.0
2024-07-18 15:00:00-03:00,52.75,0.0
2024-07-18 16:00:00-03:00,52.5,0.0
2024-07-18 17:00:00-03:00,52.25,0.0
2024-07-18 18:00:00-03:00,52.0,0.0
2024-07-18 19:00:00-03:00,52.0,0.0
2024-07-18 20:00:00-03:00,51.75,0.0
2024-07-18 21:00:00-03:00,51.5,0.0
2024-07-18 22:00:00-03:00,51.25,0.0
2024-07-18 23:00:00-03:00,51.5,0.0
2024-07-19 00:00:00-03:00,51.0,0.0
2024-07-19 01:00:00-03:00,51.0,0.0
2024-07-19 02:00:00-03:00,51.0,0.0
2024-07-19 03:00:00-03:00,51.0,0.0
2024-07-19 04:00:00-03:00,50.9,0.0
2024-07-19 05:00:00-03:00,50.8,0.0
2024-07-19 06:00:00-03:00,50.7,0.0
2024-07-19 07:00:00-03:00,,0.0
2024-07-19 08:00:00-03:00,50.5,0.0
2024-07-19 09:00:00-03:00,50.5,0.0
2024-07-19 10:00:00-03:00,51.0,0.0
2024-07-19 11:00:00-03:00,51.0,0.0
2024-07-19 12:00:00-03:00,51.5,0.0
2024-07-19 13:00:00-03:00,51.5,0.0
2024-07-19 14:00:00-03:00,52.0,0.0
2024-07-19 15:00:00-03:00,52.0,0.0
2024-07-19 16:00:00-03:00,51.666666666666664,0.0
2024-07-19 17:00:00-03:00,51.333333333333336,0.0
2024-07-19 18:00:00-03:00,51.0,0.0
2024-07-19 19:00:00-03:00,51.0,0.0
2024-07-19 20:00:00-03:00,51.0,0.0
2024-07-19 21:00:00-03:00,51.0,0.0
2024-07-19 22:00:00-03:00,51.0,0.0
2024-07-19 23:00:00-03:00,50.75,0.0
2024-07-20 00:00:00-03:00,50.25,0.0
2024-07-20 01:00:00-03:00,50.0,0.0
2024-07-20 02:00:00-03:00,50.0,0.0
2024-07-20 03:00:00-03:00,50.0,0.0
2024-07-20 04:00:00-03:00,49.9,0.0
2024-07-20 05:00:00-03:00,49.8,0.0
2024-07-20 06:00:00-03:00,49.7,0.2
2024-07-20 07:00:00-03:00,,0.0
2024-07-20 08:00:00-03:00,49.5,0.0
2024-07-20 09:00:00-03:00,48.75,0.0
2024-07-20 10:00:00-03:00,49.0,0.0
2024-07-20 11:00:00-03:00,48.75,0.0
2024-07-20 12:00:00-03:00,49.5,0.0
2024-07-20 13:00:00-03:00,51.0,0.0
2024-07-20 14:00:00-03:00,50.8,0.0
2024-07-20 15:00:00-03:00,50.6,0.0
2024-07-20 16:00:00-03:00,50.4,0.0
2024-07-20 17:00:00-03:00,,0.0
2024-07-20 18:00:00-03:00,50.0,0.0
2024-07-20 19:00:00-03:00,49.0,0.0
2024-07-20 20:00:00-03:00,49.25,0.0
2024-07-20 21:00:00-03:00,49.0,0.0
2024-07-20 22:00:00-03:00,49.0,0.0
2024-07-20 23:00:00-03:00,49.0,0.0
2024-07-21 00:00:00-03:00,49.0,0.0
2024-07-21 01:00:00-03:00,49.0,0.0
2024-07-21 02:00:00-03:00,49.0,0.0
2024-07-21 03:00:00-03:00,49.0,0.0
2024-07-21 04:00:00-03:00,49.0,0.0
2024-07-21 05:00:00-03:00,48.75,0.0
2024-07-21 06:00:00-03:00,48.5,0.0
2024-07-21 07:00:00-03:00,48.25,0.0
2024-07-21 08:00:00-03:00,48.0,0.0
2024-07-21 09:00:00-03:00,48.25,0.0
2024-07-21 10:00:00-03:00,48.0,0.0
2024-07-21 11:00:00-03:00,48.25,0.0
2024-07-21 12:00:00-03:00,49.0,0.0
2024-07-21 13:00:00-03:00,49.0,0.0
2024-07-21 14:00:00-03:00,49.0,0.0
2024-07-21 15:00:00-03:00,49.0,0.0
2024-07-21 16:00:00-03:00,49.0,0.0
2024-07-21 17:00:00-03:00,49.0,0.0
2024-07-21 18:00:00-03:00,49.0,0.0
2024-07-21 19:00:00-03:00,49.0,0.0
2024-07-21 20:00:00-03:00,49.0,0.0
2024-07-21 21:00:00-03:00,48.75,0.0
2024-07-21 22:00:00-03:00,49.0,0.0
2024-07-21 23:00:00-03:00,48.75,0.0
2024-07-22 00:00:00-03:00,48.25,0.0
2024-07-22 01:00:00-03:00,48.0,0.0
2024-07-22 02:00:00-03:00,48.0,0.0
2024-07-22 03:00:00-03:00,48.0,0.0
2024-07-22 04:00:00-03:00,48.0,0.2
2024-07-22 05:00:00-03:00,48.0,0.0
2024-07-22 06:00:00-03:00,47.666666666666664,0.0
2024-07-22 07:00:00-03:00,47.333333333333336,0.0
2024-07-22 08:00:00-03:00,47.0,0.0
2024-07-22 09:00:00-03:00,47.25,0.0
2024-07-22 10:00:00-03:00,47.75,0.0
2024-07-22 11:00:00-03:00,47.75,0.0
2024-07-22 12:00:00-03:00,48.333333333333336,0.0
2024-07-22 13:00:00-03:00,48.16666666666667,0.0
2024-07-22 14:00:00-03:00,48.0,0.0
2024-07-22 15:00:00-03:00,51.0,0.0
2024-07-22 16:00:00-03:00,50.0,0.0
2024-07-22 17:00:00-03:00,49.0,0.0
2024-07-22 18:00:00-03:00,48.0,0.0
2024-07-22 19:00:00-03:00,48.0,0.0
2024-07-22 20:00:00-03:00,48.0,0.0
2024-07-22 21:00:00-03:00,48.0,0.0
2024-07-22 22:00:00-03:00,48.0,0.0
2024-07-22 23:00:00-03:00,48.0,0.0
2024-07-23 00:00:00-03:00,47.75,0.0
2024-07-23 01:00:00-03:00,47.0,0.0
2024-07-23 02:00:00-03:00,47.0,0.0
2024-07-23 03:00:00-03:00,47.0,0.0
2024-07-23 04:00:00-03:00,47.0,0.0
2024-07-23 05:00:00-03:00,47.0,0.0
2024-07-23 06:00:00-03:00,47.0,0.0
2024-07-23 07:00:00-03:00,,0.0
2024-07-23 08:00:00-03:00,47.0,0.2
2024-07-23 09:00:00-03:00,47.0,0.0
2024-07-23 10:00:00-03:00,46.75,0.0
2024-07-23 11:00:00-03:00,47.25,0.0
2024-07-23 12:00:00-03:00,47.66666666666666,0.0
2024-07-23 13:00:00-03:00,48.0,0.0
2024-07-23 14:00:00-03:00,48.5,0.0
2024-07-23 15:00:00-03:00,48.0,0.0
2024-07-23 16:00:00-03:00,48.0,0.0
2024-07-23 17:00:00-03:00,48.0,0.0
2024-07-23 18:00:00-03:00,48.0,0.0
2024-07-23 19:00:00-03:00,48.0,0.0
2024-07-23 20:00:00-03:00,47.0,0.0
2024-07-23 21:00:00-03:00,47.0,0.0
2024-07-23 22:00:00-03:00,47.0,0.0
2024-07-23 23:00:00-03:00,47.0,0.0
2024-07-24 00:00:00-03:00,47.0,0.0
2024-07-24 01:00:00-03:00,47.0,0.0
2024-07-24 02:00:00-03:00,47.0,0.0
2024-07-24 03:00:00-03:00,47.0,0.0
2024-07-24 04:00:00-03:00,47.0,0.0
2024-07-24 05:00:00-03:00,46.75,0.0
2024-07-24 06:00:00-03:00,46.5,0.0
2024-07-24 07:00:00-03:00,46.25,0.0
2024-07-24 08:00:00-03:00,46.0,0.0
2024-07-24 09:00:00-03:00,46.0,0.0
2024-07-24 10:00:00-03:00,46.0,0.0
2024-07-24 11:00:00-03:00,47.0,0.0
2024-07-24 12:00:00-03:00,47.66666666666666,0.0
2024-07-24 13:00:00-03:00,47.0,0.0
2024-07-24 14:00:00-03:00,47.75,0.0
2024-07-24 15:00:00-03:00,48.5,0.0
2024-07-24 16:00:00-03:00,48.0,0.0
2024-07-24 17:00:00-03:00,47.5,0.0
2024-07-24 18:00:00-03:00,47.0,0.0
2024-07-24 19:00:00-03:00,47.0,0.0
2024-07-24 20:00:00-03:00,47.0,0.0
2024-07-24 21:00:00-03:00,47.0,0.0
2024-07-24 22:00:00-03:00,46.25,0.0
2024-07-24 23:00:00-03:00,46.0,0.0
2024-07-25 00:00:00-03:00,46.0,0.0
2024-07-25 01:00:00-03:00,46.25,0.0
2024-07-25 02:00:00-03:00,46.0,0.0
2024-07-25 03:00:00-03:00,46.0,0.0
2024-07-25 04:00:00-03:00,45.9,0.0
2024-07-25 05:00:00-03:00,45.8,0.0
2024-07-25 06:00:00-03:00,45.7,0.0
2024-07-25 07:00:00-03:00,,0.0
2024-07-25 08:00:00-03:00,45.5,0.2
2024-07-25 09:00:00-03:00,46.0,0.0
2024-07-25 10:00:00-03:00,45.75,0.0
2024-07-25 11:00:00-03:00,45.25,0.0
2024-07-25 12:00:00-03:00,47.5,0.0
2024-07-25 13:00:00-03:00,47.625,0.0
2024-07-25 14:00:00-03:00,47.75,0.0
2024-07-25 15:00:00-03:00,48.0,0.0
2024-07-25 16:00:00-03:00,47.5,0.0
2024-07-25 17:00:00-03:00,47.0,0.0
2024-07-25 18:00:00-03:00,46.5,0.0
2024-07-25 19:00:00-03:00,46.0,0.0
2024-07-25 20:00:00-03:00,46.0,0.0
2024-07-25 21:00:00-03:00,46.0,0.0
2024-07-25 22:00:00-03:00,46.0,0.0
2024-07-25 23:00:00-03:00,46.0,0.0
2024-07-26 00:00:00-03:00,46.0,0.0
2024-07-26 01:00:00-03:00,46.0,0.0
2024-07-26 02:00:00-03:00,46.0,0.0
2024-07-26 03:00:00-03:00,46.0,0.0
2024-07-26 04:00:00-03:00,45.5,0.0
2024-07-26 05:00:00-03:00,45.625,0.0
2024-07-26 06:00:00-03:00,45.75,0.0
2024-07-26 07:00:00-03:00,45.875,0.0
2024-07-26 08:00:00-03:00,46.0,0.0
2024-07-26 09:00:00-03:00,45.25,0.0
2024-07-26 10:00:00-03:00,45.75,0.0
2024-07-26 11:00:00-03:00,45.0,0.0
2024-07-26 12:00:00-03:00,46.0,0.0
2024-07-26 13:00:00-03:00,47.0,0.0
2024-07-26 14:00:00-03:00,46.66666666666666,0.0
2024-07-26 15:00:00-03:00,46.0,0.0
2024-07-26 16:00:00-03:00,46.0,0.0
2024-07-26 17:00:00-03:00,46.0,0.0
2024-07-26 18:00:00-03:00,46.0,0.0
2024-07-26 19:00:00-03:00,46.0,0.0
2024-07-26 20:00:00-03:00,45.75,0.0
2024-07-26 21:00:00-03:00,45.0,0.0
2024-07-26 22:00:00-03:00,45.0,0.0
2024-07-26 23:00:00-03:00,45.0,0.0
2024-07-27 00:00:00-03:00,45.0,0.0
2024-07-27 01:00:00-03:00,45.0,0.0
2024-07-27 02:00:00-03:00,45.0,0.0
2024-07-27 03:00:00-03:00,45.0,0.0
2024-07-27 04:00:00-03:00,45.0,0.0
2024-07-27 05:00:00-03:00,44.75,0.0
2024-07-27 06:00:00-03:00,44.5,0.0
2024-07-27 07:00:00-03:00,44.25,0.2
2024-07-27 08:00:00-03:00,44.0,0.0
2024-07-27 09:00:00-03:00,44.0,0.0
2024-07-27 10:00:00-03:00,43.5,0.0
2024-07-27 11:00:00-03:00,44.25,0.0
2024-07-27 12:00:00-03:00,44.5,0.0
2024-07-27 13:00:00-03:00,46.0,0.0
2024-07-27 14:00:00-03:00,47.0,0.0
2024-07-27 15:00:00-03:00,46.0,0.0
2024-07-27 16:00:00-03:00,45.5,0.0
2024-07-27 17:00:00-03:00,45.75,0.0
2024-07-27 18:00:00-03:00,46.0,0.0
2024-07-27 19:00:00-03:00,46.0,0.0
2024-07-27 20:00:00-03:00,45.0,0.0
2024-07-27 21:00:00-03:00,45.0,0.0
2024-07-27 22:00:00-03:00,45.0,0.0
2024-07-27 23:00:00-03:00,45.0,0.0
2024-07-28 00:00:00-03:00,45.0,0.0
2024-07-28 01:00:00-03:00,45.0,0.0
2024-07-28 02:00:00-03:00,45.0,0.0
2024-07-28 03:00:00-03:00,45.0,0.0
2024-07-28 04:00:00-03:00,45.0,0.0
2024-07-28 05:00:00-03:00,44.875,0.0
2024-07-28 06:00:00-03:00,44.75,0.0
2024-07-28 07:00:00-03:00,44.625,0.0
2024-07-28 08:00:00-03:00,44.5,0.0
2024-07-28 09:00:00-03:00,44.0,0.0
2024-07-28 10:00:00-03:00,44.75,0.0
2024-07-28 11:00:00-03:00,44.0,0.0
2024-07-28 12:00:00-03:00,45.0,0.0
2024-07-28 13:00:00-03:00,46.0,0.0
2024-07-28 14:00:00-03:00,47.0,0.0
2024-07-28 15:00:00-03:00,46.5,0.0
2024-07-28 16:00:00-03:00,46.0,0.0
2024-07-28 17:00:00-03:00,45.5,0.0
2024-07-28 18:00:00-03:00,45.0,0.0
2024-07-28 19:00:00-03:00,45.0,0.0
2024-07-28 20:00:00-03:00,45.0,0.0
2024-07-28 21:00:00-03:00,45.0,0.0
2024-07-28 22:00:00-03:00,45.0,0.0
2024-07-28 23:00:00-03:00,45.0,0.0
2024-07-29 00:00:00-03:00,44.75,0.0
2024-07-29 01:00:00-03:00,44.75,0.0
2024-07-29 02:00:00-03:00,44.25,0.0
2024-07-29 03:00:00-03:00,44.0,0.0
2024-07-29 04:00:00-03:00,44.0,0.0
2024-07-29 05:00:00-03:00,44.0,0.0
2024-07-29 06:00:00-03:00,44.0,0.0
2024-07-29 07:00:00-03:00,,0.0
2024-07-29 08:00:00-03:00,44.0,0.0
2024-07-29 09:00:00-03:00,44.0,0.0
2024-07-29 10:00:00-03:00,44.75,0.0
2024-07-29 11:00:00-03:00,44.75,0.0
2024-07-29 12:00:00-03:00,44.333333333333336,0.0
2024-07-29 13:00:00-03:00,45.25,0.0
2024-07-29 14:00:00-03:00,45.0,0.0
2024-07-29 15:00:00-03:00,45.0,0.0
2024-07-29 16:00:00-03:00,44.666666666666664,0.0
2024-07-29 17:00:00-03:00,44.333333333333336,0.0
2024-07-29 18:00:00-03:00,44.0,0.0
2024-07-29 19:00:00-03:00,44.5,0.0
2024-07-29 20:00:00-03:00,44.0,0.0
2024-07-29 21:00:00-03:00,44.0,0.0
2024-07-29 22:00:00-03:00,44.0,0.0
2024-07-29 23:00:00-03:00,44.0,0.0
2024-07-30 00:00:00-03:00,44.0,0.0
2024-07-30 01:00:00-03:00,44.0,0.0
2024-07-30 02:00:00-03:00,44.0,0.0
2024-07-30 03:00:00-03:00,44.0,0.0
2024-07-30 04:00:00-03:00,43.9,0.0
2024-07-30 05:00:00-03:00,43.8,0.0
2024-07-30 06:00:00-03:00,43.7,0.0
2024-07-30 07:00:00-03:00,,0.0
2024-07-30 08:00:00-03:00,43.5,0.0
2024-07-30 09:00:00-03:00,43.5,0.0
2024-07-30 10:00:00-03:00,43.5,0.0
2024-07-30 11:00:00-03:00,43.5,0.0
2024-07-30 12:00:00-03:00,44.0,0.0
2024-07-30 13:00:00-03:00,44.0,0.0
2024-07-30 14:00:00-03:00,44.0,0.0
2024-07-30 15:00:00-03:00,44.0,0.0
2024-07-30 16:00:00-03:00,44.0,0.0
2024-07-30 17:00:00-03:00,44.0,0.0
2024-07-30 18:00:00-03:00,44.0,0.0
2024-07-30 19:00:00-03:00,44.0,0.0
2024-07-30 20:00:00-03:00,44.0,0.0
2024-07-30 21:00:00-03:00,44.0,0.0
2024-07-30 22:00:00-03:00,43.75,0.0
2024-07-30 23:00:00-03:00,43.75,0.0
2024-07-31 00:00:00-03:00,43.0,0.0
2024-07-31 01:00:00-03:00,43.0,0.0
2024-07-31 02:00:00-03:00,43.0,0.0
2024-07-31 03:00:00-03:00,43.0,0.0
2024-07-31 04:00:00-03:00,42.8,0.0
2024-07-31 05:00:00-03:00,42.6,0.0
2024-07-31 06:00:00-03:00,42.4,0.2
2024-07-31 07:00:00-03:00,,0.0
2024-07-31 08:00:00-03:00,42.0,0.0
2024-07-31 09:00:00-03:00,42.0,0.0
2024-07-31 10:00:00-03:00,41.75,0.0
2024-07-31 11:00:00-03:00,43.75,0.0
2024-07-31 12:00:00-03:00,42.25,0.0
2024-07-31 13:00:00-03:00,43.0,0.0
2024-07-31 14:00:00-03:00,43.0,0.0
2024-07-31 15:00:00-03:00,42.27777777777778,0.0
2024-07-31 16:00:00-03:00,41.55555555555555,0.0
2024-07-31 17:00:00-03:00,40.83333333333333,0.0
2024-07-31 18:00:00-03:00,,0.0
2024-07-31 19:00:00-03:00,,0.0
2024-07-31 20:00:00-03:00,38.66666666666666,0.0
2024-07-31 21:00:00-03:00,38.5,0.0
2024-07-31 22:00:00-03:00,38.0,0.0
2024-07-31 23:00:00-03:00,38.0,0.0
2024-08-01 00:00:00-03:00,38.0,0.0
2024-08-01 01:00:00-03:00,38.0,0.0
2024-08-01 02:00:00-03:00,38.0,0.0
2024-08-01 03:00:00-03:00,38.0,0.0
2024-08-01 04:00:00-03:00,38.0,0.0
2024-08-01 05:00:00-03:00,38.0,0.0
2024-08-01 06:00:00-03:00,38.0,0.0
2024-08-01 07:00:00-03:00,38.0,0.0
2024-08-01 08:00:00-03:00,38.0,0.0
2024-08-01 09:00:00-03:00,38.0,0.0
2024-08-01 10:00:00-03:00,37.75,0.0
2024-08-01 11:00:00-03:00,38.25,0.0
2024-08-01 12:00:00-03:00,38.5,0.0
2024-08-01 13:00:00-03:00,39.5,0.0
2024-08-01 14:00:00-03:00,39.0,0.0
2024-08-01 15:00:00-03:00,39.0,0.0
2024-08-01 16:00:00-03:00,39.0,0.0
2024-08-01 17:00:00-03:00,39.0,0.0
2024-08-01 18:00:00-03:00,39.0,0.0
2024-08-01 19:00:00-03:00,39.0,0.0
2024-08-01 20:00:00-03:00,38.75,0.0
2024-08-01 21:00:00-03:00,38.5,0.0
2024-08-01 22:00:00-03:00,38.5,0.0
2024-08-01 23:00:00-03:00,38.0,0.0
2024-08-02 00:00:00-03:00,38.25,0.0
2024-08-02 01:00:00-03:00,38.0,0.0
2024-08-02 02:00:00-03:00,38.0,0.0
2024-08-02 03:00:00-03:00,38.0,0.0
2024-08-02 04:00:00-03:00,38.0,0.2
2024-08-02 05:00:00-03:00,37.875,0.0
2024-08-02 06:00:00-03:00,37.75,0.0
2024-08-02 07:00:00-03:00,37.625,0.0
2024-08-02 08:00:00-03:00,37.5,0.0
2024-08-02 09:00:00-03:00,37.0,0.0
2024-08-02 10:00:00-03:00,37.5,0.0
2024-08-02 11:00:00-03:00,38.25,0.0
2024-08-02 12:00:00-03:00,37.25,0.0
2024-08-02 13:00:00-03:00,38.5,0.0
2024-08-02 14:00:00-03:00,38.75,0.0
2024-08-02 15:00:00-03:00,39.0,0.0
2024-08-02 16:00:00-03:00,38.666666666666664,0.0
2024-08-02 17:00:00-03:00,38.333333333333336,0.0
2024-08-02 18:00:00-03:00,38.0,0.0
2024-08-02 19:00:00-03:00,38.0,0.0
2024-08-02 20:00:00-03:00,38.0,0.0
2024-08-02 21:00:00-03:00,38.0,0.0
2024-08-02 22:00:00-03:00,38.0,0.0
2024-08-02 23:00:00-03:00,38.0,0.0
2024-08-03 00:00:00-03:00,38.0,0.0
2024-08-03 01:00:00-03:00,38.0,0.0
2024-08-03 02:00:00-03:00,38.0,0.0
2024-08-03 03:00:00-03:00,38.0,0.0
2024-08-03 04:00:00-03:00,38.0,0.0
2024-08-03 05:00:00-03:00,38.0,0.0
2024-08-03 06:00:00-03:00,38.0,0.0
2024-08-03 07:00:00-03:00,38.0,0.0
2024-08-03 08:00:00-03:00,38.0,0.0
2024-08-03 09:00:00-03:00,38.0,0.0
2024-08-03 10:00:00-03:00,38.25,0.0
2024-08-03 11:00:00-03:00,38.0,0.0
2024-08-03 12:00:00-03:00,38.5,0.0
2024-08-03 13:00:00-03:00,39.0,0.0
2024-08-03 14:00:00-03:00,39.75,0.0
2024-08-03 15:00:00-03:00,40.5,0.0
2024-08-03 16:00:00-03:00,39.5,0.0
2024-08-03 17:00:00-03:00,39.25,0.0
2024-08-03 18:00:00-03:00,39.0,0.0
2024-08-03 19:00:00-03:00,39.0,0.0
2024-08-03 20:00:00-03:00,38.75,0.0
2024-08-03 21:00:00-03:00,38.75,0.0
2024-08-03 22:00:00-03:00,38.0,0.0
2024-08-03 23:00:00-03:00,38.0,0.0
2024-08-04 00:00:00-03:00,38.0,0.0
2024-08-04 01:00:00-03:00,38.0,0.0
2024-08-04 02:00:00-03:00,38.0,0.0
2024-08-04 03:00:00-03:00,38.0,0.0
2024-08-04 04:00:00-03:00,38.0,0.0
2024-08-04 05:00:00-03:00,37.75,0.0
2024-08-04 06:00:00-03:00,37.5,0.0
2024-08-04 07:00:00-03:00,37.25,0.0
2024-08-04 08:00:00-03:00,37.0,0.0
2024-08-04 09:00:00-03:00,36.75,0.0
2024-08-04 10:00:00-03:00,37.0,0.0
2024-08-04 11:00:00-03:00,38.0,0.0
2024-08-04 12:00:00-03:00,38.66666666666666,0.0
2024-08-04 13:00:00-03:00,38.5,0.0
2024-08-04 14:00:00-03:00,38.0,0.0
2024-08-04 15:00:00-03:00,37.0,0.0
2024-08-04 16:00:00-03:00,37.0,0.0
2024-08-04 17:00:00-03:00,37.0,0.0
2024-08-04 18:00:00-03:00,37.0,0.0
2024-08-04 19:00:00-03:00,37.0,0.0
2024-08-04 20:00:00-03:00,37.0,0.0
2024-08-04 21:00:00-03:00,37.0,0.0
2024-08-04 22:00:00-03:00,37.0,0.0
2024-08-04 23:00:00-03:00,37.0,0.0
2024-08-05 00:00:00-03:00,36.75,0.0
2024-08-05 01:00:00-03:00,36.5,0.0
2024-08-05 02:00:00-03:00,36.5,0.0
2024-08-05 03:00:00-03:00,36.5,0.0
2024-08-05 04:00:00-03:00,36.4,0.0
2024-08-05 05:00:00-03:00,36.3,0.2
2024-08-05 06:00:00-03:00,36.2,0.0
2024-08-05 07:00:00-03:00,,0.0
2024-08-05 08:00:00-03:00,36.0,0.0
2024-08-05 09:00:00-03:00,36.0,0.0
2024-08-05 10:00:00-03:00,36.5,0.0
2024-08-05 11:00:00-03:00,36.5,0.0
2024-08-05 12:00:00-03:00,37.0,0.0
2024-08-05 13:00:00-03:00,37.66666666666666,0.0
2024-08-05 14:00:00-03:00,37.66666666666666,0.0
2024-08-05 15:00:00-03:00,37.0,0.0
2024-08-05 16:00:00-03:00,37.0,0.0
2024-08-05 17:00:00-03:00,37.0,0.0
2024-08-05 18:00:00-03:00,37.0,0.0
2024-08-05 19:00:00-03:00,37.0,0.0
2024-08-05 20:00:00-03:00,37.0,0.0
2024-08-05 21:00:00-03:00,37.0,0.0
2024-08-05 22:00:00-03:00,37.0,0.0
2024-08-05 23:00:00-03:00,37.0,0.0
2024-08-06 00:00:00-03:00,37.0,0.0
2024-08-06 01:00:00-03:00,37.0,0.0
2024-08-06 02:00:00-03:00,36.75,0.0
2024-08-06 03:00:00-03:00,37.0,0.0
2024-08-06 04:00:00-03:00,36.9,0.0
2024-08-06 05:00:00-03:00,36.8,0.0
2024-08-06 06:00:00-03:00,36.7,0.0
2024-08-06 07:00:00-03:00,,0.0
2024-08-06 08:00:00-03:00,36.5,0.0
2024-08-06 09:00:00-03:00,36.25,0.0
2024-08-06 10:00:00-03:00,36.0,0.0
2024-08-06 11:00:00-03:00,37.25,0.0
2024-08-06 12:00:00-03:00,37.25,0.0
2024-08-06 13:00:00-03:00,37.0,0.0
2024-08-06 14:00:00-03:00,37.0,0.0
2024-08-06 15:00:00-03:00,37.0,0.0
2024-08-06 16:00:00-03:00,37.0,0.0
2024-08-06 17:00:00-03:00,,0.0
2024-08-06 18:00:00-03:00,37.0,0.0
2024-08-06 19:00:00-03:00,37.0,0.0
2024-08-06 20:00:00-03:00,37.0,0.0
2024-08-06 21:00:00-03:00,37.0,0.0
2024-08-06 22:00:00-03:00,37.0,0.0
2024-08-06 23:00:00-03:00,36.25,0.0
2024-08-07 00:00:00-03:00,36.75,0.0
2024-08-07 01:00:00-03:00,36.25,0.0
2024-08-07 02:00:00-03:00,36.0,0.0
2024-08-07 03:00:00-03:00,36.5,0.0
2024-08-07 04:00:00-03:00,36.4,0.0
2024-08-07 05:00:00-03:00,36.3,0.0
2024-08-07 06:00:00-03:00,36.2,0.0
2024-08-07 07:00:00-03:00,,0.0
2024-08-07 08:00:00-03:00,36.0,0.0
2024-08-07 09:00:00-03:00,36.0,0.0
2024-08-07 10:00:00-03:00,35.75,0.0
2024-08-07 11:00:00-03:00,35.75,0.0
2024-08-07 12:00:00-03:00,36.5,0.0
2024-08-07 13:00:00-03:00,36.333333333333336,0.0
2024-08-07 14:00:00-03:00,37.0,0.0
2024-08-07 15:00:00-03:00,37.0,0.0
2024-08-07 16:00:00-03:00,36.666666666666664,0.0
2024-08-07 17:00:00-03:00,36.333333333333336,0.0
2024-08-07 18:00:00-03:00,36.0,0.0
2024-08-07 19:00:00-03:00,36.25,0.0
2024-08-07 20:00:00-03:00,36.0,0.0
2024-08-07 21:00:00-03:00,36.0,0.0
2024-08-07 22:00:00-03:00,36.0,0.0
2024-08-07 23:00:00-03:00,36.0,0.0
2024-08-08 00:00:00-03:00,36.0,0.0
2024-08-08 01:00:00-03:00,36.0,0.0
2024-08-08 02:00:00-03:00,36.0,0.0
2024-08-08 03:00:00-03:00,36.0,0.0
2024-08-08 04:00:00-03:00,35.8,0.0
2024-08-08 05:00:00-03:00,35.6,0.0
2024-08-08 06:00:00-03:00,35.4,0.0
2024-08-08 07:00:00-03:00,,0.0
2024-08-08 08:00:00-03:00,35.0,0.0
2024-08-08 09:00:00-03:00,35.0,0.0
2024-08-08 10:00:00-03:00,35.25,0.0
2024-08-08 11:00:00-03:00,36.5,0.0
2024-08-08 12:00:00-03:00,35.0,0.0
2024-08-08 13:00:00-03:00,36.5,0.0
2024-08-08 14:00:00-03:00,37.0,0.0
2024-08-08 15:00:00-03:00,36.0,0.0
2024-08-08 16:00:00-03:00,35.833333333333336,0.0
2024-08-08 17:00:00-03:00,35.666666666666664,0.0
2024-08-08 18:00:00-03:00,35.5,0.0
2024-08-08 19:00:00-03:00,36.0,0.0
2024-08-08 20:00:00-03:00,35.75,0.0
2024-08-08 21:00:00-03:00,35.75,0.0
2024-08-08 22:00:00-03:00,35.25,0.0
2024-08-08 23:00:00-03:00,35.0,0.0
2024-08-09 00:00:00-03:00,35.0,0.0
2024-08-09 01:00:00-03:00,35.0,0.0
2024-08-09 02:00:00-03:00,35.0,0.0
2024-08-09 03:00:00-03:00,35.0,0.0
2024-08-09 04:00:00-03:00,35.0,0.0
2024-08-09 05:00:00-03:00,35.0,0.0
2024-08-09 06:00:00-03:00,35.0,0.0
2024-08-09 07:00:00-03:00,,0.0
2024-08-09 08:00:00-03:00,35.0,0.0
2024-08-09 09:00:00-03:00,35.0,0.0
2024-08-09 10:00:00-03:00,34.0,0.0
2024-08-09 11:00:00-03:00,34.75,0.0
2024-08-09 12:00:00-03:00,35.25,0.0
2024-08-09 13:00:00-03:00,35.25,0.0
2024-08-09 14:00:00-03:00,35.0,0.0
2024-08-09 15:00:00-03:00,34.75,0.0
2024-08-09 16:00:00-03:00,35.0,0.0
2024-08-09 17:00:00-03:00,35.0,0.0
2024-08-09 18:00:00-03:00,35.0,0.0
2024-08-09 19:00:00-03:00,35.0,0.0
2024-08-09 20:00:00-03:00,35.0,0.0
2024-08-09 21:00:00-03:00,35.0,0.0
2024-08-09 22:00:00-03:00,34.5,1.6
2024-08-09 23:00:00-03:00,34.0,1.6
2024-08-10 00:00:00-03:00,34.25,1.0
2024-08-10 01:00:00-03:00,34.0,0.6
2024-08-10 02:00:00-03:00,35.0,0.4
2024-08-10 03:00:00-03:00,35.25,0.0
2024-08-10 04:00:00-03:00,35.5,0.0
2024-08-10 05:00:00-03:00,35.75,1.0
2024-08-10 06:00:00-03:00,,5.2
2024-08-10 07:00:00-03:00,,2.2
2024-08-10 08:00:00-03:00,,2.2
2024-08-10 09:00:00-03:00,,2.4
2024-08-10 10:00:00-03:00,37.0,4.8
2024-08-10 11:00:00-03:00,37.5,1.0
2024-08-10 12:00:00-03:00,37.0,0.2
2024-08-10 13:00:00-03:00,36.5,0.0
2024-08-10 14:00:00-03:00,36.0,0.0
2024-08-10 15:00:00-03:00,36.25,0.0
2024-08-10 16:00:00-03:00,36.25,0.0
2024-08-10 17:00:00-03:00,36.0,0.0
2024-08-10 18:00:00-03:00,36.25,0.0
2024-08-10 19:00:00-03:00,36.5,0.0
2024-08-10 20:00:00-03:00,36.75,0.0
2024-08-10 21:00:00-03:00,37.0,0.0
2024-08-10 22:00:00-03:00,37.0,0.0
2024-08-10 23:00:00-03:00,37.0,0.2
2024-08-11 00:00:00-03:00,37.5,0.0
2024-08-11 01:00:00-03:00,38.0,0.0
2024-08-11 02:00:00-03:00,38.5,0.0
2024-08-11 03:00:00-03:00,39.0,0.0
2024-08-11 04:00:00-03:00,40.0,0.2
2024-08-11 05:00:00-03:00,41.0,0.0
2024-08-11 06:00:00-03:00,41.5,0.0
2024-08-11 07:00:00-03:00,42.0,0.0
2024-08-11 08:00:00-03:00,43.0,0.0
2024-08-11 09:00:00-03:00,44.0,0.0
2024-08-11 10:00:00-03:00,45.0,0.0
2024-08-11 11:00:00-03:00,46.75,0.0
2024-08-11 12:00:00-03:00,47.25,0.0
2024-08-11 13:00:00-03:00,51.5,0.0
2024-08-11 14:00:00-03:00,51.0,0.0
2024-08-11 15:00:00-03:00,53.0,0.0
2024-08-11 16:00:00-03:00,56.0,0.0
2024-08-11 17:00:00-03:00,56.25,0.0
2024-08-11 18:00:00-03:00,56.5,0.0
2024-08-11 19:00:00-03:00,57.75,0.0
2024-08-11 20:00:00-03:00,59.0,0.0
2024-08-11 21:00:00-03:00,60.25,0.0
2024-08-11 22:00:00-03:00,61.25,0.0
2024-08-11 23:00:00-03:00,62.25,0.0
2024-08-12 00:00:00-03:00,63.0,0.0
2024-08-12 01:00:00-03:00,64.0,0.0
2024-08-12 02:00:00-03:00,64.5,0.0
2024-08-12 03:00:00-03:00,65.0,0.2
2024-08-12 04:00:00-03:00,65.0,0.0
2024-08-12 05:00:00-03:00,65.25,0.0
2024-08-12 06:00:00-03:00,66.0,0.0
2024-08-12 07:00:00-03:00,65.5,0.0
2024-08-12 08:00:00-03:00,65.0,0.0
2024-08-12 09:00:00-03:00,64.75,0.0
2024-08-12 10:00:00-03:00,63.75,0.0
2024-08-12 11:00:00-03:00,64.25,0.0
2024-08-12 12:00:00-03:00,63.75,0.0
2024-08-12 13:00:00-03:00,63.375,0.0
2024-08-12 14:00:00-03:00,63.0,0.0
2024-08-12 15:00:00-03:00,62.66666666666666,0.0
2024-08-12 16:00:00-03:00,62.0,0.0
2024-08-12 17:00:00-03:00,61.0,0.0
2024-08-12 18:00:00-03:00,60.0,0.0
2024-08-12 19:00:00-03:00,59.75,0.0
2024-08-12 20:00:00-03:00,59.0,0.0
2024-08-12 21:00:00-03:00,58.0,0.0
2024-08-12 22:00:00-03:00,57.0,0.0
2024-08-12 23:00:00-03:00,56.5,0.0
2024-08-13 00:00:00-03:00,55.5,0.0
2024-08-13 01:00:00-03:00,54.75,0.0
2024-08-13 02:00:00-03:00,54.0,0.0
2024-08-13 03:00:00-03:00,53.0,0.0
2024-08-13 04:00:00-03:00,52.5,0.0
2024-08-13 05:00:00-03:00,51.75,0.0
2024-08-13 06:00:00-03:00,51.5,0.0
2024-08-13 07:00:00-03:00,50.75,0.0
2024-08-13 08:00:00-03:00,50.0,0.0
2024-08-13 09:00:00-03:00,49.0,0.0
2024-08-13 10:00:00-03:00,49.25,0.0
2024-08-13 11:00:00-03:00,49.0,0.0
2024-08-13 12:00:00-03:00,48.75,0.0
2024-08-13 13:00:00-03:00,49.0,0.0
2024-08-13 14:00:00-03:00,49.0,0.0
2024-08-13 15:00:00-03:00,48.0,0.0
2024-08-13 16:00:00-03:00,47.666666666666664,0.0
2024-08-13 17:00:00-03:00,47.333333333333336,0.0
2024-08-13 18:00:00-03:00,47.0,0.0
2024-08-13 19:00:00-03:00,47.0,0.0
2024-08-13 20:00:00-03:00,46.25,0.0
2024-08-13 21:00:00-03:00,46.0,0.0
2024-08-13 22:00:00-03:00,46.0,0.0
2024-08-13 23:00:00-03:00,45.5,0.0
2024-08-14 00:00:00-03:00,45.0,0.0
2024-08-14 01:00:00-03:00,45.0,0.0
2024-08-14 02:00:00-03:00,45.0,0.0
2024-08-14 03:00:00-03:00,44.0,0.0
2024-08-14 04:00:00-03:00,44.0,0.0
2024-08-14 05:00:00-03:00,43.75,0.0
2024-08-14 06:00:00-03:00,43.5,0.0
2024-08-14 07:00:00-03:00,43.25,0.0
2024-08-14 08:00:00-03:00,43.0,0.0
2024-08-14 09:00:00-03:00,43.0,0.0
2024-08-14 10:00:00-03:00,43.0,0.0
2024-08-14 11:00:00-03:00,43.0,0.0
2024-08-14 12:00:00-03:00,42.75,0.0
2024-08-14 13:00:00-03:00,43.0,0.0
2024-08-14 14:00:00-03:00,42.9,0.0
2024-08-14 15:00:00-03:00,42.8,0.0
2024-08-14 16:00:00-03:00,42.7,0.0
2024-08-14 17:00:00-03:00,,0.0
2024-08-14 18:00:00-03:00,42.5,0.0
2024-08-14 19:00:00-03:00,42.0,0.0
2024-08-14 20:00:00-03:00,42.0,0.0
2024-08-14 21:00:00-03:00,42.0,0.0
2024-08-14 22:00:00-03:00,42.0,0.0
2024-08-14 23:00:00-03:00,41.75,0.0
2024-08-15 00:00:00-03:00,41.0,0.0
2024-08-15 01:00:00-03:00,41.0,0.0
2024-08-15 02:00:00-03:00,41.0,0.0
2024-08-15 03:00:00-03:00,41.0,0.0
2024-08-15 04:00:00-03:00,41.0,0.0
2024-08-15 05:00:00-03:00,41.0,0.0
2024-08-15 06:00:00-03:00,40.666666666666664,0.0
2024-08-15 07:00:00-03:00,40.333333333333336,0.0
2024-08-15 08:00:00-03:00,40.0,0.2
2024-08-15 09:00:00-03:00,40.0,0.0
2024-08-15 10:00:00-03:00,40.0,0.0
2024-08-15 11:00:00-03:00,40.25,0.0
2024-08-15 12:00:00-03:00,41.25,0.0
2024-08-15 13:00:00-03:00,41.0,0.0
2024-08-15 14:00:00-03:00,41.0,0.0
2024-08-15 15:00:00-03:00,41.0,0.0
2024-08-15 16:00:00-03:00,41.0,0.0
2024-08-15 17:00:00-03:00,41.0,0.0
2024-08-15 18:00:00-03:00,41.0,0.0
2024-08-15 19:00:00-03:00,40.5,0.0
2024-08-15 20:00:00-03:00,40.0,0.0
2024-08-15 21:00:00-03:00,40.0,0.0
2024-08-15 22:00:00-03:00,40.0,0.0
2024-08-15 23:00:00-03:00,40.0,0.0
2024-08-16 00:00:00-03:00,40.0,0.0
2024-08-16 01:00:00-03:00,39.75,0.0
2024-08-16 02:00:00-03:00,39.25,0.0
2024-08-16 03:00:00-03:00,39.0,0.0
2024-08-16 04:00:00-03:00,39.0,0.0
2024-08-16 05:00:00-03:00,39.0,0.0
2024-08-16 06:00:00-03:00,39.0,0.0
2024-08-16 07:00:00-03:00,,0.0
2024-08-16 08:00:00-03:00,39.0,0.0
2024-08-16 09:00:00-03:00,39.0,0.0
2024-08-16 10:00:00-03:00,38.75,0.0
2024-08-16 11:00:00-03:00,39.25,0.0
2024-08-16 12:00:00-03:00,38.75,0.0
2024-08-16 13:00:00-03:00,39.5,0.0
2024-08-16 14:00:00-03:00,41.0,0.0
2024-08-16 15:00:00-03:00,40.5,0.0
2024-08-16 16:00:00-03:00,40.166666666666664,0.0
2024-08-16 17:00:00-03:00,39.833333333333336,0.0
2024-08-16 18:00:00-03:00,39.5,0.0
2024-08-16 19:00:00-03:00,39.0,0.0
2024-08-16 20:00:00-03:00,39.0,0.0
2024-08-16 21:00:00-03:00,39.0,0.0
2024-08-16 22:00:00-03:00,39.0,0.0
2024-08-16 23:00:00-03:00,39.0,0.0
2024-08-17 00:00:00-03:00,38.5,0.0
2024-08-17 01:00:00-03:00,38.0,0.0
2024-08-17 02:00:00-03:00,38.0,0.0
2024-08-17 03:00:00-03:00,38.0,0.0
2024-08-17 04:00:00-03:00,38.0,0.0
2024-08-17 05:00:00-03:00,38.0,0.0
2024-08-17 06:00:00-03:00,38.0,0.0
2024-08-17 07:00:00-03:00,,0.0
2024-08-17 08:00:00-03:00,38.0,0.0
2024-08-17 09:00:00-03:00,38.0,0.0
2024-08-17 10:00:00-03:00,37.75,0.0
2024-08-17 11:00:00-03:00,37.333333333333336,0.0
2024-08-17 12:00:00-03:00,38.25,0.0
2024-08-17 13:00:00-03:00,39.0,0.0
2024-08-17 14:00:00-03:00,40.0,0.0
2024-08-17 15:00:00-03:00,39.0,0.0
2024-08-17 16:00:00-03:00,38.75,0.0
2024-08-17 17:00:00-03:00,38.5,0.0
2024-08-17 18:00:00-03:00,38.25,0.0
2024-08-17 19:00:00-03:00,38.0,0.0
2024-08-17 20:00:00-03:00,38.0,0.0
2024-08-17 21:00:00-03:00,38.0,0.0
2024-08-17 22:00:00-03:00,38.0,0.0
2024-08-17 23:00:00-03:00,37.75,0.0
2024-08-18 00:00:00-03:00,37.5,0.0
2024-08-18 01:00:00-03:00,37.5,0.0
2024-08-18 02:00:00-03:00,37.5,0.0
2024-08-18 03:00:00-03:00,37.0,0.0
2024-08-18 04:00:00-03:00,37.0,0.0
2024-08-18 05:00:00-03:00,37.0,0.0
2024-08-18 06:00:00-03:00,37.0,0.0
2024-08-18 07:00:00-03:00,,0.0
2024-08-18 08:00:00-03:00,37.0,0.0
2024-08-18 09:00:00-03:00,37.0,0.0
2024-08-18 10:00:00-03:00,36.75,0.0
2024-08-18 11:00:00-03:00,38.0,0.0
2024-08-18 12:00:00-03:00,36.75,0.0
2024-08-18 13:00:00-03:00,37.66666666666666,0.0
2024-08-18 14:00:00-03:00,37.533333333333324,0.0
2024-08-18 15:00:00-03:00,37.39999999999999,0.0
2024-08-18 16:00:00-03:00,37.266666666666666,0.0
2024-08-18 17:00:00-03:00,,0.0
2024-08-18 18:00:00-03:00,37.0,0.0
2024-08-18 19:00:00-03:00,37.0,0.0
2024-08-18 20:00:00-03:00,37.0,0.0
2024-08-18 21:00:00-03:00,37.0,0.0
2024-08-18 22:00:00-03:00,36.25,0.0
2024-08-18 23:00:00-03:00,36.0,0.0
2024-08-19 00:00:00-03:00,36.0,0.0
2024-08-19 01:00:00-03:00,36.0,0.0
2024-08-19 02:00:00-03:00,35.75,0.0
2024-08-19 03:00:00-03:00,35.5,0.0
2024-08-19 04:00:00-03:00,35.4,0.0
2024-08-19 05:00:00-03:00,35.3,0.0
2024-08-19 06:00:00-03:00,35.2,0.0
2024-08-19 07:00:00-03:00,,0.0
2024-08-19 08:00:00-03:00,35.0,0.0
2024-08-19 09:00:00-03:00,35.0,0.0
2024-08-19 10:00:00-03:00,35.0,0.0
2024-08-19 11:00:00-03:00,35.0,0.0
2024-08-19 12:00:00-03:00,35.75,0.0
2024-08-19 13:00:00-03:00,35.5,0.0
2024-08-19 14:00:00-03:00,36.333333333333336,0.0
2024-08-19 15:00:00-03:00,37.0,0.0
2024-08-19 16:00:00-03:00,36.5,0.0
2024-08-19 17:00:00-03:00,36.0,0.0
2024-08-19 18:00:00-03:00,35.5,0.0
2024-08-19 19:00:00-03:00,35.75,0.0
2024-08-19 20:00:00-03:00,35.0,0.0
2024-08-19 21:00:00-03:00,35.0,0.0
2024-08-19 22:00:00-03:00,35.0,0.0
2024-08-19 23:00:00-03:00,35.0,0.0
2024-08-20 00:00:00-03:00,35.0,0.0
2024-08-20 01:00:00-03:00,35.0,0.0
2024-08-20 02:00:00-03:00,35.0,0.0
2024-08-20 03:00:00-03:00,35.0,0.0
2024-08-20 04:00:00-03:00,34.8,0.0
2024-08-20 05:00:00-03:00,34.6,0.0
2024-08-20 06:00:00-03:00,34.4,0.0
2024-08-20 07:00:00-03:00,,0.0
2024-08-20 08:00:00-03:00,34.0,0.0
2024-08-20 09:00:00-03:00,34.0,0.0
2024-08-20 10:00:00-03:00,34.0,0.0
2024-08-20 11:00:00-03:00,35.0,0.0
2024-08-20 12:00:00-03:00,34.75,0.0
2024-08-20 13:00:00-03:00,35.5,0.0
2024-08-20 14:00:00-03:00,35.5,0.0
2024-08-20 15:00:00-03:00,35.5,0.0
2024-08-20 16:00:00-03:00,35.166666666666664,0.0
2024-08-20 17:00:00-03:00,34.833333333333336,0.0
2024-08-20 18:00:00-03:00,34.5,0.0
2024-08-20 19:00:00-03:00,34.0,0.0
2024-08-20 20:00:00-03:00,34.0,0.0
2024-08-20 21:00:00-03:00,34.0,0.0
2024-08-20 22:00:00-03:00,34.0,0.0
2024-08-20 23:00:00-03:00,34.0,0.0
2024-08-21 00:00:00-03:00,34.0,0.0
2024-08-21 01:00:00-03:00,33.0,0.0
2024-08-21 02:00:00-03:00,33.0,0.0
2024-08-21 03:00:00-03:00,33.0,0.0
2024-08-21 04:00:00-03:00,33.0,0.0
2024-08-21 05:00:00-03:00,32.875,0.0
2024-08-21 06:00:00-03:00,32.75,0.0
2024-08-21 07:00:00-03:00,32.625,0.0
2024-08-21 08:00:00-03:00,32.5,0.0
2024-08-21 09:00:00-03:00,32.5,0.0
2024-08-21 10:00:00-03:00,32.75,0.0
2024-08-21 11:00:00-03:00,32.5,0.0
2024-08-21 12:00:00-03:00,33.0,0.0
2024-08-21 13:00:00-03:00,33.666666666666664,0.0
2024-08-21 14:00:00-03:00,33.5,0.0
2024-08-21 15:00:00-03:00,33.5,0.0
2024-08-21 16:00:00-03:00,33.333333333333336,0.0
2024-08-21 17:00:00-03:00,33.166666666666664,0.0
2024-08-21 18:00:00-03:00,33.0,0.0
2024-08-21 19:00:00-03:00,33.0,0.0
2024-08-21 20:00:00-03:00,33.0,0.0
2024-08-21 21:00:00-03:00,33.0,0.0
2024-08-21 22:00:00-03:00,33.0,0.0
2024-08-21 23:00:00-03:00,33.0,0.0
2024-08-22 00:00:00-03:00,33.0,0.0
2024-08-22 01:00:00-03:00,33.0,0.0
2024-08-22 02:00:00-03:00,33.0,0.0
2024-08-22 03:00:00-03:00,33.0,0.0
2024-08-22 04:00:00-03:00,32.8,0.0
2024-08-22 05:00:00-03:00,32.6,0.0
2024-08-22 06:00:00-03:00,32.4,0.0
2024-08-22 07:00:00-03:00,,0.0
2024-08-22 08:00:00-03:00,32.0,0.0
2024-08-22 09:00:00-03:00,32.0,0.0
2024-08-22 10:00:00-03:00,31.75,0.0
2024-08-22 11:00:00-03:00,32.333333333333336,0.0
2024-08-22 12:00:00-03:00,33.0,0.0
2024-08-22 13:00:00-03:00,33.0,0.0
2024-08-22 14:00:00-03:00,33.0,0.0
2024-08-22 15:00:00-03:00,33.0,0.0
2024-08-22 16:00:00-03:00,33.0,0.0
2024-08-22 17:00:00-03:00,33.0,0.0
2024-08-22 18:00:00-03:00,33.0,0.0
2024-08-22 19:00:00-03:00,33.0,0.0
2024-08-22 20:00:00-03:00,33.0,0.0
2024-08-22 21:00:00-03:00,33.0,0.0
2024-08-22 22:00:00-03:00,33.0,0.0
2024-08-22 23:00:00-03:00,33.0,0.0
2024-08-23 00:00:00-03:00,33.0,0.0
2024-08-23 01:00:00-03:00,32.75,0.0
2024-08-23 02:00:00-03:00,32.25,0.0
2024-08-23 03:00:00-03:00,32.5,0.0
2024-08-23 04:00:00-03:00,32.4,0.0
2024-08-23 05:00:00-03:00,32.3,0.0
2024-08-23 06:00:00-03:00,32.2,0.0
2024-08-23 07:00:00-03:00,,0.0
2024-08-23 08:00:00-03:00,32.0,0.0
2024-08-23 09:00:00-03:00,32.0,0.0
2024-08-23 10:00:00-03:00,31.75,0.0
2024-08-23 11:00:00-03:00,32.333333333333336,0.0
2024-08-23 12:00:00-03:00,32.5,0.0
2024-08-23 13:00:00-03:00,33.08333333333333,0.0
2024-08-23 14:00:00-03:00,33.666666666666664,0.0
2024-08-23 15:00:00-03:00,33.5,0.0
2024-08-23 16:00:00-03:00,33.333333333333336,0.0
2024-08-23 17:00:00-03:00,33.166666666666664,0.0
2024-08-23 18:00:00-03:00,33.0,0.0
2024-08-23 19:00:00-03:00,32.25,0.0
2024-08-23 20:00:00-03:00,32.0,0.0
2024-08-23 21:00:00-03:00,32.0,0.0
2024-08-23 22:00:00-03:00,32.0,0.0
2024-08-23 23:00:00-03:00,32.0,0.0
2024-08-24 00:00:00-03:00,32.0,0.0
2024-08-24 01:00:00-03:00,32.0,0.0
2024-08-24 02:00:00-03:00,32.0,0.0
2024-08-24 03:00:00-03:00,32.0,0.0
2024-08-24 04:00:00-03:00,32.0,0.0
2024-08-24 05:00:00-03:00,31.75,0.0
2024-08-24 06:00:00-03:00,31.5,0.0
2024-08-24 07:00:00-03:00,31.25,0.0
2024-08-24 08:00:00-03:00,31.0,0.0
2024-08-24 09:00:00-03:00,31.0,0.0
2024-08-24 10:00:00-03:00,31.5,0.0
2024-08-24 11:00:00-03:00,31.5,0.0
2024-08-24 12:00:00-03:00,32.0,0.0
2024-08-24 13:00:00-03:00,32.66666666666667,0.0
2024-08-24 14:00:00-03:00,33.333333333333336,0.0
2024-08-24 15:00:00-03:00,32.0,0.0
2024-08-24 16:00:00-03:00,32.0,0.0
2024-08-24 17:00:00-03:00,32.0,0.0
2024-08-24 18:00:00-03:00,32.0,0.0
2024-08-24 19:00:00-03:00,32.0,0.0
2024-08-24 20:00:00-03:00,32.0,0.0
2024-08-24 21:00:00-03:00,32.0,0.0
2024-08-24 22:00:00-03:00,31.25,0.0
2024-08-24 23:00:00-03:00,31.75,0.0
2024-08-25 00:00:00-03:00,31.0,0.0
2024-08-25 01:00:00-03:00,31.0,0.0
2024-08-25 02:00:00-03:00,31.0,0.0
2024-08-25 03:00:00-03:00,31.0,0.0
2024-08-25 04:00:00-03:00,31.0,0.0
2024-08-25 05:00:00-03:00,31.0,0.0
2024-08-25 06:00:00-03:00,31.0,0.0
2024-08-25 07:00:00-03:00,31.0,0.0
2024-08-25 08:00:00-03:00,31.0,0.0
2024-08-25 09:00:00-03:00,30.25,0.0
2024-08-25 10:00:00-03:00,30.25,0.0
2024-08-25 11:00:00-03:00,30.5,0.0
2024-08-25 12:00:00-03:00,30.75,0.0
2024-08-25 13:00:00-03:00,30.75,0.0
2024-08-25 14:00:00-03:00,31.0,0.2
2024-08-25 15:00:00-03:00,31.0,0.2
2024-08-25 16:00:00-03:00,30.5,0.0
2024-08-25 17:00:00-03:00,31.0,0.2
2024-08-25 18:00:00-03:00,31.0,0.8
2024-08-25 19:00:00-03:00,30.75,3.2
2024-08-25 20:00:00-03:00,32.5,3.0
2024-08-25 21:00:00-03:00,34.0,1.2
2024-08-25 22:00:00-03:00,33.5,5.4
2024-08-26 06:00:00-03:00,33.666666666666664,0.2
2024-08-26 07:00:00-03:00,33.833333333333336,0.2
2024-08-26 08:00:00-03:00,34.0,0.0
2024-08-26 09:00:00-03:00,34.25,0.0
2024-08-26 10:00:00-03:00,35.0,0.0
2024-08-26 11:00:00-03:00,35.666666666666664,0.0
2024-08-26 12:00:00-03:00,37.0,0.0
2024-08-26 13:00:00-03:00,37.0,0.0
2024-08-26 14:00:00-03:00,39.0,0.0
2024-08-26 15:00:00-03:00,39.0,0.2
2024-08-26 16:00:00-03:00,40.333333333333336,0.0
2024-08-26 17:00:00-03:00,41.666666666666664,0.0
2024-08-26 18:00:00-03:00,43.0,0.0
2024-08-26 19:00:00-03:00,43.5,0.0
2024-08-26 20:00:00-03:00,44.5,0.0
2024-08-26 21:00:00-03:00,45.75,0.0
2024-08-26 22:00:00-03:00,47.0,0.0
2024-08-26 23:00:00-03:00,48.25,0.0
2024-08-27 00:00:00-03:00,49.25,0.0
2024-08-27 01:00:00-03:00,50.75,0.0
2024-08-27 02:00:00-03:00,52.0,0.0
2024-08-27 03:00:00-03:00,53.5,0.0
2024-08-27 04:00:00-03:00,55.0,0.0
2024-08-27 05:00:00-03:00,56.0,0.0
2024-08-27 06:00:00-03:00,57.666666666666664,0.0
2024-08-27 07:00:00-03:00,59.333333333333336,0.2
2024-08-27 08:00:00-03:00,61.0,0.0
2024-08-27 09:00:00-03:00,61.75,0.0
2024-08-27 10:00:00-03:00,63.5,0.0
2024-08-27 11:00:00-03:00,65.75,0.0
2024-08-27 12:00:00-03:00,66.0,0.0
2024-08-27 13:00:00-03:00,66.0,0.0
2024-08-27 14:00:00-03:00,70.0,0.0
2024-08-27 15:00:00-03:00,69.0,0.0
2024-08-27 16:00:00-03:00,69.33333333333333,0.0
2024-08-27 17:00:00-03:00,69.66666666666667,0.0
2024-08-27 18:00:00-03:00,70.0,0.0
2024-08-27 19:00:00-03:00,70.0,0.0
2024-08-27 20:00:00-03:00,70.0,0.0
2024-08-27 21:00:00-03:00,69.25,0.0
2024-08-27 22:00:00-03:00,69.0,0.0
2024-08-27 23:00:00-03:00,68.25,0.0
2024-08-28 00:00:00-03:00,68.0,0.0
2024-08-28 01:00:00-03:00,67.25,0.0
2024-08-28 02:00:00-03:00,66.5,0.0
2024-08-28 03:00:00-03:00,66.0,0.0
2024-08-28 04:00:00-03:00,65.0,0.0
2024-08-28 05:00:00-03:00,64.5,0.0
2024-08-28 06:00:00-03:00,63.5,0.0
2024-08-28 07:00:00-03:00,62.5,0.2
2024-08-28 08:00:00-03:00,61.5,0.0
2024-08-28 09:00:00-03:00,61.0,0.0
2024-08-28 10:00:00-03:00,61.25,0.0
2024-08-28 11:00:00-03:00,60.0,0.0
2024-08-28 12:00:00-03:00,59.0,0.0
2024-08-28 13:00:00-03:00,60.0,0.0
2024-08-28 14:00:00-03:00,58.0,0.0
2024-08-28 15:00:00-03:00,58.5,0.0
2024-08-28 16:00:00-03:00,57.333333333333336,0.0
2024-08-28 17:00:00-03:00,56.166666666666664,0.0
2024-08-28 18:00:00-03:00,55.0,0.0
2024-08-28 19:00:00-03:00,54.25,0.0
2024-08-28 20:00:00-03:00,53.5,0.0
2024-08-28 21:00:00-03:00,52.75,0.0
2024-08-28 22:00:00-03:00,52.0,0.0
2024-08-28 23:00:00-03:00,51.5,0.0
2024-08-29 00:00:00-03:00,50.75,0.0
2024-08-29 01:00:00-03:00,50.0,0.0
2024-08-29 02:00:00-03:00,49.75,0.0
2024-08-29 03:00:00-03:00,48.75,0.0
2024-08-29 04:00:00-03:00,48.0,0.0
2024-08-29 05:00:00-03:00,48.0,0.0
2024-08-29 06:00:00-03:00,47.333333333333336,0.0
2024-08-29 07:00:00-03:00,46.666666666666664,0.0
2024-08-29 08:00:00-03:00,46.0,0.0
2024-08-29 09:00:00-03:00,46.0,0.0
2024-08-29 10:00:00-03:00,45.5,0.0
2024-08-29 11:00:00-03:00,45.5,0.0
2024-08-29 12:00:00-03:00,45.5,0.0
2024-08-29 13:00:00-03:00,46.0,0.0
2024-08-29 14:00:00-03:00,45.5,0.0
2024-08-29 15:00:00-03:00,45.0,0.0
2024-08-29 16:00:00-03:00,44.666666666666664,0.0
2024-08-29 17:00:00-03:00,44.333333333333336,0.0
2024-08-29 18:00:00-03:00,44.0,0.0
2024-08-29 19:00:00-03:00,44.0,0.0
2024-08-29 20:00:00-03:00,43.25,0.0
2024-08-29 21:00:00-03:00,43.0,0.0
2024-08-29 22:00:00-03:00,43.0,0.0
2024-08-29 23:00:00-03:00,42.75,0.0
2024-08-30 00:00:00-03:00,42.0,0.0
2024-08-30 01:00:00-03:00,42.0,0.0
2024-08-30 02:00:00-03:00,42.0,0.0
2024-08-30 03:00:00-03:00,41.25,0.0
2024-08-30 04:00:00-03:00,41.0,0.0
2024-08-30 05:00:00-03:00,41.0,0.0
2024-08-30 06:00:00-03:00,40.666666666666664,0.0
2024-08-30 07:00:00-03:00,40.333333333333336,0.0
2024-08-30 08:00:00-03:00,40.0,0.0
2024-08-30 09:00:00-03:00,40.0,0.0
2024-08-30 10:00:00-03:00,40.0,0.0
2024-08-30 11:00:00-03:00,40.0,0.0
2024-08-30 12:00:00-03:00,40.5,0.0
2024-08-30 13:00:00-03:00,41.66666666666666,0.0
2024-08-30 14:00:00-03:00,41.0,0.0
2024-08-30 15:00:00-03:00,40.0,0.0
2024-08-30 16:00:00-03:00,40.0,0.0
2024-08-30 17:00:00-03:00,40.0,0.0
2024-08-30 18:00:00-03:00,40.0,0.0
2024-08-30 19:00:00-03:00,40.0,0.0
2024-08-30 20:00:00-03:00,39.5,0.0
2024-08-30 21:00:00-03:00,39.0,0.0
2024-08-30 22:00:00-03:00,39.0,0.0
2024-08-30 23:00:00-03:00,39.0,0.0
2024-08-31 00:00:00-03:00,38.75,0.0
2024-08-31 01:00:00-03:00,39.0,0.0
2024-08-31 02:00:00-03:00,38.5,0.0
2024-08-31 03:00:00-03:00,38.0,0.0
2024-08-31 04:00:00-03:00,38.0,0.0
2024-08-31 05:00:00-03:00,38.0,0.0
2024-08-31 06:00:00-03:00,38.0,0.0
2024-08-31 07:00:00-03:00,38.0,0.0
2024-08-31 08:00:00-03:00,37.5,0.0
2024-08-31 09:00:00-03:00,37.5,0.0
2024-08-31 10:00:00-03:00,37.5,0.0
2024-08-31 11:00:00-03:00,38.0,0.0
2024-08-31 12:00:00-03:00,38.333333333333336,0.0
2024-08-31 13:00:00-03:00,38.0,0.0
2024-08-31 14:00:00-03:00,38.0,0.0
2024-08-31 15:00:00-03:00,40.0,0.0
2024-08-31 16:00:00-03:00,39.333333333333336,0.0
2024-08-31 17:00:00-03:00,38.666666666666664,0.0
2024-08-31 18:00:00-03:00,38.0,0.0
2024-08-31 19:00:00-03:00,37.0,0.0
2024-08-31 20:00:00-03:00,37.0,0.0
2024-08-31 21:00:00-03:00,37.0,0.0
2024-08-31 22:00:00-03:00,37.0,0.0
2024-08-31 23:00:00-03:00,36.75,0.0
2024-09-01 00:00:00-03:00,36.5,0.0
2024-09-01 01:00:00-03:00,36.75,0.0
2024-09-01 02:00:00-03:00,36.0,0.0
2024-09-01 03:00:00-03:00,36.0,0.0
2024-09-01 04:00:00-03:00,36.0,0.0
2024-09-01 05:00:00-03:00,36.0,0.0
2024-09-01 06:00:00-03:00,35.75,0.0
2024-09-01 07:00:00-03:00,35.5,0.0
2024-09-01 08:00:00-03:00,35.0,0.0
2024-09-01 09:00:00-03:00,35.0,0.0
2024-09-01 10:00:00-03:00,35.5,0.0
2024-09-01 11:00:00-03:00,35.75,0.0
2024-09-01 12:00:00-03:00,36.0,0.0
2024-09-01 13:00:00-03:00,37.0,0.0
2024-09-01 14:00:00-03:00,36.0,0.0
2024-09-01 15:00:00-03:00,36.0,0.0
2024-09-01 16:00:00-03:00,36.0,0.0
2024-09-01 17:00:00-03:00,35.5,0.0
2024-09-01 18:00:00-03:00,35.0,0.0
2024-09-01 19:00:00-03:00,35.0,0.0
2024-09-01 20:00:00-03:00,35.0,0.0
2024-09-01 21:00:00-03:00,35.0,0.0
2024-09-01 22:00:00-03:00,35.0,0.0
2024-09-01 23:00:00-03:00,34.75,0.0
2024-09-02 00:00:00-03:00,34.25,0.0
2024-09-02 01:00:00-03:00,34.0,0.0
2024-09-02 02:00:00-03:00,34.0,0.0
2024-09-02 03:00:00-03:00,34.0,0.0
2024-09-02 04:00:00-03:00,34.0,0.0
2024-09-02 05:00:00-03:00,34.0,0.0
2024-09-02 06:00:00-03:00,34.0,0.0
2024-09-02 07:00:00-03:00,34.0,0.0
2024-09-02 08:00:00-03:00,33.25,0.0
2024-09-02 09:00:00-03:00,33.0,0.0
2024-09-02 10:00:00-03:00,33.25,0.0
2024-09-02 11:00:00-03:00,34.0,0.0
2024-09-02 12:00:00-03:00,33.75,0.0
2024-09-02 13:00:00-03:00,35.5,0.0
2024-09-02 14:00:00-03:00,34.0,0.0
2024-09-02 15:00:00-03:00,34.0,0.0
2024-09-02 16:00:00-03:00,34.0,0.0
2024-09-02 17:00:00-03:00,34.0,0.0
2024-09-02 18:00:00-03:00,34.0,0.0
2024-09-02 19:00:00-03:00,33.25,0.0
2024-09-02 20:00:00-03:00,33.0,0.0
2024-09-02 21:00:00-03:00,33.0,0.0
2024-09-02 22:00:00-03:00,33.0,0.0
2024-09-02 23:00:00-03:00,33.0,0.0
2024-09-03 00:00:00-03:00,33.0,0.0
2024-09-03 01:00:00-03:00,33.0,0.0
2024-09-03 02:00:00-03:00,32.75,0.0
2024-09-03 03:00:00-03:00,32.5,0.0
2024-09-03 04:00:00-03:00,32.25,0.0
2024-09-03 05:00:00-03:00,32.0,0.0
2024-09-03 06:00:00-03:00,32.0,0.0
2024-09-03 07:00:00-03:00,32.0,0.0
2024-09-03 08:00:00-03:00,32.0,0.0
2024-09-03 09:00:00-03:00,32.0,0.0
2024-09-03 10:00:00-03:00,32.666666666666664,0.0
2024-09-03 11:00:00-03:00,32.0,0.0
2024-09-03 12:00:00-03:00,32.25,0.0
2024-09-03 13:00:00-03:00,33.0,0.0
2024-09-03 14:00:00-03:00,33.0,0.0
2024-09-03 15:00:00-03:00,33.0,0.0
2024-09-03 16:00:00-03:00,33.0,0.0
2024-09-03 17:00:00-03:00,33.0,0.0
2024-09-03 18:00:00-03:00,33.0,0.0
2024-09-03 19:00:00-03:00,32.25,0.0
2024-09-03 20:00:00-03:00,32.25,0.0
2024-09-03 21:00:00-03:00,32.0,0.0
2024-09-03 22:00:00-03:00,32.0,0.0
2024-09-03 23:00:00-03:00,32.0,0.0
2024-09-04 00:00:00-03:00,32.0,0.0
2024-09-04 01:00:00-03:00,31.75,0.0
2024-09-04 02:00:00-03:00,31.25,0.0
2024-09-04 03:00:00-03:00,31.0,0.0
2024-09-04 04:00:00-03:00,31.0,0.0
2024-09-04 05:00:00-03:00,31.0,0.0
2024-09-04 06:00:00-03:00,31.25,0.0
2024-09-04 07:00:00-03:00,31.5,0.0
2024-09-04 08:00:00-03:00,31.0,0.0
2024-09-04 09:00:00-03:00,31.0,0.0
2024-09-04 10:00:00-03:00,31.5,0.0
2024-09-04 11:00:00-03:00,32.25,0.0
2024-09-04 12:00:00-03:00,32.25,0.0
2024-09-04 13:00:00-03:00,33.0,0.0
2024-09-04 14:00:00-03:00,33.25,0.0
2024-09-04 15:00:00-03:00,33.0,0.0
2024-09-04 16:00:00-03:00,33.0,0.0
2024-09-04 17:00:00-03:00,33.0,0.0
2024-09-04 18:00:00-03:00,33.0,0.0
2024-09-04 19:00:00-03:00,32.75,0.0
2024-09-04 20:00:00-03:00,33.0,0.0
2024-09-04 21:00:00-03:00,32.5,0.0
2024-09-04 22:00:00-03:00,32.5,0.0
2024-09-04 23:00:00-03:00,32.0,0.0
2024-09-05 00:00:00-03:00,32.25,0.0
2024-09-05 01:00:00-03:00,32.0,0.0
2024-09-05 02:00:00-03:00,32.0,0.0
2024-09-05 03:00:00-03:00,32.0,0.0
2024-09-05 04:00:00-03:00,32.0,0.0
2024-09-05 05:00:00-03:00,32.0,0.0
2024-09-05 06:00:00-03:00,32.0,0.0
2024-09-05 07:00:00-03:00,32.0,0.0
2024-09-05 08:00:00-03:00,31.5,0.0
2024-09-05 09:00:00-03:00,31.25,0.0
2024-09-05 10:00:00-03:00,31.0,0.0
2024-09-05 11:00:00-03:00,31.5,0.0
2024-09-05 12:00:00-03:00,32.0,0.0
2024-09-05 13:00:00-03:00,32.5,0.0
2024-09-05 14:00:00-03:00,32.0,0.0
2024-09-05 15:00:00-03:00,32.0,0.0
2024-09-05 16:00:00-03:00,32.0,0.0
2024-09-05 17:00:00-03:00,31.5,0.0
2024-09-05 18:00:00-03:00,31.0,0.0
2024-09-05 19:00:00-03:00,31.25,0.0
2024-09-05 20:00:00-03:00,31.0,0.0
2024-09-05 21:00:00-03:00,31.0,0.0
2024-09-05 22:00:00-03:00,31.0,0.0
2024-09-05 23:00:00-03:00,31.0,0.0
2024-09-06 00:00:00-03:00,31.0,0.0
2024-09-06 01:00:00-03:00,30.75,0.0
2024-09-06 02:00:00-03:00,30.0,0.0
2024-09-06 03:00:00-03:00,30.0,0.0
2024-09-06 04:00:00-03:00,30.0,0.0
2024-09-06 05:00:00-03:00,30.0,0.0
2024-09-06 06:00:00-03:00,30.0,0.0
2024-09-06 07:00:00-03:00,30.0,0.0
2024-09-06 08:00:00-03:00,29.25,0.0
2024-09-06 09:00:00-03:00,30.25,0.0
2024-09-06 10:00:00-03:00,29.0,0.0
2024-09-06 11:00:00-03:00,29.75,0.0
2024-09-06 12:00:00-03:00,30.0,0.0
2024-09-06 13:00:00-03:00,30.0,0.0
2024-09-06 14:00:00-03:00,30.0,0.0
2024-09-06 15:00:00-03:00,30.0,0.0
2024-09-06 16:00:00-03:00,30.0,0.0
2024-09-06 17:00:00-03:00,30.0,0.0
2024-09-06 18:00:00-03:00,30.0,0.0
2024-09-06 19:00:00-03:00,30.0,0.0
2024-09-06 20:00:00-03:00,30.0,0.0
2024-09-06 21:00:00-03:00,30.0,0.0
2024-09-06 22:00:00-03:00,29.75,0.0
2024-09-06 23:00:00-03:00,29.75,0.0
2024-09-07 00:00:00-03:00,29.0,0.0
2024-09-07 01:00:00-03:00,29.0,0.0
2024-09-07 02:00:00-03:00,29.0,0.0
2024-09-07 03:00:00-03:00,29.0,0.0
2024-09-07 04:00:00-03:00,29.0,0.0
2024-09-07 05:00:00-03:00,29.0,0.0
2024-09-07 06:00:00-03:00,29.0,0.0
2024-09-07 07:00:00-03:00,29.0,0.0
2024-09-07 08:00:00-03:00,28.75,0.0
2024-09-07 09:00:00-03:00,29.0,0.0
2024-09-07 10:00:00-03:00,28.25,0.0
2024-09-07 11:00:00-03:00,28.75,0.0
2024-09-07 12:00:00-03:00,29.0,0.0
2024-09-07 13:00:00-03:00,29.0,0.0
2024-09-07 14:00:00-03:00,29.666666666666668,0.0
2024-09-07 15:00:00-03:00,29.0,0.0
2024-09-07 16:00:00-03:00,29.0,0.2
2024-09-07 17:00:00-03:00,29.0,0.0
2024-09-07 18:00:00-03:00,29.0,0.0
2024-09-07 19:00:00-03:00,29.0,0.0
2024-09-07 20:00:00-03:00,29.0,0.0
2024-09-07 21:00:00-03:00,29.0,0.0
2024-09-07 22:00:00-03:00,29.0,0.0
2024-09-07 23:00:00-03:00,29.0,0.0
2024-09-08 00:00:00-03:00,29.0,0.0
2024-09-08 01:00:00-03:00,29.0,0.0
2024-09-08 02:00:00-03:00,29.0,0.0
2024-09-08 03:00:00-03:00,28.75,0.0
2024-09-08 04:00:00-03:00,28.5,0.0
2024-09-08 05:00:00-03:00,28.0,0.0
2024-09-08 06:00:00-03:00,28.0,0.2
2024-09-08 07:00:00-03:00,28.0,0.0
2024-09-08 08:00:00-03:00,28.0,0.0
2024-09-08 09:00:00-03:00,28.0,0.0
2024-09-08 10:00:00-03:00,28.5,0.0
2024-09-08 11:00:00-03:00,28.5,0.0
2024-09-08 12:00:00-03:00,29.0,0.0
2024-09-08 13:00:00-03:00,29.666666666666668,0.0
2024-09-08 14:00:00-03:00,29.0,0.0
2024-09-08 15:00:00-03:00,29.0,0.0
2024-09-08 16:00:00-03:00,29.0,0.0
2024-09-08 17:00:00-03:00,29.0,0.0
2024-09-08 18:00:00-03:00,29.0,0.0
2024-09-08 19:00:00-03:00,29.0,0.0
2024-09-08 20:00:00-03:00,29.0,0.0
2024-09-08 21:00:00-03:00,28.5,0.0
2024-09-08 22:00:00-03:00,28.75,0.0
2024-09-08 23:00:00-03:00,28.0,0.0
2024-09-09 00:00:00-03:00,28.0,0.0
2024-09-09 01:00:00-03:00,28.0,0.0
2024-09-09 02:00:00-03:00,28.0,0.0
2024-09-09 03:00:00-03:00,28.0,0.0
2024-09-09 04:00:00-03:00,28.0,0.0
2024-09-09 05:00:00-03:00,28.0,0.0
2024-09-09 06:00:00-03:00,28.0,0.0
2024-09-09 07:00:00-03:00,28.0,0.0
2024-09-09 08:00:00-03:00,28.0,0.0
2024-09-09 09:00:00-03:00,27.0,0.0
2024-09-09 10:00:00-03:00,28.75,0.0
2024-09-09 11:00:00-03:00,28.0,0.0
2024-09-09 12:00:00-03:00,28.25,0.0
2024-09-09 13:00:00-03:00,28.33333333333333,0.0
2024-09-09 14:00:00-03:00,29.5,0.0
2024-09-09 15:00:00-03:00,28.5,0.0
2024-09-09 16:00:00-03:00,29.0,0.0
2024-09-09 17:00:00-03:00,28.5,0.0
2024-09-09 18:00:00-03:00,28.0,0.0
2024-09-09 19:00:00-03:00,28.0,0.0
2024-09-09 20:00:00-03:00,28.0,0.0
2024-09-09 21:00:00-03:00,28.0,0.0
2024-09-09 22:00:00-03:00,28.0,0.0
2024-09-09 23:00:00-03:00,28.0,0.0
2024-09-10 00:00:00-03:00,27.75,0.0
2024-09-10 01:00:00-03:00,27.25,0.0
2024-09-10 02:00:00-03:00,27.0,0.0
2024-09-10 03:00:00-03:00,27.0,0.0
2024-09-10 04:00:00-03:00,27.0,0.0
2024-09-10 05:00:00-03:00,27.0,0.0
2024-09-10 06:00:00-03:00,27.0,0.0
2024-09-10 07:00:00-03:00,27.0,0.0
2024-09-10 08:00:00-03:00,26.5,0.0
2024-09-10 09:00:00-03:00,27.0,0.0
2024-09-10 10:00:00-03:00,27.0,0.0
2024-09-10 11:00:00-03:00,27.0,0.0
2024-09-10 12:00:00-03:00,27.0,0.0
2024-09-10 13:00:00-03:00,27.666666666666668,0.0
2024-09-10 14:00:00-03:00,28.25,0.0
2024-09-10 15:00:00-03:00,28.0,0.0
2024-09-10 16:00:00-03:00,28.0,0.0
2024-09-10 17:00:00-03:00,27.75,0.0
2024-09-10 18:00:00-03:00,27.5,0.0
2024-09-10 19:00:00-03:00,27.75,0.0
2024-09-10 20:00:00-03:00,27.25,0.0
2024-09-10 21:00:00-03:00,27.0,0.0
2024-09-10 22:00:00-03:00,27.0,0.0
2024-09-10 23:00:00-03:00,27.0,0.0
2024-09-11 00:00:00-03:00,27.0,0.0
2024-09-11 01:00:00-03:00,27.0,0.0
2024-09-11 02:00:00-03:00,27.0,0.0
2024-09-11 03:00:00-03:00,26.75,0.0
2024-09-11 04:00:00-03:00,26.25,0.0
2024-09-11 05:00:00-03:00,26.0,0.0
2024-09-11 06:00:00-03:00,26.0,0.0
2024-09-11 07:00:00-03:00,26.0,0.0
2024-09-11 08:00:00-03:00,26.0,0.0
2024-09-11 09:00:00-03:00,25.75,0.0
2024-09-11 10:00:00-03:00,26.0,0.0
2024-09-11 11:00:00-03:00,26.0,0.0
2024-09-11 12:00:00-03:00,27.0,0.0
2024-09-11 13:00:00-03:00,27.0,0.0
2024-09-11 14:00:00-03:00,27.5,0.0
2024-09-11 15:00:00-03:00,27.5,0.0
2024-09-11 16:00:00-03:00,27.0,0.0
2024-09-11 17:00:00-03:00,27.0,0.0
2024-09-11 18:00:00-03:00,27.0,0.0
2024-09-11 19:00:00-03:00,26.25,0.0
2024-09-11 20:00:00-03:00,26.25,0.0
2024-09-11 21:00:00-03:00,26.0,0.0
2024-09-11 22:00:00-03:00,26.0,0.0
2024-09-11 23:00:00-03:00,26.0,0.0
2024-09-12 00:00:00-03:00,26.0,0.0
2024-09-12 01:00:00-03:00,25.75,0.0
2024-09-12 02:00:00-03:00,25.75,0.0
2024-09-12 03:00:00-03:00,25.5,0.0
2024-09-12 04:00:00-03:00,25.25,0.0
2024-09-12 05:00:00-03:00,25.0,0.0
2024-09-12 06:00:00-03:00,25.0,0.0
2024-09-12 07:00:00-03:00,25.0,0.0
2024-09-12 08:00:00-03:00,25.0,0.0
2024-09-12 09:00:00-03:00,25.0,0.0
2024-09-12 10:00:00-03:00,24.75,0.0
2024-09-12 11:00:00-03:00,24.75,0.0
2024-09-12 12:00:00-03:00,25.0,0.0
2024-09-12 13:00:00-03:00,25.0,0.0
2024-09-12 14:00:00-03:00,25.5,0.0
2024-09-12 15:00:00-03:00,25.33333333333333,0.0
2024-09-12 16:00:00-03:00,26.0,0.0
2024-09-12 17:00:00-03:00,25.5,0.0
2024-09-12 18:00:00-03:00,25.0,0.0
2024-09-12 19:00:00-03:00,25.0,0.0
2024-09-12 20:00:00-03:00,25.0,0.0
2024-09-12 21:00:00-03:00,25.0,0.0
2024-09-12 22:00:00-03:00,25.0,0.0
2024-09-12 23:00:00-03:00,25.0,0.0
2024-09-13 00:00:00-03:00,24.75,0.0
2024-09-13 01:00:00-03:00,25.0,0.0
2024-09-13 02:00:00-03:00,24.75,0.0
2024-09-13 03:00:00-03:00,24.0,0.0
2024-09-13 04:00:00-03:00,24.25,0.0
2024-09-13 05:00:00-03:00,24.0,0.0
2024-09-13 06:00:00-03:00,24.0,0.0
2024-09-13 07:00:00-03:00,24.0,0.0
2024-09-13 08:00:00-03:00,24.0,0.0
2024-09-13 09:00:00-03:00,24.0,0.0
2024-09-13 10:00:00-03:00,25.5,0.0
2024-09-13 11:00:00-03:00,25.5,0.0
2024-09-13 12:00:00-03:00,25.0,0.0
2024-09-13 13:00:00-03:00,25.0,0.0
2024-09-13 14:00:00-03:00,25.0,0.0
2024-09-13 15:00:00-03:00,25.0,0.0
2024-09-13 16:00:00-03:00,25.0,0.0
2024-09-13 17:00:00-03:00,25.0,0.0
2024-09-13 18:00:00-03:00,25.0,0.0
2024-09-13 19:00:00-03:00,25.0,0.0
2024-09-13 20:00:00-03:00,24.0,0.0
2024-09-13 21:00:00-03:00,24.0,0.0
2024-09-13 22:00:00-03:00,24.0,0.0
2024-09-13 23:00:00-03:00,24.0,0.0
2024-09-14 00:00:00-03:00,24.0,0.0
2024-09-14 01:00:00-03:00,24.0,0.0
2024-09-14 02:00:00-03:00,24.0,0.0
2024-09-14 03:00:00-03:00,23.75,0.0
2024-09-14 04:00:00-03:00,23.75,0.0
2024-09-14 05:00:00-03:00,23.75,0.0
2024-09-14 06:00:00-03:00,23.5,0.0
2024-09-14 07:00:00-03:00,23.25,0.0
2024-09-14 08:00:00-03:00,23.0,0.0
2024-09-14 09:00:00-03:00,23.75,0.0
2024-09-14 10:00:00-03:00,23.0,0.0
2024-09-14 11:00:00-03:00,24.0,0.0
2024-09-14 12:00:00-03:00,24.0,0.0
2024-09-14 13:00:00-03:00,24.0,0.0
2024-09-14 14:00:00-03:00,24.0,0.0
2024-09-14 15:00:00-03:00,24.0,0.0
2024-09-14 16:00:00-03:00,24.0,0.0
2024-09-14 17:00:00-03:00,24.0,0.0
2024-09-14 18:00:00-03:00,24.0,0.0
2024-09-14 19:00:00-03:00,24.0,0.0
2024-09-14 20:00:00-03:00,24.0,0.0
2024-09-14 21:00:00-03:00,23.75,0.0
2024-09-14 22:00:00-03:00,23.75,0.0
2024-09-14 23:00:00-03:00,23.25,0.0
2024-09-15 00:00:00-03:00,23.0,0.0
2024-09-15 01:00:00-03:00,23.25,0.0
2024-09-15 02:00:00-03:00,23.0,0.0
2024-09-15 03:00:00-03:00,23.0,0.0
2024-09-15 04:00:00-03:00,23.0,0.0
2024-09-15 05:00:00-03:00,23.0,0.0
2024-09-15 06:00:00-03:00,23.0,0.0
2024-09-15 07:00:00-03:00,23.0,0.0
2024-09-15 08:00:00-03:00,23.0,0.0
2024-09-15 09:00:00-03:00,23.0,0.0
2024-09-15 10:00:00-03:00,23.0,0.0
2024-09-15 11:00:00-03:00,23.0,0.0
2024-09-15 12:00:00-03:00,23.0,0.0
2024-09-15 13:00:00-03:00,23.75,0.0
2024-09-15 14:00:00-03:00,23.25,0.0
2024-09-15 15:00:00-03:00,23.75,0.0
2024-09-15 16:00:00-03:00,24.0,0.0
2024-09-15 17:00:00-03:00,23.25,0.0
2024-09-15 18:00:00-03:00,23.0,0.0
2024-09-15 19:00:00-03:00,23.0,0.0
2024-09-15 20:00:00-03:00,23.0,0.0
2024-09-15 21:00:00-03:00,23.0,0.0
2024-09-15 22:00:00-03:00,23.0,0.0
2024-09-15 23:00:00-03:00,23.0,0.0
2024-09-16 00:00:00-03:00,23.0,0.0
2024-09-16 01:00:00-03:00,23.0,0.0
2024-09-16 02:00:00-03:00,23.0,0.0
2024-09-16 03:00:00-03:00,23.0,0.0
2024-09-16 04:00:00-03:00,23.0,0.0
2024-09-16 05:00:00-03:00,22.5,0.0
2024-09-16 06:00:00-03:00,22.75,0.0
2024-09-16 07:00:00-03:00,22.25,0.0
2024-09-16 08:00:00-03:00,22.75,0.0
2024-09-16 09:00:00-03:00,23.0,0.0
2024-09-16 10:00:00-03:00,23.0,0.0
2024-09-16 11:00:00-03:00,23.0,0.0
2024-09-16 12:00:00-03:00,23.0,0.0
2024-09-16 13:00:00-03:00,23.0,0.0
2024-09-16 14:00:00-03:00,23.0,0.0
2024-09-16 15:00:00-03:00,23.0,0.0
2024-09-16 16:00:00-03:00,23.0,0.0
2024-09-16 17:00:00-03:00,23.0,0.0
2024-09-16 18:00:00-03:00,23.0,0.0
2024-09-16 19:00:00-03:00,23.0,0.0
2024-09-16 20:00:00-03:00,23.0,0.0
2024-09-16 21:00:00-03:00,23.0,0.0
2024-09-16 22:00:00-03:00,23.0,0.0
2024-09-16 23:00:00-03:00,23.0,0.0
2024-09-17 00:00:00-03:00,23.0,0.0
2024-09-17 01:00:00-03:00,23.0,0.0
2024-09-17 02:00:00-03:00,23.0,0.0
2024-09-17 03:00:00-03:00,22.5,0.0
2024-09-17 04:00:00-03:00,22.75,0.0
2024-09-17 05:00:00-03:00,22.5,0.0
2024-09-17 06:00:00-03:00,22.75,0.0
2024-09-17 07:00:00-03:00,22.75,0.0
2024-09-17 08:00:00-03:00,22.25,0.0
2024-09-17 09:00:00-03:00,23.0,0.0
2024-09-17 10:00:00-03:00,23.0,0.0
2024-09-17 11:00:00-03:00,23.0,0.0
2024-09-17 12:00:00-03:00,23.0,0.0
2024-09-17 13:00:00-03:00,23.25,0.0
2024-09-17 14:00:00-03:00,23.75,0.0
2024-09-17 15:00:00-03:00,23.5,0.0
2024-09-17 16:00:00-03:00,23.5,0.0
2024-09-17 17:00:00-03:00,24.0,0.0
2024-09-17 18:00:00-03:00,23.25,0.0
2024-09-17 19:00:00-03:00,23.0,0.0
2024-09-17 20:00:00-03:00,23.0,0.0
2024-09-17 21:00:00-03:00,23.0,0.0
2024-09-17 22:00:00-03:00,23.0,0.0
2024-09-17 23:00:00-03:00,23.0,0.0
2024-09-18 00:00:00-03:00,23.0,0.0
2024-09-18 01:00:00-03:00,23.0,0.0
2024-09-18 02:00:00-03:00,23.0,0.0
2024-09-18 03:00:00-03:00,23.0,0.0
2024-09-18 04:00:00-03:00,22.75,0.0
2024-09-18 05:00:00-03:00,22.75,0.0
2024-09-18 06:00:00-03:00,22.5,0.0
2024-09-18 07:00:00-03:00,22.5,0.0
2024-09-18 08:00:00-03:00,22.0,0.0
2024-09-18 09:00:00-03:00,22.0,0.0
2024-09-18 10:00:00-03:00,22.75,0.0
2024-09-18 11:00:00-03:00,23.0,0.0
2024-09-18 12:00:00-03:00,22.75,0.0
2024-09-18 13:00:00-03:00,23.0,0.0
2024-09-18 14:00:00-03:00,23.0,0.0
2024-09-18 15:00:00-03:00,23.0,0.0
2024-09-18 16:00:00-03:00,23.0,0.0
2024-09-18 17:00:00-03:00,23.0,0.0
2024-09-18 18:00:00-03:00,23.0,0.0
2024-09-18 19:00:00-03:00,23.0,0.0
2024-09-18 20:00:00-03:00,23.0,0.0
2024-09-18 21:00:00-03:00,22.5,0.0
2024-09-18 22:00:00-03:00,23.0,0.0
2024-09-18 23:00:00-03:00,23.0,0.0
2024-09-19 00:00:00-03:00,22.25,0.0
2024-09-19 01:00:00-03:00,22.25,0.0
2024-09-19 02:00:00-03:00,22.0,0.0
2024-09-19 03:00:00-03:00,22.25,0.0
2024-09-19 04:00:00-03:00,22.25,0.0
2024-09-19 05:00:00-03:00,22.0,0.0
2024-09-19 06:00:00-03:00,22.0,0.0
2024-09-19 07:00:00-03:00,22.0,0.2
2024-09-19 08:00:00-03:00,22.0,0.0
2024-09-19 09:00:00-03:00,22.0,0.0
2024-09-19 10:00:00-03:00,22.0,0.0
2024-09-19 11:00:00-03:00,22.25,0.0
2024-09-19 12:00:00-03:00,22.5,0.0
2024-09-19 13:00:00-03:00,23.0,0.0
2024-09-19 14:00:00-03:00,22.5,0.0
2024-09-19 15:00:00-03:00,22.75,0.0
2024-09-19 16:00:00-03:00,22.5,0.0
2024-09-19 17:00:00-03:00,22.75,0.0
2024-09-19 18:00:00-03:00,22.0,0.0
2024-09-19 19:00:00-03:00,22.75,0.0
2024-09-19 20:00:00-03:00,22.25,0.0
2024-09-19 21:00:00-03:00,22.0,0.0
2024-09-19 22:00:00-03:00,22.0,0.0
2024-09-19 23:00:00-03:00,22.0,0.0
2024-09-20 00:00:00-03:00,22.0,0.0
2024-09-20 01:00:00-03:00,22.0,0.0
2024-09-20 02:00:00-03:00,22.0,0.0
2024-09-20 03:00:00-03:00,22.0,0.0
2024-09-20 04:00:00-03:00,21.75,0.0
2024-09-20 05:00:00-03:00,21.0,0.0
2024-09-20 06:00:00-03:00,21.0,0.0
2024-09-20 07:00:00-03:00,21.0,0.0
2024-09-20 08:00:00-03:00,21.0,0.0
2024-09-20 09:00:00-03:00,21.0,0.0
2024-09-20 10:00:00-03:00,21.0,0.0
2024-09-20 11:00:00-03:00,21.25,0.0
2024-09-20 12:00:00-03:00,21.25,0.0
2024-09-20 13:00:00-03:00,21.25,0.0
2024-09-20 14:00:00-03:00,22.0,0.0
2024-09-20 15:00:00-03:00,21.5,0.0
2024-09-20 16:00:00-03:00,21.5,0.0
2024-09-20 17:00:00-03:00,21.5,0.0
2024-09-20 18:00:00-03:00,21.75,0.0
2024-09-20 19:00:00-03:00,21.5,0.0
2024-09-20 20:00:00-03:00,21.75,0.0
2024-09-20 21:00:00-03:00,22.0,0.0
2024-09-20 22:00:00-03:00,22.0,0.0
2024-09-20 23:00:00-03:00,22.5,4.8
2024-09-21 00:00:00-03:00,22.5,0.0
2024-09-21 01:00:00-03:00,23.0,0.8
2024-09-21 02:00:00-03:00,23.0,2.6
2024-09-21 03:00:00-03:00,23.0,0.0
2024-09-21 04:00:00-03:00,23.0,0.2
2024-09-21 05:00:00-03:00,23.0,0.0
2024-09-21 06:00:00-03:00,23.0,0.0
2024-09-21 07:00:00-03:00,23.0,0.0
2024-09-21 08:00:00-03:00,23.0,0.0
2024-09-21 09:00:00-03:00,23.0,0.0
2024-09-21 10:00:00-03:00,23.0,0.0
2024-09-21 11:00:00-03:00,23.0,0.0
2024-09-21 12:00:00-03:00,23.25,0.0
2024-09-21 13:00:00-03:00,23.0,0.0
2024-09-21 14:00:00-03:00,23.0,0.0
2024-09-21 15:00:00-03:00,23.0,0.0
2024-09-21 16:00:00-03:00,23.0,0.0
2024-09-21 17:00:00-03:00,22.75,0.0
2024-09-21 18:00:00-03:00,22.25,0.0
2024-09-21 19:00:00-03:00,22.25,0.0
2024-09-21 20:00:00-03:00,22.0,0.0
2024-09-21 21:00:00-03:00,22.0,0.0
2024-09-21 22:00:00-03:00,22.0,0.0
2024-09-21 23:00:00-03:00,22.0,0.0
2024-09-22 00:00:00-03:00,22.0,0.0
2024-09-22 01:00:00-03:00,22.0,5.2
2024-09-22 02:00:00-03:00,22.0,0.4
2024-09-22 03:00:00-03:00,22.0,0.0
2024-09-22 04:00:00-03:00,22.0,0.0
2024-09-22 05:00:00-03:00,22.75,0.2
2024-09-22 06:00:00-03:00,22.0,0.0
2024-09-22 07:00:00-03:00,22.75,0.0
2024-09-22 08:00:00-03:00,22.75,0.0
2024-09-22 09:00:00-03:00,22.75,0.0
2024-09-22 10:00:00-03:00,23.0,0.0
2024-09-22 11:00:00-03:00,23.0,0.0
2024-09-22 12:00:00-03:00,23.0,0.0
2024-09-22 13:00:00-03:00,23.25,0.0
2024-09-22 14:00:00-03:00,23.75,0.0
2024-09-22 15:00:00-03:00,24.0,0.0
2024-09-22 16:00:00-03:00,24.25,0.0
2024-09-22 17:00:00-03:00,25.0,0.0
2024-09-22 18:00:00-03:00,25.0,0.0
2024-09-22 19:00:00-03:00,25.0,0.0
2024-09-22 20:00:00-03:00,25.0,0.0
2024-09-22 21:00:00-03:00,25.0,0.0
2024-09-22 22:00:00-03:00,26.0,0.0
2024-09-22 23:00:00-03:00,26.0,0.0
2024-09-23 00:00:00-03:00,26.5,0.0
2024-09-23 01:00:00-03:00,27.0,0.0
2024-09-23 02:00:00-03:00,27.0,0.0
2024-09-23 03:00:00-03:00,27.25,0.0
2024-09-23 04:00:00-03:00,28.0,0.0
2024-09-23 05:00:00-03:00,28.0,0.0
2024-09-23 06:00:00-03:00,28.25,0.0
2024-09-23 07:00:00-03:00,29.0,0.0
2024-09-23 08:00:00-03:00,29.0,0.0
2024-09-23 09:00:00-03:00,29.75,0.0
2024-09-23 10:00:00-03:00,30.25,0.0
2024-09-23 11:00:00-03:00,30.5,0.0
2024-09-23 12:00:00-03:00,31.5,0.0
2024-09-23 13:00:00-03:00,32.0,0.0
2024-09-23 14:00:00-03:00,32.25,0.0
2024-09-23 15:00:00-03:00,33.0,0.0
2024-09-23 16:00:00-03:00,33.0,0.0
2024-09-23 17:00:00-03:00,33.0,0.0
2024-09-23 18:00:00-03:00,33.25,0.0
2024-09-23 19:00:00-03:00,33.25,0.0
2024-09-23 20:00:00-03:00,33.5,0.0
2024-09-23 21:00:00-03:00,34.0,0.0
2024-09-23 22:00:00-03:00,34.0,0.0
2024-09-23 23:00:00-03:00,34.0,0.0
2024-09-24 00:00:00-03:00,34.0,0.0
2024-09-24 01:00:00-03:00,34.0,0.0
2024-09-24 02:00:00-03:00,34.0,0.0
2024-09-24 03:00:00-03:00,34.0,0.0
2024-09-24 04:00:00-03:00,34.0,0.0
2024-09-24 05:00:00-03:00,34.0,0.0
2024-09-24 06:00:00-03:00,34.0,0.0
2024-09-24 07:00:00-03:00,34.0,0.0
2024-09-24 08:00:00-03:00,34.0,0.0
2024-09-24 09:00:00-03:00,34.0,0.0
2024-09-24 10:00:00-03:00,34.0,0.0
2024-09-24 11:00:00-03:00,34.0,0.0
2024-09-24 12:00:00-03:00,34.0,0.0
2024-09-24 13:00:00-03:00,33.75,0.0
2024-09-24 14:00:00-03:00,33.5,0.0
2024-09-24 15:00:00-03:00,33.0,0.0
2024-09-24 16:00:00-03:00,32.75,0.0
2024-09-24 17:00:00-03:00,32.5,0.0
2024-09-24 18:00:00-03:00,32.0,0.0
2024-09-24 19:00:00-03:00,31.25,0.0
2024-09-24 20:00:00-03:00,31.0,0.0
2024-09-24 21:00:00-03:00,30.5,0.0
2024-09-24 22:00:00-03:00,30.0,0.0
2024-09-24 23:00:00-03:00,29.5,0.0
2024-09-25 00:00:00-03:00,29.0,0.0
2024-09-25 01:00:00-03:00,29.0,0.0
2024-09-25 02:00:00-03:00,28.75,0.0
2024-09-25 03:00:00-03:00,28.25,0.0
2024-09-25 04:00:00-03:00,28.0,0.0
2024-09-25 05:00:00-03:00,28.0,0.0
2024-09-25 06:00:00-03:00,27.5,0.0
2024-09-25 07:00:00-03:00,27.0,0.0
2024-09-25 08:00:00-03:00,27.0,0.0
2024-09-25 09:00:00-03:00,27.0,0.0
2024-09-25 10:00:00-03:00,27.0,0.0
2024-09-25 11:00:00-03:00,27.0,0.0
2024-09-25 12:00:00-03:00,27.0,0.0
2024-09-25 13:00:00-03:00,27.0,0.0
2024-09-25 14:00:00-03:00,27.0,0.0
2024-09-25 15:00:00-03:00,27.0,0.0
2024-09-25 16:00:00-03:00,27.0,0.0
2024-09-25 17:00:00-03:00,26.5,0.0
2024-09-25 18:00:00-03:00,26.25,0.0
2024-09-25 19:00:00-03:00,26.0,0.0
2024-09-25 20:00:00-03:00,26.0,0.0
2024-09-25 21:00:00-03:00,25.5,0.0
2024-09-25 22:00:00-03:00,25.25,0.0
2024-09-25 23:00:00-03:00,25.0,0.0
2024-09-26 00:00:00-03:00,25.0,0.0
2024-09-26 01:00:00-03:00,25.0,0.0
2024-09-26 02:00:00-03:00,25.0,0.0
2024-09-26 03:00:00-03:00,24.5,0.0
2024-09-26 04:00:00-03:00,24.0,0.0
2024-09-26 05:00:00-03:00,24.0,0.0
2024-09-26 06:00:00-03:00,24.0,0.0
2024-09-26 07:00:00-03:00,24.0,0.0
2024-09-26 08:00:00-03:00,24.0,0.0
2024-09-26 09:00:00-03:00,24.0,0.0
2024-09-26 10:00:00-03:00,24.0,0.0
2024-09-26 11:00:00-03:00,24.0,0.0
2024-09-26 12:00:00-03:00,24.0,0.0
2024-09-26 13:00:00-03:00,24.0,0.0
2024-09-26 14:00:00-03:00,24.0,0.0
2024-09-26 15:00:00-03:00,24.0,0.0
2024-09-26 16:00:00-03:00,24.0,0.0
2024-09-26 17:00:00-03:00,24.0,0.0
2024-09-26 18:00:00-03:00,24.0,0.0
2024-09-26 19:00:00-03:00,23.75,0.0
2024-09-26 20:00:00-03:00,23.0,0.0
2024-09-26 21:00:00-03:00,23.0,0.0
2024-09-26 22:00:00-03:00,23.0,0.0
2024-09-26 23:00:00-03:00,23.0,0.0
2024-09-27 00:00:00-03:00,22.25,0.0
2024-09-27 01:00:00-03:00,22.25,0.0
2024-09-27 02:00:00-03:00,22.0,0.0
2024-09-27 03:00:00-03:00,22.0,0.0
2024-09-27 04:00:00-03:00,22.0,0.0
2024-09-27 05:00:00-03:00,21.25,0.0
2024-09-27 06:00:00-03:00,22.0,0.0
2024-09-27 07:00:00-03:00,21.25,0.0
2024-09-27 08:00:00-03:00,21.0,0.0
2024-09-27 09:00:00-03:00,21.0,0.0
2024-09-27 10:00:00-03:00,21.0,0.0
2024-09-27 11:00:00-03:00,21.25,0.0
2024-09-27 12:00:00-03:00,21.0,0.0
2024-09-27 13:00:00-03:00,21.0,0.0
2024-09-27 14:00:00-03:00,21.0,0.0
2024-09-27 15:00:00-03:00,21.0,0.0
2024-09-27 16:00:00-03:00,21.0,0.0
2024-09-27 17:00:00-03:00,21.0,0.0
2024-09-27 18:00:00-03:00,21.0,0.0
2024-09-27 19:00:00-03:00,21.0,0.0
2024-09-27 20:00:00-03:00,21.0,0.0
2024-09-27 21:00:00-03:00,20.5,0.0
2024-09-27 22:00:00-03:00,20.25,0.0
2024-09-27 23:00:00-03:00,20.25,0.0
2024-09-28 00:00:00-03:00,20.0,0.0
2024-09-28 01:00:00-03:00,20.0,0.0
2024-09-28 02:00:00-03:00,20.0,0.0
2024-09-28 03:00:00-03:00,20.0,0.0
2024-09-28 04:00:00-03:00,19.75,0.0
2024-09-28 05:00:00-03:00,20.0,0.0
2024-09-28 06:00:00-03:00,19.75,0.0
2024-09-28 07:00:00-03:00,19.25,0.0
2024-09-28 08:00:00-03:00,19.0,0.0
2024-09-28 09:00:00-03:00,19.0,0.0
2024-09-28 10:00:00-03:00,19.0,0.0
2024-09-28 11:00:00-03:00,19.0,0.0
2024-09-28 12:00:00-03:00,19.0,0.0
2024-09-28 13:00:00-03:00,19.0,0.0
2024-09-28 14:00:00-03:00,19.25,0.0
2024-09-28 15:00:00-03:00,19.75,0.0
2024-09-28 16:00:00-03:00,19.75,0.0
2024-09-28 17:00:00-03:00,19.0,0.0
2024-09-28 18:00:00-03:00,19.0,0.0
2024-09-28 19:00:00-03:00,19.0,0.0
2024-09-28 20:00:00-03:00,19.0,0.0
2024-09-28 21:00:00-03:00,19.0,0.0
2024-09-28 22:00:00-03:00,19.0,0.0
2024-09-28 23:00:00-03:00,19.0,0.0
2024-09-29 00:00:00-03:00,19.0,0.0
2024-09-29 01:00:00-03:00,18.5,0.0
2024-09-29 02:00:00-03:00,18.5,0.0
2024-09-29 03:00:00-03:00,18.0,0.0
2024-09-29 04:00:00-03:00,18.0,0.0
2024-09-29 05:00:00-03:00,18.5,0.0
2024-09-29 06:00:00-03:00,18.25,0.0
2024-09-29 07:00:00-03:00,18.0,0.0
2024-09-29 08:00:00-03:00,18.0,0.0
2024-09-29 09:00:00-03:00,18.0,0.0
2024-09-29 10:00:00-03:00,18.25,0.0
2024-09-29 11:00:00-03:00,18.75,0.0
2024-09-29 12:00:00-03:00,19.0,0.0
2024-09-29 13:00:00-03:00,19.0,0.0
2024-09-29 14:00:00-03:00,19.0,0.0
2024-09-29 15:00:00-03:00,19.0,0.0
2024-09-29 16:00:00-03:00,19.0,0.0
2024-09-29 17:00:00-03:00,19.0,0.0
2024-09-29 18:00:00-03:00,19.0,0.0
2024-09-29 19:00:00-03:00,18.75,0.0
2024-09-29 20:00:00-03:00,18.5,0.0
2024-09-29 21:00:00-03:00,18.5,0.0
2024-09-29 22:00:00-03:00,18.25,0.0
2024-09-29 23:00:00-03:00,18.0,0.0
2024-09-30 00:00:00-03:00,18.0,0.0
2024-09-30 01:00:00-03:00,18.0,0.0
2024-09-30 02:00:00-03:00,18.0,0.0
2024-09-30 03:00:00-03:00,18.0,0.0
2024-09-30 04:00:00-03:00,18.0,0.0
2024-09-30 05:00:00-03:00,18.0,0.0
2024-09-30 06:00:00-03:00,17.75,0.0
2024-09-30 07:00:00-03:00,18.0,0.0
2024-09-30 08:00:00-03:00,17.75,0.0
2024-09-30 09:00:00-03:00,18.0,0.0
2024-09-30 10:00:00-03:00,18.0,0.0
2024-09-30 11:00:00-03:00,18.0,0.0
2024-09-30 12:00:00-03:00,18.0,0.0
2024-09-30 13:00:00-03:00,18.25,0.0
2024-09-30 14:00:00-03:00,18.25,0.0
2024-09-30 15:00:00-03:00,18.0,0.0
2024-09-30 16:00:00-03:00,18.5,0.0
2024-09-30 17:00:00-03:00,18.0,0.0
2024-09-30 18:00:00-03:00,18.0,0.0
2024-09-30 19:00:00-03:00,18.0,0.0
2024-09-30 20:00:00-03:00,18.0,0.0
2024-09-30 21:00:00-03:00,18.0,0.0
2024-09-30 22:00:00-03:00,18.0,0.0
2024-09-30 23:00:00-03:00,18.0,0.0
2024-10-01 00:00:00-03:00,17.75,0.0
2024-10-01 01:00:00-03:00,17.5,0.0
2024-10-01 02:00:00-03:00,17.25,0.0
2024-10-01 03:00:00-03:00,17.0,0.0
2024-10-01 04:00:00-03:00,17.0,0.0
2024-10-01 05:00:00-03:00,17.0,0.0
2024-10-01 06:00:00-03:00,17.0,0.0
2024-10-01 07:00:00-03:00,17.0,0.0
2024-10-01 08:00:00-03:00,17.0,0.0
2024-10-01 09:00:00-03:00,17.0,0.0
2024-10-01 10:00:00-03:00,17.0,0.0
2024-10-01 11:00:00-03:00,17.25,0.0
2024-10-01 12:00:00-03:00,17.25,0.0
2024-10-01 13:00:00-03:00,18.0,0.0
2024-10-01 14:00:00-03:00,18.0,0.0
2024-10-01 15:00:00-03:00,18.0,0.0
2024-10-01 16:00:00-03:00,18.0,0.0
2024-10-01 17:00:00-03:00,18.0,0.0
2024-10-01 18:00:00-03:00,18.0,0.0
2024-10-01 19:00:00-03:00,17.5,0.0
2024-10-01 20:00:00-03:00,17.5,0.0
2024-10-01 21:00:00-03:00,17.0,0.0
2024-10-01 22:00:00-03:00,17.0,0.0
2024-10-01 23:00:00-03:00,17.0,0.0
2024-10-02 00:00:00-03:00,17.0,0.0
2024-10-02 01:00:00-03:00,17.0,0.0
2024-10-02 02:00:00-03:00,17.0,0.0
2024-10-02 03:00:00-03:00,17.0,0.0
2024-10-02 04:00:00-03:00,16.5,0.0
2024-10-02 05:00:00-03:00,16.5,0.0
2024-10-02 06:00:00-03:00,16.5,0.0
2024-10-02 07:00:00-03:00,16.25,0.0
2024-10-02 08:00:00-03:00,16.0,0.0
2024-10-02 09:00:00-03:00,16.0,0.0
2024-10-02 10:00:00-03:00,16.0,0.0
2024-10-02 11:00:00-03:00,16.5,0.0
2024-10-02 12:00:00-03:00,17.0,0.0
2024-10-02 13:00:00-03:00,17.0,0.0
2024-10-02 14:00:00-03:00,17.0,0.0
2024-10-02 15:00:00-03:00,16.75,0.0
2024-10-02 16:00:00-03:00,17.0,0.0
2024-10-02 17:00:00-03:00,17.0,0.0
2024-10-02 18:00:00-03:00,16.0,0.0
2024-10-02 19:00:00-03:00,16.5,0.0
2024-10-02 20:00:00-03:00,16.0,0.0
2024-10-02 21:00:00-03:00,16.25,0.0
2024-10-02 22:00:00-03:00,16.0,0.0
2024-10-02 23:00:00-03:00,16.0,0.0
2024-10-03 00:00:00-03:00,16.0,0.0
2024-10-03 01:00:00-03:00,16.0,0.0
2024-10-03 02:00:00-03:00,16.5,0.0
2024-10-03 03:00:00-03:00,16.75,0.0
2024-10-03 04:00:00-03:00,16.75,0.0
2024-10-03 05:00:00-03:00,17.0,0.0
2024-10-03 06:00:00-03:00,17.0,0.0
2024-10-03 07:00:00-03:00,17.0,0.0
2024-10-03 08:00:00-03:00,17.0,0.0
2024-10-03 09:00:00-03:00,17.0,0.0
2024-10-03 10:00:00-03:00,17.0,0.0
2024-10-03 11:00:00-03:00,17.0,0.0
2024-10-03 12:00:00-03:00,18.0,0.0
2024-10-03 13:00:00-03:00,18.0,0.0
2024-10-03 14:00:00-03:00,18.0,0.0
2024-10-03 15:00:00-03:00,18.0,0.0
2024-10-03 16:00:00-03:00,18.0,0.0
2024-10-03 17:00:00-03:00,18.0,0.0
2024-10-03 18:00:00-03:00,17.75,0.0
2024-10-03 19:00:00-03:00,17.5,0.0
2024-10-03 20:00:00-03:00,17.5,0.0
2024-10-03 21:00:00-03:00,17.0,0.0
2024-10-03 22:00:00-03:00,17.0,0.0
2024-10-03 23:00:00-03:00,17.25,0.0
2024-10-04 00:00:00-03:00,17.0,0.0
2024-10-04 01:00:00-03:00,17.0,0.0
2024-10-04 02:00:00-03:00,17.0,0.0
2024-10-04 03:00:00-03:00,17.0,0.2
2024-10-04 04:00:00-03:00,16.5,0.0
2024-10-04 05:00:00-03:00,16.75,0.8
2024-10-04 06:00:00-03:00,17.0,0.0
2024-10-04 07:00:00-03:00,17.0,0.0
2024-10-04 08:00:00-03:00,16.25,0.0
2024-10-04 09:00:00-03:00,16.5,0.0
2024-10-04 10:00:00-03:00,16.25,0.0
2024-10-04 11:00:00-03:00,16.0,0.0
2024-10-04 12:00:00-03:00,16.0,3.0
2024-10-04 13:00:00-03:00,16.0,0.0
2024-10-04 14:00:00-03:00,16.0,0.0
2024-10-04 15:00:00-03:00,16.0,0.0
2024-10-04 16:00:00-03:00,16.0,0.0
2024-10-04 17:00:00-03:00,16.0,0.0
2024-10-04 18:00:00-03:00,16.0,0.0
2024-10-04 19:00:00-03:00,16.0,0.0
2024-10-04 20:00:00-03:00,16.0,0.0
2024-10-04 21:00:00-03:00,16.0,0.0
2024-10-04 22:00:00-03:00,16.0,0.0
2024-10-04 23:00:00-03:00,16.0,0.0
2024-10-05 00:00:00-03:00,16.0,0.0
2024-10-05 01:00:00-03:00,16.0,0.0
2024-10-05 02:00:00-03:00,16.0,0.0
2024-10-05 03:00:00-03:00,16.0,0.0
2024-10-05 04:00:00-03:00,16.0,0.0
2024-10-05 05:00:00-03:00,16.0,0.0
2024-10-05 06:00:00-03:00,16.0,0.0
2024-10-05 07:00:00-03:00,16.0,0.0
2024-10-05 08:00:00-03:00,16.0,0.0
2024-10-05 09:00:00-03:00,16.0,0.0
2024-10-05 10:00:00-03:00,16.0,0.0
2024-10-05 11:00:00-03:00,16.75,0.0
2024-10-05 12:00:00-03:00,17.0,0.0
2024-10-05 13:00:00-03:00,17.0,0.0
2024-10-05 14:00:00-03:00,17.0,0.0
2024-10-05 15:00:00-03:00,17.0,0.0
2024-10-05 16:00:00-03:00,17.0,0.0
2024-10-05 17:00:00-03:00,17.25,0.0
2024-10-05 18:00:00-03:00,17.25,0.0
2024-10-05 19:00:00-03:00,17.5,0.0
2024-10-05 20:00:00-03:00,17.5,0.0
2024-10-05 21:00:00-03:00,17.75,0.0
2024-10-05 22:00:00-03:00,18.0,0.0
2024-10-05 23:00:00-03:00,18.0,0.0
2024-10-06 00:00:00-03:00,18.0,0.0
2024-10-06 01:00:00-03:00,18.0,0.0
2024-10-06 02:00:00-03:00,18.25,0.0
2024-10-06 03:00:00-03:00,18.75,0.0
2024-10-06 04:00:00-03:00,18.75,0.0
2024-10-06 05:00:00-03:00,19.0,0.0
2024-10-06 06:00:00-03:00,19.0,0.0
2024-10-06 07:00:00-03:00,19.0,0.0
2024-10-06 08:00:00-03:00,19.25,0.0
2024-10-06 09:00:00-03:00,19.75,0.0
2024-10-06 10:00:00-03:00,20.0,0.0
2024-10-06 11:00:00-03:00,20.0,0.0
2024-10-06 12:00:00-03:00,20.5,0.0
2024-10-06 13:00:00-03:00,21.0,0.0
2024-10-06 14:00:00-03:00,21.0,0.0
2024-10-06 15:00:00-03:00,21.25,0.0
2024-10-06 16:00:00-03:00,21.0,0.0
2024-10-06 17:00:00-03:00,21.0,0.0
2024-10-06 18:00:00-03:00,21.0,0.0
2024-10-06 19:00:00-03:00,21.0,0.0
2024-10-06 20:00:00-03:00,21.0,0.0
2024-10-06 21:00:00-03:00,21.0,0.0
2024-10-06 22:00:00-03:00,21.0,0.0
2024-10-06 23:00:00-03:00,20.5,0.0
2024-10-07 00:00:00-03:00,20.0,0.0
2024-10-07 01:00:00-03:00,20.0,0.0
2024-10-07 02:00:00-03:00,20.0,0.0
2024-10-07 03:00:00-03:00,20.0,0.0
2024-10-07 04:00:00-03:00,19.5,0.0
2024-10-07 05:00:00-03:00,19.25,0.0
2024-10-07 06:00:00-03:00,19.0,0.0
2024-10-07 07:00:00-03:00,19.0,0.0
2024-10-07 08:00:00-03:00,19.0,0.0
2024-10-07 09:00:00-03:00,19.0,0.0
2024-10-07 10:00:00-03:00,19.0,0.0
2024-10-07 11:00:00-03:00,19.0,0.0
2024-10-07 12:00:00-03:00,19.0,0.0
2024-10-07 13:00:00-03:00,19.0,0.0
2024-10-07 14:00:00-03:00,19.0,0.0
2024-10-07 15:00:00-03:00,19.0,0.0
2024-10-07 16:00:00-03:00,19.0,0.0
2024-10-07 17:00:00-03:00,18.5,0.0
2024-10-07 18:00:00-03:00,18.0,0.0
2024-10-07 19:00:00-03:00,18.0,0.0
2024-10-07 20:00:00-03:00,18.0,0.0
2024-10-07 21:00:00-03:00,17.75,0.0
2024-10-07 22:00:00-03:00,17.75,0.0
2024-10-07 23:00:00-03:00,17.0,0.0
2024-10-08 00:00:00-03:00,17.0,0.0
2024-10-08 01:00:00-03:00,17.0,0.0
2024-10-08 02:00:00-03:00,17.0,0.0
2024-10-08 03:00:00-03:00,17.0,0.0
2024-10-08 04:00:00-03:00,17.0,0.0
2024-10-08 05:00:00-03:00,17.0,0.0
2024-10-08 06:00:00-03:00,17.0,0.0
2024-10-08 07:00:00-03:00,16.75,0.0
2024-10-08 08:00:00-03:00,16.5,0.0
2024-10-08 09:00:00-03:00,16.5,0.0
2024-10-08 10:00:00-03:00,16.5,0.0
2024-10-08 11:00:00-03:00,16.75,0.0
2024-10-08 12:00:00-03:00,17.0,0.0
2024-10-08 13:00:00-03:00,17.0,0.0
2024-10-08 14:00:00-03:00,17.0,0.0
2024-10-08 15:00:00-03:00,17.0,0.0
2024-10-08 16:00:00-03:00,17.0,0.0
2024-10-08 17:00:00-03:00,17.0,0.0
2024-10-08 18:00:00-03:00,17.0,0.0
2024-10-08 19:00:00-03:00,17.0,0.0
2024-10-08 20:00:00-03:00,16.75,0.0
2024-10-08 21:00:00-03:00,16.5,0.0
2024-10-08 22:00:00-03:00,16.5,0.0
2024-10-08 23:00:00-03:00,16.0,0.0
2024-10-09 00:00:00-03:00,16.0,0.0
2024-10-09 01:00:00-03:00,16.0,0.0
2024-10-09 02:00:00-03:00,16.0,0.0
2024-10-09 03:00:00-03:00,16.0,0.0
2024-10-09 04:00:00-03:00,15.75,0.0
2024-10-09 05:00:00-03:00,15.5,0.0
2024-10-09 06:00:00-03:00,15.25,0.0
2024-10-09 07:00:00-03:00,15.0,0.0
2024-10-09 08:00:00-03:00,15.0,0.0
2024-10-09 09:00:00-03:00,15.0,0.0
2024-10-09 10:00:00-03:00,15.0,0.0
2024-10-09 11:00:00-03:00,15.5,0.0
2024-10-09 12:00:00-03:00,16.0,0.0
2024-10-09 13:00:00-03:00,16.0,0.0
2024-10-09 14:00:00-03:00,15.75,0.0
2024-10-09 15:00:00-03:00,16.0,0.0
2024-10-09 16:00:00-03:00,15.5,0.0
2024-10-09 17:00:00-03:00,15.0,0.0
2024-10-09 18:00:00-03:00,15.0,0.0
2024-10-09 19:00:00-03:00,15.0,0.0
2024-10-09 20:00:00-03:00,15.0,0.0
2024-10-09 21:00:00-03:00,15.0,0.0
2024-10-09 22:00:00-03:00,15.0,0.0
2024-10-09 23:00:00-03:00,15.0,0.0
2024-10-10 00:00:00-03:00,15.0,0.0
2024-10-10 01:00:00-03:00,15.0,0.0
2024-10-10 02:00:00-03:00,15.0,0.0
2024-10-10 03:00:00-03:00,15.0,0.0
2024-10-10 04:00:00-03:00,15.0,0.0
2024-10-10 05:00:00-03:00,15.0,0.0
2024-10-10 06:00:00-03:00,15.0,0.0
2024-10-10 07:00:00-03:00,15.0,2.6
2024-10-10 08:00:00-03:00,15.0,1.0
2024-10-10 09:00:00-03:00,15.0,2.4
2024-10-10 10:00:00-03:00,15.0,0.0
2024-10-10 11:00:00-03:00,15.0,0.0
2024-10-10 12:00:00-03:00,15.0,0.0
2024-10-10 13:00:00-03:00,15.0,0.0
2024-10-10 14:00:00-03:00,15.0,0.0
2024-10-10 15:00:00-03:00,15.0,0.0
2024-10-10 16:00:00-03:00,15.0,0.0
2024-10-10 17:00:00-03:00,15.0,0.0
2024-10-10 18:00:00-03:00,15.0,0.0
2024-10-10 19:00:00-03:00,15.0,0.0
2024-10-10 20:00:00-03:00,15.25,0.2
2024-10-10 21:00:00-03:00,15.0,0.0
2024-10-10 22:00:00-03:00,15.0,0.0
2024-10-10 23:00:00-03:00,15.0,0.0
2024-10-11 00:00:00-03:00,15.0,0.0
2024-10-11 01:00:00-03:00,15.0,0.0
2024-10-11 02:00:00-03:00,15.0,0.2
2024-10-11 03:00:00-03:00,15.0,0.0
2024-10-11 04:00:00-03:00,14.75,0.0
2024-10-11 05:00:00-03:00,14.25,0.0
2024-10-11 06:00:00-03:00,14.5,0.0
2024-10-11 07:00:00-03:00,14.25,0.0
2024-10-11 08:00:00-03:00,14.25,0.0
2024-10-11 09:00:00-03:00,14.0,0.0
2024-10-11 10:00:00-03:00,14.0,0.0
2024-10-11 11:00:00-03:00,14.0,0.0
2024-10-11 12:00:00-03:00,14.25,0.0
2024-10-11 13:00:00-03:00,14.75,0.0
2024-10-11 14:00:00-03:00,15.0,0.0
2024-10-11 15:00:00-03:00,15.0,0.0
2024-10-11 16:00:00-03:00,15.0,0.0
2024-10-11 17:00:00-03:00,15.0,0.0
2024-10-11 18:00:00-03:00,15.0,0.0
2024-10-11 19:00:00-03:00,15.0,0.0
2024-10-11 20:00:00-03:00,15.0,0.8
2024-10-11 21:00:00-03:00,15.0,12.6
2024-10-11 22:00:00-03:00,15.0,1.4
2024-10-11 23:00:00-03:00,15.220535714285715,1.2
2024-10-12 00:00:00-03:00,15.441071428571428,1.6
2024-10-12 01:00:00-03:00,15.661607142857143,0.2
2024-10-12 02:00:00-03:00,,0.2
2024-10-12 03:00:00-03:00,,0.0
2024-10-12 04:00:00-03:00,,0.0
2024-10-12 05:00:00-03:00,,0.0
2024-10-12 06:00:00-03:00,,0.0
2024-10-12 07:00:00-03:00,,0.0
2024-10-12 08:00:00-03:00,,0.0
2024-10-12 09:00:00-03:00,,0.0
2024-10-12 10:00:00-03:00,,0.0
2024-10-12 11:00:00-03:00,,0.0
2024-10-12 12:00:00-03:00,18.0875,0.0
2024-10-12 13:00:00-03:00,18.5825,0.0
2024-10-12 14:00:00-03:00,19.325000000000003,0.0
2024-10-12 15:00:00-03:00,19.5675,0.0
2024-10-12 16:00:00-03:00,19.97,0.0
2024-10-12 17:00:00-03:00,20.0,0.0
2024-10-12 18:00:00-03:00,20.0,0.0
2024-10-12 19:00:00-03:00,20.0,0.0
2024-10-12 20:00:00-03:00,20.25,0.0
2024-10-12 21:00:00-03:00,20.75,0.0
2024-10-12 22:00:00-03:00,21.0,0.0
2024-10-12 23:00:00-03:00,21.0,0.0
2024-10-13 00:00:00-03:00,22.0,0.0
2024-10-13 01:00:00-03:00,22.0,0.0
2024-10-13 02:00:00-03:00,22.0,0.0
2024-10-13 03:00:00-03:00,22.0,0.0
2024-10-13 04:00:00-03:00,23.0,0.0
2024-10-13 05:00:00-03:00,23.0,0.0
2024-10-13 06:00:00-03:00,23.0,0.0
2024-10-13 07:00:00-03:00,23.0,0.0
2024-10-13 08:00:00-03:00,23.0,0.0
2024-10-13 09:00:00-03:00,23.25,0.0
2024-10-13 10:00:00-03:00,24.0,0.0
2024-10-13 11:00:00-03:00,24.0,0.0
2024-10-13 12:00:00-03:00,25.0,0.0
2024-10-13 13:00:00-03:00,25.25,0.0
2024-10-13 14:00:00-03:00,25.5,0.0
2024-10-13 15:00:00-03:00,26.25,0.0
2024-10-13 16:00:00-03:00,27.0,0.0
2024-10-13 17:00:00-03:00,27.0,0.0
2024-10-13 18:00:00-03:00,27.25,0.0
2024-10-13 19:00:00-03:00,28.0,0.0
2024-10-13 20:00:00-03:00,28.25,0.0
2024-10-13 21:00:00-03:00,29.0,0.0
2024-10-13 22:00:00-03:00,29.0,0.0
2024-10-13 23:00:00-03:00,29.25,0.0
2024-10-14 00:00:00-03:00,29.0,0.0
2024-10-14 01:00:00-03:00,29.5,0.0
2024-10-14 02:00:00-03:00,30.0,0.0
2024-10-14 03:00:00-03:00,29.25,0.0
2024-10-14 04:00:00-03:00,29.25,0.0
2024-10-14 05:00:00-03:00,29.0,0.0
2024-10-14 06:00:00-03:00,29.0,0.0
2024-10-14 07:00:00-03:00,29.0,0.0
2024-10-14 08:00:00-03:00,28.25,0.0
2024-10-14 09:00:00-03:00,28.25,0.0
2024-10-14 10:00:00-03:00,28.75,0.0
2024-10-14 11:00:00-03:00,28.0,0.0
2024-10-14 12:00:00-03:00,28.0,0.0
2024-10-14 13:00:00-03:00,28.0,0.0
2024-10-14 14:00:00-03:00,27.5,0.0
2024-10-14 15:00:00-03:00,27.0,0.0
2024-10-14 16:00:00-03:00,27.0,0.0
2024-10-14 17:00:00-03:00,26.75,0.0
2024-10-14 18:00:00-03:00,26.0,0.0
2024-10-14 19:00:00-03:00,26.0,0.0
2024-10-14 20:00:00-03:00,25.0,0.0
2024-10-14 21:00:00-03:00,25.0,0.0
2024-10-14 22:00:00-03:00,24.0,0.0
2024-10-14 23:00:00-03:00,24.0,0.0
2024-10-15 00:00:00-03:00,23.75,0.0
2024-10-15 01:00:00-03:00,23.0,0.0
2024-10-15 02:00:00-03:00,23.0,0.0
2024-10-15 03:00:00-03:00,22.5,0.0
2024-10-15 04:00:00-03:00,22.0,0.0
2024-10-15 05:00:00-03:00,22.0,0.0
2024-10-15 06:00:00-03:00,22.0,0.0
2024-10-15 07:00:00-03:00,21.25,0.0
2024-10-15 08:00:00-03:00,21.0,0.0
2024-10-15 09:00:00-03:00,21.0,0.0
2024-10-15 10:00:00-03:00,21.0,0.0
2024-10-15 11:00:00-03:00,21.0,0.0
2024-10-15 12:00:00-03:00,21.0,0.0
2024-10-15 13:00:00-03:00,21.0,0.0
2024-10-15 14:00:00-03:00,21.0,0.0
2024-10-15 15:00:00-03:00,20.5,0.0
2024-10-15 16:00:00-03:00,20.25,0.0
2024-10-15 17:00:00-03:00,20.0,0.0
2024-10-15 18:00:00-03:00,20.0,0.0
2024-10-15 19:00:00-03:00,20.0,0.0
2024-10-15 20:00:00-03:00,19.75,0.0
2024-10-15 21:00:00-03:00,19.25,0.0
2024-10-15 22:00:00-03:00,19.0,0.0
2024-10-15 23:00:00-03:00,19.0,0.0
2024-10-16 00:00:00-03:00,19.0,0.0
2024-10-16 01:00:00-03:00,18.25,0.0
2024-10-16 02:00:00-03:00,18.0,0.0
2024-10-16 03:00:00-03:00,18.0,0.0
2024-10-16 04:00:00-03:00,18.0,0.0
2024-10-16 05:00:00-03:00,17.5,0.0
2024-10-16 06:00:00-03:00,17.75,0.0
2024-10-16 07:00:00-03:00,17.25,0.0
2024-10-16 08:00:00-03:00,17.0,0.0
2024-10-16 09:00:00-03:00,17.0,0.0
2024-10-16 10:00:00-03:00,18.0,0.0
2024-10-16 11:00:00-03:00,17.5,0.0
2024-10-16 12:00:00-03:00,18.0,0.0
2024-10-16 13:00:00-03:00,17.75,0.0
2024-10-16 14:00:00-03:00,17.75,1.0
2024-10-16 15:00:00-03:00,18.16333333333333,5.8
2024-10-16 16:00:00-03:00,18.46944444444444,0.0
2024-10-16 17:00:00-03:00,18.775555555555552,0.0
2024-10-16 18:00:00-03:00,19.081666666666663,0.0
2024-10-16 19:00:00-03:00,,0.0
2024-10-16 20:00:00-03:00,,0.0
2024-10-16 21:00:00-03:00,20.0,0.0
2024-10-16 22:00:00-03:00,20.0,0.0
2024-10-16 23:00:00-03:00,20.0,0.0
2024-10-17 00:00:00-03:00,19.25,0.0
2024-10-17 01:00:00-03:00,19.0,0.0
2024-10-17 02:00:00-03:00,19.0,0.0
2024-10-17 03:00:00-03:00,18.25,0.0
2024-10-17 04:00:00-03:00,18.0,0.0
2024-10-17 05:00:00-03:00,18.0,0.0
2024-10-17 06:00:00-03:00,18.0,0.0
2024-10-17 07:00:00-03:00,17.75,0.0
2024-10-17 08:00:00-03:00,17.0,0.0
2024-10-17 09:00:00-03:00,17.5,0.0
2024-10-17 10:00:00-03:00,18.0,0.0
2024-10-17 11:00:00-03:00,18.0,0.0
2024-10-17 12:00:00-03:00,18.0,0.0
2024-10-17 13:00:00-03:00,18.0,0.0
2024-10-17 14:00:00-03:00,18.0,0.0
2024-10-17 15:00:00-03:00,18.0,0.0
2024-10-17 16:00:00-03:00,18.0,0.0
2024-10-17 17:00:00-03:00,18.0,0.0
2024-10-17 18:00:00-03:00,18.0,0.0
2024-10-17 19:00:00-03:00,18.0,0.0
2024-10-17 20:00:00-03:00,18.0,0.0
2024-10-17 21:00:00-03:00,18.0,0.0
2024-10-17 22:00:00-03:00,18.0,0.0
2024-10-17 23:00:00-03:00,18.5,0.0
2024-10-18 00:00:00-03:00,18.75,0.0
2024-10-18 01:00:00-03:00,19.0,0.0
2024-10-18 02:00:00-03:00,19.0,0.2
2024-10-18 03:00:00-03:00,19.0,0.0
2024-10-18 04:00:00-03:00,18.5,0.0
2024-10-18 05:00:00-03:00,18.75,0.0
2024-10-18 06:00:00-03:00,18.0,0.0
2024-10-18 07:00:00-03:00,18.0,0.0
2024-10-18 08:00:00-03:00,18.0,0.0
2024-10-18 09:00:00-03:00,18.0,0.0
2024-10-18 10:00:00-03:00,18.25,0.0
2024-10-18 11:00:00-03:00,18.5,0.0
2024-10-18 12:00:00-03:00,18.75,0.0
2024-10-18 13:00:00-03:00,18.75,0.0
2024-10-18 14:00:00-03:00,19.0,0.0
2024-10-18 15:00:00-03:00,19.0,0.0
2024-10-18 16:00:00-03:00,19.0,0.0
2024-10-18 17:00:00-03:00,19.0,0.0
2024-10-18 18:00:00-03:00,19.0,0.0
2024-10-18 19:00:00-03:00,19.0,0.0
2024-10-18 20:00:00-03:00,19.0,0.0
2024-10-18 21:00:00-03:00,19.0,0.0
2024-10-18 22:00:00-03:00,19.0,0.0
2024-10-18 23:00:00-03:00,19.0,0.0
2024-10-19 00:00:00-03:00,19.0,0.0
2024-10-19 01:00:00-03:00,19.0,0.0
2024-10-19 02:00:00-03:00,19.0,0.0
2024-10-19 03:00:00-03:00,19.0,0.0
2024-10-19 04:00:00-03:00,19.0,0.0
2024-10-19 05:00:00-03:00,19.0,0.0
2024-10-19 06:00:00-03:00,19.0,0.0
2024-10-19 07:00:00-03:00,18.75,0.0
2024-10-19 08:00:00-03:00,18.25,0.0
2024-10-19 09:00:00-03:00,18.5,0.0
2024-10-19 10:00:00-03:00,18.75,0.0
2024-10-19 11:00:00-03:00,18.25,0.0
2024-10-19 12:00:00-03:00,18.0,0.0
2024-10-19 13:00:00-03:00,18.0,0.0
2024-10-19 14:00:00-03:00,18.0,0.0
2024-10-19 15:00:00-03:00,18.0,1.8
2024-10-19 16:00:00-03:00,17.75,0.2
2024-10-19 17:00:00-03:00,18.0,0.0
2024-10-19 18:00:00-03:00,17.0,18.6
2024-10-19 19:00:00-03:00,18.0,22.0
2024-10-19 20:00:00-03:00,20.107142857142858,18.8
2024-10-19 21:00:00-03:00,22.214285714285715,5.8
2024-10-19 22:00:00-03:00,24.32142857142857,2.2
2024-10-19 23:00:00-03:00,,2.2
2024-10-20 00:00:00-03:00,,3.6
2024-10-20 01:00:00-03:00,,6.4
2024-10-20 02:00:00-03:00,32.75,1.8
2024-10-20 03:00:00-03:00,34.25,3.6
2024-10-20 04:00:00-03:00,37.25,2.2
2024-10-20 05:00:00-03:00,44.75,4.0
2024-10-20 06:00:00-03:00,50.0,2.0
2024-10-20 07:00:00-03:00,52.25,1.6
2024-10-20 08:00:00-03:00,54.5,1.4
2024-10-20 09:00:00-03:00,57.0,0.8
2024-10-20 10:00:00-03:00,60.0,1.4
2024-10-20 11:00:00-03:00,64.25,2.0
2024-10-20 12:00:00-03:00,68.75,1.6
2024-10-20 13:00:00-03:00,73.75,0.8
2024-10-20 14:00:00-03:00,78.75,0.2
2024-10-20 15:00:00-03:00,83.75,0.0
2024-10-20 16:00:00-03:00,88.75,0.2
2024-10-20 17:00:00-03:00,93.5,0.2
2024-10-20 18:00:00-03:00,97.75,0.0
2024-10-20 19:00:00-03:00,102.5,0.0
2024-10-20 20:00:00-03:00,106.5,0.0
2024-10-20 21:00:00-03:00,110.5,0.0
2024-10-20 22:00:00-03:00,114.5,0.0
2024-10-20 23:00:00-03:00,118.5,0.0
2024-10-21 00:00:00-03:00,124.5,0.0
2024-10-21 01:00:00-03:00,128.75,0.2
2024-10-21 02:00:00-03:00,133.5,0.0
2024-10-21 03:00:00-03:00,138.0,0.0
2024-10-21 04:00:00-03:00,142.5,0.0
2024-10-21 05:00:00-03:00,146.5,0.0
2024-10-21 06:00:00-03:00,150.5,0.0
2024-10-21 07:00:00-03:00,154.25,0.0
2024-10-21 08:00:00-03:00,157.25,0.0
2024-10-21 09:00:00-03:00,160.25,0.0
2024-10-21 10:00:00-03:00,163.0,0.0
2024-10-21 11:00:00-03:00,165.5,0.0
2024-10-21 12:00:00-03:00,167.25,0.0
2024-10-21 13:00:00-03:00,168.5,0.0
2024-10-21 14:00:00-03:00,170.0,0.0
2024-10-21 15:00:00-03:00,171.25,0.0
2024-10-21 16:00:00-03:00,171.25,0.0
2024-10-21 17:00:00-03:00,172.0,0.0
2024-10-21 18:00:00-03:00,171.75,0.0
2024-10-21 19:00:00-03:00,171.0,0.0
2024-10-21 20:00:00-03:00,170.75,0.0
2024-10-21 21:00:00-03:00,169.25,0.0
2024-10-21 22:00:00-03:00,168.0,0.0
2024-10-21 23:00:00-03:00,166.25,0.0
2024-10-22 00:00:00-03:00,164.5,0.0
2024-10-22 01:00:00-03:00,162.0,0.0
2024-10-22 02:00:00-03:00,159.75,0.0
2024-10-22 03:00:00-03:00,157.25,0.0
2024-10-22 04:00:00-03:00,154.0,0.0
2024-10-22 05:00:00-03:00,150.75,0.0
2024-10-22 06:00:00-03:00,147.5,0.0
2024-10-22 07:00:00-03:00,144.0,0.0
2024-10-22 08:00:00-03:00,140.5,0.0
2024-10-22 09:00:00-03:00,136.75,0.0
2024-10-22 10:00:00-03:00,133.75,0.2
2024-10-22 11:00:00-03:00,130.5,0.0
2024-10-22 12:00:00-03:00,127.0,0.0
2024-10-22 13:00:00-03:00,123.5,0.0
2024-10-22 14:00:00-03:00,120.25,0.0
2024-10-22 15:00:00-03:00,116.75,0.0
2024-10-22 16:00:00-03:00,113.5,0.0
2024-10-22 17:00:00-03:00,110.5,0.0
2024-10-22 18:00:00-03:00,107.5,0.0
2024-10-22 19:00:00-03:00,105.0,0.0
2024-10-22 20:00:00-03:00,102.5,0.0
2024-10-22 21:00:00-03:00,100.0,0.0
2024-10-22 22:00:00-03:00,97.75,0.0
2024-10-22 23:00:00-03:00,95.5,0.0
2024-10-23 00:00:00-03:00,93.75,0.0
2024-10-23 01:00:00-03:00,91.75,0.0
2024-10-23 02:00:00-03:00,90.0,0.0
2024-10-23 03:00:00-03:00,88.5,0.0
2024-10-23 04:00:00-03:00,86.75,0.0
2024-10-23 05:00:00-03:00,85.5,0.0
2024-10-23 06:00:00-03:00,84.0,0.0
2024-10-23 07:00:00-03:00,82.75,0.0
2024-10-23 08:00:00-03:00,81.5,0.0
2024-10-23 09:00:00-03:00,81.0,0.0
2024-10-23 10:00:00-03:00,80.0,0.0
2024-10-23 11:00:00-03:00,79.0,0.0
2024-10-23 12:00:00-03:00,78.25,0.0
2024-10-23 13:00:00-03:00,77.75,0.0
2024-10-23 14:00:00-03:00,76.75,0.0
2024-10-23 15:00:00-03:00,76.0,0.0
2024-10-23 16:00:00-03:00,75.0,0.0
2024-10-23 17:00:00-03:00,74.25,0.0
2024-10-23 18:00:00-03:00,73.25,0.0
2024-10-23 19:00:00-03:00,72.75,0.0
2024-10-23 20:00:00-03:00,72.0,0.0
2024-10-23 21:00:00-03:00,71.5,0.0
2024-10-23 22:00:00-03:00,71.0,0.6
2024-10-23 23:00:00-03:00,70.0,19.4
2024-10-24 00:00:00-03:00,70.0,0.6
2024-10-24 01:00:00-03:00,69.0,7.8
2024-10-24 02:00:00-03:00,69.0,2.6
2024-10-24 03:00:00-03:00,68.0,0.2
2024-10-24 04:00:00-03:00,68.0,4.0
2024-10-24 05:00:00-03:00,67.25,1.2
2024-10-24 06:00:00-03:00,67.0,0.0
2024-10-24 07:00:00-03:00,66.5,0.2
2024-10-24 08:00:00-03:00,66.25,0.0
2024-10-24 09:00:00-03:00,66.0,0.0
2024-10-24 10:00:00-03:00,66.0,0.0
2024-10-24 11:00:00-03:00,66.0,0.0
2024-10-24 12:00:00-03:00,66.0,0.0
2024-10-24 13:00:00-03:00,65.5,0.0
2024-10-24 14:00:00-03:00,66.0,13.0
2024-10-24 15:00:00-03:00,65.75,2.6
2024-10-24 16:00:00-03:00,65.0,0.0
2024-10-24 17:00:00-03:00,65.0,0.0
2024-10-24 18:00:00-03:00,65.0,0.0
2024-10-24 19:00:00-03:00,64.75,0.0
2024-10-24 20:00:00-03:00,65.0,0.0
2024-10-24 21:00:00-03:00,65.0,0.0
2024-10-24 22:00:00-03:00,65.0,1.0
2024-10-24 23:00:00-03:00,66.0,0.6
2024-10-25 00:00:00-03:00,66.0,4.4
2024-10-25 01:00:00-03:00,71.0,14.0
2024-10-25 02:00:00-03:00,76.0,0.8
2024-10-25 03:00:00-03:00,81.0,0.2
2024-10-25 04:00:00-03:00,,0.6
2024-10-25 05:00:00-03:00,91.0,1.4
2024-10-25 06:00:00-03:00,95.5,1.4
2024-10-25 07:00:00-03:00,102.0,1.0
2024-10-25 08:00:00-03:00,107.5,1.0
2024-10-25 09:00:00-03:00,116.25,1.4
2024-10-25 10:00:00-03:00,126.0,0.6
2024-10-25 11:00:00-03:00,132.75,0.0
2024-10-25 12:00:00-03:00,139.75,0.0
2024-10-25 13:00:00-03:00,145.75,0.0
2024-10-25 14:00:00-03:00,152.25,0.0
2024-10-25 15:00:00-03:00,157.25,0.0
2024-10-25 16:00:00-03:00,162.5,0.0
2024-10-25 17:00:00-03:00,167.25,0.0
2024-10-25 18:00:00-03:00,172.25,0.0
2024-10-25 19:00:00-03:00,176.0,0.0
2024-10-25 20:00:00-03:00,179.75,0.0
2024-10-25 21:00:00-03:00,183.25,0.0
2024-10-25 22:00:00-03:00,186.25,0.0
2024-10-25 23:00:00-03:00,189.25,0.0
2024-10-26 00:00:00-03:00,191.75,0.0
2024-10-26 01:00:00-03:00,193.75,0.0
2024-10-26 02:00:00-03:00,195.75,0.0
2024-10-26 03:00:00-03:00,197.5,0.0
2024-10-26 04:00:00-03:00,199.5,0.0
2024-10-26 05:00:00-03:00,200.75,0.0
2024-10-26 06:00:00-03:00,202.25,0.0
2024-10-26 07:00:00-03:00,203.0,0.0
2024-10-26 08:00:00-03:00,204.5,0.0
2024-10-26 09:00:00-03:00,204.75,0.0
2024-10-26 10:00:00-03:00,205.5,0.0
2024-10-26 11:00:00-03:00,205.5,0.0
2024-10-26 12:00:00-03:00,206.0,0.0
2024-10-26 13:00:00-03:00,206.0,0.0
2024-10-26 14:00:00-03:00,205.75,0.0
2024-10-26 15:00:00-03:00,204.25,0.0
2024-10-26 16:00:00-03:00,203.75,0.0
2024-10-26 17:00:00-03:00,202.25,0.0
2024-10-26 18:00:00-03:00,200.75,0.0
2024-10-26 19:00:00-03:00,201.66666666666663,0.0
2024-10-26 20:00:00-03:00,200.0,0.0
2024-10-26 21:00:00-03:00,197.75,0.0
2024-10-26 22:00:00-03:00,196.5,0.0
2024-10-26 23:00:00-03:00,193.75,0.0
2024-10-27 00:00:00-03:00,191.0,0.0
2024-10-27 01:00:00-03:00,186.0,0.0
2024-10-27 02:00:00-03:00,183.0,0.0
2024-10-27 03:00:00-03:00,179.5,0.0
2024-10-27 04:00:00-03:00,176.0,0.0
2024-10-27 05:00:00-03:00,173.0575,0.2
2024-10-27 06:00:00-03:00,169.8175,0.8
2024-10-27 07:00:00-03:00,165.25,0.2
2024-10-27 08:00:00-03:00,162.1825,0.0
2024-10-27 09:00:00-03:00,158.8675,0.0
2024-10-27 10:00:00-03:00,156.05,0.0
2024-10-27 11:00:00-03:00,153.73250000000002,0.0
2024-10-27 12:00:00-03:00,151.66750000000002,0.0
2024-10-27 13:00:00-03:00,150.75,0.0
2024-10-27 14:00:00-03:00,148.25,0.0
2024-10-27 15:00:00-03:00,145.5,0.0
2024-10-27 16:00:00-03:00,142.75,4.2
2024-10-27 17:00:00-03:00,140.25,1.8
2024-10-27 18:00:00-03:00,137.75,0.6
2024-10-27 19:00:00-03:00,135.5,0.0
2024-10-27 20:00:00-03:00,133.5,0.0
2024-10-27 21:00:00-03:00,131.5,0.0
2024-10-27 22:00:00-03:00,129.5,0.0
2024-10-27 23:00:00-03:00,128.5,0.2
2024-10-28 00:00:00-03:00,127.25,0.0
2024-10-28 01:00:00-03:00,127.0,0.0
2024-10-28 02:00:00-03:00,127.75,0.0
2024-10-28 03:00:00-03:00,128.5,0.0
2024-10-28 04:00:00-03:00,129.25,0.0
2024-10-28 05:00:00-03:00,130.5,0.0
2024-10-28 06:00:00-03:00,131.75,0.0
2024-10-28 07:00:00-03:00,132.75,0.0
2024-10-28 08:00:00-03:00,134.0,0.0
2024-10-28 09:00:00-03:00,135.25,0.0
2024-10-28 10:00:00-03:00,136.0,0.0
2024-10-28 11:00:00-03:00,138.0,0.0
2024-10-28 12:00:00-03:00,139.0,0.0
2024-10-28 13:00:00-03:00,140.0,0.0
2024-10-28 14:00:00-03:00,141.75,0.0
2024-10-28 15:00:00-03:00,142.75,0.0
2024-10-28 16:00:00-03:00,144.0,0.0
2024-10-28 17:00:00-03:00,144.5,0.0
2024-10-28 18:00:00-03:00,144.75,0.0
2024-10-28 19:00:00-03:00,145.0,0.0
2024-10-28 20:00:00-03:00,145.0,0.0
2024-10-28 21:00:00-03:00,144.5,0.0
2024-10-28 22:00:00-03:00,144.25,0.0
2024-10-28 23:00:00-03:00,143.25,0.0
2024-10-29 00:00:00-03:00,142.75,0.0
2024-10-29 01:00:00-03:00,141.75,0.0
2024-10-29 02:00:00-03:00,140.5,0.0
2024-10-29 03:00:00-03:00,139.25,0.0
2024-10-29 04:00:00-03:00,138.0,0.0
2024-10-29 05:00:00-03:00,136.75,0.0
2024-10-29 06:00:00-03:00,135.5,0.0
2024-10-29 07:00:00-03:00,133.5,0.0
2024-10-29 08:00:00-03:00,132.5,0.0
2024-10-29 09:00:00-03:00,131.0,0.0
2024-10-29 10:00:00-03:00,129.75,0.0
2024-10-29 11:00:00-03:00,128.25,0.0
2024-10-29 12:00:00-03:00,126.75,0.0
2024-10-29 13:00:00-03:00,125.75,0.0
2024-10-29 14:00:00-03:00,124.5,0.0
2024-10-29 15:00:00-03:00,123.0,0.0
2024-10-29 16:00:00-03:00,121.25,0.0
2024-10-29 17:00:00-03:00,119.0,0.0
2024-10-29 18:00:00-03:00,117.25,0.0
2024-10-29 19:00:00-03:00,116.0,0.0
2024-10-29 20:00:00-03:00,114.5,0.0
2024-10-29 21:00:00-03:00,113.5,0.0
2024-10-29 22:00:00-03:00,112.25,0.0
2024-10-29 23:00:00-03:00,111.25,0.0
2024-10-30 00:00:00-03:00,109.75,0.0
2024-10-30 01:00:00-03:00,108.5,0.0
2024-10-30 02:00:00-03:00,108.0,0.0
2024-10-30 03:00:00-03:00,106.5,0.0
2024-10-30 04:00:00-03:00,105.5,0.0
2024-10-30 05:00:00-03:00,104.5,0.0
2024-10-30 06:00:00-03:00,103.25,0.0
2024-10-30 07:00:00-03:00,102.25,0.0
2024-10-30 08:00:00-03:00,101.75,0.0
2024-10-30 09:00:00-03:00,100.75,0.0
2024-10-30 10:00:00-03:00,100.25,0.0
2024-10-30 11:00:00-03:00,99.75,0.0
2024-10-30 12:00:00-03:00,99.25,0.0
2024-10-30 13:00:00-03:00,99.0,0.0
2024-10-30 14:00:00-03:00,98.0,0.0
2024-10-30 15:00:00-03:00,97.25,0.0
2024-10-30 16:00:00-03:00,96.25,0.0
2024-10-30 17:00:00-03:00,95.5,0.4
2024-10-30 18:00:00-03:00,94.5,0.0
2024-10-30 19:00:00-03:00,93.75,0.0
2024-10-30 20:00:00-03:00,92.75,0.0
2024-10-30 21:00:00-03:00,92.0,0.0
2024-10-30 22:00:00-03:00,91.0,0.0
2024-10-30 23:00:00-03:00,91.0,0.0
2024-10-31 00:00:00-03:00,90.0,0.0
2024-10-31 01:00:00-03:00,89.0,0.0
2024-10-31 02:00:00-03:00,88.5,0.0
2024-10-31 03:00:00-03:00,87.75,0.0
2024-10-31 04:00:00-03:00,87.25,0.0
2024-10-31 05:00:00-03:00,86.75,0.0
2024-10-31 06:00:00-03:00,86.0,0.0
2024-10-31 07:00:00-03:00,85.25,0.0
2024-10-31 08:00:00-03:00,85.0,0.0
2024-10-31 09:00:00-03:00,85.0,0.0
2024-10-31 10:00:00-03:00,84.75,0.0
2024-10-31 11:00:00-03:00,84.25,0.0
2024-10-31 12:00:00-03:00,84.0,0.0
2024-10-31 13:00:00-03:00,83.5,0.0
2024-10-31 14:00:00-03:00,83.5,0.0
2024-10-31 15:00:00-03:00,83.0,0.0
2024-10-31 16:00:00-03:00,82.0,0.0
2024-10-31 17:00:00-03:00,81.25,0.0
2024-10-31 18:00:00-03:00,81.0,0.0
2024-10-31 19:00:00-03:00,80.0,0.0
2024-10-31 20:00:00-03:00,79.75,0.0
2024-10-31 21:00:00-03:00,79.25,0.0
2024-10-31 22:00:00-03:00,78.25,0.0
2024-10-31 23:00:00-03:00,77.75,0.0
2024-11-01 00:00:00-03:00,77.0,0.0
2024-11-01 01:00:00-03:00,76.25,0.0
2024-11-01 02:00:00-03:00,75.75,0.0
2024-11-01 03:00:00-03:00,75.25,0.0
2024-11-01 04:00:00-03:00,75.0,0.0
2024-11-01 05:00:00-03:00,74.25,0.0
2024-11-01 06:00:00-03:00,74.0,0.0
2024-11-01 07:00:00-03:00,73.5,0.0
2024-11-01 08:00:00-03:00,73.0,0.0
2024-11-01 09:00:00-03:00,73.25,0.0
2024-11-01 10:00:00-03:00,73.0,0.0
2024-11-01 11:00:00-03:00,73.0,0.0
2024-11-01 12:00:00-03:00,73.0,0.0
2024-11-01 13:00:00-03:00,72.75,0.0
2024-11-01 14:00:00-03:00,72.25,0.0
2024-11-01 15:00:00-03:00,72.0,0.0
2024-11-01 16:00:00-03:00,71.5,0.0
2024-11-01 17:00:00-03:00,71.0,0.0
2024-11-01 18:00:00-03:00,70.25,0.0
2024-11-01 19:00:00-03:00,69.5,0.0
2024-11-01 20:00:00-03:00,69.0,0.0
2024-11-01 21:00:00-03:00,68.25,0.0
2024-11-01 22:00:00-03:00,68.0,0.0
2024-11-01 23:00:00-03:00,67.0,0.0
2024-11-02 00:00:00-03:00,66.75,0.0
2024-11-02 01:00:00-03:00,66.0,0.0
2024-11-02 02:00:00-03:00,65.25,0.0
2024-11-02 03:00:00-03:00,65.0,0.0
2024-11-02 04:00:00-03:00,64.75,0.0
2024-11-02 05:00:00-03:00,64.0,0.0
2024-11-02 06:00:00-03:00,63.75,0.0
2024-11-02 07:00:00-03:00,63.0,0.0
2024-11-02 08:00:00-03:00,63.0,0.0
2024-11-02 09:00:00-03:00,63.0,0.0
2024-11-02 10:00:00-03:00,62.75,0.0
2024-11-02 11:00:00-03:00,62.25,0.0
2024-11-02 12:00:00-03:00,62.5,0.0
2024-11-02 13:00:00-03:00,62.0,0.0
2024-11-02 14:00:00-03:00,62.0,0.0
2024-11-02 15:00:00-03:00,62.0,0.0
2024-11-02 16:00:00-03:00,61.25,0.0
2024-11-02 17:00:00-03:00,61.0,0.0
2024-11-02 18:00:00-03:00,60.5,0.0
2024-11-02 19:00:00-03:00,60.75,0.0
2024-11-02 20:00:00-03:00,60.0,0.0
2024-11-02 21:00:00-03:00,59.25,0.0
2024-11-02 22:00:00-03:00,59.0,0.0
2024-11-02 23:00:00-03:00,58.5,0.0
2024-11-03 01:00:00-03:00,58.0,0.0
2024-11-03 02:00:00-03:00,57.0,0.0
2024-11-03 03:00:00-03:00,57.0,0.0
2024-11-03 04:00:00-03:00,56.5,0.0
2024-11-03 05:00:00-03:00,56.0,0.0
2024-11-03 06:00:00-03:00,56.0,0.0
2024-11-03 07:00:00-03:00,56.0,0.0
2024-11-03 08:00:00-03:00,56.0,0.0
2024-11-03 09:00:00-03:00,56.0,0.0
2024-11-03 10:00:00-03:00,56.75,0.0
2024-11-03 11:00:00-03:00,57.0,0.0
2024-11-03 12:00:00-03:00,57.0,0.0
2024-11-03 13:00:00-03:00,57.75,0.8
2024-11-03 14:00:00-03:00,59.0,1.4
2024-11-03 15:00:00-03:00,59.0,0.6
2024-11-03 16:00:00-03:00,58.5,0.0
2024-11-03 17:00:00-03:00,58.5,0.2
2024-11-03 18:00:00-03:00,59.25,0.2
2024-11-03 19:00:00-03:00,59.0,0.0
2024-11-03 20:00:00-03:00,58.25,0.8
2024-11-03 21:00:00-03:00,58.0,0.4
2024-11-03 22:00:00-03:00,57.25,0.0
2024-11-03 23:00:00-03:00,57.0,0.0
2024-11-04 00:00:00-03:00,56.25,0.0
2024-11-04 01:00:00-03:00,56.0,0.2
2024-11-04 02:00:00-03:00,56.0,0.2
2024-11-04 03:00:00-03:00,55.0,1.0
2024-11-04 04:00:00-03:00,56.0,1.4
2024-11-04 05:00:00-03:00,56.0,0.4
2024-11-04 06:00:00-03:00,56.0,1.0
2024-11-04 07:00:00-03:00,55.75,0.8
2024-11-04 08:00:00-03:00,56.0,2.4
2024-11-04 09:00:00-03:00,56.0,0.0
2024-11-04 10:00:00-03:00,56.0,0.8
2024-11-04 11:00:00-03:00,57.0,1.8
2024-11-04 12:00:00-03:00,58.0,1.0
2024-11-04 13:00:00-03:00,58.75,0.8
2024-11-04 14:00:00-03:00,59.0,2.4
2024-11-04 15:00:00-03:00,59.0,0.6
2024-11-04 16:00:00-03:00,59.0,0.8
2024-11-04 17:00:00-03:00,59.25,0.8
2024-11-04 18:00:00-03:00,60.25,0.4
2024-11-04 19:00:00-03:00,60.25,0.2
2024-11-04 20:00:00-03:00,61.75,0.0
2024-11-04 21:00:00-03:00,61.0,0.2
2024-11-04 22:00:00-03:00,61.0,0.0
2024-11-04 23:00:00-03:00,61.0,0.0
2024-11-05 00:00:00-03:00,61.75,0.0
2024-11-05 01:00:00-03:00,62.0,0.0
2024-11-05 02:00:00-03:00,62.25,0.0
2024-11-05 03:00:00-03:00,63.0,0.4
2024-11-05 04:00:00-03:00,63.75,0.4
2024-11-05 05:00:00-03:00,64.0,0.4
2024-11-05 06:00:00-03:00,65.0,0.0
2024-11-05 07:00:00-03:00,65.5,0.4
2024-11-05 08:00:00-03:00,66.0,0.6
2024-11-05 09:00:00-03:00,66.75,0.2
2024-11-05 10:00:00-03:00,67.0,0.0
2024-11-05 11:00:00-03:00,68.0,0.6
2024-11-05 12:00:00-03:00,68.75,0.0
2024-11-05 13:00:00-03:00,69.0,0.0
2024-11-05 14:00:00-03:00,70.0,0.0
2024-11-05 15:00:00-03:00,71.0,0.0
2024-11-05 16:00:00-03:00,71.5,2.6
2024-11-05 17:00:00-03:00,72.0,0.4
2024-11-05 18:00:00-03:00,72.0,0.0
2024-11-05 19:00:00-03:00,73.25,0.0
2024-11-05 20:00:00-03:00,74.0,0.0
2024-11-05 21:00:00-03:00,76.0,0.0
2024-11-05 22:00:00-03:00,76.0,0.6
2024-11-05 23:00:00-03:00,76.0,0.4
2024-11-06 00:00:00-03:00,76.75,1.6
2024-11-06 01:00:00-03:00,77.0,0.6
2024-11-06 02:00:00-03:00,77.0,0.0
2024-11-06 03:00:00-03:00,77.75,0.2
2024-11-06 04:00:00-03:00,78.75,0.6
2024-11-06 05:00:00-03:00,80.0,0.2
2024-11-06 06:00:00-03:00,80.25,0.2
2024-11-06 07:00:00-03:00,82.75,0.6
2024-11-06 08:00:00-03:00,84.0,0.0
2024-11-06 09:00:00-03:00,84.25,0.0
2024-11-06 10:00:00-03:00,85.5,0.0
2024-11-06 11:00:00-03:00,86.75,0.0
2024-11-06 12:00:00-03:00,87.75,0.0
2024-11-06 13:00:00-03:00,89.25,0.0
2024-11-06 14:00:00-03:00,90.5,0.0
2024-11-06 15:00:00-03:00,91.75,0.2
2024-11-06 16:00:00-03:00,92.75,0.0
2024-11-06 17:00:00-03:00,93.0,0.0
2024-11-06 18:00:00-03:00,93.75,0.0
2024-11-06 19:00:00-03:00,94.0,10.0
2024-11-06 20:00:00-03:00,94.0,2.0
2024-11-06 21:00:00-03:00,94.0,0.2
2024-11-06 22:00:00-03:00,93.5,0.0
2024-11-06 23:00:00-03:00,93.25,0.0
2024-11-07 00:00:00-03:00,93.0,0.4
2024-11-07 01:00:00-03:00,93.0,0.2
2024-11-07 02:00:00-03:00,92.5,0.0
2024-11-07 03:00:00-03:00,92.5,0.0
2024-11-07 04:00:00-03:00,92.0,0.0
2024-11-07 05:00:00-03:00,92.0,0.0
2024-11-07 06:00:00-03:00,92.75,0.0
2024-11-07 07:00:00-03:00,92.5,0.0
2024-11-07 08:00:00-03:00,92.0,0.4
2024-11-07 09:00:00-03:00,93.0,1.0
2024-11-07 10:00:00-03:00,95.0,2.0
2024-11-07 11:00:00-03:00,95.0,0.2
2024-11-07 12:00:00-03:00,94.0,0.0
2024-11-07 13:00:00-03:00,94.0,0.0
2024-11-07 14:00:00-03:00,94.0,0.0
2024-11-07 15:00:00-03:00,94.25,0.8
2024-11-07 16:00:00-03:00,96.0,1.8
2024-11-07 17:00:00-03:00,96.0,0.0
2024-11-07 18:00:00-03:00,96.0,0.0
2024-11-07 19:00:00-03:00,96.75,0.0
2024-11-07 20:00:00-03:00,97.0,0.0
2024-11-07 21:00:00-03:00,98.0,0.6
2024-11-07 22:00:00-03:00,98.0,0.4
2024-11-07 23:00:00-03:00,98.5,0.2
2024-11-08 00:00:00-03:00,99.25,0.0
2024-11-08 01:00:00-03:00,99.75,0.0
2024-11-08 02:00:00-03:00,100.0,0.0
2024-11-08 03:00:00-03:00,100.0,0.0
2024-11-08 04:00:00-03:00,101.25,0.0
2024-11-08 05:00:00-03:00,102.25,1.2
2024-11-08 06:00:00-03:00,103.5,1.4
2024-11-08 07:00:00-03:00,105.0,2.4
2024-11-08 08:00:00-03:00,107.25,2.8
2024-11-08 09:00:00-03:00,109.5,3.4
2024-11-08 10:00:00-03:00,111.75,0.0
2024-11-08 11:00:00-03:00,114.0,0.8
2024-11-08 12:00:00-03:00,117.25,2.0
2024-11-08 13:00:00-03:00,121.75,8.4
2024-11-08 14:00:00-03:00,124.0,0.2
2024-11-08 15:00:00-03:00,126.5,0.0
2024-11-08 16:00:00-03:00,129.0,0.0
2024-11-08 17:00:00-03:00,134.0,13.2
2024-11-08 18:00:00-03:00,141.5,2.8
2024-11-08 19:00:00-03:00,141.75,1.8
2024-11-08 20:00:00-03:00,145.75,1.4
2024-11-08 21:00:00-03:00,149.25,1.6
2024-11-08 22:00:00-03:00,152.5,2.4
2024-11-08 23:00:00-03:00,155.5,1.6
2024-11-09 00:00:00-03:00,158.5,0.0
2024-11-09 01:00:00-03:00,160.0,0.0
2024-11-09 02:00:00-03:00,161.75,0.0
2024-11-09 03:00:00-03:00,163.25,0.4
2024-11-09 04:00:00-03:00,165.0,0.6
2024-11-09 05:00:00-03:00,166.75,0.0
2024-11-09 06:00:00-03:00,168.75,0.4
2024-11-09 07:00:00-03:00,171.75,0.2
2024-11-09 08:00:00-03:00,174.75,0.8
2024-11-09 09:00:00-03:00,178.5,0.6
2024-11-09 10:00:00-03:00,183.0,0.6
2024-11-09 11:00:00-03:00,187.75,0.2
2024-11-09 12:00:00-03:00,192.75,0.2
2024-11-09 13:00:00-03:00,197.25,0.4
2024-11-09 14:00:00-03:00,202.0,0.0
2024-11-09 15:00:00-03:00,206.75,0.0
2024-11-09 16:00:00-03:00,211.75,0.2
2024-11-09 17:00:00-03:00,216.25,0.0
2024-11-09 18:00:00-03:00,219.5,0.0
2024-11-09 19:00:00-03:00,222.75,0.0
2024-11-09 20:00:00-03:00,225.75,0.0
2024-11-09 21:00:00-03:00,228.75,0.0
2024-11-09 22:00:00-03:00,231.25,0.0
2024-11-09 23:00:00-03:00,233.75,0.0
2024-11-10 00:00:00-03:00,236.0,0.0
2024-11-10 01:00:00-03:00,238.0,0.0
2024-11-10 02:00:00-03:00,239.75,0.0
2024-11-10 03:00:00-03:00,241.25,0.0
2024-11-10 04:00:00-03:00,242.25,0.0
2024-11-10 05:00:00-03:00,243.25,0.0
2024-11-10 06:00:00-03:00,244.75,0.0
2024-11-10 07:00:00-03:00,245.25,0.0
2024-11-10 08:00:00-03:00,246.25,0.0
2024-11-10 09:00:00-03:00,247.0,0.0
2024-11-10 10:00:00-03:00,247.5,0.0
2024-11-10 11:00:00-03:00,248.5,0.0
2024-11-10 12:00:00-03:00,249.0,0.0
2024-11-10 13:00:00-03:00,249.0,0.0
2024-11-10 14:00:00-03:00,249.0,0.0
2024-11-10 15:00:00-03:00,249.0,0.0
2024-11-10 16:00:00-03:00,249.0,0.0
2024-11-10 17:00:00-03:00,248.25,0.0
2024-11-10 18:00:00-03:00,247.75,0.0
2024-11-10 19:00:00-03:00,247.0,0.0
2024-11-10 20:00:00-03:00,246.0,0.0
2024-11-10 21:00:00-03:00,244.75,0.0
2024-11-10 22:00:00-03:00,243.0,0.0
2024-11-10 23:00:00-03:00,241.25,0.0
2024-11-11 00:00:00-03:00,239.75,0.0
2024-11-11 01:00:00-03:00,237.25,0.0
2024-11-11 02:00:00-03:00,235.25,0.0
2024-11-11 03:00:00-03:00,232.5,0.0
2024-11-11 04:00:00-03:00,229.75,0.0
2024-11-11 05:00:00-03:00,226.5,0.0
2024-11-11 06:00:00-03:00,223.25,0.0
2024-11-11 07:00:00-03:00,219.75,0.0
2024-11-11 08:00:00-03:00,216.75,0.0
2024-11-11 09:00:00-03:00,213.0,0.0
2024-11-11 10:00:00-03:00,209.5,0.0
2024-11-11 11:00:00-03:00,205.5,0.0
2024-11-11 12:00:00-03:00,201.5,0.0
2024-11-11 13:00:00-03:00,197.5,0.0
2024-11-11 14:00:00-03:00,193.5,0.0
2024-11-11 15:00:00-03:00,189.75,0.0
2024-11-11 16:00:00-03:00,186.25,0.0
2024-11-11 17:00:00-03:00,182.5,0.0
2024-11-11 18:00:00-03:00,179.25,0.0
2024-11-11 19:00:00-03:00,176.5,0.0
2024-11-11 20:00:00-03:00,172.25,0.0
2024-11-11 21:00:00-03:00,168.0,0.0
2024-11-11 22:00:00-03:00,166.0,0.0
2024-11-11 23:00:00-03:00,162.75,0.0
2024-11-12 00:00:00-03:00,160.5,0.0
2024-11-12 01:00:00-03:00,158.0,0.0
2024-11-12 02:00:00-03:00,155.25,0.0
2024-11-12 03:00:00-03:00,153.0,0.0
2024-11-12 04:00:00-03:00,151.25,0.0
2024-11-12 05:00:00-03:00,149.0,0.0
2024-11-12 06:00:00-03:00,147.0,0.0
2024-11-12 07:00:00-03:00,145.5,0.0
2024-11-12 08:00:00-03:00,144.25,0.0
2024-11-12 09:00:00-03:00,142.5,0.0
2024-11-12 10:00:00-03:00,141.25,0.0
2024-11-12 11:00:00-03:00,140.25,0.0
2024-11-12 12:00:00-03:00,139.0,0.0
2024-11-12 13:00:00-03:00,137.75,0.0
2024-11-12 14:00:00-03:00,136.5,0.0
2024-11-12 15:00:00-03:00,135.25,0.0
2024-11-12 16:00:00-03:00,134.0,0.0
2024-11-12 17:00:00-03:00,132.5,0.0
2024-11-12 18:00:00-03:00,131.25,0.0
2024-11-12 19:00:00-03:00,129.5,0.0
2024-11-12 20:00:00-03:00,128.25,0.0
2024-11-12 21:00:00-03:00,127.0,0.0
2024-11-12 22:00:00-03:00,125.75,0.0
2024-11-12 23:00:00-03:00,124.5,0.0
2024-11-13 00:00:00-03:00,123.25,0.0
2024-11-13 01:00:00-03:00,122.75,0.0
2024-11-13 02:00:00-03:00,121.75,0.0
2024-11-13 03:00:00-03:00,120.5,0.0
2024-11-13 04:00:00-03:00,119.5,0.0
2024-11-13 05:00:00-03:00,118.75,0.0
2024-11-13 06:00:00-03:00,117.25,0.0
2024-11-13 07:00:00-03:00,116.0,0.0
2024-11-13 08:00:00-03:00,115.0,0.6
2024-11-13 09:00:00-03:00,114.25,2.4
2024-11-13 10:00:00-03:00,116.25,0.6
2024-11-13 11:00:00-03:00,114.0,0.2
2024-11-13 12:00:00-03:00,112.5,0.2
2024-11-13 13:00:00-03:00,112.0,0.0
2024-11-13 14:00:00-03:00,111.25,0.0
2024-11-13 15:00:00-03:00,110.25,0.0
2024-11-13 16:00:00-03:00,109.5,0.0
2024-11-13 17:00:00-03:00,108.5,0.0
2024-11-13 18:00:00-03:00,108.0,0.0
2024-11-13 19:00:00-03:00,107.25,0.0
2024-11-13 20:00:00-03:00,106.25,0.0
2024-11-13 21:00:00-03:00,105.75,0.0
2024-11-13 22:00:00-03:00,105.0,0.0
2024-11-13 23:00:00-03:00,104.25,0.0
2024-11-14 00:00:00-03:00,103.5,0.0
2024-11-14 01:00:00-03:00,102.75,0.0
2024-11-14 02:00:00-03:00,102.25,0.0
2024-11-14 03:00:00-03:00,101.25,0.0
2024-11-14 04:00:00-03:00,100.75,0.0
2024-11-14 05:00:00-03:00,100.0,0.0
2024-11-14 06:00:00-03:00,100.0,0.0
2024-11-14 07:00:00-03:00,99.0,0.0
2024-11-14 08:00:00-03:00,98.75,0.0
2024-11-14 09:00:00-03:00,98.5,0.0
2024-11-14 10:00:00-03:00,98.0,0.0
2024-11-14 11:00:00-03:00,98.0,0.0
2024-11-14 12:00:00-03:00,97.75,0.0
2024-11-14 13:00:00-03:00,98.0,0.0
2024-11-14 14:00:00-03:00,98.0,0.0
2024-11-14 15:00:00-03:00,97.5,0.0
2024-11-14 16:00:00-03:00,97.0,0.0
2024-11-14 17:00:00-03:00,97.0,0.0
2024-11-14 18:00:00-03:00,96.5,0.0
2024-11-14 19:00:00-03:00,96.0,0.0
2024-11-14 20:00:00-03:00,96.0,0.0
2024-11-14 21:00:00-03:00,96.0,0.0
2024-11-14 22:00:00-03:00,96.0,0.0
2024-11-14 23:00:00-03:00,96.0,0.0
2024-11-15 00:00:00-03:00,96.0,0.0
2024-11-15 01:00:00-03:00,95.5,0.0
2024-11-15 02:00:00-03:00,95.0,0.0
2024-11-15 03:00:00-03:00,95.0,0.0
2024-11-15 04:00:00-03:00,94.5,0.0
2024-11-15 05:00:00-03:00,94.25,0.0
2024-11-15 06:00:00-03:00,94.0,0.0
2024-11-15 07:00:00-03:00,93.5,0.0
2024-11-15 08:00:00-03:00,93.0,0.0
2024-11-15 09:00:00-03:00,92.75,0.0
2024-11-15 10:00:00-03:00,92.0,0.0
2024-11-15 11:00:00-03:00,92.0,0.0
2024-11-15 12:00:00-03:00,91.5,0.0
2024-11-15 13:00:00-03:00,91.0,0.0
2024-11-15 14:00:00-03:00,91.0,0.0
2024-11-15 15:00:00-03:00,90.25,0.0
2024-11-15 16:00:00-03:00,90.0,0.0
2024-11-15 17:00:00-03:00,89.75,0.0
2024-11-15 18:00:00-03:00,89.25,0.0
2024-11-15 19:00:00-03:00,88.75,3.0
2024-11-15 20:00:00-03:00,88.5,0.4
2024-11-15 21:00:00-03:00,88.0,2.6
2024-11-15 22:00:00-03:00,87.5,0.4
2024-11-15 23:00:00-03:00,86.75,0.0
2024-11-16 00:00:00-03:00,86.0,0.0
2024-11-16 01:00:00-03:00,85.5,0.0
2024-11-16 02:00:00-03:00,85.0,2.4
2024-11-16 03:00:00-03:00,84.75,0.2
2024-11-16 04:00:00-03:00,84.0,0.4
2024-11-16 05:00:00-03:00,84.0,4.2
2024-11-16 06:00:00-03:00,84.0,4.8
2024-11-16 07:00:00-03:00,83.25,4.4
2024-11-16 08:00:00-03:00,83.25,1.0
2024-11-16 09:00:00-03:00,83.0,0.4
2024-11-16 10:00:00-03:00,83.0,3.4
2024-11-16 11:00:00-03:00,83.0,0.2
2024-11-16 12:00:00-03:00,82.75,0.8
2024-11-16 13:00:00-03:00,82.5,0.4
2024-11-16 14:00:00-03:00,83.0,0.0
2024-11-16 15:00:00-03:00,83.0,0.0
2024-11-16 16:00:00-03:00,83.0,0.0
2024-11-16 17:00:00-03:00,83.25,0.0
2024-11-16 18:00:00-03:00,83.75,0.0
2024-11-16 19:00:00-03:00,83.75,0.0
2024-11-16 20:00:00-03:00,84.25,0.0
2024-11-16 21:00:00-03:00,85.0,0.0
2024-11-16 22:00:00-03:00,85.25,0.0
2024-11-16 23:00:00-03:00,86.0,0.0
2024-11-17 00:00:00-03:00,86.75,0.0
2024-11-17 01:00:00-03:00,87.5,0.0
2024-11-17 02:00:00-03:00,88.5,0.0
2024-11-17 03:00:00-03:00,89.75,0.2
2024-11-17 04:00:00-03:00,91.5,0.6
2024-11-17 05:00:00-03:00,92.75,0.0
2024-11-17 06:00:00-03:00,94.75,0.0
2024-11-17 07:00:00-03:00,96.25,0.2
2024-11-17 08:00:00-03:00,98.5,0.0
2024-11-17 09:00:00-03:00,101.0,0.0
2024-11-17 10:00:00-03:00,103.5,0.0
2024-11-17 11:00:00-03:00,106.5,0.0
2024-11-17 12:00:00-03:00,108.75,0.0
2024-11-17 13:00:00-03:00,111.75,0.0
2024-11-17 14:00:00-03:00,115.25,0.0
2024-11-17 15:00:00-03:00,119.5,0.0
2024-11-17 16:00:00-03:00,122.0,0.0
2024-11-17 17:00:00-03:00,125.25,0.0
2024-11-17 18:00:00-03:00,127.25,0.0
2024-11-17 19:00:00-03:00,129.5,0.0
2024-11-17 20:00:00-03:00,131.5,0.0
2024-11-17 21:00:00-03:00,133.0,0.0
2024-11-17 22:00:00-03:00,134.5,0.0
2024-11-17 23:00:00-03:00,135.0,0.0
2024-11-18 00:00:00-03:00,136.0,0.0
2024-11-18 01:00:00-03:00,136.5,0.0
2024-11-18 02:00:00-03:00,136.25,0.0
2024-11-18 03:00:00-03:00,136.5,0.0
2024-11-18 04:00:00-03:00,136.0,0.0
2024-11-18 05:00:00-03:00,135.25,0.0
2024-11-18 06:00:00-03:00,134.5,0.0
2024-11-18 07:00:00-03:00,133.25,0.0
2024-11-18 08:00:00-03:00,132.25,0.0
2024-11-18 09:00:00-03:00,131.25,0.0
2024-11-18 10:00:00-03:00,130.0,0.0
2024-11-18 11:00:00-03:00,128.25,0.0
2024-11-18 12:00:00-03:00,126.5,0.0
2024-11-18 13:00:00-03:00,125.0,0.0
2024-11-18 14:00:00-03:00,123.5,0.0
2024-11-18 15:00:00-03:00,122.0,0.0
2024-11-18 16:00:00-03:00,120.0,0.0
2024-11-18 17:00:00-03:00,118.5,0.0
2024-11-18 18:00:00-03:00,115.75,0.0
2024-11-18 19:00:00-03:00,113.5,0.0
2024-11-18 20:00:00-03:00,111.75,0.0
2024-11-18 21:00:00-03:00,110.5,0.0
2024-11-18 22:00:00-03:00,108.5,0.0
2024-11-18 23:00:00-03:00,107.5,0.0
2024-11-19 00:00:00-03:00,105.75,0.0
2024-11-19 01:00:00-03:00,104.75,0.0
2024-11-19 02:00:00-03:00,103.75,0.0
2024-11-19 03:00:00-03:00,102.5,0.0
2024-11-19 04:00:00-03:00,101.75,0.0
2024-11-19 05:00:00-03:00,100.75,0.0
2024-11-19 06:00:00-03:00,99.5,0.0
2024-11-19 07:00:00-03:00,99.0,0.0
2024-11-19 08:00:00-03:00,98.0,0.0
2024-11-19 09:00:00-03:00,97.0,0.0
2024-11-19 10:00:00-03:00,97.0,0.0
2024-11-19 11:00:00-03:00,96.5,0.0
2024-11-19 12:00:00-03:00,96.0,0.0
2024-11-19 13:00:00-03:00,95.25,0.0
2024-11-19 14:00:00-03:00,94.5,0.0
2024-11-19 15:00:00-03:00,94.0,0.0
2024-11-19 16:00:00-03:00,93.5,0.0
2024-11-19 17:00:00-03:00,93.0,0.0
2024-11-19 18:00:00-03:00,92.0,0.0
2024-11-19 19:00:00-03:00,91.0,0.0
2024-11-19 20:00:00-03:00,90.5,0.0
2024-11-19 21:00:00-03:00,89.5,0.0
2024-11-19 22:00:00-03:00,88.75,0.0
2024-11-19 23:00:00-03:00,88.0,0.0
2024-11-20 00:00:00-03:00,87.25,0.0
2024-11-20 01:00:00-03:00,87.0,0.0
2024-11-20 02:00:00-03:00,86.5,0.0
2024-11-20 03:00:00-03:00,86.0,0.0
2024-11-20 04:00:00-03:00,85.0,0.0
2024-11-20 05:00:00-03:00,84.5,0.0
2024-11-20 06:00:00-03:00,84.0,0.0
2024-11-20 07:00:00-03:00,83.5,0.0
2024-11-20 08:00:00-03:00,83.0,0.0
2024-11-20 09:00:00-03:00,83.0,0.0
2024-11-20 10:00:00-03:00,83.0,0.0
2024-11-20 11:00:00-03:00,82.75,0.0
2024-11-20 12:00:00-03:00,82.25,0.0
2024-11-20 13:00:00-03:00,82.0,0.0
2024-11-20 14:00:00-03:00,81.5,0.0
2024-11-20 15:00:00-03:00,81.0,0.0
2024-11-20 16:00:00-03:00,81.0,0.0
2024-11-20 17:00:00-03:00,80.0,0.0
2024-11-20 18:00:00-03:00,80.0,0.0
2024-11-20 19:00:00-03:00,79.0,0.0
2024-11-20 20:00:00-03:00,78.5,0.0
2024-11-20 21:00:00-03:00,78.0,0.0
2024-11-20 22:00:00-03:00,77.0,0.0
2024-11-20 23:00:00-03:00,77.0,0.0
2024-11-21 00:00:00-03:00,76.5,0.0
2024-11-21 01:00:00-03:00,76.0,0.0
2024-11-21 02:00:00-03:00,75.25,0.0
2024-11-21 03:00:00-03:00,75.0,0.0
2024-11-21 04:00:00-03:00,75.0,0.0
2024-11-21 05:00:00-03:00,74.25,0.0
2024-11-21 06:00:00-03:00,74.0,0.0
2024-11-21 07:00:00-03:00,73.75,0.0
2024-11-21 08:00:00-03:00,73.5,0.0
2024-11-21 09:00:00-03:00,73.5,0.0
2024-11-21 10:00:00-03:00,73.5,0.0
2024-11-21 11:00:00-03:00,73.25,0.0
2024-11-21 12:00:00-03:00,73.25,0.0
2024-11-21 13:00:00-03:00,73.0,0.0
2024-11-21 14:00:00-03:00,73.0,0.0
2024-11-21 15:00:00-03:00,73.0,0.0
2024-11-21 16:00:00-03:00,72.75,0.0
2024-11-21 17:00:00-03:00,72.0,0.0
2024-11-21 18:00:00-03:00,72.0,0.0
2024-11-21 19:00:00-03:00,71.5,0.0
2024-11-21 20:00:00-03:00,71.0,0.0
2024-11-21 21:00:00-03:00,70.75,0.0
2024-11-21 22:00:00-03:00,70.5,0.0
2024-11-21 23:00:00-03:00,70.25,0.0
2024-11-22 00:00:00-03:00,70.0,0.0
2024-11-22 01:00:00-03:00,70.0,0.0
2024-11-22 02:00:00-03:00,69.5,0.0
2024-11-22 03:00:00-03:00,69.25,0.0
2024-11-22 04:00:00-03:00,69.25,0.0
2024-11-22 05:00:00-03:00,69.25,0.0
2024-11-22 06:00:00-03:00,69.25,0.0
2024-11-22 07:00:00-03:00,69.25,0.0
2024-11-22 08:00:00-03:00,69.5,0.0
2024-11-22 09:00:00-03:00,70.0,0.0
2024-11-22 10:00:00-03:00,70.0,0.0
2024-11-22 11:00:00-03:00,70.75,0.0
2024-11-22 12:00:00-03:00,71.0,0.0
2024-11-22 13:00:00-03:00,71.0,0.0
2024-11-22 14:00:00-03:00,71.0,0.4
2024-11-22 15:00:00-03:00,71.0,0.2
2024-11-22 16:00:00-03:00,71.0,0.0
2024-11-22 17:00:00-03:00,71.0,0.0
2024-11-22 18:00:00-03:00,70.75,0.0
2024-11-22 19:00:00-03:00,70.5,0.0
2024-11-22 20:00:00-03:00,70.0,0.0
2024-11-22 21:00:00-03:00,70.0,0.0
2024-11-22 22:00:00-03:00,69.5,0.0
2024-11-22 23:00:00-03:00,68.75,0.0
2024-11-23 00:00:00-03:00,68.5,0.0
2024-11-23 01:00:00-03:00,68.0,0.0
2024-11-23 02:00:00-03:00,67.75,0.0
2024-11-23 03:00:00-03:00,67.0,0.0
2024-11-23 04:00:00-03:00,67.0,0.0
2024-11-23 05:00:00-03:00,67.0,0.0
2024-11-23 06:00:00-03:00,66.25,0.0
2024-11-23 07:00:00-03:00,66.0,0.0
2024-11-23 08:00:00-03:00,66.0,0.0
2024-11-23 09:00:00-03:00,66.0,0.0
2024-11-23 10:00:00-03:00,66.0,0.2
2024-11-23 11:00:00-03:00,66.0,0.0
2024-11-23 12:00:00-03:00,66.0,0.0
2024-11-23 13:00:00-03:00,66.0,0.0
2024-11-23 14:00:00-03:00,66.0,0.0
2024-11-23 15:00:00-03:00,65.0,0.0
2024-11-23 16:00:00-03:00,65.0,0.0
2024-11-23 17:00:00-03:00,65.0,0.0
2024-11-23 18:00:00-03:00,65.0,0.0
2024-11-23 19:00:00-03:00,64.75,0.0
2024-11-23 20:00:00-03:00,64.25,0.0
2024-11-23 21:00:00-03:00,64.0,0.0
2024-11-23 22:00:00-03:00,64.0,0.0
2024-11-23 23:00:00-03:00,64.0,0.0
2024-11-24 00:00:00-03:00,64.0,0.0
2024-11-24 01:00:00-03:00,64.0,0.0
2024-11-24 02:00:00-03:00,64.0,0.0
2024-11-24 03:00:00-03:00,64.0,0.0
2024-11-24 04:00:00-03:00,64.0,0.0
2024-11-24 05:00:00-03:00,64.0,0.0
2024-11-24 06:00:00-03:00,64.0,0.0
2024-11-24 07:00:00-03:00,64.0,0.0
2024-11-24 08:00:00-03:00,64.25,0.0
2024-11-24 09:00:00-03:00,64.0,0.0
2024-11-24 10:00:00-03:00,64.0,0.0
2024-11-24 11:00:00-03:00,64.0,0.0
2024-11-24 12:00:00-03:00,64.5,0.0
2024-11-24 13:00:00-03:00,64.0,0.0
2024-11-24 14:00:00-03:00,64.25,0.0
2024-11-24 15:00:00-03:00,65.0,0.0
2024-11-24 16:00:00-03:00,64.5,0.0
2024-11-24 17:00:00-03:00,63.75,0.0
2024-11-24 18:00:00-03:00,63.5,0.4
2024-11-24 19:00:00-03:00,63.0,0.2
2024-11-24 20:00:00-03:00,63.0,0.0
2024-11-24 21:00:00-03:00,63.0,0.0
2024-11-24 22:00:00-03:00,63.0,0.0
2024-11-24 23:00:00-03:00,62.5,0.0
2024-11-25 00:00:00-03:00,62.0,0.0
2024-11-25 01:00:00-03:00,62.0,0.0
2024-11-25 02:00:00-03:00,62.0,0.0
2024-11-25 03:00:00-03:00,61.0,0.0
2024-11-25 04:00:00-03:00,61.0,0.0
2024-11-25 05:00:00-03:00,61.0,0.0
2024-11-25 06:00:00-03:00,61.0,0.0
2024-11-25 07:00:00-03:00,60.75,0.0
2024-11-25 08:00:00-03:00,61.0,0.0
2024-11-25 09:00:00-03:00,61.0,0.0
2024-11-25 10:00:00-03:00,61.0,0.0
2024-11-25 11:00:00-03:00,60.75,0.0
2024-11-25 12:00:00-03:00,60.5,0.0
2024-11-25 13:00:00-03:00,60.0,0.0
2024-11-25 14:00:00-03:00,60.0,0.0
2024-11-25 15:00:00-03:00,59.75,0.0
2024-11-25 16:00:00-03:00,59.75,0.0
2024-11-25 17:00:00-03:00,59.0,0.0
2024-11-25 18:00:00-03:00,58.5,0.0
2024-11-25 19:00:00-03:00,58.0,0.0
2024-11-25 20:00:00-03:00,57.25,0.0
2024-11-25 21:00:00-03:00,57.0,0.0
2024-11-25 22:00:00-03:00,56.5,0.0
2024-11-25 23:00:00-03:00,56.0,0.0
2024-11-26 00:00:00-03:00,56.0,0.0
2024-11-26 01:00:00-03:00,55.25,0.0
2024-11-26 02:00:00-03:00,55.0,0.0
2024-11-26 03:00:00-03:00,54.5,0.0
2024-11-26 04:00:00-03:00,54.0,0.0
2024-11-26 05:00:00-03:00,54.0,0.0
2024-11-26 06:00:00-03:00,53.5,0.0
2024-11-26 07:00:00-03:00,53.0,0.0
2024-11-26 08:00:00-03:00,53.0,0.0
2024-11-26 09:00:00-03:00,53.0,0.0
2024-11-26 10:00:00-03:00,53.25,0.0
2024-11-26 11:00:00-03:00,53.0,0.0
2024-11-26 12:00:00-03:00,53.0,0.0
2024-11-26 13:00:00-03:00,53.0,0.0
2024-11-26 14:00:00-03:00,53.0,0.0
2024-11-26 15:00:00-03:00,53.0,0.0
2024-11-26 16:00:00-03:00,53.0,0.0
2024-11-26 17:00:00-03:00,52.0,0.0
2024-11-26 18:00:00-03:00,52.0,0.0
2024-11-26 19:00:00-03:00,51.5,0.0
2024-11-26 20:00:00-03:00,51.0,0.0
2024-11-26 21:00:00-03:00,51.0,0.0
2024-11-26 22:00:00-03:00,50.75,0.0
2024-11-26 23:00:00-03:00,50.0,0.0
2024-11-27 00:00:00-03:00,50.0,0.0
2024-11-27 01:00:00-03:00,50.0,0.0
2024-11-27 02:00:00-03:00,49.75,0.0
2024-11-27 03:00:00-03:00,49.25,0.0
2024-11-27 04:00:00-03:00,49.0,0.0
2024-11-27 05:00:00-03:00,49.0,0.0
2024-11-27 06:00:00-03:00,49.0,0.0
2024-11-27 07:00:00-03:00,49.0,0.0
2024-11-27 08:00:00-03:00,49.0,0.0
2024-11-27 09:00:00-03:00,49.0,0.0
2024-11-27 10:00:00-03:00,49.0,0.0
2024-11-27 11:00:00-03:00,49.0,0.0
2024-11-27 12:00:00-03:00,49.25,0.0
2024-11-27 13:00:00-03:00,49.0,0.0
2024-11-27 14:00:00-03:00,49.0,0.0
2024-11-27 15:00:00-03:00,49.0,0.0
2024-11-27 16:00:00-03:00,49.0,0.0
2024-11-27 17:00:00-03:00,49.0,0.0
2024-11-27 18:00:00-03:00,49.0,0.0
2024-11-27 19:00:00-03:00,48.75,0.0
2024-11-27 20:00:00-03:00,48.0,0.0
2024-11-27 21:00:00-03:00,48.0,0.0
2024-11-27 22:00:00-03:00,48.0,0.0
2024-11-27 23:00:00-03:00,48.0,0.0
2024-11-28 00:00:00-03:00,48.0,0.0
2024-11-28 01:00:00-03:00,48.0,0.0
2024-11-28 02:00:00-03:00,47.75,0.0
2024-11-28 03:00:00-03:00,47.0,0.0
2024-11-28 04:00:00-03:00,47.0,0.0
2024-11-28 05:00:00-03:00,47.0,0.0
2024-11-28 06:00:00-03:00,47.0,0.0
2024-11-28 07:00:00-03:00,47.0,0.0
2024-11-28 08:00:00-03:00,47.0,0.0
2024-11-28 09:00:00-03:00,47.0,0.0
2024-11-28 10:00:00-03:00,47.0,0.0
2024-11-28 11:00:00-03:00,47.0,0.0
2024-11-28 12:00:00-03:00,47.0,0.0
2024-11-28 13:00:00-03:00,47.0,0.0
2024-11-28 14:00:00-03:00,47.0,0.0
2024-11-28 15:00:00-03:00,46.5,0.0
2024-11-28 16:00:00-03:00,46.0,0.0
2024-11-28 17:00:00-03:00,46.0,0.0
2024-11-28 18:00:00-03:00,46.0,0.0
2024-11-28 19:00:00-03:00,46.0,0.0
2024-11-28 20:00:00-03:00,46.0,0.0
2024-11-28 21:00:00-03:00,46.0,0.6
2024-11-28 22:00:00-03:00,46.0,0.2
2024-11-28 23:00:00-03:00,,0.0
2024-11-29 00:00:00-03:00,46.0,0.0
2024-11-29 01:00:00-03:00,46.0,0.0
2024-11-29 02:00:00-03:00,45.0,0.0
2024-11-29 03:00:00-03:00,45.0,0.0
2024-11-29 04:00:00-03:00,44.75,0.0
2024-11-29 05:00:00-03:00,44.5,0.0
2024-11-29 06:00:00-03:00,44.0,0.0
2024-11-29 07:00:00-03:00,44.0,0.8
2024-11-29 08:00:00-03:00,44.0,2.6
2024-11-29 09:00:00-03:00,44.5,6.8
2024-11-29 10:00:00-03:00,45.0,7.2
2024-11-29 11:00:00-03:00,45.5,0.4
2024-11-29 12:00:00-03:00,46.0,0.0
2024-11-29 13:00:00-03:00,46.0,0.0
2024-11-29 14:00:00-03:00,45.75,0.0
2024-11-29 15:00:00-03:00,45.5,0.0
2024-11-29 16:00:00-03:00,45.75,0.2
2024-11-29 17:00:00-03:00,45.0,0.0
2024-11-29 18:00:00-03:00,45.25,0.0
2024-11-29 19:00:00-03:00,45.25,0.0
2024-11-29 20:00:00-03:00,45.5,0.0
2024-11-29 21:00:00-03:00,45.25,0.0
2024-11-29 22:00:00-03:00,45.5,0.0
2024-11-29 23:00:00-03:00,45.75,0.0
2024-11-30 00:00:00-03:00,46.0,0.0
2024-11-30 01:00:00-03:00,46.0,0.0
2024-11-30 02:00:00-03:00,46.0,0.0
2024-11-30 03:00:00-03:00,46.25,0.0
2024-11-30 04:00:00-03:00,46.25,0.0
2024-11-30 05:00:00-03:00,47.0,0.0
2024-11-30 06:00:00-03:00,47.0,0.0
2024-11-30 07:00:00-03:00,47.25,0.0
2024-11-30 08:00:00-03:00,48.0,0.0
2024-11-30 09:00:00-03:00,48.75,0.0
2024-11-30 10:00:00-03:00,49.25,0.0
2024-11-30 11:00:00-03:00,50.25,0.0
2024-11-30 12:00:00-03:00,51.0,0.0
2024-11-30 13:00:00-03:00,52.0,0.0
2024-11-30 14:00:00-03:00,53.0,0.0
2024-11-30 15:00:00-03:00,54.0,0.0
2024-11-30 16:00:00-03:00,54.5,0.0
2024-11-30 17:00:00-03:00,55.0,0.0
2024-11-30 18:00:00-03:00,55.75,0.0
2024-11-30 19:00:00-03:00,56.0,0.0
2024-11-30 20:00:00-03:00,57.0,0.0
2024-11-30 21:00:00-03:00,57.75,0.0
2024-11-30 22:00:00-03:00,58.25,0.0
2024-11-30 23:00:00-03:00,59.0,0.0
2024-12-01 00:00:00-03:00,59.75,0.0
2024-12-01 01:00:00-03:00,60.0,0.0
2024-12-01 02:00:00-03:00,60.75,0.0
2024-12-01 03:00:00-03:00,61.25,0.0
2024-12-01 04:00:00-03:00,61.75,0.0
2024-12-01 05:00:00-03:00,62.0,0.0
2024-12-01 06:00:00-03:00,62.0,0.0
2024-12-01 07:00:00-03:00,62.5,0.0
2024-12-01 08:00:00-03:00,63.0,0.0
2024-12-01 09:00:00-03:00,63.0,0.0
2024-12-01 10:00:00-03:00,63.5,0.0
2024-12-01 11:00:00-03:00,63.5,0.0
2024-12-01 12:00:00-03:00,63.5,0.0
2024-12-01 13:00:00-03:00,63.25,0.0
2024-12-01 14:00:00-03:00,63.0,0.0
2024-12-01 15:00:00-03:00,62.25,0.0
2024-12-01 16:00:00-03:00,62.0,0.0
2024-12-01 17:00:00-03:00,61.25,0.0
2024-12-01 18:00:00-03:00,60.5,0.0
2024-12-01 19:00:00-03:00,59.75,0.0
2024-12-01 20:00:00-03:00,59.0,0.0
2024-12-01 21:00:00-03:00,58.0,0.0
2024-12-01 22:00:00-03:00,57.25,0.0
2024-12-01 23:00:00-03:00,56.75,0.0
2024-12-02 00:00:00-03:00,56.0,0.0
2024-12-02 01:00:00-03:00,55.5,0.0
2024-12-02 02:00:00-03:00,55.0,0.0
2024-12-02 03:00:00-03:00,54.5,0.0
2024-12-02 04:00:00-03:00,54.0,0.0
2024-12-02 05:00:00-03:00,54.0,0.0
2024-12-02 06:00:00-03:00,53.0,0.0
2024-12-02 07:00:00-03:00,53.0,0.0
2024-12-02 08:00:00-03:00,53.0,0.0
2024-12-02 09:00:00-03:00,53.25,0.0
2024-12-02 10:00:00-03:00,53.5,1.0
2024-12-02 11:00:00-03:00,54.0,0.0
2024-12-02 12:00:00-03:00,54.0,0.0
2024-12-02 13:00:00-03:00,54.333333333333336,0.0
2024-12-02 14:00:00-03:00,56.0,0.0
2024-12-02 15:00:00-03:00,56.0,0.0
2024-12-02 16:00:00-03:00,56.0,1.2
2024-12-02 17:00:00-03:00,55.25,0.6
2024-12-02 18:00:00-03:00,55.0,0.0
2024-12-02 19:00:00-03:00,55.0,0.0
2024-12-02 20:00:00-03:00,55.0,0.0
2024-12-02 21:00:00-03:00,55.0,0.0
2024-12-02 22:00:00-03:00,55.0,0.0
2024-12-02 23:00:00-03:00,55.0,0.0
2024-12-03 00:00:00-03:00,56.0,6.8
2024-12-03 01:00:00-03:00,56.0,1.4
2024-12-03 02:00:00-03:00,56.0,0.6
2024-12-03 03:00:00-03:00,56.0,0.0
2024-12-03 04:00:00-03:00,55.75,0.0
2024-12-03 05:00:00-03:00,55.0,0.2
2024-12-03 06:00:00-03:00,54.75,0.4
2024-12-03 07:00:00-03:00,54.0,0.6
2024-12-03 08:00:00-03:00,54.0,0.0
2024-12-03 09:00:00-03:00,54.0,0.0
2024-12-03 10:00:00-03:00,54.0,0.0
2024-12-03 11:00:00-03:00,53.5,0.0
2024-12-03 12:00:00-03:00,53.0,1.2
2024-12-03 13:00:00-03:00,52.75,3.8
2024-12-03 14:00:00-03:00,54.0,5.2
2024-12-03 15:00:00-03:00,53.66666666666666,9.2
2024-12-03 16:00:00-03:00,55.533333333333324,9.0
2024-12-03 17:00:00-03:00,57.39999999999999,0.6
2024-12-03 18:00:00-03:00,59.266666666666666,0.0
2024-12-03 19:00:00-03:00,,0.0
2024-12-03 20:00:00-03:00,63.0,0.2
2024-12-03 21:00:00-03:00,65.0,0.0
2024-12-03 22:00:00-03:00,68.0,0.0
2024-12-03 23:00:00-03:00,70.25,0.0
2024-12-04 00:00:00-03:00,73.25,0.2
2024-12-04 01:00:00-03:00,76.5,0.0
2024-12-04 02:00:00-03:00,79.25,0.0
2024-12-04 03:00:00-03:00,82.75,0.4
2024-12-04 04:00:00-03:00,86.5,0.0
2024-12-04 05:00:00-03:00,89.75,0.0
2024-12-04 06:00:00-03:00,93.5,0.0
2024-12-04 07:00:00-03:00,97.25,0.0
2024-12-04 08:00:00-03:00,101.75,0.0
2024-12-04 09:00:00-03:00,105.5,1.6
2024-12-04 10:00:00-03:00,109.5,1.0
2024-12-04 11:00:00-03:00,112.75,0.2
2024-12-04 12:00:00-03:00,118.25,0.0
2024-12-04 13:00:00-03:00,123.25,0.0
2024-12-04 14:00:00-03:00,128.25,1.4
2024-12-04 15:00:00-03:00,132.5,0.4
2024-12-04 16:00:00-03:00,137.0,0.0
2024-12-04 17:00:00-03:00,139.0,0.0
2024-12-04 18:00:00-03:00,153.66666666666666,1.6
2024-12-04 19:00:00-03:00,168.33333333333334,0.6
2024-12-04 20:00:00-03:00,183.0,0.0
2024-12-04 21:00:00-03:00,190.75,0.0
2024-12-04 22:00:00-03:00,197.25,0.0
2024-12-04 23:00:00-03:00,201.25,0.0
2024-12-05 00:00:00-03:00,203.25,0.2
2024-12-05 01:00:00-03:00,205.75,0.2
2024-12-05 02:00:00-03:00,209.5,0.0
2024-12-05 03:00:00-03:00,212.75,0.0
2024-12-05 04:00:00-03:00,215.5,0.0
2024-12-05 05:00:00-03:00,218.25,0.0
2024-12-05 06:00:00-03:00,221.0,0.0
2024-12-05 07:00:00-03:00,223.0,0.2
2024-12-05 08:00:00-03:00,224.5,0.4
2024-12-05 09:00:00-03:00,226.25,0.6
2024-12-05 10:00:00-03:00,227.75,1.2
2024-12-05 11:00:00-03:00,228.75,0.0
2024-12-05 12:00:00-03:00,229.75,0.0
2024-12-05 13:00:00-03:00,230.75,0.2
2024-12-05 14:00:00-03:00,231.0,0.2
2024-12-05 15:00:00-03:00,231.5,0.0
2024-12-05 16:00:00-03:00,231.5,0.0
2024-12-05 17:00:00-03:00,231.25,0.0
2024-12-05 18:00:00-03:00,230.75,0.0
2024-12-05 19:00:00-03:00,230.0,0.0
2024-12-05 20:00:00-03:00,228.75,0.0
2024-12-05 21:00:00-03:00,228.0,0.0
2024-12-05 22:00:00-03:00,226.0,0.0
2024-12-05 23:00:00-03:00,224.5,0.0
2024-12-06 00:00:00-03:00,222.25,0.0
2024-12-06 01:00:00-03:00,220.5,0.0
2024-12-06 02:00:00-03:00,217.75,0.0
2024-12-06 03:00:00-03:00,215.0,0.0
2024-12-06 04:00:00-03:00,212.75,0.0
2024-12-06 05:00:00-03:00,209.5,0.0
2024-12-06 06:00:00-03:00,206.5,0.0
2024-12-06 07:00:00-03:00,203.25,0.0
2024-12-06 08:00:00-03:00,200.25,0.0
2024-12-06 09:00:00-03:00,197.25,0.0
2024-12-06 10:00:00-03:00,194.25,0.0
2024-12-06 11:00:00-03:00,191.5,0.0
2024-12-06 12:00:00-03:00,188.25,0.0
2024-12-06 13:00:00-03:00,185.25,0.0
2024-12-06 14:00:00-03:00,182.25,0.0
2024-12-06 15:00:00-03:00,179.0,0.0
2024-12-06 16:00:00-03:00,176.25,0.0
2024-12-06 17:00:00-03:00,173.0,0.0
2024-12-06 18:00:00-03:00,170.0,0.0
2024-12-06 19:00:00-03:00,167.25,0.0
2024-12-06 20:00:00-03:00,164.75,0.0
2024-12-06 21:00:00-03:00,162.0,0.0
2024-12-06 22:00:00-03:00,160.0,0.0
2024-12-06 23:00:00-03:00,158.0,0.0
2024-12-07 00:00:00-03:00,156.0,0.0
2024-12-07 01:00:00-03:00,153.5,0.0
2024-12-07 02:00:00-03:00,152.0,0.0
2024-12-07 03:00:00-03:00,151.0,0.0
2024-12-07 04:00:00-03:00,149.25,0.0
2024-12-07 05:00:00-03:00,148.25,0.0
2024-12-07 06:00:00-03:00,146.75,0.0
2024-12-07 07:00:00-03:00,145.75,0.0
2024-12-07 08:00:00-03:00,145.0,0.0
2024-12-07 09:00:00-03:00,145.0,0.0
2024-12-07 10:00:00-03:00,144.5,0.0
2024-12-07 11:00:00-03:00,144.25,0.0
2024-12-07 12:00:00-03:00,143.5,0.0
2024-12-07 13:00:00-03:00,143.0,0.0
2024-12-07 14:00:00-03:00,142.0,0.0
2024-12-07 15:00:00-03:00,141.25,0.0
2024-12-07 16:00:00-03:00,140.5,0.0
2024-12-07 17:00:00-03:00,139.75,0.0
2024-12-07 18:00:00-03:00,138.75,0.0
2024-12-07 19:00:00-03:00,138.0,0.0
2024-12-07 20:00:00-03:00,137.0,0.0
2024-12-07 21:00:00-03:00,136.0,0.0
2024-12-07 22:00:00-03:00,135.0,0.0
2024-12-07 23:00:00-03:00,134.0,0.0
2024-12-08 00:00:00-03:00,133.0,0.0
2024-12-08 01:00:00-03:00,132.0,0.0
2024-12-08 02:00:00-03:00,131.25,0.0
2024-12-08 03:00:00-03:00,130.25,0.0
2024-12-08 04:00:00-03:00,129.25,0.0
2024-12-08 05:00:00-03:00,128.25,0.0
2024-12-08 06:00:00-03:00,127.5,0.0
2024-12-08 07:00:00-03:00,126.0,0.0
2024-12-08 08:00:00-03:00,125.5,0.0
2024-12-08 09:00:00-03:00,124.75,0.0
2024-12-08 10:00:00-03:00,124.0,0.0
2024-12-08 11:00:00-03:00,122.75,0.0
2024-12-08 12:00:00-03:00,121.75,0.0
2024-12-08 13:00:00-03:00,121.0,0.0
2024-12-08 14:00:00-03:00,120.0,0.0
2024-12-08 15:00:00-03:00,118.5,0.0
2024-12-08 16:00:00-03:00,117.5,0.0
2024-12-08 17:00:00-03:00,115.5,0.0
2024-12-08 18:00:00-03:00,114.75,0.0
2024-12-08 19:00:00-03:00,113.75,0.0
2024-12-08 20:00:00-03:00,112.0,0.0
2024-12-08 21:00:00-03:00,111.0,0.0
2024-12-08 22:00:00-03:00,110.5,0.0
2024-12-08 23:00:00-03:00,109.25,0.0
2024-12-09 00:00:00-03:00,108.25,0.0
2024-12-09 01:00:00-03:00,107.25,0.0
2024-12-09 02:00:00-03:00,106.75,0.0
2024-12-09 03:00:00-03:00,105.75,0.0
2024-12-09 04:00:00-03:00,105.0,0.0
2024-12-09 05:00:00-03:00,104.25,0.0
2024-12-09 06:00:00-03:00,103.75,0.0
2024-12-09 07:00:00-03:00,102.75,0.0
2024-12-09 08:00:00-03:00,102.5,0.0
2024-12-09 09:00:00-03:00,101.5,0.0
2024-12-09 10:00:00-03:00,101.0,0.0
2024-12-09 11:00:00-03:00,101.0,0.0
2024-12-09 12:00:00-03:00,100.25,0.0
2024-12-09 13:00:00-03:00,99.75,0.0
2024-12-09 14:00:00-03:00,98.75,2.2
2024-12-09 15:00:00-03:00,100.0,0.2
2024-12-09 16:00:00-03:00,99.25,0.0
2024-12-09 17:00:00-03:00,98.5,0.0
2024-12-09 18:00:00-03:00,98.0,0.0
2024-12-09 19:00:00-03:00,97.0,0.0
2024-12-09 20:00:00-03:00,98.5,1.4
2024-12-09 21:00:00-03:00,100.75,3.0
2024-12-09 22:00:00-03:00,100.0,1.0
2024-12-09 23:00:00-03:00,99.0,0.2
2024-12-10 00:00:00-03:00,98.0,0.0
2024-12-10 01:00:00-03:00,97.25,0.0
2024-12-10 02:00:00-03:00,97.0,0.0
2024-12-10 03:00:00-03:00,97.0,0.0
2024-12-10 04:00:00-03:00,97.0,0.0
2024-12-10 05:00:00-03:00,97.0,0.0
2024-12-10 06:00:00-03:00,96.0,0.0
2024-12-10 07:00:00-03:00,97.0,0.0
2024-12-10 08:00:00-03:00,96.25,0.0
2024-12-10 09:00:00-03:00,96.75,0.0
2024-12-10 10:00:00-03:00,97.25,0.0
2024-12-10 11:00:00-03:00,97.75,0.0
2024-12-10 12:00:00-03:00,98.75,0.0
2024-12-10 13:00:00-03:00,100.25,0.2
2024-12-10 14:00:00-03:00,101.25,0.0
2024-12-10 15:00:00-03:00,102.5,0.0
2024-12-10 16:00:00-03:00,104.75,2.8
2024-12-10 17:00:00-03:00,107.75,0.0
2024-12-10 18:00:00-03:00,108.5,0.0
2024-12-10 19:00:00-03:00,112.25,0.8
2024-12-10 20:00:00-03:00,117.25,0.4
2024-12-10 21:00:00-03:00,117.25,0.0
2024-12-10 22:00:00-03:00,118.75,0.4
2024-12-10 23:00:00-03:00,119.75,0.0
2024-12-11 00:00:00-03:00,120.5,0.0
2024-12-11 01:00:00-03:00,121.25,0.0
2024-12-11 02:00:00-03:00,122.5,0.0
2024-12-11 03:00:00-03:00,123.25,0.0
2024-12-11 04:00:00-03:00,124.0,0.0
2024-12-11 05:00:00-03:00,125.25,0.0
2024-12-11 06:00:00-03:00,126.5,0.0
2024-12-11 07:00:00-03:00,127.25,0.0
2024-12-11 08:00:00-03:00,128.0,0.2
2024-12-11 09:00:00-03:00,129.0,0.0
2024-12-11 10:00:00-03:00,129.25,0.0
2024-12-11 11:00:00-03:00,129.25,0.0
2024-12-11 12:00:00-03:00,130.0,0.0
2024-12-11 13:00:00-03:00,129.25,0.0
2024-12-11 14:00:00-03:00,129.0,0.0
2024-12-11 15:00:00-03:00,128.75,0.0
2024-12-11 16:00:00-03:00,128.0,0.0
2024-12-11 17:00:00-03:00,127.0,0.0
2024-12-11 18:00:00-03:00,126.25,0.0
2024-12-11 19:00:00-03:00,125.5,0.0
2024-12-11 20:00:00-03:00,124.625,0.0
2024-12-11 21:00:00-03:00,123.75,0.0
2024-12-11 22:00:00-03:00,122.875,0.0
2024-12-11 23:00:00-03:00,122.0,0.0
2024-12-12 00:00:00-03:00,121.5,0.0
2024-12-12 01:00:00-03:00,121.25,0.0
2024-12-12 02:00:00-03:00,120.0,0.0
2024-12-12 03:00:00-03:00,119.5,0.0
2024-12-12 04:00:00-03:00,118.75,0.0
2024-12-12 05:00:00-03:00,117.75,0.0
2024-12-12 06:00:00-03:00,116.75,0.0
2024-12-12 07:00:00-03:00,115.5,0.0
2024-12-12 08:00:00-03:00,114.75,0.0
2024-12-12 09:00:00-03:00,114.0,0.0
2024-12-12 10:00:00-03:00,113.25,0.0
2024-12-12 11:00:00-03:00,113.0,0.0
2024-12-12 12:00:00-03:00,112.0,0.0
2024-12-12 13:00:00-03:00,111.5,0.0
2024-12-12 14:00:00-03:00,111.0,0.0
2024-12-12 15:00:00-03:00,110.5,0.0
2024-12-12 16:00:00-03:00,109.75,0.0
2024-12-12 17:00:00-03:00,108.75,0.0
2024-12-12 18:00:00-03:00,108.0,0.0
2024-12-12 19:00:00-03:00,107.25,0.0
2024-12-12 20:00:00-03:00,106.5,0.0
2024-12-12 21:00:00-03:00,105.5,0.0
2024-12-12 22:00:00-03:00,104.25,0.0
2024-12-12 23:00:00-03:00,103.25,0.0
2024-12-13 00:00:00-03:00,102.25,0.0
2024-12-13 01:00:00-03:00,101.25,0.0
2024-12-13 02:00:00-03:00,100.0,0.0
2024-12-13 03:00:00-03:00,99.0,0.0
2024-12-13 04:00:00-03:00,97.5,0.0
2024-12-13 05:00:00-03:00,96.75,0.0
2024-12-13 06:00:00-03:00,96.0,0.0
2024-12-13 07:00:00-03:00,95.0,0.0
2024-12-13 08:00:00-03:00,93.75,0.0
2024-12-13 09:00:00-03:00,93.0,0.0
2024-12-13 10:00:00-03:00,92.0,0.0
2024-12-13 11:00:00-03:00,91.5,0.0
2024-12-13 12:00:00-03:00,90.75,0.0
2024-12-13 13:00:00-03:00,90.25,0.0
2024-12-13 14:00:00-03:00,90.0,0.0
2024-12-13 15:00:00-03:00,89.0,0.0
2024-12-13 16:00:00-03:00,89.0,0.0
2024-12-13 17:00:00-03:00,88.0,0.0
2024-12-13 18:00:00-03:00,87.75,0.0
2024-12-13 19:00:00-03:00,87.0,0.0
2024-12-13 20:00:00-03:00,86.25,0.0
2024-12-13 21:00:00-03:00,86.0,0.0
2024-12-13 22:00:00-03:00,85.5,0.0
2024-12-13 23:00:00-03:00,85.0,0.0
2024-12-14 00:00:00-03:00,84.5,0.0
2024-12-14 01:00:00-03:00,84.0,0.0
2024-12-14 02:00:00-03:00,84.0,0.0
2024-12-14 03:00:00-03:00,83.25,0.0
2024-12-14 04:00:00-03:00,83.0,0.0
2024-12-14 05:00:00-03:00,82.5,0.0
2024-12-14 06:00:00-03:00,82.25,0.0
2024-12-14 07:00:00-03:00,82.0,0.0
2024-12-14 08:00:00-03:00,82.0,0.0
2024-12-14 09:00:00-03:00,81.25,0.0
2024-12-14 10:00:00-03:00,81.25,0.0
2024-12-14 11:00:00-03:00,81.0,0.0
2024-12-14 12:00:00-03:00,81.25,2.6
2024-12-14 13:00:00-03:00,81.0,1.6
2024-12-14 14:00:00-03:00,81.0,10.4
2024-12-14 15:00:00-03:00,81.14285714285714,0.6
2024-12-14 16:00:00-03:00,81.28571428571429,0.0
2024-12-14 17:00:00-03:00,81.42857142857143,0.0
2024-12-14 18:00:00-03:00,,0.0
2024-12-14 19:00:00-03:00,,0.0
2024-12-14 20:00:00-03:00,,0.0
2024-12-14 21:00:00-03:00,82.0,0.0
2024-12-14 22:00:00-03:00,81.75,0.0
2024-12-14 23:00:00-03:00,82.0,0.0
2024-12-15 00:00:00-03:00,82.0,0.0
2024-12-15 01:00:00-03:00,82.25,0.0
2024-12-15 02:00:00-03:00,82.25,0.0
2024-12-15 03:00:00-03:00,82.75,0.0
2024-12-15 04:00:00-03:00,82.5,0.2
2024-12-15 05:00:00-03:00,82.0,0.0
2024-12-15 06:00:00-03:00,82.0,1.0
2024-12-15 07:00:00-03:00,82.5,0.6
2024-12-15 08:00:00-03:00,82.5,0.0
2024-12-15 09:00:00-03:00,83.0,0.2
2024-12-15 10:00:00-03:00,83.75,1.0
2024-12-15 11:00:00-03:00,84.5,0.0
2024-12-15 12:00:00-03:00,85.75,1.2
2024-12-15 13:00:00-03:00,86.5,1.8
2024-12-15 14:00:00-03:00,87.75,2.4
2024-12-15 15:00:00-03:00,90.25,0.0
2024-12-15 16:00:00-03:00,91.5,0.0
2024-12-15 17:00:00-03:00,93.0,0.0
2024-12-15 18:00:00-03:00,94.25,1.0
2024-12-15 19:00:00-03:00,95.5,0.0
2024-12-15 20:00:00-03:00,97.5,0.0
2024-12-15 21:00:00-03:00,98.5,0.0
2024-12-15 22:00:00-03:00,100.25,0.0
2024-12-15 23:00:00-03:00,101.25,0.0
2024-12-16 00:00:00-03:00,102.75,0.0
2024-12-16 01:00:00-03:00,104.5,0.2
2024-12-16 02:00:00-03:00,107.0,0.0
2024-12-16 03:00:00-03:00,109.75,0.0
2024-12-16 04:00:00-03:00,112.25,0.0
2024-12-16 05:00:00-03:00,114.5,0.0
2024-12-16 06:00:00-03:00,117.0,0.0
2024-12-16 07:00:00-03:00,118.25,0.0
2024-12-16 08:00:00-03:00,119.75,0.0
2024-12-16 09:00:00-03:00,121.0,0.0
2024-12-16 10:00:00-03:00,122.25,0.0
2024-12-16 11:00:00-03:00,123.5,0.0
2024-12-16 12:00:00-03:00,125.25,0.2
2024-12-16 13:00:00-03:00,127.75,1.8
2024-12-16 14:00:00-03:00,129.75,3.8
2024-12-16 15:00:00-03:00,132.25,0.0
2024-12-16 16:00:00-03:00,135.0,0.0
2024-12-16 17:00:00-03:00,136.75,0.0
2024-12-16 18:00:00-03:00,139.25,0.0
2024-12-16 19:00:00-03:00,141.5,9.2
2024-12-16 20:00:00-03:00,143.25,0.0
2024-12-16 21:00:00-03:00,144.5,0.0
2024-12-16 22:00:00-03:00,147.0,0.0
2024-12-16 23:00:00-03:00,148.25,0.0
2024-12-17 00:00:00-03:00,149.5,0.0
2024-12-17 01:00:00-03:00,150.5,0.4
2024-12-17 02:00:00-03:00,151.25,0.0
2024-12-17 03:00:00-03:00,152.0,0.0
2024-12-17 04:00:00-03:00,153.0,0.0
2024-12-17 05:00:00-03:00,153.0,0.0
2024-12-17 06:00:00-03:00,154.0,0.0
2024-12-17 07:00:00-03:00,154.0,0.0
2024-12-17 08:00:00-03:00,154.0,0.0
2024-12-17 09:00:00-03:00,154.5,0.0
2024-12-17 10:00:00-03:00,154.25,0.0
2024-12-17 11:00:00-03:00,154.0,0.0
2024-12-17 12:00:00-03:00,153.75,0.0
2024-12-17 13:00:00-03:00,152.75,0.0
2024-12-17 14:00:00-03:00,152.25,0.0
2024-12-17 15:00:00-03:00,151.0,0.0
2024-12-17 16:00:00-03:00,150.75,0.0
2024-12-17 17:00:00-03:00,150.0,0.0
2024-12-17 18:00:00-03:00,149.0,0.0
2024-12-17 19:00:00-03:00,149.0,0.0
2024-12-17 20:00:00-03:00,148.5,0.0
2024-12-17 21:00:00-03:00,148.25,0.0
2024-12-17 22:00:00-03:00,148.0,0.0
2024-12-17 23:00:00-03:00,148.25,0.0
2024-12-18 00:00:00-03:00,148.75,0.0
2024-12-18 01:00:00-03:00,149.0,0.0
2024-12-18 02:00:00-03:00,149.0,0.0
2024-12-18 03:00:00-03:00,149.5,0.0
2024-12-18 04:00:00-03:00,150.0,0.0
2024-12-18 05:00:00-03:00,150.0,0.0
2024-12-18 06:00:00-03:00,150.0,0.0
2024-12-18 07:00:00-03:00,149.25,0.0
2024-12-18 08:00:00-03:00,149.0,0.2
2024-12-18 09:00:00-03:00,149.0,0.0
2024-12-18 10:00:00-03:00,148.25,0.0
2024-12-18 11:00:00-03:00,147.5,0.0
2024-12-18 12:00:00-03:00,146.5,0.0
2024-12-18 13:00:00-03:00,145.25,0.0
2024-12-18 14:00:00-03:00,144.5,0.0
2024-12-18 15:00:00-03:00,142.75,0.0
2024-12-18 16:00:00-03:00,140.75,0.0
2024-12-18 17:00:00-03:00,138.75,0.0
2024-12-18 18:00:00-03:00,136.75,0.0
2024-12-18 19:00:00-03:00,134.5,0.0
2024-12-18 20:00:00-03:00,132.25,0.0
2024-12-18 21:00:00-03:00,130.0,0.0
2024-12-18 22:00:00-03:00,128.25,0.0
2024-12-18 23:00:00-03:00,126.5,0.0
2024-12-19 00:00:00-03:00,124.25,0.0
2024-12-19 01:00:00-03:00,123.0,0.0
2024-12-19 02:00:00-03:00,121.0,0.0
2024-12-19 03:00:00-03:00,119.5,0.0
2024-12-19 04:00:00-03:00,118.25,0.0
2024-12-19 05:00:00-03:00,115.75,0.0
2024-12-19 06:00:00-03:00,114.5,0.0
2024-12-19 07:00:00-03:00,113.25,0.0
2024-12-19 08:00:00-03:00,112.0,0.0
2024-12-19 09:00:00-03:00,111.0,0.0
2024-12-19 10:00:00-03:00,110.0,0.0
2024-12-19 11:00:00-03:00,109.25,0.0
2024-12-19 12:00:00-03:00,108.5,0.0
2024-12-19 13:00:00-03:00,108.0,0.0
2024-12-19 14:00:00-03:00,107.0,0.0
2024-12-19 15:00:00-03:00,106.25,0.0
2024-12-19 16:00:00-03:00,105.5,11.6
2024-12-19 17:00:00-03:00,107.0,0.8
2024-12-19 18:00:00-03:00,105.25,0.0
2024-12-19 19:00:00-03:00,103.75,0.0
2024-12-19 20:00:00-03:00,102.5,0.0
2024-12-19 21:00:00-03:00,101.75,0.0
2024-12-19 22:00:00-03:00,101.0,0.0
2024-12-19 23:00:00-03:00,100.25,0.0
2024-12-20 00:00:00-03:00,100.0,0.0
2024-12-20 01:00:00-03:00,99.0,0.0
2024-12-20 02:00:00-03:00,98.75,0.0
2024-12-20 03:00:00-03:00,98.0,0.0
2024-12-20 04:00:00-03:00,97.25,0.0
2024-12-20 05:00:00-03:00,97.0,0.0
2024-12-20 06:00:00-03:00,96.75,0.0
2024-12-20 07:00:00-03:00,96.25,0.0
2024-12-20 08:00:00-03:00,96.0,0.0
2024-12-20 09:00:00-03:00,96.0,0.0
2024-12-20 10:00:00-03:00,95.25,0.0
2024-12-20 11:00:00-03:00,95.0,0.0
2024-12-20 12:00:00-03:00,95.0,0.0
2024-12-20 13:00:00-03:00,94.0,0.0
2024-12-20 14:00:00-03:00,94.0,0.0
2024-12-20 15:00:00-03:00,93.25,0.0
2024-12-20 16:00:00-03:00,93.0,0.0
2024-12-20 17:00:00-03:00,93.0,1.8
2024-12-20 18:00:00-03:00,93.25,2.8
2024-12-20 19:00:00-03:00,93.75,1.2
2024-12-20 20:00:00-03:00,93.0,0.0
2024-12-20 21:00:00-03:00,93.0,0.2
2024-12-20 22:00:00-03:00,92.0,0.2
2024-12-20 23:00:00-03:00,91.75,0.8
2024-12-21 00:00:00-03:00,92.0,0.0
2024-12-21 01:00:00-03:00,91.75,0.0
2024-12-21 02:00:00-03:00,91.25,0.2
2024-12-21 03:00:00-03:00,91.0,0.0
2024-12-21 04:00:00-03:00,90.75,0.0
2024-12-21 05:00:00-03:00,90.75,0.0
2024-12-21 06:00:00-03:00,91.0,0.0
2024-12-21 07:00:00-03:00,90.75,0.0
2024-12-21 08:00:00-03:00,91.0,0.0
2024-12-21 09:00:00-03:00,91.0,0.0
2024-12-21 10:00:00-03:00,91.0,0.0
2024-12-21 11:00:00-03:00,91.0,0.4
2024-12-21 12:00:00-03:00,91.5,0.0
2024-12-21 13:00:00-03:00,91.75,0.2
2024-12-21 14:00:00-03:00,92.0,3.6
2024-12-21 15:00:00-03:00,92.0,0.0
2024-12-21 16:00:00-03:00,92.0,0.0
2024-12-21 17:00:00-03:00,92.0,0.0
2024-12-21 18:00:00-03:00,92.0,0.0
2024-12-21 19:00:00-03:00,92.25,0.0
2024-12-21 20:00:00-03:00,92.75,1.0
2024-12-21 21:00:00-03:00,96.5,18.0
2024-12-21 22:00:00-03:00,97.0,2.8
2024-12-21 23:00:00-03:00,96.25,0.0
2024-12-22 00:00:00-03:00,97.0,0.0
2024-12-22 01:00:00-03:00,97.5,0.2
2024-12-22 02:00:00-03:00,98.75,0.0
2024-12-22 03:00:00-03:00,99.25,0.0
2024-12-22 04:00:00-03:00,100.0,0.0
2024-12-22 05:00:00-03:00,101.0,0.0
2024-12-22 06:00:00-03:00,102.5,0.2
2024-12-22 07:00:00-03:00,103.75,0.0
2024-12-22 08:00:00-03:00,105.0,0.0
2024-12-22 09:00:00-03:00,106.25,0.2
2024-12-22 10:00:00-03:00,108.25,0.0
2024-12-22 11:00:00-03:00,109.5,0.0
2024-12-22 12:00:00-03:00,111.75,0.0
2024-12-22 13:00:00-03:00,113.75,0.0
2024-12-22 14:00:00-03:00,116.0,0.0
2024-12-22 15:00:00-03:00,119.25,0.0
2024-12-22 16:00:00-03:00,121.75,0.0
2024-12-22 17:00:00-03:00,133.0,0.0
2024-12-22 18:00:00-03:00,132.0,0.0
2024-12-22 19:00:00-03:00,132.0,0.0
2024-12-22 20:00:00-03:00,133.25,0.0
2024-12-22 21:00:00-03:00,134.75,0.0
2024-12-22 22:00:00-03:00,136.25,0.0
2024-12-22 23:00:00-03:00,137.5,4.4
2024-12-23 00:00:00-03:00,138.75,18.0
2024-12-23 01:00:00-03:00,140.75,0.2
2024-12-23 02:00:00-03:00,142.25,0.0
2024-12-23 03:00:00-03:00,143.5,0.0
2024-12-23 04:00:00-03:00,144.75,0.0
2024-12-23 05:00:00-03:00,146.25,0.0
2024-12-23 06:00:00-03:00,147.5,0.0
2024-12-23 07:00:00-03:00,148.5,0.0
2024-12-23 08:00:00-03:00,150.0,0.0
2024-12-23 09:00:00-03:00,151.25,0.2
2024-12-23 10:00:00-03:00,153.0,0.0
2024-12-23 11:00:00-03:00,154.75,0.0
2024-12-23 12:00:00-03:00,156.25,0.0
2024-12-23 13:00:00-03:00,157.5,0.0
2024-12-23 14:00:00-03:00,158.5,0.0
2024-12-23 15:00:00-03:00,159.0,0.0
2024-12-23 16:00:00-03:00,159.5,0.0
2024-12-23 17:00:00-03:00,159.25,0.0
2024-12-23 18:00:00-03:00,159.0,0.0
2024-12-23 19:00:00-03:00,158.75,0.0
2024-12-23 20:00:00-03:00,158.25,0.0
2024-12-23 21:00:00-03:00,158.0,0.0
2024-12-23 22:00:00-03:00,157.0,0.0
2024-12-23 23:00:00-03:00,156.5,0.0
2024-12-24 00:00:00-03:00,156.0,0.0
2024-12-24 01:00:00-03:00,155.25,0.0
2024-12-24 02:00:00-03:00,154.0,0.0
2024-12-24 03:00:00-03:00,153.0,0.0
2024-12-24 04:00:00-03:00,152.25,0.0
2024-12-24 05:00:00-03:00,151.5,0.0
2024-12-24 06:00:00-03:00,150.5,0.0
2024-12-24 07:00:00-03:00,149.75,0.0
2024-12-24 08:00:00-03:00,149.25,0.0
2024-12-24 09:00:00-03:00,149.0,0.0
2024-12-24 10:00:00-03:00,149.0,0.0
2024-12-24 11:00:00-03:00,149.0,0.0
2024-12-24 12:00:00-03:00,148.5,0.0
2024-12-24 13:00:00-03:00,148.5,0.0
2024-12-24 14:00:00-03:00,148.0,0.0
2024-12-24 15:00:00-03:00,148.0,0.0
2024-12-24 16:00:00-03:00,147.0,0.0
2024-12-24 17:00:00-03:00,146.75,0.0
2024-12-24 18:00:00-03:00,145.5,0.0
2024-12-24 19:00:00-03:00,144.5,0.0
2024-12-24 20:00:00-03:00,144.0,0.0
2024-12-24 21:00:00-03:00,143.25,0.0
2024-12-24 22:00:00-03:00,142.5,0.0
2024-12-24 23:00:00-03:00,141.5,0.0
2024-12-25 00:00:00-03:00,141.0,0.0
2024-12-25 01:00:00-03:00,139.75,0.0
2024-12-25 02:00:00-03:00,138.75,0.0
2024-12-25 03:00:00-03:00,138.0,0.0
2024-12-25 04:00:00-03:00,136.75,0.0
2024-12-25 05:00:00-03:00,135.25,0.0
2024-12-25 06:00:00-03:00,134.25,0.0
2024-12-25 07:00:00-03:00,132.5,0.0
2024-12-25 08:00:00-03:00,131.25,0.0
2024-12-25 09:00:00-03:00,130.25,0.0
2024-12-25 10:00:00-03:00,129.25,0.0
2024-12-25 11:00:00-03:00,128.75,0.0
2024-12-25 12:00:00-03:00,127.75,0.0
2024-12-25 13:00:00-03:00,127.25,0.0
2024-12-25 14:00:00-03:00,127.0,0.0
2024-12-25 15:00:00-03:00,126.5,0.0
2024-12-25 16:00:00-03:00,126.25,0.0
2024-12-25 17:00:00-03:00,126.0,0.0
2024-12-25 18:00:00-03:00,125.0,0.0
2024-12-25 19:00:00-03:00,124.75,0.0
2024-12-25 20:00:00-03:00,124.0,0.0
2024-12-25 21:00:00-03:00,123.0,0.6
2024-12-25 22:00:00-03:00,122.75,0.0
2024-12-25 23:00:00-03:00,122.0,0.0
2024-12-26 00:00:00-03:00,121.0,0.6
2024-12-26 01:00:00-03:00,120.0,11.6
2024-12-26 02:00:00-03:00,120.0,3.4
2024-12-26 03:00:00-03:00,119.0,7.6
2024-12-26 04:00:00-03:00,118.0,3.2
2024-12-26 05:00:00-03:00,117.75,0.8
2024-12-26 06:00:00-03:00,118.25,0.4
2024-12-26 07:00:00-03:00,118.75,1.8
2024-12-26 08:00:00-03:00,118.5,1.4
2024-12-26 09:00:00-03:00,119.25,0.0
2024-12-26 10:00:00-03:00,119.0,0.0
2024-12-26 11:00:00-03:00,118.75,1.6
2024-12-26 12:00:00-03:00,119.0,0.0
2024-12-26 13:00:00-03:00,119.0,0.0
2024-12-26 14:00:00-03:00,119.5,20.6
2024-12-26 15:00:00-03:00,121.25,13.8
2024-12-26 16:00:00-03:00,122.25,3.8
2024-12-26 17:00:00-03:00,123.0,0.2
2024-12-26 18:00:00-03:00,124.0,0.4
2024-12-26 19:00:00-03:00,124.75,1.4
2024-12-26 20:00:00-03:00,126.0,2.4
2024-12-26 21:00:00-03:00,129.66666666666666,0.0
2024-12-26 22:00:00-03:00,133.33333333333334,3.0
2024-12-26 23:00:00-03:00,137.0,5.4
2024-12-27 00:00:00-03:00,138.25,3.0
2024-12-27 01:00:00-03:00,142.5,5.6
2024-12-27 02:00:00-03:00,146.25,10.2
2024-12-27 03:00:00-03:00,151.25,4.6
2024-12-27 04:00:00-03:00,157.0,3.2
2024-12-27 05:00:00-03:00,161.75,3.2
2024-12-27 06:00:00-03:00,168.0,6.8
2024-12-27 07:00:00-03:00,175.25,1.2
2024-12-27 08:00:00-03:00,183.5,5.2
2024-12-27 09:00:00-03:00,193.5,1.4
2024-12-27 10:00:00-03:00,202.5,2.8
2024-12-27 11:00:00-03:00,211.75,0.8
2024-12-27 12:00:00-03:00,220.5,0.0
2024-12-27 13:00:00-03:00,228.25,0.0
2024-12-27 14:00:00-03:00,235.5,2.4
2024-12-27 15:00:00-03:00,243.25,2.2
2024-12-27 16:00:00-03:00,251.5,0.8
2024-12-27 17:00:00-03:00,257.0,3.0
2024-12-27 18:00:00-03:00,261.5,0.2
2024-12-27 19:00:00-03:00,266.5,0.2
2024-12-27 20:00:00-03:00,270.25,0.0
2024-12-27 21:00:00-03:00,274.0,0.0
2024-12-27 22:00:00-03:00,276.5,0.0
2024-12-28 00:00:00-03:00,285.0,1.2
2024-12-28 01:00:00-03:00,286.75,4.4
2024-12-28 02:00:00-03:00,289.25,6.0
2024-12-28 03:00:00-03:00,291.5,0.0
2024-12-28 04:00:00-03:00,293.5,0.2
2024-12-28 05:00:00-03:00,295.5,0.0
2024-12-28 06:00:00-03:00,297.5,0.4
2024-12-28 07:00:00-03:00,298.75,0.0
2024-12-28 08:00:00-03:00,300.0,0.0
2024-12-28 09:00:00-03:00,301.25,0.0
2024-12-28 10:00:00-03:00,302.5,0.2
2024-12-28 11:00:00-03:00,304.0,0.0
2024-12-28 12:00:00-03:00,305.25,0.0
2024-12-28 13:00:00-03:00,306.5,0.0
2024-12-28 14:00:00-03:00,307.75,0.0
2024-12-28 15:00:00-03:00,309.0,0.0
2024-12-28 16:00:00-03:00,310.0,0.0
2024-12-28 17:00:00-03:00,311.0,0.0
2024-12-28 18:00:00-03:00,311.0,0.0
2024-12-28 19:00:00-03:00,312.25,0.0
2024-12-28 20:00:00-03:00,312.75,1.2
2024-12-28 21:00:00-03:00,313.75,0.2
2024-12-28 22:00:00-03:00,314.75,0.0
2024-12-28 23:00:00-03:00,315.5,0.0
2024-12-29 00:00:00-03:00,316.5,0.0
2024-12-29 01:00:00-03:00,317.5,0.0
2024-12-29 02:00:00-03:00,318.5,0.0
2024-12-29 03:00:00-03:00,319.75,0.0
2024-12-29 04:00:00-03:00,321.5,0.2
2024-12-29 05:00:00-03:00,323.0,0.0
2024-12-29 06:00:00-03:00,325.0,0.0
2024-12-29 07:00:00-03:00,326.75,0.0
2024-12-29 08:00:00-03:00,328.75,0.0
2024-12-29 09:00:00-03:00,331.25,0.0
2024-12-29 10:00:00-03:00,333.5,0.0
2024-12-29 11:00:00-03:00,336.25,0.0
2024-12-29 12:00:00-03:00,339.0,0.0
2024-12-29 13:00:00-03:00,341.25,0.0
2024-12-29 14:00:00-03:00,344.25,0.0
2024-12-29 15:00:00-03:00,346.75,0.0
2024-12-29 16:00:00-03:00,348.75,17.6
2024-12-29 17:00:00-03:00,351.25,4.8
2024-12-29 18:00:00-03:00,353.0,0.0
2024-12-29 19:00:00-03:00,356.0,0.0
2024-12-29 20:00:00-03:00,359.0,0.0
2024-12-29 21:00:00-03:00,361.25,0.0
2024-12-29 22:00:00-03:00,364.5,0.0
2024-12-29 23:00:00-03:00,366.75,0.0
2024-12-30 00:00:00-03:00,370.0,0.0
2024-12-30 01:00:00-03:00,372.75,0.2
2024-12-30 02:00:00-03:00,375.5,0.0
2024-12-30 03:00:00-03:00,378.0,0.0
2024-12-30 04:00:00-03:00,381.25,0.0
2024-12-30 05:00:00-03:00,383.75,0.0
2024-12-30 06:00:00-03:00,386.75,0.0
2024-12-30 07:00:00-03:00,389.5,0.0
2024-12-30 08:00:00-03:00,392.5,0.0
2024-12-30 09:00:00-03:00,395.25,0.0
2024-12-30 10:00:00-03:00,398.5,0.0
2024-12-30 11:00:00-03:00,401.25,0.0
2024-12-30 12:00:00-03:00,404.25,0.0
2024-12-30 13:00:00-03:00,406.75,0.0
2024-12-30 14:00:00-03:00,409.75,0.0
2024-12-30 15:00:00-03:00,412.25,0.0
2024-12-30 16:00:00-03:00,414.0,0.0
2024-12-30 17:00:00-03:00,416.25,5.2
2024-12-30 18:00:00-03:00,418.75,0.0
2024-12-30 19:00:00-03:00,420.5,0.0
2024-12-30 20:00:00-03:00,422.0,0.0
2024-12-30 21:00:00-03:00,425.0,0.0
2024-12-30 22:00:00-03:00,426.5,0.0
2024-12-30 23:00:00-03:00,428.5,0.0
2024-12-31 00:00:00-03:00,430.5,0.0
2024-12-31 01:00:00-03:00,432.5,0.0
2024-12-31 02:00:00-03:00,434.0,0.0
2024-12-31 03:00:00-03:00,435.25,0.0
2024-12-31 04:00:00-03:00,437.25,0.0
2024-12-31 05:00:00-03:00,438.25,0.0
2024-12-31 06:00:00-03:00,439.5,0.0
2024-12-31 07:00:00-03:00,440.75,0.0
2024-12-31 08:00:00-03:00,441.75,0.0
2024-12-31 09:00:00-03:00,442.75,0.0
2024-12-31 10:00:00-03:00,443.75,0.2
2024-12-31 11:00:00-03:00,445.0,0.0
2024-12-31 12:00:00-03:00,445.5,0.0
2024-12-31 13:00:00-03:00,446.25,0.0
2024-12-31 14:00:00-03:00,446.5,0.0
2024-12-31 15:00:00-03:00,447.0,0.0
2024-12-31 16:00:00-03:00,447.0,0.0
2024-12-31 17:00:00-03:00,447.0,0.0
2024-12-31 18:00:00-03:00,447.0,0.2
2024-12-31 19:00:00-03:00,446.5,0.0
2024-12-31 20:00:00-03:00,446.5,0.0
2024-12-31 21:00:00-03:00,446.0,0.0
2024-12-31 22:00:00-03:00,446.0,0.6
2024-12-31 23:00:00-03:00,445.25,0.2
2025-01-01 00:00:00-03:00,445.0,0.0
2025-01-01 01:00:00-03:00,445.0,0.2
2025-01-01 02:00:00-03:00,443.75,0.0
2025-01-01 03:00:00-03:00,443.0,0.0
2025-01-01 04:00:00-03:00,442.25,0.0
2025-01-01 05:00:00-03:00,441.75,0.0
2025-01-01 06:00:00-03:00,441.0,0.0
2025-01-01 07:00:00-03:00,440.0,0.0
2025-01-01 08:00:00-03:00,438.75,0.0
2025-01-01 09:00:00-03:00,438.0,0.0
2025-01-01 10:00:00-03:00,436.75,0.0
2025-01-01 11:00:00-03:00,435.5,0.0
2025-01-01 12:00:00-03:00,434.75,0.0
2025-01-01 13:00:00-03:00,433.5,0.0
2025-01-01 14:00:00-03:00,432.0,0.0
2025-01-01 15:00:00-03:00,430.0,0.0
2025-01-01 16:00:00-03:00,428.25,0.0
2025-01-01 17:00:00-03:00,426.5,0.0
2025-01-01 18:00:00-03:00,424.5,0.0
2025-01-01 19:00:00-03:00,422.75,0.0
2025-01-01 20:00:00-03:00,420.75,0.0
2025-01-01 21:00:00-03:00,419.0,0.0
2025-01-01 22:00:00-03:00,417.0,0.0
2025-01-01 23:00:00-03:00,414.75,0.0
2025-01-02 00:00:00-03:00,412.75,0.0
2025-01-02 01:00:00-03:00,411.0,0.0
2025-01-02 02:00:00-03:00,408.5,0.0
2025-01-02 03:00:00-03:00,406.5,0.0
2025-01-02 04:00:00-03:00,404.0,0.0
2025-01-02 05:00:00-03:00,402.0,0.0
2025-01-02 06:00:00-03:00,399.25,0.0
2025-01-02 07:00:00-03:00,396.75,0.0
2025-01-02 08:00:00-03:00,394.0,0.0
2025-01-02 09:00:00-03:00,391.75,0.0
2025-01-02 10:00:00-03:00,389.5,0.0
2025-01-02 11:00:00-03:00,386.75,0.0
2025-01-02 12:00:00-03:00,384.0,0.0
2025-01-02 13:00:00-03:00,381.0,0.0
2025-01-02 14:00:00-03:00,378.0,0.0
2025-01-02 15:00:00-03:00,374.5,0.0
2025-01-02 16:00:00-03:00,371.5,0.0
2025-01-02 17:00:00-03:00,367.75,0.8
2025-01-02 18:00:00-03:00,364.5,3.0
2025-01-02 19:00:00-03:00,360.75,0.0
2025-01-02 20:00:00-03:00,357.5,0.0
2025-01-02 21:00:00-03:00,354.5,0.0
2025-01-02 22:00:00-03:00,348.5,0.0
2025-01-02 23:00:00-03:00,345.5,0.0
2025-01-03 00:00:00-03:00,341.5,0.0
2025-01-03 01:00:00-03:00,337.5,0.0
2025-01-03 02:00:00-03:00,332.5,0.2
2025-01-03 03:00:00-03:00,328.25,0.0
2025-01-03 04:00:00-03:00,324.0,0.0
2025-01-03 05:00:00-03:00,319.25,0.0
2025-01-03 06:00:00-03:00,314.5,0.0
2025-01-03 07:00:00-03:00,310.0,0.2
2025-01-03 08:00:00-03:00,305.5,0.0
2025-01-03 09:00:00-03:00,300.5,0.0
2025-01-03 10:00:00-03:00,296.5,0.0
2025-01-03 11:00:00-03:00,291.5,0.0
2025-01-03 12:00:00-03:00,287.0,0.0
2025-01-03 13:00:00-03:00,282.5,0.0
2025-01-03 14:00:00-03:00,278.25,0.0
2025-01-03 15:00:00-03:00,273.5,2.4
2025-01-03 16:00:00-03:00,268.5,0.6
2025-01-03 17:00:00-03:00,267.75,0.0
2025-01-03 18:00:00-03:00,263.75,0.0
2025-01-03 19:00:00-03:00,258.75,0.0
2025-01-03 20:00:00-03:00,254.5,0.0
2025-01-03 21:00:00-03:00,251.5,0.0
2025-01-03 22:00:00-03:00,245.5,0.0
2025-01-03 23:00:00-03:00,242.5,0.0
2025-01-04 00:00:00-03:00,239.5,0.0
2025-01-04 01:00:00-03:00,235.75,0.0
2025-01-04 02:00:00-03:00,232.5,0.0
2025-01-04 03:00:00-03:00,229.5,0.0
2025-01-04 04:00:00-03:00,226.5,0.0
2025-01-04 05:00:00-03:00,224.0,0.0
2025-01-04 06:00:00-03:00,221.0,0.0
2025-01-04 07:00:00-03:00,218.25,0.0
2025-01-04 08:00:00-03:00,215.5,0.0
2025-01-04 09:00:00-03:00,213.0,0.2
2025-01-04 10:00:00-03:00,211.0,0.0
2025-01-04 11:00:00-03:00,208.75,0.0
2025-01-04 12:00:00-03:00,206.75,0.0
2025-01-04 13:00:00-03:00,204.25,0.0
2025-01-04 14:00:00-03:00,202.0,0.0
2025-01-04 15:00:00-03:00,200.0,0.0
2025-01-04 16:00:00-03:00,197.5,0.0
2025-01-04 17:00:00-03:00,195.0,1.4
2025-01-04 18:00:00-03:00,193.0,0.0
2025-01-04 19:00:00-03:00,190.75,0.0
2025-01-04 20:00:00-03:00,189.5,0.0
2025-01-04 21:00:00-03:00,187.75,0.0
2025-01-04 22:00:00-03:00,186.5,0.0
2025-01-04 23:00:00-03:00,184.75,0.0
2025-01-05 00:00:00-03:00,183.25,0.0
2025-01-05 01:00:00-03:00,182.0,0.6
2025-01-05 02:00:00-03:00,181.0,22.2
2025-01-05 03:00:00-03:00,183.0,1.2
2025-01-05 04:00:00-03:00,181.25,0.0
2025-01-05 05:00:00-03:00,180.25,0.0
2025-01-05 06:00:00-03:00,180.0,0.0
2025-01-05 07:00:00-03:00,179.25,0.0
2025-01-05 08:00:00-03:00,179.0,0.0
2025-01-05 09:00:00-03:00,179.0,0.0
2025-01-05 10:00:00-03:00,179.0,0.0
2025-01-05 11:00:00-03:00,179.0,0.2
2025-01-05 12:00:00-03:00,179.5,0.0
2025-01-05 13:00:00-03:00,179.75,0.0
2025-01-05 14:00:00-03:00,180.0,0.0
2025-01-05 15:00:00-03:00,180.0,0.0
2025-01-05 16:00:00-03:00,180.25,0.0
2025-01-05 17:00:00-03:00,181.0,0.0
2025-01-05 18:00:00-03:00,181.25,0.0
2025-01-05 19:00:00-03:00,181.5,0.0
2025-01-05 20:00:00-03:00,181.75,0.0
2025-01-05 21:00:00-03:00,182.25,0.0
2025-01-05 22:00:00-03:00,183.0,0.0
2025-01-05 23:00:00-03:00,183.75,0.0
2025-01-06 00:00:00-03:00,184.5,0.0
2025-01-06 01:00:00-03:00,185.25,0.0
2025-01-06 02:00:00-03:00,186.25,0.0
2025-01-06 03:00:00-03:00,187.75,0.0
2025-01-06 04:00:00-03:00,188.25,0.0
2025-01-06 05:00:00-03:00,189.5,0.0
2025-01-06 06:00:00-03:00,190.0,0.0
2025-01-06 07:00:00-03:00,191.0,0.0
2025-01-06 08:00:00-03:00,191.75,0.0
2025-01-06 09:00:00-03:00,192.0,0.0
2025-01-06 10:00:00-03:00,192.5,0.0
2025-01-06 11:00:00-03:00,192.75,0.0
2025-01-06 12:00:00-03:00,192.75,0.0
2025-01-06 13:00:00-03:00,193.0,0.0
2025-01-06 14:00:00-03:00,193.0,0.0
2025-01-06 15:00:00-03:00,192.0,0.0
2025-01-06 16:00:00-03:00,191.25,0.0
2025-01-06 17:00:00-03:00,190.0,0.0
2025-01-06 18:00:00-03:00,189.0,0.0
2025-01-06 19:00:00-03:00,187.75,0.0
2025-01-06 20:00:00-03:00,185.75,0.0
2025-01-06 21:00:00-03:00,184.5,0.0
2025-01-06 22:00:00-03:00,182.75,0.0
2025-01-06 23:00:00-03:00,181.0,0.0
2025-01-07 00:00:00-03:00,179.25,0.0
2025-01-07 01:00:00-03:00,177.5,0.0
2025-01-07 02:00:00-03:00,175.75,0.0
2025-01-07 03:00:00-03:00,174.5,0.0
2025-01-07 04:00:00-03:00,172.75,0.0
2025-01-07 05:00:00-03:00,171.0,0.0
2025-01-07 06:00:00-03:00,169.5,0.0
2025-01-07 07:00:00-03:00,168.25,0.0
2025-01-07 08:00:00-03:00,166.75,0.0
2025-01-07 09:00:00-03:00,165.5,0.0
2025-01-07 10:00:00-03:00,164.25,0.0
2025-01-07 11:00:00-03:00,163.0,0.0
2025-01-07 12:00:00-03:00,162.5,0.0
2025-01-07 13:00:00-03:00,161.5,0.0
2025-01-07 14:00:00-03:00,160.5,0.0
2025-01-07 15:00:00-03:00,165.5,0.0
2025-01-07 16:00:00-03:00,163.0,0.0
2025-01-07 17:00:00-03:00,160.5,0.0
2025-01-07 18:00:00-03:00,158.5,0.0
2025-01-07 19:00:00-03:00,157.5,0.0
2025-01-07 20:00:00-03:00,156.0,0.0
2025-01-07 21:00:00-03:00,155.0,0.0
2025-01-07 22:00:00-03:00,154.0,0.0
2025-01-07 23:00:00-03:00,153.0,0.0
2025-01-08 00:00:00-03:00,152.25,0.0
2025-01-08 01:00:00-03:00,151.5,0.0
2025-01-08 02:00:00-03:00,150.75,0.0
2025-01-08 03:00:00-03:00,150.0,0.0
2025-01-08 04:00:00-03:00,149.75,0.0
2025-01-08 05:00:00-03:00,149.0,0.0
2025-01-08 06:00:00-03:00,148.25,0.0
2025-01-08 07:00:00-03:00,148.0,0.0
2025-01-08 08:00:00-03:00,147.25,0.0
2025-01-08 09:00:00-03:00,147.0,0.0
2025-01-08 10:00:00-03:00,146.75,0.0
2025-01-08 11:00:00-03:00,146.5,0.0
2025-01-08 12:00:00-03:00,146.0,2.0
2025-01-08 13:00:00-03:00,145.0,0.2
2025-01-08 14:00:00-03:00,145.0,0.0
2025-01-08 15:00:00-03:00,144.5,0.0
2025-01-08 16:00:00-03:00,143.75,6.8
2025-01-08 17:00:00-03:00,143.25,0.0
2025-01-08 18:00:00-03:00,143.0,0.0
2025-01-08 19:00:00-03:00,142.25,0.0
2025-01-08 20:00:00-03:00,141.25,0.0
2025-01-08 21:00:00-03:00,141.0,0.0
2025-01-08 22:00:00-03:00,140.25,0.0
2025-01-08 23:00:00-03:00,140.0,0.0
2025-01-09 00:00:00-03:00,139.0,0.0
2025-01-09 01:00:00-03:00,138.5,0.0
2025-01-09 02:00:00-03:00,138.0,0.0
2025-01-09 03:00:00-03:00,137.25,0.4
2025-01-09 04:00:00-03:00,137.0,0.0
2025-01-09 05:00:00-03:00,136.5,0.0
2025-01-09 06:00:00-03:00,136.0,0.0
2025-01-09 07:00:00-03:00,135.5,0.0
2025-01-09 08:00:00-03:00,135.0,0.0
2025-01-09 09:00:00-03:00,134.75,0.0
2025-01-09 10:00:00-03:00,134.25,0.0
2025-01-09 11:00:00-03:00,134.5,0.0
2025-01-09 12:00:00-03:00,134.25,0.0
2025-01-09 13:00:00-03:00,134.25,0.0
2025-01-09 14:00:00-03:00,134.0,0.0
2025-01-09 15:00:00-03:00,135.75,1.0
2025-01-09 16:00:00-03:00,134.5,0.0
2025-01-09 17:00:00-03:00,134.0,0.2
2025-01-09 18:00:00-03:00,133.0,0.0
2025-01-09 19:00:00-03:00,132.75,0.0
2025-01-09 20:00:00-03:00,133.0,0.0
2025-01-09 21:00:00-03:00,133.0,0.0
2025-01-09 22:00:00-03:00,132.5,0.0
2025-01-09 23:00:00-03:00,132.0,0.0
2025-01-10 00:00:00-03:00,131.75,0.0
2025-01-10 01:00:00-03:00,131.25,0.0
2025-01-10 02:00:00-03:00,131.0,0.0
2025-01-10 03:00:00-03:00,131.0,0.0
2025-01-10 04:00:00-03:00,131.0,0.0
2025-01-10 05:00:00-03:00,130.75,0.0
2025-01-10 06:00:00-03:00,130.75,0.0
2025-01-10 07:00:00-03:00,130.75,0.0
2025-01-10 08:00:00-03:00,130.0,0.0
2025-01-10 09:00:00-03:00,130.0,0.0
2025-01-10 10:00:00-03:00,130.0,0.0
2025-01-10 11:00:00-03:00,130.0,0.0
2025-01-10 12:00:00-03:00,130.0,0.0
2025-01-10 13:00:00-03:00,130.25,0.0
2025-01-10 14:00:00-03:00,130.25,0.0
2025-01-10 15:00:00-03:00,130.0,0.0
2025-01-10 16:00:00-03:00,130.0,0.0
2025-01-10 17:00:00-03:00,129.5,0.0
2025-01-10 18:00:00-03:00,129.0,0.0
2025-01-10 19:00:00-03:00,129.0,0.0
2025-01-10 20:00:00-03:00,129.75,0.0
2025-01-10 21:00:00-03:00,129.75,0.0
2025-01-10 22:00:00-03:00,130.0,0.0
2025-01-10 23:00:00-03:00,129.75,0.0
2025-01-11 00:00:00-03:00,129.75,0.0
2025-01-11 01:00:00-03:00,129.5,0.0
2025-01-11 02:00:00-03:00,129.5,0.0
2025-01-11 03:00:00-03:00,129.0,0.0
2025-01-11 04:00:00-03:00,129.0,0.0
2025-01-11 05:00:00-03:00,128.75,0.0
2025-01-11 06:00:00-03:00,128.5,0.0
2025-01-11 07:00:00-03:00,128.0,0.0
2025-01-11 08:00:00-03:00,127.75,0.0
2025-01-11 09:00:00-03:00,127.25,0.0
2025-01-11 10:00:00-03:00,126.75,0.0
2025-01-11 11:00:00-03:00,126.5,0.0
2025-01-11 12:00:00-03:00,126.5,0.0
2025-01-11 13:00:00-03:00,126.0,0.0
2025-01-11 14:00:00-03:00,125.75,0.0
2025-01-11 15:00:00-03:00,125.0,0.0
2025-01-11 16:00:00-03:00,125.0,0.0
2025-01-11 17:00:00-03:00,124.25,6.2
2025-01-11 18:00:00-03:00,124.0,0.0
2025-01-11 19:00:00-03:00,123.0,0.0
2025-01-11 20:00:00-03:00,122.5,0.0
2025-01-11 21:00:00-03:00,122.25,0.0
2025-01-11 22:00:00-03:00,122.0,0.0
2025-01-11 23:00:00-03:00,121.75,0.0
2025-01-12 00:00:00-03:00,121.0,0.0
2025-01-12 01:00:00-03:00,120.75,0.0
2025-01-12 02:00:00-03:00,120.0,0.0
2025-01-12 03:00:00-03:00,120.25,0.0
2025-01-12 04:00:00-03:00,120.0,0.0
2025-01-12 05:00:00-03:00,120.0,0.0
2025-01-12 06:00:00-03:00,120.25,0.0
2025-01-12 07:00:00-03:00,120.0,0.0
2025-01-12 08:00:00-03:00,120.0,0.0
2025-01-12 09:00:00-03:00,120.0,0.0
2025-01-12 10:00:00-03:00,120.0,0.0
2025-01-12 11:00:00-03:00,120.0,0.0
2025-01-12 12:00:00-03:00,119.75,0.0
2025-01-12 13:00:00-03:00,119.75,0.0
2025-01-12 14:00:00-03:00,119.75,0.0
2025-01-12 15:00:00-03:00,119.75,0.0
2025-01-12 16:00:00-03:00,119.25,0.0
2025-01-12 17:00:00-03:00,119.0,0.0
2025-01-12 18:00:00-03:00,119.0,0.0
2025-01-12 19:00:00-03:00,119.0,0.0
2025-01-12 20:00:00-03:00,118.0,0.0
2025-01-12 21:00:00-03:00,118.25,0.0
2025-01-12 22:00:00-03:00,117.75,0.0
2025-01-12 23:00:00-03:00,117.0,0.0
2025-01-13 00:00:00-03:00,117.0,0.0
2025-01-13 01:00:00-03:00,116.5,0.0
2025-01-13 02:00:00-03:00,116.25,0.0
2025-01-13 03:00:00-03:00,116.5,0.0
2025-01-13 04:00:00-03:00,117.0,0.0
2025-01-13 05:00:00-03:00,117.25,0.0
2025-01-13 06:00:00-03:00,118.0,0.0
2025-01-13 07:00:00-03:00,118.0,0.0
2025-01-13 08:00:00-03:00,118.75,0.0
2025-01-13 09:00:00-03:00,119.25,0.0
2025-01-13 10:00:00-03:00,119.75,0.0
2025-01-13 11:00:00-03:00,120.25,0.2
2025-01-13 12:00:00-03:00,120.75,0.0
2025-01-13 13:00:00-03:00,121.75,0.0
2025-01-13 14:00:00-03:00,121.75,0.0
2025-01-13 15:00:00-03:00,122.0,0.0
2025-01-13 16:00:00-03:00,122.5,0.0
2025-01-13 17:00:00-03:00,122.0,4.2
2025-01-13 18:00:00-03:00,123.5,6.6
2025-01-13 19:00:00-03:00,126.5,0.0
2025-01-13 20:00:00-03:00,124.75,0.4
2025-01-13 21:00:00-03:00,124.25,0.8
2025-01-13 22:00:00-03:00,124.0,1.2
2025-01-13 23:00:00-03:00,124.0,1.6
2025-01-14 00:00:00-03:00,123.25,2.8
2025-01-14 01:00:00-03:00,124.0,0.2
2025-01-14 02:00:00-03:00,124.0,0.0
2025-01-14 03:00:00-03:00,124.0,0.0
2025-01-14 04:00:00-03:00,124.0,0.0
2025-01-14 05:00:00-03:00,124.0,0.0
2025-01-14 06:00:00-03:00,124.0,0.0
2025-01-14 07:00:00-03:00,123.75,0.0
2025-01-14 08:00:00-03:00,123.5,0.0
2025-01-14 09:00:00-03:00,123.25,0.0
2025-01-14 10:00:00-03:00,123.25,0.0
2025-01-14 11:00:00-03:00,122.75,0.0
2025-01-14 12:00:00-03:00,122.5,0.0
2025-01-14 13:00:00-03:00,122.0,0.0
2025-01-14 14:00:00-03:00,121.5,0.0
2025-01-14 15:00:00-03:00,121.0,0.0
2025-01-14 16:00:00-03:00,121.0,0.0
2025-01-14 17:00:00-03:00,119.75,0.0
2025-01-14 18:00:00-03:00,118.75,0.0
2025-01-14 19:00:00-03:00,118.25,0.0
2025-01-14 20:00:00-03:00,118.0,0.0
2025-01-14 21:00:00-03:00,117.5,0.0
2025-01-14 22:00:00-03:00,117.0,0.0
2025-01-14 23:00:00-03:00,116.25,0.0
2025-01-15 00:00:00-03:00,116.0,0.0
2025-01-15 01:00:00-03:00,115.5,0.0
2025-01-15 02:00:00-03:00,115.5,0.0
2025-01-15 03:00:00-03:00,115.0,0.0
2025-01-15 04:00:00-03:00,114.75,0.0
2025-01-15 05:00:00-03:00,114.25,0.0
2025-01-15 06:00:00-03:00,114.0,0.0
2025-01-15 07:00:00-03:00,114.0,0.0
2025-01-15 08:00:00-03:00,113.0,0.0
2025-01-15 09:00:00-03:00,113.25,0.0
2025-01-15 10:00:00-03:00,113.0,0.0
2025-01-15 11:00:00-03:00,113.0,0.0
2025-01-15 12:00:00-03:00,112.25,3.4
2025-01-15 13:00:00-03:00,112.0,1.6
2025-01-15 14:00:00-03:00,111.5,0.0
2025-01-15 15:00:00-03:00,111.25,0.0
2025-01-15 16:00:00-03:00,111.0,0.0
2025-01-15 17:00:00-03:00,110.0,0.0
2025-01-15 18:00:00-03:00,110.0,0.0
2025-01-15 19:00:00-03:00,109.0,0.0
2025-01-15 20:00:00-03:00,109.0,0.0
2025-01-15 21:00:00-03:00,108.25,0.0
2025-01-15 22:00:00-03:00,108.0,0.0
2025-01-15 23:00:00-03:00,107.5,0.0
2025-01-16 00:00:00-03:00,107.0,0.0
2025-01-16 01:00:00-03:00,106.5,0.0
2025-01-16 02:00:00-03:00,106.0,0.0
2025-01-16 03:00:00-03:00,105.5,0.0
2025-01-16 04:00:00-03:00,105.0,0.0
2025-01-16 05:00:00-03:00,105.0,0.0
2025-01-16 06:00:00-03:00,104.5,0.0
2025-01-16 07:00:00-03:00,104.75,0.0
2025-01-16 08:00:00-03:00,104.0,0.0
2025-01-16 09:00:00-03:00,104.0,0.2
2025-01-16 10:00:00-03:00,104.0,0.0
2025-01-16 11:00:00-03:00,104.0,0.0
2025-01-16 12:00:00-03:00,103.75,0.4
2025-01-16 13:00:00-03:00,104.0,0.4
2025-01-16 14:00:00-03:00,103.5,0.0
2025-01-16 15:00:00-03:00,104.0,0.0
2025-01-16 16:00:00-03:00,103.5,0.0
2025-01-16 17:00:00-03:00,103.25,0.0
2025-01-16 18:00:00-03:00,103.25,0.0
2025-01-16 19:00:00-03:00,104.0,0.0
2025-01-16 20:00:00-03:00,103.0,0.0
2025-01-16 21:00:00-03:00,104.5,5.6
2025-01-16 22:00:00-03:00,107.25,2.8
2025-01-16 23:00:00-03:00,105.75,2.0
2025-01-17 00:00:00-03:00,106.0,1.8
2025-01-17 01:00:00-03:00,107.25,17.4
2025-01-17 02:00:00-03:00,106.5,0.2
2025-01-17 03:00:00-03:00,106.5,1.4
2025-01-17 04:00:00-03:00,107.5,1.6
2025-01-17 05:00:00-03:00,108.75,0.8
2025-01-17 06:00:00-03:00,109.25,0.2
2025-01-17 07:00:00-03:00,110.75,0.0
2025-01-17 08:00:00-03:00,113.25,0.0
2025-01-17 09:00:00-03:00,116.0,0.0
2025-01-17 10:00:00-03:00,119.0,0.0
2025-01-17 11:00:00-03:00,121.5,0.0
2025-01-17 12:00:00-03:00,123.25,2.6
2025-01-17 13:00:00-03:00,125.0,0.0
2025-01-17 14:00:00-03:00,127.0,0.0
2025-01-17 15:00:00-03:00,128.5,0.0
2025-01-17 16:00:00-03:00,129.75,0.0
2025-01-17 17:00:00-03:00,131.5,0.0
2025-01-17 18:00:00-03:00,133.5,0.0
2025-01-17 19:00:00-03:00,135.0,0.0
2025-01-17 20:00:00-03:00,137.0,0.0
2025-01-17 21:00:00-03:00,138.5,0.0
2025-01-17 22:00:00-03:00,141.0,0.0
2025-01-17 23:00:00-03:00,143.25,0.0
2025-01-18 00:00:00-03:00,145.0,0.0
2025-01-18 01:00:00-03:00,147.25,0.0
2025-01-18 02:00:00-03:00,149.5,0.0
2025-01-18 03:00:00-03:00,151.75,0.0
2025-01-18 04:00:00-03:00,154.25,0.0
2025-01-18 05:00:00-03:00,156.0,0.0
2025-01-18 06:00:00-03:00,157.75,0.2
2025-01-18 07:00:00-03:00,159.75,0.0
2025-01-18 08:00:00-03:00,161.0,0.0
2025-01-18 09:00:00-03:00,162.25,0.0
2025-01-18 10:00:00-03:00,164.25,0.0
2025-01-18 11:00:00-03:00,164.75,0.0
2025-01-18 12:00:00-03:00,166.0,0.0
2025-01-18 13:00:00-03:00,167.0,0.0
2025-01-18 14:00:00-03:00,167.25,0.0
2025-01-18 15:00:00-03:00,167.75,0.0
2025-01-18 16:00:00-03:00,168.0,0.0
2025-01-18 17:00:00-03:00,167.5,0.0
2025-01-18 18:00:00-03:00,167.25,0.0
2025-01-18 19:00:00-03:00,167.0,0.0
2025-01-18 20:00:00-03:00,166.0,0.0
2025-01-18 21:00:00-03:00,165.0,0.0
2025-01-18 22:00:00-03:00,164.25,0.0
2025-01-18 23:00:00-03:00,163.0,0.0
2025-01-19 00:00:00-03:00,162.0,0.0
2025-01-19 01:00:00-03:00,160.5,0.0
2025-01-19 02:00:00-03:00,158.75,0.0
2025-01-19 03:00:00-03:00,157.5,0.0
2025-01-19 04:00:00-03:00,155.75,0.0
2025-01-19 05:00:00-03:00,154.25,0.0
2025-01-19 06:00:00-03:00,152.25,0.0
2025-01-19 07:00:00-03:00,150.75,0.0
2025-01-19 08:00:00-03:00,148.75,0.0
2025-01-19 09:00:00-03:00,147.25,0.0
2025-01-19 10:00:00-03:00,145.75,0.0
2025-01-19 11:00:00-03:00,144.75,0.0
2025-01-19 12:00:00-03:00,143.5,0.0
2025-01-19 13:00:00-03:00,141.5,0.0
2025-01-19 14:00:00-03:00,140.5,0.0
2025-01-19 15:00:00-03:00,139.25,0.0
2025-01-19 16:00:00-03:00,138.0,0.0
2025-01-19 17:00:00-03:00,136.75,0.0
2025-01-19 18:00:00-03:00,135.5,0.0
2025-01-19 19:00:00-03:00,133.75,0.0
2025-01-19 20:00:00-03:00,133.0,0.0
2025-01-19 21:00:00-03:00,131.75,0.0
2025-01-19 22:00:00-03:00,130.75,0.0
2025-01-19 23:00:00-03:00,129.5,0.0
2025-01-20 00:00:00-03:00,128.75,0.0
2025-01-20 01:00:00-03:00,128.25,0.0
2025-01-20 02:00:00-03:00,127.25,0.0
2025-01-20 03:00:00-03:00,126.25,0.0
2025-01-20 04:00:00-03:00,125.5,0.0
2025-01-20 05:00:00-03:00,125.0,3.4
2025-01-20 06:00:00-03:00,124.0,0.0
2025-01-20 07:00:00-03:00,123.25,0.0
2025-01-20 08:00:00-03:00,122.75,0.0
2025-01-20 09:00:00-03:00,122.0,0.2
2025-01-20 10:00:00-03:00,121.25,0.0
2025-01-20 11:00:00-03:00,121.0,0.0
2025-01-20 12:00:00-03:00,120.75,0.0
2025-01-20 13:00:00-03:00,120.25,0.0
2025-01-20 14:00:00-03:00,119.0,0.0
2025-01-20 15:00:00-03:00,119.0,0.0
2025-01-20 16:00:00-03:00,118.25,0.0
2025-01-20 17:00:00-03:00,117.25,0.0
2025-01-20 18:00:00-03:00,116.25,0.0
2025-01-20 19:00:00-03:00,116.0,0.0
2025-01-20 20:00:00-03:00,115.0,0.0
2025-01-20 21:00:00-03:00,115.0,0.0
2025-01-20 22:00:00-03:00,114.25,0.0
2025-01-20 23:00:00-03:00,113.75,0.0
2025-01-21 00:00:00-03:00,113.25,0.0
2025-01-21 01:00:00-03:00,113.0,0.0
2025-01-21 02:00:00-03:00,112.5,0.0
2025-01-21 03:00:00-03:00,112.0,0.0
2025-01-21 04:00:00-03:00,112.0,0.0
2025-01-21 05:00:00-03:00,112.0,0.0
2025-01-21 06:00:00-03:00,111.75,0.0
2025-01-21 07:00:00-03:00,111.5,0.0
2025-01-21 08:00:00-03:00,111.25,0.0
2025-01-21 09:00:00-03:00,112.0,0.0
2025-01-21 10:00:00-03:00,112.0,0.0
2025-01-21 11:00:00-03:00,112.5,0.0
2025-01-21 12:00:00-03:00,112.0,0.0
2025-01-21 13:00:00-03:00,111.75,0.0
2025-01-21 14:00:00-03:00,112.0,0.0
2025-01-21 15:00:00-03:00,112.0,0.0
2025-01-21 16:00:00-03:00,111.5,0.0
2025-01-21 17:00:00-03:00,111.0,0.0
2025-01-21 18:00:00-03:00,110.25,0.0
2025-01-21 19:00:00-03:00,109.75,0.0
2025-01-21 20:00:00-03:00,110.0,0.0
2025-01-21 21:00:00-03:00,109.0,0.0
2025-01-21 22:00:00-03:00,109.0,0.2
2025-01-21 23:00:00-03:00,108.75,0.0
2025-01-22 00:00:00-03:00,108.0,0.0
2025-01-22 01:00:00-03:00,108.0,0.2
2025-01-22 02:00:00-03:00,107.75,0.0
2025-01-22 03:00:00-03:00,107.25,0.0
2025-01-22 04:00:00-03:00,106.75,0.0
2025-01-22 05:00:00-03:00,107.0,0.0
2025-01-22 06:00:00-03:00,106.5,0.0
2025-01-22 07:00:00-03:00,106.0,0.0
2025-01-22 08:00:00-03:00,106.0,0.0
2025-01-22 09:00:00-03:00,106.0,0.0
2025-01-22 10:00:00-03:00,105.75,0.0
2025-01-22 11:00:00-03:00,106.0,0.0
2025-01-22 12:00:00-03:00,106.0,0.0
2025-01-22 13:00:00-03:00,106.0,0.0
2025-01-22 14:00:00-03:00,105.75,0.0
2025-01-22 15:00:00-03:00,105.25,0.0
2025-01-22 16:00:00-03:00,104.75,0.0
2025-01-22 17:00:00-03:00,104.25,0.0
2025-01-22 18:00:00-03:00,103.75,0.0
2025-01-22 19:00:00-03:00,103.0,0.0
2025-01-22 20:00:00-03:00,102.75,0.0
2025-01-22 21:00:00-03:00,102.25,0.0
2025-01-22 22:00:00-03:00,102.0,0.0
2025-01-22 23:00:00-03:00,101.5,0.0
2025-01-23 00:00:00-03:00,101.0,0.0
2025-01-23 01:00:00-03:00,101.0,0.0
2025-01-23 02:00:00-03:00,100.5,0.0
2025-01-23 03:00:00-03:00,100.0,0.0
2025-01-23 04:00:00-03:00,100.0,17.2
2025-01-23 05:00:00-03:00,102.25,0.0
2025-01-23 06:00:00-03:00,102.0,0.0
2025-01-23 07:00:00-03:00,102.0,0.0
2025-01-23 08:00:00-03:00,102.0,0.0
2025-01-23 09:00:00-03:00,102.75,0.0
2025-01-23 10:00:00-03:00,103.25,0.2
2025-01-23 11:00:00-03:00,104.5,0.0
2025-01-23 12:00:00-03:00,105.5,0.0
2025-01-23 13:00:00-03:00,106.25,0.0
2025-01-23 14:00:00-03:00,107.0,0.0
2025-01-23 15:00:00-03:00,107.5,0.0
2025-01-23 16:00:00-03:00,108.0,0.0
2025-01-23 17:00:00-03:00,108.5,0.0
2025-01-23 18:00:00-03:00,109.0,0.0
2025-01-23 19:00:00-03:00,109.0,0.2
2025-01-23 20:00:00-03:00,109.0,2.0
2025-01-23 21:00:00-03:00,108.5,0.0
2025-01-23 22:00:00-03:00,108.5,0.0
2025-01-23 23:00:00-03:00,108.5,0.2
2025-01-24 00:00:00-03:00,108.75,0.2
2025-01-24 01:00:00-03:00,108.75,0.0
2025-01-24 02:00:00-03:00,109.0,0.0
2025-01-24 03:00:00-03:00,109.75,0.0
2025-01-24 04:00:00-03:00,110.75,0.0
2025-01-24 05:00:00-03:00,111.5,0.0
2025-01-24 06:00:00-03:00,112.25,0.0
2025-01-24 07:00:00-03:00,113.0,0.0
2025-01-24 08:00:00-03:00,113.25,0.0
2025-01-24 09:00:00-03:00,115.25,0.0
2025-01-24 10:00:00-03:00,116.25,0.0
2025-01-24 11:00:00-03:00,116.5,0.0
2025-01-24 12:00:00-03:00,117.0,0.0
2025-01-24 13:00:00-03:00,118.0,0.0
2025-01-24 14:00:00-03:00,118.5,0.0
2025-01-24 15:00:00-03:00,118.25,0.0
2025-01-24 16:00:00-03:00,119.0,0.0
2025-01-24 17:00:00-03:00,118.0,0.0
2025-01-24 18:00:00-03:00,117.25,0.0
2025-01-24 19:00:00-03:00,116.75,0.0
2025-01-24 20:00:00-03:00,116.25,0.0
2025-01-24 21:00:00-03:00,115.5,0.0
2025-01-24 22:00:00-03:00,115.0,0.0
2025-01-24 23:00:00-03:00,114.0,0.0
2025-01-25 00:00:00-03:00,112.5,4.8
2025-01-25 01:00:00-03:00,111.5,0.2
2025-01-25 02:00:00-03:00,110.5,0.2
2025-01-25 03:00:00-03:00,109.75,0.0
2025-01-25 04:00:00-03:00,108.75,0.0
2025-01-25 05:00:00-03:00,108.0,0.0
2025-01-25 06:00:00-03:00,106.75,0.0
2025-01-25 07:00:00-03:00,106.25,0.0
2025-01-25 08:00:00-03:00,106.0,0.0
2025-01-25 09:00:00-03:00,105.25,0.0
2025-01-25 10:00:00-03:00,105.0,0.0
2025-01-25 11:00:00-03:00,104.25,0.0
2025-01-25 12:00:00-03:00,104.0,0.0
2025-01-25 13:00:00-03:00,103.25,0.2
2025-01-25 14:00:00-03:00,102.75,0.0
2025-01-25 15:00:00-03:00,102.0,0.0
2025-01-25 16:00:00-03:00,101.5,0.0
2025-01-25 17:00:00-03:00,100.75,0.0
2025-01-25 18:00:00-03:00,100.0,0.0
2025-01-25 19:00:00-03:00,99.0,0.0
2025-01-25 20:00:00-03:00,99.0,0.0
2025-01-25 21:00:00-03:00,98.25,0.0
2025-01-25 22:00:00-03:00,98.0,0.0
2025-01-25 23:00:00-03:00,98.0,0.0
2025-01-26 00:00:00-03:00,98.0,0.0
2025-01-26 01:00:00-03:00,98.0,0.0
2025-01-26 02:00:00-03:00,99.25,0.0
2025-01-26 03:00:00-03:00,101.75,0.2
2025-01-26 04:00:00-03:00,101.25,0.0
2025-01-26 05:00:00-03:00,101.5,0.0
2025-01-26 06:00:00-03:00,102.0,0.0
2025-01-26 07:00:00-03:00,102.5,0.0
2025-01-26 08:00:00-03:00,103.25,0.0
2025-01-26 09:00:00-03:00,104.0,0.0
2025-01-26 10:00:00-03:00,105.5,0.0
2025-01-26 11:00:00-03:00,106.0,0.0
2025-01-26 12:00:00-03:00,107.0,0.0
2025-01-26 13:00:00-03:00,108.5,0.0
2025-01-26 14:00:00-03:00,109.25,0.0
2025-01-26 15:00:00-03:00,110.25,0.0
2025-01-26 16:00:00-03:00,111.0,0.0
2025-01-26 17:00:00-03:00,112.75,0.0
2025-01-26 18:00:00-03:00,113.75,0.0
2025-01-26 19:00:00-03:00,112.5,0.0
2025-01-26 20:00:00-03:00,112.0,0.0
2025-01-26 21:00:00-03:00,113.5,0.0
2025-01-26 22:00:00-03:00,113.0,0.0
2025-01-26 23:00:00-03:00,112.0,0.4
2025-01-27 00:00:00-03:00,111.75,0.0
2025-01-27 01:00:00-03:00,111.25,0.2
2025-01-27 02:00:00-03:00,111.0,0.6
2025-01-27 03:00:00-03:00,111.0,0.2
2025-01-27 04:00:00-03:00,110.5,0.4
2025-01-27 05:00:00-03:00,110.25,0.0
2025-01-27 06:00:00-03:00,109.75,0.0
2025-01-27 07:00:00-03:00,109.25,0.0
2025-01-27 08:00:00-03:00,108.75,0.0
2025-01-27 09:00:00-03:00,108.0,0.0
2025-01-27 10:00:00-03:00,107.5,0.2
2025-01-27 11:00:00-03:00,107.0,0.2
2025-01-27 12:00:00-03:00,106.75,0.4
2025-01-27 13:00:00-03:00,106.0,0.0
2025-01-27 14:00:00-03:00,106.0,0.2
2025-01-27 15:00:00-03:00,112.0,6.2
2025-01-27 16:00:00-03:00,112.5,0.0
2025-01-27 17:00:00-03:00,109.0,0.0
2025-01-27 18:00:00-03:00,108.25,0.0
2025-01-27 19:00:00-03:00,107.75,0.0
2025-01-27 20:00:00-03:00,108.0,0.0
2025-01-27 21:00:00-03:00,108.5,0.0
2025-01-27 22:00:00-03:00,109.25,0.0
2025-01-27 23:00:00-03:00,110.5,0.0
2025-01-28 00:00:00-03:00,112.0,0.0
2025-01-28 01:00:00-03:00,113.25,0.0
2025-01-28 02:00:00-03:00,115.25,0.0
2025-01-28 03:00:00-03:00,117.5,0.0
2025-01-28 04:00:00-03:00,119.75,0.0
2025-01-28 05:00:00-03:00,121.5,0.0
2025-01-28 06:00:00-03:00,123.5,0.0
2025-01-28 07:00:00-03:00,125.5,0.0
2025-01-28 08:00:00-03:00,127.25,0.2
2025-01-28 09:00:00-03:00,128.75,0.0
2025-01-28 10:00:00-03:00,130.5,0.0
2025-01-28 11:00:00-03:00,132.25,0.0
2025-01-28 12:00:00-03:00,134.0,6.6
2025-01-28 13:00:00-03:00,135.25,13.4
2025-01-28 14:00:00-03:00,136.0,0.2
2025-01-28 15:00:00-03:00,136.5,0.0
2025-01-28 16:00:00-03:00,136.75,0.0
2025-01-28 17:00:00-03:00,137.25,0.0
2025-01-28 18:00:00-03:00,137.5,0.0
2025-01-28 19:00:00-03:00,137.25,0.0
2025-01-28 20:00:00-03:00,137.25,0.0
2025-01-28 21:00:00-03:00,137.25,0.0
2025-01-28 22:00:00-03:00,137.0,0.0
2025-01-28 23:00:00-03:00,137.0,0.0
2025-01-29 00:00:00-03:00,136.5,0.0
2025-01-29 01:00:00-03:00,136.0,0.0
2025-01-29 02:00:00-03:00,135.5,0.0
2025-01-29 03:00:00-03:00,135.5,0.0
2025-01-29 04:00:00-03:00,135.25,0.0
2025-01-29 05:00:00-03:00,135.5,0.4
2025-01-29 06:00:00-03:00,136.5,0.0
2025-01-29 07:00:00-03:00,136.75,0.0
2025-01-29 08:00:00-03:00,136.25,0.0
2025-01-29 09:00:00-03:00,135.25,0.0
2025-01-29 10:00:00-03:00,134.75,0.0
2025-01-29 11:00:00-03:00,134.75,0.0
2025-01-29 12:00:00-03:00,134.5,0.2
2025-01-29 13:00:00-03:00,133.75,0.6
2025-01-29 14:00:00-03:00,133.5,0.2
2025-01-29 15:00:00-03:00,133.0,0.0
2025-01-29 16:00:00-03:00,145.25,7.6
2025-01-29 17:00:00-03:00,151.25,1.6
2025-01-29 18:00:00-03:00,145.75,0.0
2025-01-29 19:00:00-03:00,146.75,10.2
2025-01-29 20:00:00-03:00,148.5,3.2
2025-01-29 21:00:00-03:00,149.75,0.2
2025-01-29 22:00:00-03:00,148.0,0.8
2025-01-29 23:00:00-03:00,146.75,0.2
2025-01-30 00:00:00-03:00,146.0,0.0
2025-01-30 01:00:00-03:00,145.5,0.0
2025-01-30 02:00:00-03:00,145.0,0.2
2025-01-30 03:00:00-03:00,145.0,0.0
2025-01-30 04:00:00-03:00,145.0,0.0
2025-01-30 05:00:00-03:00,145.25,0.0
2025-01-30 06:00:00-03:00,145.25,0.0
2025-01-30 07:00:00-03:00,145.0,0.0
2025-01-30 08:00:00-03:00,144.5,0.0
2025-01-30 09:00:00-03:00,145.0,0.0
2025-01-30 10:00:00-03:00,145.0,0.0
2025-01-30 11:00:00-03:00,145.5,0.2
2025-01-30 12:00:00-03:00,146.0,0.0
2025-01-30 13:00:00-03:00,146.5,0.2
2025-01-30 14:00:00-03:00,148.25,2.2
2025-01-30 15:00:00-03:00,150.0,0.0
2025-01-30 16:00:00-03:00,151.25,0.0
2025-01-30 17:00:00-03:00,153.25,0.0
2025-01-30 18:00:00-03:00,154.75,0.0
2025-01-30 19:00:00-03:00,156.5,9.4
2025-01-30 20:00:00-03:00,158.25,1.6
2025-01-30 21:00:00-03:00,159.25,1.4
2025-01-30 22:00:00-03:00,161.25,0.2
2025-01-30 23:00:00-03:00,162.0,0.0
2025-01-31 00:00:00-03:00,163.5,5.6
2025-01-31 01:00:00-03:00,165.0,10.8
2025-01-31 02:00:00-03:00,167.0,10.4
2025-01-31 03:00:00-03:00,169.0,1.0
2025-01-31 04:00:00-03:00,171.0,0.6
2025-01-31 05:00:00-03:00,173.75,0.0
2025-01-31 06:00:00-03:00,176.0,0.2
2025-01-31 07:00:00-03:00,178.0,0.2
2025-01-31 08:00:00-03:00,181.0,1.0
2025-01-31 09:00:00-03:00,186.75,4.2
2025-01-31 10:00:00-03:00,190.0,0.8
2025-01-31 11:00:00-03:00,193.25,1.2
2025-01-31 12:00:00-03:00,200.0,8.2
2025-01-31 13:00:00-03:00,209.5,1.6
2025-01-31 14:00:00-03:00,216.5,0.0
2025-01-31 15:00:00-03:00,222.5,0.0
2025-01-31 16:00:00-03:00,228.5,0.0
2025-01-31 17:00:00-03:00,235.0,0.2
2025-01-31 18:00:00-03:00,241.0,0.0
2025-01-31 19:00:00-03:00,247.25,0.0
2025-01-31 20:00:00-03:00,251.5,0.0
2025-01-31 21:00:00-03:00,257.0,0.0
2025-01-31 22:00:00-03:00,262.5,0.0
2025-01-31 23:00:00-03:00,265.25,0.0
2025-02-01 00:00:00-03:00,268.5,0.0
2025-02-01 01:00:00-03:00,271.25,0.8
2025-02-01 02:00:00-03:00,273.5,0.0
2025-02-01 03:00:00-03:00,276.0,0.6
2025-02-01 04:00:00-03:00,278.5,0.4
2025-02-01 05:00:00-03:00,280.5,0.2
2025-02-01 06:00:00-03:00,283.0,0.0
2025-02-01 07:00:00-03:00,286.5,0.0
2025-02-01 08:00:00-03:00,288.25,1.0
2025-02-01 09:00:00-03:00,290.25,7.8
2025-02-01 10:00:00-03:00,291.5,0.0
2025-02-01 11:00:00-03:00,293.0,0.0
2025-02-01 12:00:00-03:00,294.5,0.0
2025-02-01 13:00:00-03:00,296.5,0.4
2025-02-01 14:00:00-03:00,297.5,2.6
2025-02-01 15:00:00-03:00,299.0,0.4
2025-02-01 16:00:00-03:00,300.25,0.2
2025-02-01 17:00:00-03:00,301.25,4.8
2025-02-01 18:00:00-03:00,302.75,4.6
2025-02-01 19:00:00-03:00,305.0,0.6
2025-02-01 20:00:00-03:00,306.25,5.4
2025-02-01 21:00:00-03:00,307.25,0.0
2025-02-01 22:00:00-03:00,308.25,0.4
2025-02-01 23:00:00-03:00,310.25,1.2
2025-02-02 00:00:00-03:00,311.75,5.4
2025-02-02 01:00:00-03:00,313.25,0.4
2025-02-02 02:00:00-03:00,315.0,1.6
2025-02-02 03:00:00-03:00,318.25,1.6
2025-02-02 04:00:00-03:00,320.0,0.4
2025-02-02 05:00:00-03:00,320.5,0.4
2025-02-02 06:00:00-03:00,321.75,0.2
2025-02-02 07:00:00-03:00,322.75,0.2
2025-02-02 08:00:00-03:00,324.25,0.0
2025-02-02 09:00:00-03:00,325.5,0.0
2025-02-02 10:00:00-03:00,327.25,0.8
2025-02-02 11:00:00-03:00,328.5,0.2
2025-02-02 12:00:00-03:00,330.5,0.0
2025-02-02 13:00:00-03:00,332.0,0.0
2025-02-02 14:00:00-03:00,333.5,0.8
2025-02-02 15:00:00-03:00,334.0,0.0
2025-02-02 16:00:00-03:00,335.75,10.0
2025-02-02 17:00:00-03:00,337.5,1.4
2025-02-02 18:00:00-03:00,338.0,0.8
2025-02-02 19:00:00-03:00,339.5,0.4
2025-02-02 20:00:00-03:00,340.5,0.0
2025-02-02 21:00:00-03:00,341.75,0.0
2025-02-02 22:00:00-03:00,343.25,0.0
2025-02-02 23:00:00-03:00,345.5,0.4
2025-02-03 00:00:00-03:00,350.0,0.8
2025-02-03 01:00:00-03:00,351.5,2.0
2025-02-03 02:00:00-03:00,353.75,0.6
2025-02-03 03:00:00-03:00,356.0,1.2
2025-02-03 04:00:00-03:00,356.75,0.4
2025-02-03 05:00:00-03:00,358.25,0.2
2025-02-03 06:00:00-03:00,360.0,0.0
2025-02-03 07:00:00-03:00,361.75,0.0
2025-02-03 08:00:00-03:00,363.25,0.0
2025-02-03 09:00:00-03:00,364.25,0.0
2025-02-03 10:00:00-03:00,365.75,0.2
2025-02-03 11:00:00-03:00,367.25,0.0
2025-02-03 12:00:00-03:00,368.25,0.0
2025-02-03 13:00:00-03:00,369.75,0.0
2025-02-03 14:00:00-03:00,370.25,0.0
2025-02-03 15:00:00-03:00,371.25,0.0
2025-02-03 16:00:00-03:00,372.25,0.0
2025-02-03 17:00:00-03:00,373.5,0.0
2025-02-03 18:00:00-03:00,374.5,0.0
2025-02-03 19:00:00-03:00,375.5,0.0
2025-02-03 20:00:00-03:00,377.0,0.0
2025-02-03 21:00:00-03:00,382.25,0.0
2025-02-03 22:00:00-03:00,383.5,0.0
2025-02-03 23:00:00-03:00,384.25,0.0
2025-02-04 00:00:00-03:00,385.25,0.0
2025-02-04 01:00:00-03:00,386.25,0.0
2025-02-04 02:00:00-03:00,387.5,0.0
2025-02-04 03:00:00-03:00,389.0,0.0
2025-02-04 04:00:00-03:00,390.75,0.0
2025-02-04 05:00:00-03:00,391.75,0.0
2025-02-04 06:00:00-03:00,393.5,0.0
2025-02-04 07:00:00-03:00,394.5,0.0
2025-02-04 08:00:00-03:00,395.75,0.0
2025-02-04 09:00:00-03:00,397.25,0.0
2025-02-04 10:00:00-03:00,398.5,0.0
2025-02-04 11:00:00-03:00,399.75,0.0
2025-02-04 12:00:00-03:00,401.0,0.0
2025-02-04 13:00:00-03:00,402.25,0.0
2025-02-04 14:00:00-03:00,404.0,0.0
2025-02-04 15:00:00-03:00,405.0,0.0
2025-02-04 16:00:00-03:00,406.25,0.2
2025-02-04 17:00:00-03:00,407.0,0.0
2025-02-04 18:00:00-03:00,408.25,0.0
2025-02-04 19:00:00-03:00,409.25,0.0
2025-02-04 20:00:00-03:00,410.5,0.0
2025-02-04 21:00:00-03:00,411.5,0.0
2025-02-04 22:00:00-03:00,413.0,0.0
2025-02-04 23:00:00-03:00,414.0,0.0
2025-02-05 00:00:00-03:00,415.0,14.2
2025-02-05 01:00:00-03:00,416.5,0.4
2025-02-05 02:00:00-03:00,417.5,0.0
2025-02-05 03:00:00-03:00,418.5,0.0
2025-02-05 04:00:00-03:00,420.0,0.2
2025-02-05 05:00:00-03:00,421.75,0.0
2025-02-05 06:00:00-03:00,423.0,0.2
2025-02-05 07:00:00-03:00,424.0,0.0
2025-02-05 08:00:00-03:00,425.25,0.0
2025-02-05 09:00:00-03:00,426.25,0.0
2025-02-05 10:00:00-03:00,427.5,2.2
2025-02-05 11:00:00-03:00,428.25,0.0
2025-02-05 12:00:00-03:00,429.25,0.2
2025-02-05 13:00:00-03:00,430.75,0.0
2025-02-05 14:00:00-03:00,431.25,0.0
2025-02-05 15:00:00-03:00,432.25,0.0
2025-02-05 16:00:00-03:00,433.75,0.0
2025-02-05 17:00:00-03:00,433.75,0.0
2025-02-05 18:00:00-03:00,434.75,0.0
2025-02-05 19:00:00-03:00,435.0,0.0
2025-02-05 20:00:00-03:00,435.5,0.0
2025-02-05 21:00:00-03:00,436.0,0.0
2025-02-05 22:00:00-03:00,436.5,0.0
2025-02-05 23:00:00-03:00,437.0,0.0
2025-02-06 00:00:00-03:00,437.0,0.0
2025-02-06 01:00:00-03:00,437.25,0.0
2025-02-06 02:00:00-03:00,437.75,0.0
2025-02-06 03:00:00-03:00,438.0,0.0
2025-02-06 04:00:00-03:00,438.5,0.0
2025-02-06 05:00:00-03:00,438.0,0.0
2025-02-06 06:00:00-03:00,438.0,0.0
2025-02-06 07:00:00-03:00,438.0,0.0
2025-02-06 08:00:00-03:00,437.75,0.0
2025-02-06 09:00:00-03:00,437.25,0.0
2025-02-06 10:00:00-03:00,437.25,0.0
2025-02-06 11:00:00-03:00,437.75,0.0
2025-02-06 12:00:00-03:00,437.0,0.0
2025-02-06 13:00:00-03:00,437.0,0.0
2025-02-06 14:00:00-03:00,436.25,0.0
2025-02-06 15:00:00-03:00,436.0,0.0
2025-02-06 16:00:00-03:00,435.0,0.0
2025-02-06 17:00:00-03:00,434.25,0.0
2025-02-06 18:00:00-03:00,433.75,0.0
2025-02-06 19:00:00-03:00,432.75,0.0
2025-02-06 20:00:00-03:00,431.5,0.0
2025-02-06 21:00:00-03:00,430.25,0.0
2025-02-06 22:00:00-03:00,429.5,0.0
2025-02-06 23:00:00-03:00,428.5,0.0
2025-02-07 00:00:00-03:00,427.0,0.0
2025-02-07 01:00:00-03:00,426.0,0.0
2025-02-07 02:00:00-03:00,424.5,0.0
2025-02-07 03:00:00-03:00,423.25,0.0
2025-02-07 04:00:00-03:00,422.25,0.0
2025-02-07 05:00:00-03:00,420.5,0.0
2025-02-07 06:00:00-03:00,419.5,0.0
2025-02-07 07:00:00-03:00,417.5,0.0
2025-02-07 08:00:00-03:00,416.0,0.0
2025-02-07 09:00:00-03:00,414.5,0.0
2025-02-07 10:00:00-03:00,413.5,0.0
2025-02-07 11:00:00-03:00,411.5,0.0
2025-02-07 12:00:00-03:00,410.25,0.0
2025-02-07 13:00:00-03:00,408.25,1.0
2025-02-07 14:00:00-03:00,406.5,0.0
2025-02-07 15:00:00-03:00,404.0,20.4
2025-02-07 16:00:00-03:00,402.0,0.2
2025-02-07 17:00:00-03:00,399.5,0.0
2025-02-07 18:00:00-03:00,397.5,0.0
2025-02-07 19:00:00-03:00,395.0,0.0
2025-02-07 20:00:00-03:00,392.75,0.0
2025-02-07 21:00:00-03:00,390.5,0.0
2025-02-07 22:00:00-03:00,388.0,0.0
2025-02-07 23:00:00-03:00,385.75,0.0
2025-02-08 00:00:00-03:00,383.75,0.0
2025-02-08 01:00:00-03:00,381.5,0.0
2025-02-08 02:00:00-03:00,379.25,0.2
2025-02-08 03:00:00-03:00,376.75,0.0
2025-02-08 04:00:00-03:00,374.25,0.0
2025-02-08 05:00:00-03:00,371.75,0.0
2025-02-08 06:00:00-03:00,369.5,0.0
2025-02-08 07:00:00-03:00,367.0,0.0
2025-02-08 08:00:00-03:00,364.25,0.0
2025-02-08 09:00:00-03:00,362.25,0.0
2025-02-08 10:00:00-03:00,360.25,0.0
2025-02-08 11:00:00-03:00,358.0,0.0
2025-02-08 12:00:00-03:00,356.0,0.0
2025-02-08 13:00:00-03:00,354.25,0.0
2025-02-08 14:00:00-03:00,352.0,0.0
2025-02-08 15:00:00-03:00,349.5,0.0
2025-02-08 16:00:00-03:00,347.0,0.0
2025-02-08 17:00:00-03:00,345.0,0.0
2025-02-08 18:00:00-03:00,342.5,0.0
2025-02-08 19:00:00-03:00,340.25,0.0
2025-02-08 20:00:00-03:00,338.0,0.0
2025-02-08 21:00:00-03:00,336.0,0.0
2025-02-08 22:00:00-03:00,334.0,0.0
2025-02-08 23:00:00-03:00,331.75,0.0
2025-02-09 00:00:00-03:00,330.0,0.0
2025-02-09 01:00:00-03:00,328.25,0.0
2025-02-09 02:00:00-03:00,326.25,0.0
2025-02-09 03:00:00-03:00,324.25,0.0
2025-02-09 04:00:00-03:00,322.0,0.0
2025-02-09 05:00:00-03:00,320.25,0.0
2025-02-09 06:00:00-03:00,318.25,0.0
2025-02-09 07:00:00-03:00,316.25,0.0
2025-02-09 08:00:00-03:00,314.0,0.0
2025-02-09 09:00:00-03:00,311.75,0.0
2025-02-09 10:00:00-03:00,309.75,0.0
2025-02-09 11:00:00-03:00,308.0,0.0
2025-02-09 12:00:00-03:00,306.0,0.0
2025-02-09 13:00:00-03:00,303.0,0.0
2025-02-09 14:00:00-03:00,300.25,0.0
2025-02-09 15:00:00-03:00,297.75,0.0
2025-02-09 16:00:00-03:00,294.25,0.0
2025-02-09 17:00:00-03:00,291.25,0.0
2025-02-09 18:00:00-03:00,288.5,0.0
2025-02-09 19:00:00-03:00,285.25,0.0
2025-02-09 20:00:00-03:00,282.25,0.0
2025-02-09 21:00:00-03:00,279.25,0.0
2025-02-09 22:00:00-03:00,275.5,0.0
2025-02-09 23:00:00-03:00,272.75,0.0
2025-02-10 00:00:00-03:00,269.25,0.0
2025-02-10 01:00:00-03:00,266.25,0.0
2025-02-10 02:00:00-03:00,263.5,0.0
2025-02-10 03:00:00-03:00,260.25,0.0
2025-02-10 04:00:00-03:00,257.25,0.0
2025-02-10 05:00:00-03:00,254.0,0.0
2025-02-10 06:00:00-03:00,251.25,0.0
2025-02-10 07:00:00-03:00,248.25,0.0
2025-02-10 08:00:00-03:00,245.5,0.0
2025-02-10 09:00:00-03:00,242.5,0.0
2025-02-10 10:00:00-03:00,239.75,0.0
2025-02-10 11:00:00-03:00,237.0,0.0
2025-02-10 12:00:00-03:00,234.75,0.0
2025-02-10 13:00:00-03:00,232.0,0.0
2025-02-10 14:00:00-03:00,229.25,0.0
2025-02-10 15:00:00-03:00,226.25,0.0
2025-02-10 16:00:00-03:00,223.75,0.0
2025-02-10 17:00:00-03:00,220.75,0.0
2025-02-10 18:00:00-03:00,218.0,0.0
2025-02-10 19:00:00-03:00,215.5,0.0
2025-02-10 20:00:00-03:00,213.0,0.0
2025-02-10 21:00:00-03:00,210.25,0.0
2025-02-10 22:00:00-03:00,207.75,0.0
2025-02-10 23:00:00-03:00,205.25,0.0
2025-02-11 00:00:00-03:00,203.0,0.0
2025-02-11 01:00:00-03:00,200.75,0.0
2025-02-11 02:00:00-03:00,198.75,0.0
2025-02-11 03:00:00-03:00,196.5,0.0
2025-02-11 04:00:00-03:00,194.25,0.0
2025-02-11 05:00:00-03:00,192.75,0.0
2025-02-11 06:00:00-03:00,191.25,0.0
2025-02-11 07:00:00-03:00,189.75,0.0
2025-02-11 08:00:00-03:00,188.75,0.0
2025-02-11 09:00:00-03:00,186.75,0.0
2025-02-11 10:00:00-03:00,186.0,0.0
2025-02-11 11:00:00-03:00,184.5,0.0
2025-02-11 12:00:00-03:00,183.5,0.0
2025-02-11 13:00:00-03:00,182.75,0.0
2025-02-11 14:00:00-03:00,182.0,0.0
2025-02-11 15:00:00-03:00,180.5,0.0
2025-02-11 16:00:00-03:00,179.5,0.0
2025-02-11 17:00:00-03:00,178.5,0.0
2025-02-11 18:00:00-03:00,177.25,0.0
2025-02-11 19:00:00-03:00,176.5,0.0
2025-02-11 20:00:00-03:00,175.5,0.0
2025-02-11 21:00:00-03:00,175.0,0.0
2025-02-11 22:00:00-03:00,174.0,0.0
2025-02-11 23:00:00-03:00,173.25,0.0
2025-02-12 00:00:00-03:00,172.75,0.0
2025-02-12 01:00:00-03:00,172.0,0.0
2025-02-12 02:00:00-03:00,171.5,0.0
2025-02-12 03:00:00-03:00,170.75,0.0
2025-02-12 04:00:00-03:00,170.25,0.0
2025-02-12 05:00:00-03:00,169.75,0.0
2025-02-12 06:00:00-03:00,169.0,0.0
2025-02-12 07:00:00-03:00,168.5,0.0
2025-02-12 08:00:00-03:00,168.25,0.0
2025-02-12 09:00:00-03:00,168.0,0.0
2025-02-12 10:00:00-03:00,167.25,0.0
2025-02-12 11:00:00-03:00,167.5,0.0
2025-02-12 12:00:00-03:00,167.5,0.0
2025-02-12 13:00:00-03:00,166.75,0.0
2025-02-12 14:00:00-03:00,166.5,0.0
2025-02-12 15:00:00-03:00,166.5,0.0
2025-02-12 16:00:00-03:00,166.0,0.0
2025-02-12 17:00:00-03:00,165.5,0.0
2025-02-12 18:00:00-03:00,165.0,0.0
2025-02-12 19:00:00-03:00,164.0,0.0
2025-02-12 20:00:00-03:00,163.0,0.0
2025-02-12 21:00:00-03:00,163.0,0.0
2025-02-12 22:00:00-03:00,162.0,0.0
2025-02-12 23:00:00-03:00,161.0,0.0
2025-02-13 00:00:00-03:00,161.0,0.0
2025-02-13 01:00:00-03:00,160.0,0.0
2025-02-13 02:00:00-03:00,159.25,0.0
2025-02-13 03:00:00-03:00,159.0,0.0
2025-02-13 04:00:00-03:00,158.25,0.0
2025-02-13 05:00:00-03:00,157.75,0.0
2025-02-13 06:00:00-03:00,157.75,0.0
2025-02-13 07:00:00-03:00,157.0,0.0
2025-02-13 08:00:00-03:00,156.25,0.0
2025-02-13 09:00:00-03:00,155.75,0.0
2025-02-13 10:00:00-03:00,155.5,0.0
2025-02-13 11:00:00-03:00,155.0,0.0
2025-02-13 12:00:00-03:00,155.0,0.0
2025-02-13 13:00:00-03:00,155.0,0.0
2025-02-13 14:00:00-03:00,154.25,0.0
2025-02-13 15:00:00-03:00,153.75,0.0
2025-02-13 16:00:00-03:00,153.0,0.0
2025-02-13 17:00:00-03:00,152.75,0.0
2025-02-13 18:00:00-03:00,152.0,0.0
2025-02-13 19:00:00-03:00,151.25,0.0
2025-02-13 20:00:00-03:00,150.75,0.0
2025-02-13 21:00:00-03:00,150.0,0.0
2025-02-13 22:00:00-03:00,150.0,0.0
2025-02-13 23:00:00-03:00,149.5,0.0
2025-02-14 00:00:00-03:00,149.0,0.0
2025-02-14 01:00:00-03:00,148.75,0.0
2025-02-14 02:00:00-03:00,148.0,0.0
2025-02-14 03:00:00-03:00,148.0,0.0
2025-02-14 04:00:00-03:00,147.0,0.0
2025-02-14 05:00:00-03:00,147.0,0.0
2025-02-14 06:00:00-03:00,146.5,0.0
2025-02-14 07:00:00-03:00,146.0,0.0
2025-02-14 08:00:00-03:00,146.0,0.0
2025-02-14 09:00:00-03:00,145.25,0.0
2025-02-14 10:00:00-03:00,145.25,0.0
2025-02-14 11:00:00-03:00,145.5,0.0
2025-02-14 12:00:00-03:00,145.0,0.0
2025-02-14 13:00:00-03:00,145.0,0.0
2025-02-14 14:00:00-03:00,144.75,0.0
2025-02-14 15:00:00-03:00,144.25,0.0
2025-02-14 16:00:00-03:00,144.0,0.0
2025-02-14 17:00:00-03:00,143.75,0.0
2025-02-14 18:00:00-03:00,143.5,0.0
2025-02-14 19:00:00-03:00,143.0,9.4
2025-02-14 20:00:00-03:00,142.5,3.0
2025-02-14 21:00:00-03:00,141.75,1.2
2025-02-14 22:00:00-03:00,141.5,0.2
2025-02-14 23:00:00-03:00,141.0,0.0
2025-02-15 00:00:00-03:00,141.0,0.0
2025-02-15 01:00:00-03:00,140.5,0.0
2025-02-15 02:00:00-03:00,140.0,0.0
2025-02-15 03:00:00-03:00,140.0,0.2
2025-02-15 04:00:00-03:00,139.75,0.0
2025-02-15 05:00:00-03:00,139.5,0.0
2025-02-15 06:00:00-03:00,139.25,0.0
2025-02-15 07:00:00-03:00,139.25,0.0
2025-02-15 08:00:00-03:00,139.25,0.0
2025-02-15 09:00:00-03:00,139.0,0.0
2025-02-15 10:00:00-03:00,140.0,0.0
2025-02-15 11:00:00-03:00,140.0,0.0
2025-02-15 12:00:00-03:00,141.0,0.0
2025-02-15 13:00:00-03:00,141.75,0.0
2025-02-15 14:00:00-03:00,143.25,0.0
2025-02-15 15:00:00-03:00,144.75,0.0
2025-02-15 16:00:00-03:00,146.5,0.0
2025-02-15 17:00:00-03:00,148.75,0.0
2025-02-15 18:00:00-03:00,151.0,0.0
2025-02-15 19:00:00-03:00,153.75,0.0
2025-02-15 20:00:00-03:00,156.75,0.0
2025-02-15 21:00:00-03:00,160.5,0.0
2025-02-15 22:00:00-03:00,163.5,0.0
2025-02-15 23:00:00-03:00,167.0,0.0
2025-02-16 00:00:00-03:00,170.0,0.0
2025-02-16 01:00:00-03:00,174.0,0.0
2025-02-16 02:00:00-03:00,177.5,0.0
2025-02-16 03:00:00-03:00,179.25,0.0
2025-02-16 04:00:00-03:00,181.0,0.0
2025-02-16 05:00:00-03:00,182.25,0.0
2025-02-16 06:00:00-03:00,183.5,0.0
2025-02-16 07:00:00-03:00,184.75,0.0
2025-02-16 08:00:00-03:00,185.0,0.0
2025-02-16 09:00:00-03:00,185.75,0.0
2025-02-16 10:00:00-03:00,186.0,0.0
2025-02-16 11:00:00-03:00,186.0,0.0
2025-02-16 12:00:00-03:00,185.75,0.0
2025-02-16 13:00:00-03:00,184.5,0.0
2025-02-16 14:00:00-03:00,184.0,0.0
2025-02-16 15:00:00-03:00,182.5,0.0
2025-02-16 16:00:00-03:00,180.75,0.0
2025-02-16 17:00:00-03:00,179.75,0.0
2025-02-16 18:00:00-03:00,177.75,0.0
2025-02-16 19:00:00-03:00,176.0,0.0
2025-02-16 20:00:00-03:00,174.0,0.0
2025-02-16 21:00:00-03:00,172.0,0.0
2025-02-16 22:00:00-03:00,170.0,0.0
2025-02-16 23:00:00-03:00,168.25,0.0
2025-02-17 00:00:00-03:00,166.5,0.0
2025-02-17 01:00:00-03:00,165.5,0.0
2025-02-17 02:00:00-03:00,163.75,0.0
2025-02-17 03:00:00-03:00,162.5,0.0
2025-02-17 04:00:00-03:00,161.25,0.0
2025-02-17 05:00:00-03:00,160.25,0.0
2025-02-17 06:00:00-03:00,159.25,0.0
2025-02-17 07:00:00-03:00,158.5,0.0
2025-02-17 08:00:00-03:00,157.5,0.0
2025-02-17 09:00:00-03:00,156.75,0.0
2025-02-17 10:00:00-03:00,155.75,0.0
2025-02-17 11:00:00-03:00,155.25,0.0
2025-02-17 12:00:00-03:00,155.0,0.0
2025-02-17 13:00:00-03:00,153.75,0.0
2025-02-17 14:00:00-03:00,153.0,0.0
2025-02-17 15:00:00-03:00,152.5,0.0
2025-02-17 16:00:00-03:00,151.25,0.0
2025-02-17 17:00:00-03:00,150.25,0.0
2025-02-17 18:00:00-03:00,149.25,0.0
2025-02-17 19:00:00-03:00,148.0,0.0
2025-02-17 20:00:00-03:00,146.75,0.0
2025-02-17 21:00:00-03:00,145.75,0.0
2025-02-17 22:00:00-03:00,145.0,0.0
2025-02-17 23:00:00-03:00,144.0,0.0
2025-02-18 00:00:00-03:00,143.25,0.0
2025-02-18 01:00:00-03:00,142.25,0.0
2025-02-18 02:00:00-03:00,141.5,0.0
2025-02-18 03:00:00-03:00,140.0,0.0
2025-02-18 04:00:00-03:00,139.75,0.0
2025-02-18 05:00:00-03:00,139.25,0.0
2025-02-18 06:00:00-03:00,138.25,0.0
2025-02-18 07:00:00-03:00,138.0,0.0
2025-02-18 08:00:00-03:00,137.25,0.0
2025-02-18 09:00:00-03:00,137.0,0.0
2025-02-18 10:00:00-03:00,137.0,0.0
2025-02-18 11:00:00-03:00,136.5,0.0
2025-02-18 12:00:00-03:00,136.0,0.0
2025-02-18 13:00:00-03:00,135.75,0.0
2025-02-18 14:00:00-03:00,135.5,0.0
2025-02-18 15:00:00-03:00,135.0,0.0
2025-02-18 16:00:00-03:00,134.5,0.0
2025-02-18 17:00:00-03:00,134.0,0.0
2025-02-18 18:00:00-03:00,133.75,0.0
2025-02-18 19:00:00-03:00,132.75,0.0
2025-02-18 20:00:00-03:00,132.5,0.0
2025-02-18 21:00:00-03:00,132.0,0.0
2025-02-18 22:00:00-03:00,131.5,0.2
2025-02-18 23:00:00-03:00,131.0,2.0
2025-02-19 00:00:00-03:00,130.25,0.0
2025-02-19 01:00:00-03:00,130.25,0.0
2025-02-19 02:00:00-03:00,129.75,0.0
2025-02-19 03:00:00-03:00,129.25,0.0
2025-02-19 04:00:00-03:00,129.0,0.0
2025-02-19 05:00:00-03:00,128.75,0.0
2025-02-19 06:00:00-03:00,128.0,0.0
2025-02-19 07:00:00-03:00,128.0,0.0
2025-02-19 08:00:00-03:00,128.0,0.0
2025-02-19 09:00:00-03:00,127.5,0.0
2025-02-19 10:00:00-03:00,127.25,0.0
2025-02-19 11:00:00-03:00,127.5,0.0
2025-02-19 12:00:00-03:00,127.25,0.0
2025-02-19 13:00:00-03:00,127.0,0.0
2025-02-19 14:00:00-03:00,127.0,0.0
2025-02-19 15:00:00-03:00,127.0,0.0
2025-02-19 16:00:00-03:00,126.75,0.0
2025-02-19 17:00:00-03:00,126.75,0.0
2025-02-19 18:00:00-03:00,126.0,0.0
2025-02-19 19:00:00-03:00,126.0,0.0
2025-02-19 20:00:00-03:00,125.25,0.0
2025-02-19 21:00:00-03:00,125.0,0.0
2025-02-19 22:00:00-03:00,125.0,0.0
2025-02-19 23:00:00-03:00,124.5,0.0
2025-02-20 00:00:00-03:00,124.0,0.0
2025-02-20 01:00:00-03:00,124.0,0.0
2025-02-20 02:00:00-03:00,123.5,0.0
2025-02-20 03:00:00-03:00,123.0,0.0
2025-02-20 04:00:00-03:00,123.0,0.0
2025-02-20 05:00:00-03:00,122.5,0.0
2025-02-20 06:00:00-03:00,122.25,0.0
2025-02-20 07:00:00-03:00,122.0,0.0
2025-02-20 08:00:00-03:00,122.0,0.0
2025-02-20 09:00:00-03:00,122.0,0.0
2025-02-20 10:00:00-03:00,121.75,0.0
2025-02-20 11:00:00-03:00,122.25,0.0
2025-02-20 12:00:00-03:00,122.25,0.0
2025-02-20 13:00:00-03:00,122.0,0.0
2025-02-20 14:00:00-03:00,122.25,0.0
2025-02-20 15:00:00-03:00,122.75,0.0
2025-02-20 16:00:00-03:00,122.25,0.0
2025-02-20 17:00:00-03:00,122.5,0.0
2025-02-20 18:00:00-03:00,122.5,0.0
2025-02-20 19:00:00-03:00,121.75,0.0
2025-02-20 20:00:00-03:00,122.0,0.0
2025-02-20 21:00:00-03:00,121.0,0.0
2025-02-20 22:00:00-03:00,121.25,0.0
2025-02-20 23:00:00-03:00,121.0,0.0
2025-02-21 00:00:00-03:00,120.25,0.0
2025-02-21 01:00:00-03:00,120.5,0.0
2025-02-21 02:00:00-03:00,119.75,0.0
2025-02-21 03:00:00-03:00,120.0,0.0
2025-02-21 04:00:00-03:00,119.25,0.0
2025-02-21 05:00:00-03:00,118.75,0.0
2025-02-21 06:00:00-03:00,118.5,0.0
2025-02-21 07:00:00-03:00,118.25,0.0
2025-02-21 08:00:00-03:00,117.75,0.0
2025-02-21 09:00:00-03:00,117.75,0.0
2025-02-21 10:00:00-03:00,117.75,0.0
2025-02-21 11:00:00-03:00,118.0,0.0
2025-02-21 12:00:00-03:00,117.75,0.0
2025-02-21 13:00:00-03:00,117.75,0.0
2025-02-21 14:00:00-03:00,117.75,3.0
2025-02-21 15:00:00-03:00,117.25,0.0
2025-02-21 16:00:00-03:00,117.0,0.0
2025-02-21 17:00:00-03:00,120.25,0.0
2025-02-21 18:00:00-03:00,118.25,0.0
2025-02-21 19:00:00-03:00,117.25,0.0
2025-02-21 20:00:00-03:00,117.0,0.0
2025-02-22 00:00:00-03:00,115.5,0.0
2025-02-22 01:00:00-03:00,116.0,0.0
2025-02-22 02:00:00-03:00,116.25,0.0
2025-02-22 03:00:00-03:00,116.75,0.0
2025-02-22 04:00:00-03:00,117.0,0.0
2025-02-22 05:00:00-03:00,117.75,0.0
2025-02-22 06:00:00-03:00,118.0,0.2
2025-02-22 07:00:00-03:00,118.5,0.0
2025-02-22 08:00:00-03:00,118.75,0.0
2025-02-22 09:00:00-03:00,119.25,0.0
2025-02-22 10:00:00-03:00,119.75,0.0
2025-02-22 11:00:00-03:00,119.25,0.0
2025-02-22 12:00:00-03:00,120.0,0.0
2025-02-22 13:00:00-03:00,120.0,4.2
2025-02-22 14:00:00-03:00,120.0,0.6
2025-02-22 15:00:00-03:00,120.75,0.0
2025-02-22 16:00:00-03:00,121.0,0.0
2025-02-22 17:00:00-03:00,121.0,0.0
2025-02-22 18:00:00-03:00,121.0,0.0
2025-02-22 19:00:00-03:00,120.75,0.0
2025-02-22 20:00:00-03:00,121.0,0.0
2025-02-22 21:00:00-03:00,121.0,0.0
2025-02-22 22:00:00-03:00,121.0,0.0
2025-02-22 23:00:00-03:00,121.0,0.0
2025-02-23 00:00:00-03:00,121.0,0.0
2025-02-23 01:00:00-03:00,122.0,0.0
2025-02-23 02:00:00-03:00,122.0,0.0
2025-02-23 03:00:00-03:00,122.0,0.0
2025-02-23 04:00:00-03:00,122.25,0.2
2025-02-23 05:00:00-03:00,123.0,0.0
2025-02-23 06:00:00-03:00,123.0,0.0
2025-02-23 07:00:00-03:00,123.25,0.0
2025-02-23 08:00:00-03:00,123.5,0.0
2025-02-23 09:00:00-03:00,124.0,0.0
2025-02-23 10:00:00-03:00,124.25,0.0
2025-02-23 11:00:00-03:00,124.5,0.0
2025-02-23 12:00:00-03:00,125.0,0.0
2025-02-23 13:00:00-03:00,125.0,0.0
2025-02-23 14:00:00-03:00,125.0,0.0
2025-02-23 15:00:00-03:00,125.0,0.0
2025-02-23 16:00:00-03:00,125.25,0.0
2025-02-23 17:00:00-03:00,125.25,0.0
2025-02-23 18:00:00-03:00,125.25,0.0
2025-02-23 19:00:00-03:00,125.25,0.0
2025-02-23 20:00:00-03:00,126.0,0.0
2025-02-23 21:00:00-03:00,126.75,0.0
2025-02-23 22:00:00-03:00,127.0,0.0
2025-02-23 23:00:00-03:00,127.75,0.0
2025-02-24 00:00:00-03:00,128.25,0.0
2025-02-24 01:00:00-03:00,129.0,0.0
2025-02-24 02:00:00-03:00,129.75,0.0
2025-02-24 03:00:00-03:00,130.0,0.0
2025-02-24 04:00:00-03:00,130.5,0.0
2025-02-24 05:00:00-03:00,131.0,0.0
2025-02-24 06:00:00-03:00,131.0,0.0
2025-02-24 07:00:00-03:00,131.0,0.0
2025-02-24 08:00:00-03:00,130.75,0.0
2025-02-24 09:00:00-03:00,131.0,0.0
2025-02-24 10:00:00-03:00,131.0,0.0
2025-02-24 11:00:00-03:00,130.25,0.0
2025-02-24 12:00:00-03:00,130.5,0.0
2025-02-24 13:00:00-03:00,130.0,0.0
2025-02-24 14:00:00-03:00,129.75,0.0
2025-02-24 15:00:00-03:00,130.0,0.0
2025-02-24 16:00:00-03:00,129.0,0.0
2025-02-24 17:00:00-03:00,129.25,0.0
2025-02-24 18:00:00-03:00,129.0,0.0
2025-02-24 19:00:00-03:00,129.0,0.0
2025-02-24 20:00:00-03:00,129.0,0.0
2025-02-24 21:00:00-03:00,129.0,0.0
2025-02-24 22:00:00-03:00,129.0,0.0
2025-02-24 23:00:00-03:00,129.0,0.0
2025-02-25 00:00:00-03:00,129.0,0.0
2025-02-25 01:00:00-03:00,128.75,0.0
2025-02-25 02:00:00-03:00,128.0,0.0
2025-02-25 03:00:00-03:00,128.0,0.0
2025-02-25 04:00:00-03:00,127.75,0.0
2025-02-25 05:00:00-03:00,127.0,0.0
2025-02-25 06:00:00-03:00,127.25,0.0
2025-02-25 07:00:00-03:00,126.25,0.0
2025-02-25 08:00:00-03:00,126.0,0.0
2025-02-25 09:00:00-03:00,126.0,0.0
2025-02-25 10:00:00-03:00,125.75,0.0
2025-02-25 11:00:00-03:00,125.0,0.0
2025-02-25 12:00:00-03:00,124.5,0.0
2025-02-25 13:00:00-03:00,124.25,0.0
2025-02-25 14:00:00-03:00,123.5,0.0
2025-02-25 15:00:00-03:00,123.25,0.0
2025-02-25 16:00:00-03:00,122.75,0.0
2025-02-25 17:00:00-03:00,121.75,0.0
2025-02-25 18:00:00-03:00,120.5,0.0
2025-02-25 19:00:00-03:00,119.75,0.0
2025-02-25 20:00:00-03:00,119.25,0.0
2025-02-25 21:00:00-03:00,118.5,0.0
2025-02-25 22:00:00-03:00,117.75,0.0
2025-02-25 23:00:00-03:00,117.0,0.0
2025-02-26 00:00:00-03:00,116.5,0.0
2025-02-26 01:00:00-03:00,115.5,0.0
2025-02-26 02:00:00-03:00,114.75,0.0
2025-02-26 03:00:00-03:00,114.0,0.0
2025-02-26 04:00:00-03:00,114.0,0.0
2025-02-26 05:00:00-03:00,113.25,0.0
2025-02-26 06:00:00-03:00,113.0,0.0
2025-02-26 07:00:00-03:00,112.5,0.0
2025-02-26 08:00:00-03:00,112.0,0.0
2025-02-26 09:00:00-03:00,112.0,0.0
2025-02-26 10:00:00-03:00,111.25,0.0
2025-02-26 11:00:00-03:00,112.0,0.0
2025-02-26 12:00:00-03:00,112.0,0.0
2025-02-26 13:00:00-03:00,112.0,0.0
2025-02-26 14:00:00-03:00,112.0,0.0
2025-02-26 15:00:00-03:00,112.75,0.0
2025-02-26 16:00:00-03:00,112.75,0.0
2025-02-26 17:00:00-03:00,113.0,0.0
2025-02-26 18:00:00-03:00,113.5,0.0
2025-02-26 19:00:00-03:00,114.0,0.0
2025-02-26 20:00:00-03:00,114.5,0.0
2025-02-26 21:00:00-03:00,114.75,0.0
2025-02-26 22:00:00-03:00,114.75,0.0
2025-02-26 23:00:00-03:00,115.0,0.0
2025-02-27 00:00:00-03:00,115.25,0.0
2025-02-27 01:00:00-03:00,115.75,0.0
2025-02-27 02:00:00-03:00,115.0,0.0
2025-02-27 03:00:00-03:00,114.75,0.0
2025-02-27 04:00:00-03:00,114.25,0.0
2025-02-27 05:00:00-03:00,114.5,0.0
2025-02-27 06:00:00-03:00,114.0,0.0
2025-02-27 07:00:00-03:00,113.25,0.0
2025-02-27 08:00:00-03:00,113.0,0.0
2025-02-27 09:00:00-03:00,112.75,0.0
2025-02-27 10:00:00-03:00,112.5,0.0
2025-02-27 11:00:00-03:00,112.25,0.0
2025-02-27 12:00:00-03:00,112.0,0.0
2025-02-27 13:00:00-03:00,112.0,0.0
2025-02-27 14:00:00-03:00,111.25,0.0
2025-02-27 15:00:00-03:00,111.0,0.0
2025-02-27 16:00:00-03:00,110.5,2.8
2025-02-27 17:00:00-03:00,110.0,0.0
2025-02-27 18:00:00-03:00,109.5,0.0
2025-02-27 19:00:00-03:00,109.0,0.0
2025-02-27 20:00:00-03:00,109.25,0.0
2025-02-27 21:00:00-03:00,108.25,0.0
2025-02-27 22:00:00-03:00,108.25,0.0
2025-02-27 23:00:00-03:00,108.0,0.0
2025-02-28 00:00:00-03:00,107.5,0.0
2025-02-28 01:00:00-03:00,107.25,0.2
2025-02-28 02:00:00-03:00,107.0,0.0
2025-02-28 03:00:00-03:00,106.75,0.0
2025-02-28 04:00:00-03:00,106.75,0.0
2025-02-28 05:00:00-03:00,106.5,0.0
2025-02-28 06:00:00-03:00,106.0,0.0
2025-02-28 07:00:00-03:00,106.0,0.0
2025-02-28 08:00:00-03:00,106.0,0.0
2025-02-28 09:00:00-03:00,106.0,0.0
2025-02-28 10:00:00-03:00,106.0,0.0
2025-02-28 11:00:00-03:00,106.5,0.0
2025-02-28 12:00:00-03:00,106.75,0.0
2025-02-28 13:00:00-03:00,107.0,0.0
2025-02-28 14:00:00-03:00,107.5,0.0
2025-02-28 15:00:00-03:00,107.0,0.0
2025-02-28 16:00:00-03:00,107.0,0.0
2025-02-28 17:00:00-03:00,107.0,0.0
2025-02-28 18:00:00-03:00,107.5,0.0
2025-02-28 19:00:00-03:00,107.25,0.0
2025-02-28 20:00:00-03:00,108.5,0.0
2025-02-28 21:00:00-03:00,109.25,0.0
2025-02-28 22:00:00-03:00,110.25,0.0
2025-02-28 23:00:00-03:00,111.5,0.0
2025-03-01 00:00:00-03:00,113.5,0.0
2025-03-01 01:00:00-03:00,115.25,0.0
2025-03-01 02:00:00-03:00,116.25,0.0
2025-03-01 03:00:00-03:00,117.75,0.0
2025-03-01 04:00:00-03:00,118.75,0.0
2025-03-01 05:00:00-03:00,119.0,0.0
2025-03-01 06:00:00-03:00,119.75,0.0
2025-03-01 07:00:00-03:00,120.0,0.0
2025-03-01 08:00:00-03:00,120.0,0.0
2025-03-01 09:00:00-03:00,119.5,0.0
2025-03-01 10:00:00-03:00,119.25,0.0
2025-03-01 11:00:00-03:00,119.0,0.0
2025-03-01 12:00:00-03:00,118.75,0.0
2025-03-01 13:00:00-03:00,117.75,0.0
2025-03-01 14:00:00-03:00,117.25,0.0
2025-03-01 15:00:00-03:00,116.0,0.0
2025-03-01 16:00:00-03:00,115.0,0.0
2025-03-01 17:00:00-03:00,114.25,0.0
2025-03-01 18:00:00-03:00,113.25,0.0
2025-03-01 19:00:00-03:00,112.25,0.0
2025-03-01 20:00:00-03:00,111.25,0.0
2025-03-01 21:00:00-03:00,110.5,0.0
2025-03-01 22:00:00-03:00,110.0,0.0
2025-03-01 23:00:00-03:00,109.0,0.0
2025-03-02 00:00:00-03:00,108.25,0.0
2025-03-02 01:00:00-03:00,108.0,0.0
2025-03-02 02:00:00-03:00,108.0,0.0
2025-03-02 03:00:00-03:00,107.0,0.0
2025-03-02 04:00:00-03:00,107.0,0.0
2025-03-02 05:00:00-03:00,106.25,0.0
2025-03-02 06:00:00-03:00,106.5,0.0
2025-03-02 07:00:00-03:00,106.0,0.0
2025-03-02 08:00:00-03:00,106.0,0.0
2025-03-02 09:00:00-03:00,106.0,0.0
2025-03-02 10:00:00-03:00,106.0,0.0
2025-03-02 11:00:00-03:00,106.25,0.0
2025-03-02 12:00:00-03:00,106.5,0.0
2025-03-02 13:00:00-03:00,106.5,0.0
2025-03-02 14:00:00-03:00,106.5,0.0
2025-03-02 15:00:00-03:00,106.25,0.0
2025-03-02 16:00:00-03:00,106.0,0.0
2025-03-02 17:00:00-03:00,106.0,0.0
2025-03-02 18:00:00-03:00,105.25,0.0
2025-03-02 19:00:00-03:00,104.5,0.0
2025-03-02 20:00:00-03:00,104.0,0.0
2025-03-02 21:00:00-03:00,103.0,0.0
2025-03-02 22:00:00-03:00,103.0,0.0
2025-03-02 23:00:00-03:00,102.25,0.0
2025-03-03 00:00:00-03:00,102.0,0.0
2025-03-03 01:00:00-03:00,101.75,0.0
2025-03-03 02:00:00-03:00,101.25,0.0
2025-03-03 03:00:00-03:00,100.75,0.0
2025-03-03 04:00:00-03:00,100.5,0.0
2025-03-03 05:00:00-03:00,100.25,0.0
2025-03-03 06:00:00-03:00,100.25,0.0
2025-03-03 07:00:00-03:00,99.75,0.0
2025-03-03 08:00:00-03:00,99.5,0.0
2025-03-03 09:00:00-03:00,99.25,0.0
2025-03-03 10:00:00-03:00,99.0,0.0
2025-03-03 11:00:00-03:00,99.25,0.0
2025-03-03 12:00:00-03:00,99.5,0.0
2025-03-03 13:00:00-03:00,99.5,0.0
2025-03-03 14:00:00-03:00,99.25,0.0
2025-03-03 15:00:00-03:00,99.0,0.0
2025-03-03 16:00:00-03:00,99.0,0.0
2025-03-03 17:00:00-03:00,98.75,0.0
2025-03-03 18:00:00-03:00,98.0,0.0
2025-03-03 19:00:00-03:00,97.75,0.0
2025-03-03 20:00:00-03:00,97.25,0.0
2025-03-03 21:00:00-03:00,97.0,0.0
2025-03-03 22:00:00-03:00,97.0,0.0
2025-03-03 23:00:00-03:00,96.75,0.0
2025-03-04 00:00:00-03:00,96.5,0.0
2025-03-04 01:00:00-03:00,96.0,0.0
2025-03-04 02:00:00-03:00,96.0,0.0
2025-03-04 03:00:00-03:00,96.0,0.0
2025-03-04 04:00:00-03:00,95.75,0.0
2025-03-04 05:00:00-03:00,95.25,0.0
2025-03-04 06:00:00-03:00,95.25,0.0
2025-03-04 07:00:00-03:00,95.5,0.0
2025-03-04 08:00:00-03:00,95.25,0.0
2025-03-04 09:00:00-03:00,95.0,0.0
2025-03-04 10:00:00-03:00,95.0,0.0
2025-03-04 11:00:00-03:00,95.0,0.0
2025-03-04 12:00:00-03:00,95.25,0.0
2025-03-04 13:00:00-03:00,95.5,0.0
2025-03-04 14:00:00-03:00,95.25,0.0
2025-03-04 15:00:00-03:00,95.0,0.0
2025-03-04 16:00:00-03:00,95.25,0.0
2025-03-04 17:00:00-03:00,95.5,0.0
2025-03-04 18:00:00-03:00,95.0,0.0
2025-03-04 19:00:00-03:00,95.0,0.0
2025-03-04 20:00:00-03:00,94.25,0.0
2025-03-04 21:00:00-03:00,94.0,0.0
2025-03-04 22:00:00-03:00,93.75,0.0
2025-03-04 23:00:00-03:00,93.75,0.0
2025-03-05 00:00:00-03:00,93.25,0.0
2025-03-05 01:00:00-03:00,93.25,0.0
2025-03-05 02:00:00-03:00,93.25,0.0
2025-03-05 03:00:00-03:00,93.0,0.0
2025-03-05 04:00:00-03:00,93.0,0.0
2025-03-05 05:00:00-03:00,93.0,0.0
2025-03-05 06:00:00-03:00,92.75,0.0
2025-03-05 07:00:00-03:00,92.5,0.0
2025-03-05 08:00:00-03:00,92.25,0.0
2025-03-05 09:00:00-03:00,92.0,0.0
2025-03-05 10:00:00-03:00,92.0,0.0
2025-03-05 11:00:00-03:00,92.5,0.0
2025-03-05 12:00:00-03:00,93.0,0.0
2025-03-05 13:00:00-03:00,92.75,0.0
2025-03-05 14:00:00-03:00,93.0,0.0
2025-03-05 15:00:00-03:00,93.0,0.0
2025-03-05 16:00:00-03:00,93.0,0.0
2025-03-05 17:00:00-03:00,92.25,0.0
2025-03-05 18:00:00-03:00,92.0,0.0
2025-03-05 19:00:00-03:00,92.0,0.0
2025-03-05 20:00:00-03:00,92.0,0.0
2025-03-05 21:00:00-03:00,91.25,0.0
2025-03-05 22:00:00-03:00,91.0,0.0
2025-03-05 23:00:00-03:00,90.75,0.0
2025-03-06 00:00:00-03:00,90.25,0.0
2025-03-06 01:00:00-03:00,90.0,0.0
2025-03-06 02:00:00-03:00,89.75,0.0
2025-03-06 03:00:00-03:00,89.0,0.0
2025-03-06 04:00:00-03:00,89.0,0.0
2025-03-06 05:00:00-03:00,89.0,0.0
2025-03-06 06:00:00-03:00,88.5,0.0
2025-03-06 07:00:00-03:00,88.25,0.0
2025-03-06 08:00:00-03:00,88.0,0.0
2025-03-06 09:00:00-03:00,88.0,0.0
2025-03-06 10:00:00-03:00,88.25,0.0
2025-03-06 11:00:00-03:00,88.0,0.0
2025-03-06 12:00:00-03:00,88.0,0.0
2025-03-06 13:00:00-03:00,88.0,0.0
2025-03-06 14:00:00-03:00,88.0,0.0
2025-03-06 15:00:00-03:00,88.0,0.0
2025-03-06 16:00:00-03:00,87.5,0.0
2025-03-06 17:00:00-03:00,87.25,0.0
2025-03-06 18:00:00-03:00,87.0,0.0
2025-03-06 19:00:00-03:00,86.75,0.0
2025-03-06 20:00:00-03:00,86.25,0.0
2025-03-06 21:00:00-03:00,86.0,0.0
2025-03-06 22:00:00-03:00,86.0,0.0
2025-03-06 23:00:00-03:00,85.0,0.0
2025-03-07 00:00:00-03:00,85.25,0.0
2025-03-07 01:00:00-03:00,85.5,0.0
2025-03-07 02:00:00-03:00,85.0,0.0
2025-03-07 03:00:00-03:00,85.0,0.0
2025-03-07 04:00:00-03:00,85.0,0.0
2025-03-07 05:00:00-03:00,85.0,0.0
2025-03-07 06:00:00-03:00,85.0,0.0
2025-03-07 07:00:00-03:00,85.0,0.2
2025-03-07 08:00:00-03:00,84.75,0.0
2025-03-07 09:00:00-03:00,85.0,0.0
2025-03-07 10:00:00-03:00,85.0,0.0
2025-03-07 11:00:00-03:00,85.0,0.0
2025-03-07 12:00:00-03:00,85.0,0.0
2025-03-07 13:00:00-03:00,85.25,0.0
2025-03-07 14:00:00-03:00,85.25,0.0
2025-03-07 15:00:00-03:00,85.25,0.0
2025-03-07 16:00:00-03:00,85.25,0.0
2025-03-07 17:00:00-03:00,85.0,0.0
2025-03-07 18:00:00-03:00,85.0,0.0
2025-03-07 19:00:00-03:00,84.75,0.0
2025-03-07 20:00:00-03:00,84.75,0.0
2025-03-07 21:00:00-03:00,84.25,0.0
2025-03-07 22:00:00-03:00,84.25,0.0
2025-03-07 23:00:00-03:00,84.0,0.0
2025-03-08 00:00:00-03:00,84.0,0.0
2025-03-08 01:00:00-03:00,84.0,0.0
2025-03-08 02:00:00-03:00,84.0,0.0
2025-03-08 03:00:00-03:00,84.0,0.0
2025-03-08 04:00:00-03:00,83.25,0.0
2025-03-08 05:00:00-03:00,83.5,0.0
2025-03-08 06:00:00-03:00,83.25,0.0
2025-03-08 07:00:00-03:00,83.5,0.0
2025-03-08 08:00:00-03:00,83.25,0.0
2025-03-08 09:00:00-03:00,83.0,0.0
2025-03-08 10:00:00-03:00,83.75,0.0
2025-03-08 11:00:00-03:00,83.75,0.0
2025-03-08 12:00:00-03:00,84.0,0.0
2025-03-08 13:00:00-03:00,84.0,0.0
2025-03-08 14:00:00-03:00,83.75,0.0
2025-03-08 15:00:00-03:00,84.0,0.0
2025-03-08 16:00:00-03:00,83.75,0.0
2025-03-08 17:00:00-03:00,83.75,0.0
2025-03-08 18:00:00-03:00,83.0,0.0
2025-03-08 19:00:00-03:00,82.75,0.0
2025-03-08 20:00:00-03:00,83.0,0.0
2025-03-08 21:00:00-03:00,82.75,0.0
2025-03-08 22:00:00-03:00,82.25,0.0
2025-03-08 23:00:00-03:00,82.25,0.0
2025-03-09 00:00:00-03:00,82.0,0.0
2025-03-09 01:00:00-03:00,82.0,0.0
2025-03-09 02:00:00-03:00,82.0,0.0
2025-03-09 03:00:00-03:00,82.0,0.0
2025-03-09 04:00:00-03:00,82.0,0.0
2025-03-09 05:00:00-03:00,81.5,0.0
2025-03-09 06:00:00-03:00,81.25,0.0
2025-03-09 07:00:00-03:00,81.5,0.0
2025-03-09 08:00:00-03:00,81.0,0.0
2025-03-09 09:00:00-03:00,81.0,0.0
2025-03-09 10:00:00-03:00,81.0,0.0
2025-03-09 11:00:00-03:00,81.0,0.0
2025-03-09 12:00:00-03:00,81.75,0.0
2025-03-09 13:00:00-03:00,81.5,0.0
2025-03-09 14:00:00-03:00,82.0,0.0
2025-03-09 15:00:00-03:00,81.5,0.0
2025-03-09 16:00:00-03:00,81.0,0.0
2025-03-09 17:00:00-03:00,81.0,0.0
2025-03-09 18:00:00-03:00,81.0,0.0
2025-03-09 19:00:00-03:00,80.5,0.0
2025-03-09 20:00:00-03:00,80.0,25.0
2025-03-09 21:00:00-03:00,80.0,3.6
2025-03-09 22:00:00-03:00,80.0,0.0
2025-03-09 23:00:00-03:00,79.75,0.0
2025-03-10 00:00:00-03:00,79.75,0.0
2025-03-10 01:00:00-03:00,79.5,0.0
2025-03-10 02:00:00-03:00,79.25,0.0
2025-03-10 03:00:00-03:00,79.5,0.2
2025-03-10 04:00:00-03:00,79.0,0.0
2025-03-10 05:00:00-03:00,79.25,0.0
2025-03-10 06:00:00-03:00,79.5,0.0
2025-03-10 07:00:00-03:00,79.75,0.0
2025-03-10 08:00:00-03:00,80.0,0.0
2025-03-10 09:00:00-03:00,80.0,0.0
2025-03-10 10:00:00-03:00,80.0,0.0
2025-03-10 11:00:00-03:00,80.75,0.0
2025-03-10 12:00:00-03:00,81.0,0.0
2025-03-10 13:00:00-03:00,81.5,0.0
2025-03-10 14:00:00-03:00,81.75,0.0
2025-03-10 15:00:00-03:00,82.0,0.0
2025-03-10 16:00:00-03:00,82.0,0.0
2025-03-10 17:00:00-03:00,82.0,2.8
2025-03-10 18:00:00-03:00,81.75,2.0
2025-03-10 19:00:00-03:00,82.0,0.0
2025-03-10 20:00:00-03:00,82.0,0.4
2025-03-10 21:00:00-03:00,82.0,0.0
2025-03-10 22:00:00-03:00,82.5,0.0
2025-03-10 23:00:00-03:00,83.0,0.0
2025-03-11 00:00:00-03:00,83.5,0.0
2025-03-11 01:00:00-03:00,84.0,0.0
2025-03-11 02:00:00-03:00,84.75,0.0
2025-03-11 03:00:00-03:00,85.25,0.0
2025-03-11 04:00:00-03:00,86.0,0.0
2025-03-11 05:00:00-03:00,86.75,0.0
2025-03-11 06:00:00-03:00,87.75,0.0
2025-03-11 07:00:00-03:00,88.25,0.0
2025-03-11 08:00:00-03:00,89.0,0.0
2025-03-11 09:00:00-03:00,89.75,0.0
2025-03-11 10:00:00-03:00,90.75,0.0
2025-03-11 11:00:00-03:00,92.0,0.2
2025-03-11 12:00:00-03:00,93.75,0.0
2025-03-11 13:00:00-03:00,95.0,0.0
2025-03-11 14:00:00-03:00,96.25,1.6
2025-03-11 15:00:00-03:00,97.5,0.8
2025-03-11 16:00:00-03:00,98.5,0.0
2025-03-11 17:00:00-03:00,99.25,0.0
2025-03-11 18:00:00-03:00,100.25,0.0
2025-03-11 19:00:00-03:00,101.25,0.0
2025-03-11 20:00:00-03:00,102.0,0.0
2025-03-11 21:00:00-03:00,102.25,0.0
2025-03-11 22:00:00-03:00,102.75,1.0
2025-03-11 23:00:00-03:00,103.0,2.0
2025-03-12 00:00:00-03:00,103.75,0.2
2025-03-12 01:00:00-03:00,104.0,0.0
2025-03-12 02:00:00-03:00,104.5,0.0
2025-03-12 03:00:00-03:00,104.25,0.0
2025-03-12 04:00:00-03:00,104.75,0.0
2025-03-12 05:00:00-03:00,105.0,0.0
2025-03-12 06:00:00-03:00,105.5,0.0
2025-03-12 07:00:00-03:00,105.75,0.0
2025-03-12 08:00:00-03:00,106.25,0.0
2025-03-12 09:00:00-03:00,106.5,0.0
2025-03-12 10:00:00-03:00,107.25,0.0
2025-03-12 11:00:00-03:00,108.0,0.0
2025-03-12 12:00:00-03:00,109.0,0.0
2025-03-12 13:00:00-03:00,109.0,0.0
2025-03-12 14:00:00-03:00,109.75,0.0
2025-03-12 15:00:00-03:00,109.75,0.0
2025-03-12 16:00:00-03:00,109.75,0.0
2025-03-12 17:00:00-03:00,109.25,0.0
2025-03-12 18:00:00-03:00,109.0,0.0
2025-03-12 19:00:00-03:00,109.0,0.0
2025-03-12 20:00:00-03:00,108.25,0.0
2025-03-12 21:00:00-03:00,108.0,0.0
2025-03-12 22:00:00-03:00,108.0,0.0
2025-03-12 23:00:00-03:00,107.0,0.0
2025-03-13 00:00:00-03:00,106.75,0.0
2025-03-13 01:00:00-03:00,106.25,0.0
2025-03-13 02:00:00-03:00,106.0,0.0
2025-03-13 03:00:00-03:00,105.75,0.0
2025-03-13 04:00:00-03:00,105.0,0.0
2025-03-13 05:00:00-03:00,104.25,0.0
2025-03-13 06:00:00-03:00,103.75,0.0
2025-03-13 07:00:00-03:00,103.25,0.0
2025-03-13 08:00:00-03:00,102.5,0.0
2025-03-13 09:00:00-03:00,102.0,0.0
2025-03-13 10:00:00-03:00,102.0,0.0
2025-03-13 11:00:00-03:00,101.25,0.0
2025-03-13 12:00:00-03:00,101.0,0.0
2025-03-13 13:00:00-03:00,100.75,0.0
2025-03-13 14:00:00-03:00,99.75,0.0
2025-03-13 15:00:00-03:00,99.0,0.0
2025-03-13 16:00:00-03:00,98.75,0.0
2025-03-13 17:00:00-03:00,98.0,0.0
2025-03-13 18:00:00-03:00,97.0,0.0
2025-03-13 19:00:00-03:00,96.5,0.0
2025-03-13 20:00:00-03:00,96.25,0.0
2025-03-13 21:00:00-03:00,95.75,0.0
2025-03-13 22:00:00-03:00,95.0,0.0
2025-03-13 23:00:00-03:00,94.25,0.0
2025-03-14 00:00:00-03:00,94.0,0.0
2025-03-14 01:00:00-03:00,93.25,0.0
2025-03-14 02:00:00-03:00,93.0,0.0
2025-03-14 03:00:00-03:00,92.75,0.0
2025-03-14 04:00:00-03:00,92.5,0.0
2025-03-14 05:00:00-03:00,92.0,0.0
2025-03-14 06:00:00-03:00,92.0,0.0
2025-03-14 07:00:00-03:00,91.5,0.0
2025-03-14 08:00:00-03:00,91.0,0.0
2025-03-14 09:00:00-03:00,90.75,0.0
2025-03-14 10:00:00-03:00,91.0,0.0
2025-03-14 11:00:00-03:00,91.0,0.0
2025-03-14 12:00:00-03:00,91.0,0.0
2025-03-14 13:00:00-03:00,91.0,0.0
2025-03-14 14:00:00-03:00,91.0,0.0
2025-03-14 15:00:00-03:00,91.5,0.0
2025-03-14 16:00:00-03:00,92.0,3.4
2025-03-14 17:00:00-03:00,92.5,7.0
2025-03-14 18:00:00-03:00,93.5,0.0
2025-03-14 19:00:00-03:00,94.5,0.0
2025-03-14 20:00:00-03:00,96.0,0.0
2025-03-14 21:00:00-03:00,98.0,0.0
2025-03-14 22:00:00-03:00,99.5,0.0
2025-03-14 23:00:00-03:00,101.0,0.0
2025-03-15 00:00:00-03:00,102.5,0.0
2025-03-15 01:00:00-03:00,103.5,0.0
2025-03-15 02:00:00-03:00,104.25,0.0
2025-03-15 03:00:00-03:00,105.0,0.0
2025-03-15 04:00:00-03:00,105.5,0.0
2025-03-15 05:00:00-03:00,105.75,0.0
2025-03-15 06:00:00-03:00,105.25,0.0
2025-03-15 07:00:00-03:00,105.0,0.0
2025-03-15 08:00:00-03:00,105.0,0.0
2025-03-15 09:00:00-03:00,104.5,0.0
2025-03-15 10:00:00-03:00,104.0,0.2
2025-03-15 11:00:00-03:00,104.0,0.0
2025-03-15 12:00:00-03:00,103.5,0.0
2025-03-15 13:00:00-03:00,103.75,0.0
2025-03-15 14:00:00-03:00,103.0,0.0
2025-03-15 15:00:00-03:00,103.0,0.0
2025-03-15 16:00:00-03:00,102.25,28.6
2025-03-15 17:00:00-03:00,102.0,0.2
2025-03-15 18:00:00-03:00,102.0,0.0
2025-03-15 19:00:00-03:00,101.5,0.0
2025-03-15 20:00:00-03:00,101.0,0.0
2025-03-15 21:00:00-03:00,101.5,0.0
2025-03-15 22:00:00-03:00,101.0,0.0
2025-03-15 23:00:00-03:00,101.0,0.0
2025-03-16 00:00:00-03:00,100.25,0.0
2025-03-16 01:00:00-03:00,99.75,0.0
2025-03-16 02:00:00-03:00,99.0,0.0
2025-03-16 03:00:00-03:00,99.25,0.0
2025-03-16 04:00:00-03:00,99.0,0.0
2025-03-16 05:00:00-03:00,99.0,0.0
2025-03-16 06:00:00-03:00,98.75,0.0
2025-03-16 07:00:00-03:00,98.25,0.0
2025-03-16 08:00:00-03:00,98.0,0.0
2025-03-16 09:00:00-03:00,98.25,0.0
2025-03-16 10:00:00-03:00,98.5,0.0
2025-03-16 11:00:00-03:00,98.75,0.0
2025-03-16 12:00:00-03:00,99.0,0.2
2025-03-16 13:00:00-03:00,99.75,0.0
2025-03-16 14:00:00-03:00,100.0,0.0
2025-03-16 15:00:00-03:00,100.75,1.4
2025-03-16 16:00:00-03:00,101.0,0.0
2025-03-16 17:00:00-03:00,101.0,0.0
2025-03-16 18:00:00-03:00,101.75,0.0
2025-03-16 19:00:00-03:00,102.0,16.8
2025-03-16 20:00:00-03:00,102.5,20.0
2025-03-16 21:00:00-03:00,103.0,0.2
2025-03-16 22:00:00-03:00,103.0,0.0
2025-03-16 23:00:00-03:00,103.75,0.0
2025-03-17 00:00:00-03:00,104.0,0.4
2025-03-17 01:00:00-03:00,104.75,2.0
2025-03-17 02:00:00-03:00,105.0,4.6
2025-03-17 03:00:00-03:00,105.75,2.6
2025-03-17 04:00:00-03:00,105.75,1.0
2025-03-17 05:00:00-03:00,105.0,0.0
2025-03-17 06:00:00-03:00,104.75,0.0
2025-03-17 07:00:00-03:00,104.75,0.0
2025-03-17 08:00:00-03:00,104.0,0.0
2025-03-17 09:00:00-03:00,104.0,0.0
2025-03-17 10:00:00-03:00,104.0,0.0
2025-03-17 11:00:00-03:00,103.75,0.0
2025-03-17 12:00:00-03:00,103.25,0.0
2025-03-17 13:00:00-03:00,103.25,0.0
2025-03-17 14:00:00-03:00,103.25,0.0
2025-03-17 15:00:00-03:00,103.75,0.0
2025-03-17 16:00:00-03:00,104.25,0.0
2025-03-17 17:00:00-03:00,104.5,0.0
2025-03-17 18:00:00-03:00,105.5,0.0
2025-03-17 19:00:00-03:00,106.25,0.0
2025-03-17 20:00:00-03:00,107.75,0.0
2025-03-17 21:00:00-03:00,108.75,0.0
2025-03-17 22:00:00-03:00,110.25,0.0
2025-03-17 23:00:00-03:00,111.5,0.0
2025-03-18 00:00:00-03:00,113.5,0.0
2025-03-18 01:00:00-03:00,114.25,0.0
2025-03-18 02:00:00-03:00,115.25,0.0
2025-03-18 03:00:00-03:00,117.5,0.0
2025-03-18 04:00:00-03:00,118.0,0.0
2025-03-18 05:00:00-03:00,118.75,0.0
2025-03-18 06:00:00-03:00,119.0,0.0
2025-03-18 07:00:00-03:00,119.25,0.0
2025-03-18 08:00:00-03:00,119.25,0.0
2025-03-18 09:00:00-03:00,119.0,0.0
2025-03-18 10:00:00-03:00,119.0,0.0
2025-03-18 11:00:00-03:00,118.0,0.0
2025-03-18 12:00:00-03:00,118.0,0.0
2025-03-18 13:00:00-03:00,117.5,0.0
2025-03-18 14:00:00-03:00,116.5,0.0
2025-03-18 15:00:00-03:00,115.5,0.0
2025-03-18 16:00:00-03:00,114.5,0.0
2025-03-18 17:00:00-03:00,114.0,0.0
2025-03-18 18:00:00-03:00,112.5,0.0
2025-03-18 19:00:00-03:00,111.75,0.0
2025-03-18 20:00:00-03:00,110.25,0.0
2025-03-18 21:00:00-03:00,109.5,0.0
2025-03-18 22:00:00-03:00,108.5,0.0
2025-03-18 23:00:00-03:00,107.5,0.2
2025-03-19 00:00:00-03:00,106.25,1.4
2025-03-19 01:00:00-03:00,105.5,0.0
2025-03-19 02:00:00-03:00,104.75,0.0
2025-03-19 03:00:00-03:00,104.0,0.0
2025-03-19 04:00:00-03:00,103.0,0.0
2025-03-19 05:00:00-03:00,102.0,0.2
2025-03-19 06:00:00-03:00,101.25,0.0
2025-03-19 07:00:00-03:00,101.0,0.0
2025-03-19 08:00:00-03:00,99.5,0.0
2025-03-19 09:00:00-03:00,99.0,0.0
2025-03-19 10:00:00-03:00,98.75,0.0
2025-03-19 11:00:00-03:00,98.5,0.0
2025-03-19 12:00:00-03:00,98.0,0.0
2025-03-19 13:00:00-03:00,98.0,0.0
2025-03-19 14:00:00-03:00,97.25,0.0
2025-03-19 15:00:00-03:00,97.25,0.0
2025-03-19 16:00:00-03:00,97.0,0.0
2025-03-19 17:00:00-03:00,96.5,0.0
2025-03-19 18:00:00-03:00,96.0,0.0
2025-03-19 19:00:00-03:00,95.75,0.0
2025-03-19 20:00:00-03:00,96.0,0.0
2025-03-19 21:00:00-03:00,96.0,0.0
2025-03-19 22:00:00-03:00,96.0,0.0
2025-03-19 23:00:00-03:00,96.0,0.0
2025-03-20 00:00:00-03:00,96.0,0.0
2025-03-20 01:00:00-03:00,96.0,0.0
2025-03-20 02:00:00-03:00,95.75,0.0
2025-03-20 03:00:00-03:00,96.0,0.0
2025-03-20 04:00:00-03:00,96.0,0.0
2025-03-20 05:00:00-03:00,96.0,0.0
2025-03-20 06:00:00-03:00,96.0,0.0
2025-03-20 07:00:00-03:00,96.0,0.0
2025-03-20 08:00:00-03:00,96.5,0.0
2025-03-20 09:00:00-03:00,96.5,0.0
2025-03-20 10:00:00-03:00,96.75,0.0
2025-03-20 11:00:00-03:00,96.75,0.0
2025-03-20 12:00:00-03:00,97.0,0.0
2025-03-20 13:00:00-03:00,97.5,0.0
2025-03-20 14:00:00-03:00,97.75,0.0
2025-03-20 15:00:00-03:00,97.75,0.0
2025-03-20 16:00:00-03:00,98.0,0.0
2025-03-20 17:00:00-03:00,98.0,0.0
2025-03-20 18:00:00-03:00,97.75,0.0
2025-03-20 19:00:00-03:00,97.5,0.0
2025-03-20 20:00:00-03:00,98.0,0.0
2025-03-20 21:00:00-03:00,98.0,0.0
2025-03-20 22:00:00-03:00,98.0,0.0
2025-03-20 23:00:00-03:00,97.75,0.0
2025-03-21 00:00:00-03:00,97.25,0.0
2025-03-21 01:00:00-03:00,97.25,0.0
2025-03-21 02:00:00-03:00,97.0,0.0
2025-03-21 03:00:00-03:00,97.0,0.0
2025-03-21 04:00:00-03:00,96.25,0.0
2025-03-21 05:00:00-03:00,96.0,0.0
2025-03-21 06:00:00-03:00,95.75,0.2
2025-03-21 07:00:00-03:00,95.25,0.0
2025-03-21 08:00:00-03:00,95.0,0.0
2025-03-21 09:00:00-03:00,95.0,0.0
2025-03-21 10:00:00-03:00,95.0,0.0
2025-03-21 11:00:00-03:00,94.75,0.0
2025-03-21 12:00:00-03:00,95.0,0.0
2025-03-21 13:00:00-03:00,95.0,0.0
2025-03-21 14:00:00-03:00,95.0,0.0
2025-03-21 15:00:00-03:00,94.0,0.0
2025-03-21 16:00:00-03:00,94.0,0.0
2025-03-21 17:00:00-03:00,93.5,0.0
2025-03-21 18:00:00-03:00,93.0,0.0
2025-03-21 19:00:00-03:00,92.75,0.0
2025-03-21 20:00:00-03:00,92.5,0.0
2025-03-21 21:00:00-03:00,92.0,0.0
2025-03-21 22:00:00-03:00,92.0,0.0
2025-03-21 23:00:00-03:00,91.0,0.0
2025-03-22 00:00:00-03:00,91.25,0.0
2025-03-22 01:00:00-03:00,91.0,0.0
2025-03-22 02:00:00-03:00,90.5,0.0
2025-03-22 03:00:00-03:00,90.25,0.0
2025-03-22 04:00:00-03:00,90.0,0.0
2025-03-22 05:00:00-03:00,90.0,0.0
2025-03-22 06:00:00-03:00,90.0,0.0
2025-03-22 07:00:00-03:00,89.25,0.0
2025-03-22 08:00:00-03:00,89.0,0.0
2025-03-22 09:00:00-03:00,89.0,0.0
2025-03-22 10:00:00-03:00,89.0,0.0
2025-03-22 11:00:00-03:00,89.0,0.0
2025-03-22 12:00:00-03:00,89.25,0.0
2025-03-22 13:00:00-03:00,89.25,0.0
2025-03-22 14:00:00-03:00,89.0,0.0
2025-03-22 15:00:00-03:00,89.0,0.0
2025-03-22 16:00:00-03:00,89.0,0.0
2025-03-22 17:00:00-03:00,88.25,0.0
2025-03-22 18:00:00-03:00,88.0,0.0
2025-03-22 19:00:00-03:00,87.5,0.0
2025-03-22 20:00:00-03:00,87.0,0.0
2025-03-22 21:00:00-03:00,86.75,0.0
2025-03-22 22:00:00-03:00,86.5,0.0
2025-03-22 23:00:00-03:00,86.25,0.0
2025-03-23 00:00:00-03:00,86.0,0.0
2025-03-23 01:00:00-03:00,86.0,0.0
2025-03-23 02:00:00-03:00,85.75,0.0
2025-03-23 03:00:00-03:00,85.5,0.0
2025-03-23 04:00:00-03:00,85.25,0.0
2025-03-23 05:00:00-03:00,85.25,0.0
2025-03-23 06:00:00-03:00,85.0,0.0
2025-03-23 07:00:00-03:00,85.0,0.0
2025-03-23 08:00:00-03:00,84.75,0.0
2025-03-23 09:00:00-03:00,84.0,0.0
2025-03-23 10:00:00-03:00,84.0,0.0
2025-03-23 11:00:00-03:00,84.75,0.0
2025-03-23 12:00:00-03:00,84.75,0.0
2025-03-23 13:00:00-03:00,84.75,0.0
2025-03-23 14:00:00-03:00,84.25,1.4
2025-03-23 15:00:00-03:00,84.25,2.6
2025-03-23 16:00:00-03:00,84.0,0.0
2025-03-23 17:00:00-03:00,84.0,0.0
2025-03-23 18:00:00-03:00,84.25,0.2
2025-03-23 19:00:00-03:00,86.75,0.4
2025-03-23 20:00:00-03:00,85.25,3.8
2025-03-23 21:00:00-03:00,85.0,13.8
2025-03-23 22:00:00-03:00,85.0,0.8
2025-03-23 23:00:00-03:00,85.25,1.4
2025-03-24 00:00:00-03:00,85.0,1.8
2025-03-24 01:00:00-03:00,85.0,0.8
2025-03-24 02:00:00-03:00,86.75,0.2
2025-03-24 03:00:00-03:00,87.75,0.0
2025-03-24 04:00:00-03:00,86.5,0.2
2025-03-24 05:00:00-03:00,86.0,0.0
2025-03-24 06:00:00-03:00,85.75,0.0
2025-03-24 07:00:00-03:00,85.0,0.0
2025-03-24 08:00:00-03:00,85.0,0.0
2025-03-24 09:00:00-03:00,85.0,0.0
2025-03-24 10:00:00-03:00,85.25,0.0
2025-03-24 11:00:00-03:00,86.0,0.0
2025-03-24 12:00:00-03:00,86.25,0.0
2025-03-24 13:00:00-03:00,87.0,0.0
2025-03-24 14:00:00-03:00,87.5,0.0
2025-03-24 15:00:00-03:00,88.0,0.0
2025-03-24 16:00:00-03:00,89.5,0.0
2025-03-24 17:00:00-03:00,90.25,0.0
2025-03-24 18:00:00-03:00,91.75,0.0
2025-03-24 19:00:00-03:00,93.25,0.0
2025-03-24 20:00:00-03:00,95.0,0.0
2025-03-24 21:00:00-03:00,96.75,0.0
2025-03-24 22:00:00-03:00,98.25,1.2
2025-03-24 23:00:00-03:00,100.25,39.8
2025-03-25 00:00:00-03:00,101.5,0.2
2025-03-25 01:00:00-03:00,103.25,0.0
2025-03-25 02:00:00-03:00,104.75,0.0
2025-03-25 03:00:00-03:00,106.5,0.0
2025-03-25 04:00:00-03:00,107.75,0.0
2025-03-25 05:00:00-03:00,109.0,0.0
2025-03-25 06:00:00-03:00,110.25,0.0
2025-03-25 07:00:00-03:00,111.5,0.0
2025-03-25 08:00:00-03:00,112.75,0.0
2025-03-25 09:00:00-03:00,113.75,0.0
2025-03-25 10:00:00-03:00,115.25,0.0
2025-03-25 11:00:00-03:00,115.75,0.0
2025-03-25 12:00:00-03:00,117.5,0.0
2025-03-25 13:00:00-03:00,118.5,0.0
2025-03-25 14:00:00-03:00,119.75,0.0
2025-03-25 15:00:00-03:00,120.75,0.0
2025-03-25 16:00:00-03:00,122.25,0.0
2025-03-25 17:00:00-03:00,124.25,0.0
2025-03-25 18:00:00-03:00,126.5,0.0
2025-03-25 19:00:00-03:00,129.5,0.0
2025-03-25 20:00:00-03:00,133.5,0.0
2025-03-25 21:00:00-03:00,137.5,0.0
2025-03-25 22:00:00-03:00,141.5,0.0
2025-03-25 23:00:00-03:00,145.0,0.0
2025-03-26 00:00:00-03:00,148.5,0.0
2025-03-26 01:00:00-03:00,151.5,0.0
2025-03-26 02:00:00-03:00,154.0,0.0
2025-03-26 03:00:00-03:00,156.0,0.0
2025-03-26 04:00:00-03:00,157.75,0.0
2025-03-26 05:00:00-03:00,158.75,0.2
2025-03-26 06:00:00-03:00,159.25,0.0
2025-03-26 07:00:00-03:00,160.0,0.0
2025-03-26 08:00:00-03:00,159.25,0.0
2025-03-26 09:00:00-03:00,159.0,0.0
2025-03-26 10:00:00-03:00,158.5,0.0
2025-03-26 11:00:00-03:00,157.75,0.0
2025-03-26 12:00:00-03:00,156.5,0.0
2025-03-26 13:00:00-03:00,155.0,0.0
2025-03-26 14:00:00-03:00,153.5,0.0
2025-03-26 15:00:00-03:00,151.5,0.0
2025-03-26 16:00:00-03:00,149.0,0.6
2025-03-26 17:00:00-03:00,146.75,0.0
2025-03-26 18:00:00-03:00,144.5,0.0
2025-03-26 19:00:00-03:00,142.0,0.0
2025-03-26 20:00:00-03:00,140.0,0.0
2025-03-26 21:00:00-03:00,137.75,0.0
2025-03-26 22:00:00-03:00,135.5,0.0
2025-03-26 23:00:00-03:00,133.5,0.0
2025-03-27 00:00:00-03:00,131.5,0.0
2025-03-27 01:00:00-03:00,129.25,0.0
2025-03-27 02:00:00-03:00,127.75,0.0
2025-03-27 03:00:00-03:00,126.0,0.0
2025-03-27 04:00:00-03:00,124.5,0.0
2025-03-27 05:00:00-03:00,123.25,0.0
2025-03-27 06:00:00-03:00,122.0,0.0
2025-03-27 07:00:00-03:00,120.75,0.0
2025-03-27 08:00:00-03:00,119.75,0.0
2025-03-27 09:00:00-03:00,118.5,0.0
2025-03-27 10:00:00-03:00,117.0,0.0
2025-03-27 11:00:00-03:00,116.75,0.0
2025-03-27 12:00:00-03:00,116.0,0.0
2025-03-27 13:00:00-03:00,116.0,0.0
2025-03-27 14:00:00-03:00,115.25,0.0
2025-03-27 15:00:00-03:00,114.75,0.0
2025-03-27 16:00:00-03:00,114.0,0.0
2025-03-27 17:00:00-03:00,113.0,0.0
2025-03-27 18:00:00-03:00,112.25,0.0
2025-03-27 19:00:00-03:00,111.5,0.0
2025-03-27 20:00:00-03:00,110.5,0.0
2025-03-27 21:00:00-03:00,109.75,0.0
2025-03-27 22:00:00-03:00,109.0,0.0
2025-03-27 23:00:00-03:00,108.5,0.0
2025-03-28 00:00:00-03:00,107.75,0.0
2025-03-28 01:00:00-03:00,107.0,0.0
2025-03-28 02:00:00-03:00,107.0,0.0
2025-03-28 03:00:00-03:00,106.0,0.0
2025-03-28 04:00:00-03:00,105.75,0.0
2025-03-28 05:00:00-03:00,105.25,0.0
2025-03-28 06:00:00-03:00,105.0,0.0
2025-03-28 07:00:00-03:00,104.75,0.0
2025-03-28 08:00:00-03:00,104.0,0.0
2025-03-28 09:00:00-03:00,103.25,0.0
2025-03-28 10:00:00-03:00,103.0,0.0
2025-03-28 11:00:00-03:00,102.75,0.0
2025-03-28 12:00:00-03:00,102.0,0.0
2025-03-28 13:00:00-03:00,102.25,0.0
2025-03-28 14:00:00-03:00,102.0,0.0
2025-03-28 15:00:00-03:00,101.25,0.0
2025-03-28 16:00:00-03:00,101.0,0.0
2025-03-28 17:00:00-03:00,100.75,0.0
2025-03-28 18:00:00-03:00,100.0,0.0
2025-03-28 19:00:00-03:00,99.0,0.0
2025-03-28 20:00:00-03:00,98.5,0.0
2025-03-28 21:00:00-03:00,98.0,6.4
2025-03-28 22:00:00-03:00,97.5,0.0
2025-03-28 23:00:00-03:00,97.0,0.0
2025-03-29 00:00:00-03:00,96.75,0.0
2025-03-29 01:00:00-03:00,96.0,0.0
2025-03-29 02:00:00-03:00,96.0,0.0
2025-03-29 03:00:00-03:00,95.75,0.0
2025-03-29 04:00:00-03:00,95.0,0.0
2025-03-29 05:00:00-03:00,95.0,0.0
2025-03-29 06:00:00-03:00,94.75,0.0
2025-03-29 07:00:00-03:00,94.0,0.0
2025-03-29 08:00:00-03:00,93.75,0.0
2025-03-29 09:00:00-03:00,93.75,0.0
2025-03-29 10:00:00-03:00,93.5,0.0
2025-03-29 11:00:00-03:00,93.0,0.0
2025-03-29 12:00:00-03:00,93.0,0.0
2025-03-29 13:00:00-03:00,93.0,0.0
2025-03-29 14:00:00-03:00,93.0,0.0
2025-03-29 15:00:00-03:00,93.0,0.0
2025-03-29 16:00:00-03:00,92.75,0.0
2025-03-29 17:00:00-03:00,92.25,0.0
2025-03-29 18:00:00-03:00,92.0,0.0
2025-03-29 19:00:00-03:00,91.75,0.0
2025-03-29 20:00:00-03:00,91.5,0.0
2025-03-29 21:00:00-03:00,93.5,0.0
2025-03-29 22:00:00-03:00,92.5,0.0
2025-03-29 23:00:00-03:00,91.75,0.0
2025-03-30 00:00:00-03:00,92.0,0.0
2025-03-30 01:00:00-03:00,91.75,0.0
2025-03-30 02:00:00-03:00,91.5,0.0
2025-03-30 03:00:00-03:00,91.0,0.0
2025-03-30 04:00:00-03:00,91.25,0.0
2025-03-30 05:00:00-03:00,91.0,0.0
2025-03-30 06:00:00-03:00,91.0,0.0
2025-03-30 07:00:00-03:00,90.75,0.0
2025-03-30 08:00:00-03:00,91.0,0.0
2025-03-30 09:00:00-03:00,90.0,0.0
2025-03-30 10:00:00-03:00,90.0,0.0
2025-03-30 11:00:00-03:00,90.0,0.0
2025-03-30 12:00:00-03:00,90.0,0.0
2025-03-30 13:00:00-03:00,90.5,0.0
2025-03-30 14:00:00-03:00,90.0,0.0
2025-03-30 15:00:00-03:00,89.75,0.0
2025-03-30 16:00:00-03:00,89.5,0.0
2025-03-30 17:00:00-03:00,89.25,0.0
2025-03-30 18:00:00-03:00,89.0,0.0
2025-03-30 19:00:00-03:00,88.75,0.0
2025-03-30 20:00:00-03:00,88.25,0.0
2025-03-30 21:00:00-03:00,88.0,0.0
2025-03-30 22:00:00-03:00,88.0,0.0
2025-03-30 23:00:00-03:00,88.0,0.0
2025-03-31 00:00:00-03:00,88.0,0.0
2025-03-31 01:00:00-03:00,88.0,0.0
2025-03-31 02:00:00-03:00,88.0,0.0
2025-03-31 03:00:00-03:00,88.75,0.0
2025-03-31 04:00:00-03:00,89.0,0.0
2025-03-31 05:00:00-03:00,89.0,0.0
2025-03-31 06:00:00-03:00,89.75,0.0
2025-03-31 07:00:00-03:00,90.0,0.0
2025-03-31 08:00:00-03:00,90.25,0.0
2025-03-31 09:00:00-03:00,91.0,0.0
2025-03-31 10:00:00-03:00,91.0,0.0
2025-03-31 11:00:00-03:00,91.0,0.0
2025-03-31 12:00:00-03:00,91.75,0.0
2025-03-31 13:00:00-03:00,92.0,0.0
2025-03-31 14:00:00-03:00,91.75,16.0
2025-03-31 15:00:00-03:00,93.75,7.6
2025-03-31 16:00:00-03:00,93.0,1.0
2025-03-31 17:00:00-03:00,92.0,0.2
2025-03-31 18:00:00-03:00,92.0,0.6
2025-03-31 19:00:00-03:00,92.5,1.2
2025-03-31 20:00:00-03:00,92.75,0.2
2025-03-31 21:00:00-03:00,92.0,0.0
2025-03-31 22:00:00-03:00,91.25,0.0
2025-03-31 23:00:00-03:00,91.0,0.0
2025-04-01 00:00:00-03:00,90.65,0.0
2025-04-01 01:00:00-03:00,90.0,0.0
2025-04-01 02:00:00-03:00,90.0,0.0
2025-04-01 03:00:00-03:00,90.25,0.0
2025-04-01 04:00:00-03:00,90.5,0.0
2025-04-01 05:00:00-03:00,90.75,0.0
2025-04-01 06:00:00-03:00,91.25,0.0
2025-04-01 07:00:00-03:00,91.75,0.0
2025-04-01 08:00:00-03:00,92.0,0.0
2025-04-01 09:00:00-03:00,92.0,0.0
2025-04-01 10:00:00-03:00,93.25,0.0
2025-04-01 11:00:00-03:00,93.45,0.0
2025-04-01 12:00:00-03:00,94.15,0.0
2025-04-01 13:00:00-03:00,95.075,0.0
2025-04-01 14:00:00-03:00,96.5,0.0
2025-04-01 15:00:00-03:00,98.275,0.0
2025-04-01 16:00:00-03:00,100.25,0.0
2025-04-01 17:00:00-03:00,102.1,1.2
2025-04-01 18:00:00-03:00,104.05,0.0
2025-04-01 19:00:00-03:00,106.05,0.0
2025-04-01 20:00:00-03:00,107.975,0.0
2025-04-01 21:00:00-03:00,109.425,0.0
2025-04-01 22:00:00-03:00,110.75,0.0
2025-04-01 23:00:00-03:00,111.925,0.0
2025-04-02 00:00:00-03:00,112.725,0.0
2025-04-02 01:00:00-03:00,113.0,0.0
2025-04-02 02:00:00-03:00,113.125,0.0
2025-04-02 03:00:00-03:00,113.275,0.0
2025-04-02 04:00:00-03:00,113.325,0.0
2025-04-02 05:00:00-03:00,113.1,0.0
2025-04-02 06:00:00-03:00,112.75,0.0
2025-04-02 07:00:00-03:00,112.175,0.0
2025-04-02 08:00:00-03:00,111.6,0.0
2025-04-02 09:00:00-03:00,111.05,0.0
2025-04-02 10:00:00-03:00,110.55,0.0
2025-04-02 11:00:00-03:00,110.025,0.2
2025-04-02 12:00:00-03:00,109.425,0.0
2025-04-02 13:00:00-03:00,108.725,0.0
2025-04-02 14:00:00-03:00,108.175,0.0
2025-04-02 15:00:00-03:00,107.4,0.0
2025-04-02 16:00:00-03:00,106.525,0.0
2025-04-02 17:00:00-03:00,105.55,0.0
2025-04-02 18:00:00-03:00,104.7,0.0
2025-04-02 19:00:00-03:00,104.0,0.0
2025-04-02 20:00:00-03:00,103.525,0.0
2025-04-02 21:00:00-03:00,102.825,0.0
2025-04-02 22:00:00-03:00,102.275,0.0
2025-04-02 23:00:00-03:00,101.65,0.0
2025-04-03 00:00:00-03:00,101.25,0.0
2025-04-03 01:00:00-03:00,101.0,0.0
2025-04-03 02:00:00-03:00,101.0,0.0
2025-04-03 03:00:00-03:00,101.0,0.0
2025-04-03 04:00:00-03:00,101.0,0.0
2025-04-03 05:00:00-03:00,101.0,0.6
2025-04-03 06:00:00-03:00,100.9,1.0
2025-04-03 07:00:00-03:00,100.875,0.0
2025-04-03 08:00:00-03:00,100.675,0.0
2025-04-03 09:00:00-03:00,101.525,18.6
2025-04-03 10:00:00-03:00,103.025,11.4
2025-04-03 11:00:00-03:00,104.65,7.4
2025-04-03 12:00:00-03:00,105.4,1.2
2025-04-03 13:00:00-03:00,105.325,0.0
2025-04-03 14:00:00-03:00,104.075,0.0
2025-04-03 15:00:00-03:00,102.775,0.0
2025-04-03 16:00:00-03:00,101.9,0.0
2025-04-03 17:00:00-03:00,101.35,0.0
2025-04-03 18:00:00-03:00,101.275,0.0
2025-04-03 19:00:00-03:00,101.825,0.0
2025-04-03 20:00:00-03:00,102.9,0.0
2025-04-03 21:00:00-03:00,104.1,0.0
2025-04-03 22:00:00-03:00,105.6,0.0
2025-04-03 23:00:00-03:00,107.125,0.2
2025-04-04 00:00:00-03:00,108.375,0.0
2025-04-04 01:00:00-03:00,109.225,0.0
2025-04-04 02:00:00-03:00,110.25,0.0
2025-04-04 03:00:00-03:00,111.8,0.0
2025-04-04 04:00:00-03:00,113.925,0.0
2025-04-04 05:00:00-03:00,116.45,0.2
2025-04-04 06:00:00-03:00,119.325,0.0
2025-04-04 07:00:00-03:00,122.425,0.0
2025-04-04 08:00:00-03:00,125.35,0.0
2025-04-04 09:00:00-03:00,128.175,0.0
2025-04-04 10:00:00-03:00,130.975,0.0
2025-04-04 11:00:00-03:00,133.75,0.0
2025-04-04 12:00:00-03:00,136.5,0.0
2025-04-04 13:00:00-03:00,139.275,0.0
2025-04-04 14:00:00-03:00,141.65,0.0
2025-04-04 15:00:00-03:00,143.85,0.0
2025-04-04 16:00:00-03:00,145.7,0.4
2025-04-04 17:00:00-03:00,147.15,0.4
2025-04-04 18:00:00-03:00,148.425,0.0
2025-04-04 19:00:00-03:00,149.9,0.0
2025-04-04 20:00:00-03:00,151.125,0.0
2025-04-04 21:00:00-03:00,151.85,0.0
2025-04-04 22:00:00-03:00,152.225,0.0
2025-04-04 23:00:00-03:00,152.6,0.0
2025-04-05 00:00:00-03:00,152.7,0.0
2025-04-05 01:00:00-03:00,152.425,0.0
2025-04-05 02:00:00-03:00,151.75,0.0
2025-04-05 03:00:00-03:00,150.925,0.2
2025-04-05 04:00:00-03:00,150.0,0.0
2025-04-05 05:00:00-03:00,149.025,0.0
2025-04-05 06:00:00-03:00,147.85,0.0
2025-04-05 07:00:00-03:00,146.55,0.0
2025-04-05 08:00:00-03:00,145.175,0.0
2025-04-05 09:00:00-03:00,143.6,0.0
2025-04-05 10:00:00-03:00,142.075,0.0
2025-04-05 11:00:00-03:00,140.65,0.0
2025-04-05 12:00:00-03:00,139.225,0.0
2025-04-05 13:00:00-03:00,137.825,0.0
2025-04-05 14:00:00-03:00,136.55,0.0
2025-04-05 15:00:00-03:00,135.375,0.0
2025-04-05 16:00:00-03:00,134.5,0.0
2025-04-05 17:00:00-03:00,133.725,0.0
2025-04-05 18:00:00-03:00,133.0,0.0
2025-04-05 19:00:00-03:00,132.2,0.0
2025-04-05 20:00:00-03:00,131.475,0.0
2025-04-05 21:00:00-03:00,130.825,0.0
2025-04-05 22:00:00-03:00,130.2,0.0
2025-04-05 23:00:00-03:00,129.475,0.0
2025-04-06 00:00:00-03:00,129.0,0.0
2025-04-06 01:00:00-03:00,128.55,0.0
2025-04-06 02:00:00-03:00,128.15,0.0
2025-04-06 03:00:00-03:00,128.0,0.0
2025-04-06 04:00:00-03:00,128.025,0.0
2025-04-06 05:00:00-03:00,128.425,0.0
2025-04-06 06:00:00-03:00,129.275,0.0
2025-04-06 07:00:00-03:00,130.625,0.0
2025-04-06 08:00:00-03:00,132.2,0.0
2025-04-06 09:00:00-03:00,134.375,0.0
2025-04-06 10:00:00-03:00,137.025,0.0
2025-04-06 11:00:00-03:00,140.0,0.0
2025-04-06 12:00:00-03:00,143.1,0.0
2025-04-06 13:00:00-03:00,146.125,0.0
2025-04-06 14:00:00-03:00,149.275,0.0
2025-04-06 15:00:00-03:00,152.2,0.0
2025-04-06 16:00:00-03:00,154.9,0.0
2025-04-06 17:00:00-03:00,157.2,0.0
2025-04-06 18:00:00-03:00,159.25,0.0
2025-04-06 19:00:00-03:00,161.2,0.0
2025-04-06 20:00:00-03:00,163.075,0.0
2025-04-06 21:00:00-03:00,164.475,0.0
2025-04-06 22:00:00-03:00,165.45,0.0
2025-04-06 23:00:00-03:00,166.075,0.0
2025-04-07 00:00:00-03:00,166.65,0.0
2025-04-07 01:00:00-03:00,166.95,0.0
2025-04-07 02:00:00-03:00,167.0,0.0
2025-04-07 03:00:00-03:00,166.975,0.0
2025-04-07 04:00:00-03:00,166.65,0.0
2025-04-07 05:00:00-03:00,166.175,0.0
2025-04-07 06:00:00-03:00,165.475,0.0
2025-04-07 07:00:00-03:00,164.55,0.0
2025-04-07 08:00:00-03:00,163.45,0.0
2025-04-07 09:00:00-03:00,162.225,0.0
2025-04-07 10:00:00-03:00,161.0,0.0
2025-04-07 11:00:00-03:00,159.65,0.0
2025-04-07 12:00:00-03:00,158.125,0.0
2025-04-07 13:00:00-03:00,156.55,0.0
2025-04-07 14:00:00-03:00,154.925,0.0
2025-04-07 15:00:00-03:00,153.35,0.0
2025-04-07 16:00:00-03:00,151.7,0.0
2025-04-07 17:00:00-03:00,149.85,0.0
2025-04-07 18:00:00-03:00,148.0,0.0
2025-04-07 19:00:00-03:00,146.2,0.0
2025-04-07 20:00:00-03:00,144.7,0.0
2025-04-07 21:00:00-03:00,143.075,0.0
2025-04-07 22:00:00-03:00,141.35,0.0
2025-04-07 23:00:00-03:00,139.625,0.0
2025-04-08 00:00:00-03:00,138.175,0.0
2025-04-08 01:00:00-03:00,136.75,0.0
2025-04-08 02:00:00-03:00,135.2,0.0
2025-04-08 03:00:00-03:00,133.8,0.0
2025-04-08 04:00:00-03:00,132.55,0.0
2025-04-08 05:00:00-03:00,131.35,0.0
2025-04-08 06:00:00-03:00,130.175,0.0
2025-04-08 07:00:00-03:00,129.1,0.0
2025-04-08 08:00:00-03:00,127.95,0.0
2025-04-08 09:00:00-03:00,126.825,0.0
2025-04-08 10:00:00-03:00,126.075,0.0
2025-04-08 11:00:00-03:00,125.525,0.0
2025-04-08 12:00:00-03:00,124.8,0.0
2025-04-08 13:00:00-03:00,124.225,0.0
2025-04-08 14:00:00-03:00,123.65,0.0
2025-04-08 15:00:00-03:00,123.075,0.0
2025-04-08 16:00:00-03:00,122.375,0.0
2025-04-08 17:00:00-03:00,121.65,0.0
2025-04-08 18:00:00-03:00,121.025,0.0
2025-04-08 19:00:00-03:00,120.5,0.0
2025-04-08 20:00:00-03:00,120.075,0.0
2025-04-08 21:00:00-03:00,119.45,0.0
2025-04-08 22:00:00-03:00,118.875,0.0
2025-04-08 23:00:00-03:00,117.8,0.0
2025-04-09 00:00:00-03:00,116.825,0.0
2025-04-09 01:00:00-03:00,116.025,0.0
2025-04-09 02:00:00-03:00,115.45,0.0
2025-04-09 03:00:00-03:00,114.75,0.0
2025-04-09 04:00:00-03:00,114.175,0.0
2025-04-09 05:00:00-03:00,113.55,0.0
2025-04-09 06:00:00-03:00,112.9,0.0
2025-04-09 07:00:00-03:00,112.275,0.0
2025-04-09 08:00:00-03:00,111.575,0.0
2025-04-09 09:00:00-03:00,111.15,0.0
2025-04-09 10:00:00-03:00,110.9,0.0
2025-04-09 11:00:00-03:00,110.55,0.0
2025-04-09 12:00:00-03:00,110.175,0.0
2025-04-09 13:00:00-03:00,109.85,0.0
2025-04-09 14:00:00-03:00,109.45,0.0
2025-04-09 15:00:00-03:00,108.9,0.0
2025-04-09 16:00:00-03:00,108.45,0.0
2025-04-09 17:00:00-03:00,108.05,0.0
2025-04-09 18:00:00-03:00,107.75,0.0
2025-04-09 19:00:00-03:00,107.25,0.0
2025-04-09 20:00:00-03:00,106.825,0.0
2025-04-09 21:00:00-03:00,107.025,0.4
2025-04-09 22:00:00-03:00,107.025,0.0
2025-04-09 23:00:00-03:00,106.625,1.4
2025-04-10 00:00:00-03:00,106.7,24.6
2025-04-10 01:00:00-03:00,107.6,2.2
2025-04-10 02:00:00-03:00,107.925,0.0
2025-04-10 03:00:00-03:00,107.275,0.0
2025-04-10 04:00:00-03:00,106.325,0.0
2025-04-10 05:00:00-03:00,105.5,0.0
2025-04-10 06:00:00-03:00,104.95,0.0
2025-04-10 07:00:00-03:00,104.55,0.0
2025-04-10 08:00:00-03:00,104.15,0.0
2025-04-10 09:00:00-03:00,103.875,0.0
2025-04-10 10:00:00-03:00,103.65,0.0
2025-04-10 11:00:00-03:00,103.7,0.0
2025-04-10 12:00:00-03:00,103.85,0.0
2025-04-10 13:00:00-03:00,104.025,0.0
2025-04-10 14:00:00-03:00,104.35,0.0
2025-04-10 15:00:00-03:00,104.925,0.0
2025-04-10 16:00:00-03:00,105.55,0.0
2025-04-10 17:00:00-03:00,106.85,0.0
2025-04-10 18:00:00-03:00,108.6,0.0
2025-04-10 19:00:00-03:00,109.975,0.0
2025-04-10 20:00:00-03:00,110.35,0.0
2025-04-10 21:00:00-03:00,111.0,0.0
2025-04-10 22:00:00-03:00,111.95,0.0
2025-04-10 23:00:00-03:00,113.05,0.0
2025-04-11 00:00:00-03:00,114.5,0.0
2025-04-11 01:00:00-03:00,116.075,0.0
2025-04-11 02:00:00-03:00,117.55,0.0
2025-04-11 03:00:00-03:00,118.55,0.0
2025-04-11 04:00:00-03:00,119.525,0.0
2025-04-11 05:00:00-03:00,120.4,0.0
2025-04-11 06:00:00-03:00,121.15,0.2
2025-04-11 07:00:00-03:00,121.7,0.0
2025-04-11 08:00:00-03:00,122.0,0.0
2025-04-11 09:00:00-03:00,122.05,0.0
2025-04-11 10:00:00-03:00,122.025,0.0
2025-04-11 11:00:00-03:00,122.125,0.0
2025-04-11 12:00:00-03:00,122.2,0.0
2025-04-11 13:00:00-03:00,122.2,0.0
2025-04-11 14:00:00-03:00,122.0,0.0
2025-04-11 15:00:00-03:00,121.55,0.0
2025-04-11 16:00:00-03:00,121.0,0.0
2025-04-11 17:00:00-03:00,120.4,0.0
2025-04-11 18:00:00-03:00,119.725,0.0
2025-04-11 19:00:00-03:00,119.075,0.0
2025-04-11 20:00:00-03:00,118.225,0.0
2025-04-11 21:00:00-03:00,117.35,0.0
2025-04-11 22:00:00-03:00,116.35,0.0
2025-04-11 23:00:00-03:00,115.45,0.0
2025-04-12 00:00:00-03:00,114.825,0.0
2025-04-12 01:00:00-03:00,114.5,0.0
2025-04-12 02:00:00-03:00,114.05,0.0
2025-04-12 03:00:00-03:00,113.375,0.0
2025-04-12 04:00:00-03:00,112.825,0.2
2025-04-12 05:00:00-03:00,112.35,0.0
2025-04-12 06:00:00-03:00,111.875,0.0
2025-04-12 07:00:00-03:00,111.45,0.0
2025-04-12 08:00:00-03:00,111.05,0.0
2025-04-12 09:00:00-03:00,110.675,0.0
2025-04-12 10:00:00-03:00,110.3,0.0
2025-04-12 11:00:00-03:00,109.975,0.0
2025-04-12 12:00:00-03:00,109.65,0.0
2025-04-12 13:00:00-03:00,109.275,0.0
2025-04-12 14:00:00-03:00,108.725,0.0
2025-04-12 15:00:00-03:00,108.025,0.0
2025-04-12 16:00:00-03:00,107.3,0.0
2025-04-12 17:00:00-03:00,106.475,0.0
2025-04-12 18:00:00-03:00,105.65,0.0
2025-04-12 19:00:00-03:00,104.8,0.0
2025-04-12 20:00:00-03:00,103.95,0.0
2025-04-12 21:00:00-03:00,103.275,0.0
2025-04-12 22:00:00-03:00,102.65,0.0
2025-04-12 23:00:00-03:00,101.925,0.0
2025-04-13 00:00:00-03:00,101.325,0.0
2025-04-13 01:00:00-03:00,100.675,0.0
2025-04-13 02:00:00-03:00,100.25,0.0
2025-04-13 03:00:00-03:00,99.75,0.0
2025-04-13 04:00:00-03:00,99.35,0.0
2025-04-13 05:00:00-03:00,99.025,0.0
2025-04-13 06:00:00-03:00,98.75,0.0
2025-04-13 07:00:00-03:00,98.35,0.0
2025-04-13 08:00:00-03:00,97.85,0.0
2025-04-13 09:00:00-03:00,97.45,0.0
2025-04-13 10:00:00-03:00,97.1,0.0
2025-04-13 11:00:00-03:00,97.0,0.0
2025-04-13 12:00:00-03:00,97.0,0.0
2025-04-13 13:00:00-03:00,97.0,0.0
2025-04-13 14:00:00-03:00,96.85,0.0
2025-04-13 15:00:00-03:00,96.425,0.0
2025-04-13 16:00:00-03:00,95.725,0.0
2025-04-13 17:00:00-03:00,95.25,0.0
2025-04-13 18:00:00-03:00,95.0,0.0
2025-04-13 19:00:00-03:00,94.85,0.0
2025-04-13 20:00:00-03:00,94.45,0.0
2025-04-13 21:00:00-03:00,94.075,0.0
2025-04-13 22:00:00-03:00,93.975,0.0
2025-04-13 23:00:00-03:00,93.65,0.2
2025-04-14 00:00:00-03:00,93.25,0.0
2025-04-14 01:00:00-03:00,92.9,0.0
2025-04-14 02:00:00-03:00,92.7,0.0
2025-04-14 03:00:00-03:00,92.475,0.0
2025-04-14 04:00:00-03:00,92.275,0.0
2025-04-14 05:00:00-03:00,92.025,0.0
2025-04-14 06:00:00-03:00,92.0,0.0
2025-04-14 07:00:00-03:00,91.875,0.0
2025-04-14 08:00:00-03:00,91.65,0.0
2025-04-14 09:00:00-03:00,91.5,0.0
2025-04-14 10:00:00-03:00,91.4,0.0
2025-04-14 11:00:00-03:00,91.425,0.0
2025-04-14 12:00:00-03:00,91.325,0.0
2025-04-14 13:00:00-03:00,91.475,0.2
2025-04-14 14:00:00-03:00,91.475,0.0
2025-04-14 15:00:00-03:00,91.225,0.0
2025-04-14 16:00:00-03:00,91.025,0.0
2025-04-14 17:00:00-03:00,90.825,0.0
2025-04-14 18:00:00-03:00,90.6,0.0
2025-04-14 19:00:00-03:00,90.4,0.0
2025-04-14 20:00:00-03:00,90.225,0.0
2025-04-14 21:00:00-03:00,90.075,0.0
2025-04-14 22:00:00-03:00,89.9,0.0
2025-04-14 23:00:00-03:00,89.7,0.0
2025-04-15 00:00:00-03:00,89.525,0.0
2025-04-15 01:00:00-03:00,89.475,0.0
2025-04-15 02:00:00-03:00,89.325,0.0
2025-04-15 03:00:00-03:00,89.15,0.0
2025-04-15 04:00:00-03:00,89.05,0.0
2025-04-15 05:00:00-03:00,88.975,0.0
2025-04-15 06:00:00-03:00,88.9,0.0
2025-04-15 07:00:00-03:00,88.825,0.0
2025-04-15 08:00:00-03:00,88.65,0.0
2025-04-15 09:00:00-03:00,88.525,0.0
2025-04-15 10:00:00-03:00,88.45,0.0
2025-04-15 11:00:00-03:00,88.625,0.0
2025-04-15 12:00:00-03:00,88.825,0.0
2025-04-15 13:00:00-03:00,88.975,0.0
2025-04-15 14:00:00-03:00,89.0,0.0
2025-04-15 15:00:00-03:00,89.0,0.0
2025-04-15 16:00:00-03:00,88.75,0.0
2025-04-15 17:00:00-03:00,88.35,0.0
2025-04-15 18:00:00-03:00,88.025,0.0
2025-04-15 19:00:00-03:00,88.0,0.0
2025-04-15 20:00:00-03:00,87.9,0.0
2025-04-15 21:00:00-03:00,87.75,0.0
2025-04-15 22:00:00-03:00,87.475,0.0
2025-04-15 23:00:00-03:00,87.225,0.0
2025-04-16 00:00:00-03:00,87.025,0.0
2025-04-16 01:00:00-03:00,86.95,0.0
2025-04-16 02:00:00-03:00,86.825,1.2
2025-04-16 03:00:00-03:00,87.175,20.8
2025-04-16 04:00:00-03:00,88.5,7.4
2025-04-16 05:00:00-03:00,89.975,2.2
2025-04-16 06:00:00-03:00,90.15,0.8
2025-04-16 07:00:00-03:00,89.35,0.0
2025-04-16 08:00:00-03:00,88.425,0.0
2025-04-16 09:00:00-03:00,88.1,0.0
2025-04-16 10:00:00-03:00,88.4,0.0
2025-04-16 11:00:00-03:00,88.75,0.0
2025-04-16 12:00:00-03:00,88.825,0.0
2025-04-16 13:00:00-03:00,89.0,0.0
2025-04-16 14:00:00-03:00,89.275,0.0
2025-04-16 15:00:00-03:00,89.775,0.0
2025-04-16 16:00:00-03:00,90.15,0.0
2025-04-16 17:00:00-03:00,90.45,0.0
2025-04-16 18:00:00-03:00,90.725,0.0
2025-04-16 19:00:00-03:00,91.0,0.0
2025-04-16 20:00:00-03:00,91.35,0.0
2025-04-16 21:00:00-03:00,91.825,0.0
2025-04-16 22:00:00-03:00,92.2,0.0
2025-04-16 23:00:00-03:00,92.525,0.0
2025-04-17 00:00:00-03:00,92.95,0.0
2025-04-17 01:00:00-03:00,93.55,0.0
2025-04-17 02:00:00-03:00,94.2,0.0
2025-04-17 03:00:00-03:00,94.9,0.0
2025-04-17 04:00:00-03:00,95.625,0.0
2025-04-17 05:00:00-03:00,96.2,0.0
2025-04-17 06:00:00-03:00,96.9,0.0
2025-04-17 07:00:00-03:00,97.625,0.0
2025-04-17 08:00:00-03:00,98.225,0.0
2025-04-17 09:00:00-03:00,98.65,0.0
2025-04-17 10:00:00-03:00,99.175,0.0
2025-04-17 11:00:00-03:00,99.8,0.0
2025-04-17 12:00:00-03:00,100.525,0.0
2025-04-17 13:00:00-03:00,101.125,0.0
2025-04-17 14:00:00-03:00,101.55,0.0
2025-04-17 15:00:00-03:00,101.925,0.0
2025-04-17 16:00:00-03:00,102.0,0.0
2025-04-17 17:00:00-03:00,102.0,0.0
2025-04-17 18:00:00-03:00,101.925,0.0
2025-04-17 19:00:00-03:00,101.65,0.0
2025-04-17 20:00:00-03:00,101.375,0.0
2025-04-17 21:00:00-03:00,101.125,0.0
2025-04-17 22:00:00-03:00,100.825,0.0
2025-04-17 23:00:00-03:00,100.45,0.0
2025-04-18 00:00:00-03:00,100.1,0.0
2025-04-18 01:00:00-03:00,99.775,0.0
2025-04-18 02:00:00-03:00,99.275,0.0
2025-04-18 03:00:00-03:00,98.65,0.0
2025-04-18 04:00:00-03:00,98.075,0.0
2025-04-18 05:00:00-03:00,97.475,0.0
2025-04-18 06:00:00-03:00,97.0,0.0
2025-04-18 07:00:00-03:00,96.425,0.0
2025-04-18 08:00:00-03:00,95.825,0.0
2025-04-18 09:00:00-03:00,95.35,0.0
2025-04-18 10:00:00-03:00,94.925,0.0
2025-04-18 11:00:00-03:00,94.4,0.2
2025-04-18 12:00:00-03:00,93.975,0.0
2025-04-18 13:00:00-03:00,93.65,0.0
2025-04-18 14:00:00-03:00,93.3,0.0
2025-04-18 15:00:00-03:00,92.675,0.0
2025-04-18 16:00:00-03:00,92.2,0.0
2025-04-18 17:00:00-03:00,91.675,0.0
2025-04-18 18:00:00-03:00,91.25,0.0
2025-04-18 19:00:00-03:00,90.95,0.0
2025-04-18 20:00:00-03:00,90.55,0.0
2025-04-18 21:00:00-03:00,90.025,0.0
2025-04-18 22:00:00-03:00,89.65,0.0
2025-04-18 23:00:00-03:00,89.275,0.0
2025-04-19 00:00:00-03:00,88.975,0.0
2025-04-19 01:00:00-03:00,88.625,0.0
2025-04-19 02:00:00-03:00,88.275,0.0
2025-04-19 03:00:00-03:00,88.0,0.0
2025-04-19 04:00:00-03:00,87.875,0.0
2025-04-19 05:00:00-03:00,87.675,0.2
2025-04-19 06:00:00-03:00,87.5,0.0
2025-04-19 07:00:00-03:00,87.225,0.0
2025-04-19 08:00:00-03:00,87.05,0.2
2025-04-19 09:00:00-03:00,86.9,1.8
2025-04-19 10:00:00-03:00,86.95,0.0
2025-04-19 11:00:00-03:00,86.675,0.0
2025-04-19 12:00:00-03:00,86.55,0.0
2025-04-19 13:00:00-03:00,86.525,0.0
2025-04-19 14:00:00-03:00,86.675,0.0
2025-04-19 15:00:00-03:00,86.5,0.0
2025-04-19 16:00:00-03:00,86.3,0.0
2025-04-19 17:00:00-03:00,86.0,0.0
2025-04-19 18:00:00-03:00,85.95,0.0
2025-04-19 19:00:00-03:00,85.975,0.0
2025-04-19 20:00:00-03:00,86.0,0.0
2025-04-19 21:00:00-03:00,86.0,0.0
2025-04-19 22:00:00-03:00,86.0,0.0
2025-04-19 23:00:00-03:00,86.0,0.0
2025-04-20 00:00:00-03:00,86.0,0.0
2025-04-20 01:00:00-03:00,86.0,0.0
2025-04-20 02:00:00-03:00,86.125,0.2
2025-04-20 03:00:00-03:00,86.45,0.0
2025-04-20 04:00:00-03:00,86.725,0.4
2025-04-20 05:00:00-03:00,86.9,0.0
2025-04-20 06:00:00-03:00,86.92500000000001,0.0
2025-04-20 07:00:00-03:00,87.175,0.0
2025-04-20 08:00:00-03:00,87.25,0.0
2025-04-20 09:00:00-03:00,87.475,0.2
2025-04-20 10:00:00-03:00,87.75,0.0
2025-04-20 11:00:00-03:00,88.225,0.0
2025-04-20 12:00:00-03:00,88.675,0.0
2025-04-20 13:00:00-03:00,89.325,0.0
2025-04-20 14:00:00-03:00,89.85,0.0
2025-04-20 15:00:00-03:00,90.55,0.2
2025-04-20 16:00:00-03:00,91.275,0.0
2025-04-20 17:00:00-03:00,92.0,0.0
2025-04-20 18:00:00-03:00,92.9,0.0
2025-04-20 19:00:00-03:00,93.7,0.0
2025-04-20 20:00:00-03:00,94.4,0.0
2025-04-20 21:00:00-03:00,95.1,0.0
2025-04-20 22:00:00-03:00,95.75,0.0
2025-04-20 23:00:00-03:00,96.1,0.0
2025-04-21 00:00:00-03:00,96.375,0.0
2025-04-21 01:00:00-03:00,96.65,0.0
2025-04-21 02:00:00-03:00,96.775,0.0
2025-04-21 03:00:00-03:00,96.8,0.0
2025-04-21 04:00:00-03:00,96.725,0.0
2025-04-21 05:00:00-03:00,96.625,0.0
2025-04-21 06:00:00-03:00,96.55,0.0
2025-04-21 07:00:00-03:00,96.3,0.0
2025-04-21 08:00:00-03:00,95.975,0.0
2025-04-21 09:00:00-03:00,95.875,0.0
2025-04-21 10:00:00-03:00,95.775,0.0
2025-04-21 11:00:00-03:00,95.575,0.0
2025-04-21 12:00:00-03:00,95.4,0.0
2025-04-21 13:00:00-03:00,95.25,0.0
2025-04-21 14:00:00-03:00,95.1,0.0
2025-04-21 15:00:00-03:00,94.925,0.0
2025-04-21 16:00:00-03:00,94.475,0.0
2025-04-21 17:00:00-03:00,93.8,0.0
2025-04-21 18:00:00-03:00,93.375,0.0
2025-04-21 19:00:00-03:00,93.1,0.0
2025-04-21 20:00:00-03:00,92.8,0.0
2025-04-21 21:00:00-03:00,92.35,0.0
2025-04-21 22:00:00-03:00,92.025,0.0
2025-04-21 23:00:00-03:00,91.75,0.0
2025-04-22 00:00:00-03:00,91.35,0.0
2025-04-22 01:00:00-03:00,90.95,0.0
2025-04-22 02:00:00-03:00,90.55,0.0
2025-04-22 03:00:00-03:00,90.175,0.0
2025-04-22 04:00:00-03:00,89.925,0.0
2025-04-22 05:00:00-03:00,89.625,0.0
2025-04-22 06:00:00-03:00,89.25,0.0
2025-04-22 07:00:00-03:00,89.025,0.0
2025-04-22 08:00:00-03:00,88.9,0.0
2025-04-22 09:00:00-03:00,88.65,0.0
2025-04-22 10:00:00-03:00,88.35,0.0
2025-04-22 11:00:00-03:00,88.07499999999999,0.0
2025-04-22 12:00:00-03:00,88.2,0.0
2025-04-22 13:00:00-03:00,88.2,0.0
2025-04-22 14:00:00-03:00,87.95,0.0
2025-04-22 15:00:00-03:00,87.725,0.0
2025-04-22 16:00:00-03:00,87.5,0.0
2025-04-22 17:00:00-03:00,87.225,0.0
2025-04-22 18:00:00-03:00,87.0,0.0
2025-04-22 19:00:00-03:00,86.825,0.0
2025-04-22 20:00:00-03:00,86.45,0.0
2025-04-22 21:00:00-03:00,86.125,0.0
2025-04-22 22:00:00-03:00,86.0,0.0
2025-04-22 23:00:00-03:00,85.875,0.0
2025-04-23 00:00:00-03:00,85.55,0.0
2025-04-23 01:00:00-03:00,85.175,0.0
2025-04-23 02:00:00-03:00,84.92500000000001,0.0
2025-04-23 03:00:00-03:00,84.7,0.0
2025-04-23 04:00:00-03:00,84.4,0.0
2025-04-23 05:00:00-03:00,84.125,0.0
2025-04-23 06:00:00-03:00,84.0,0.0
2025-04-23 07:00:00-03:00,84.0,0.0
2025-04-23 08:00:00-03:00,84.0,0.0
2025-04-23 09:00:00-03:00,84.0,0.0
2025-04-23 10:00:00-03:00,83.92500000000001,0.0
2025-04-23 11:00:00-03:00,83.9,0.0
2025-04-23 12:00:00-03:00,83.85,0.0
2025-04-23 13:00:00-03:00,83.9,0.0
2025-04-23 14:00:00-03:00,83.92500000000001,0.0
2025-04-23 15:00:00-03:00,83.825,0.0
2025-04-23 16:00:00-03:00,83.45,0.0
2025-04-23 17:00:00-03:00,83.1,0.0
2025-04-23 18:00:00-03:00,82.975,0.0
2025-04-23 19:00:00-03:00,82.9,0.0
2025-04-23 20:00:00-03:00,82.825,0.0
2025-04-23 21:00:00-03:00,82.525,0.0
2025-04-23 22:00:00-03:00,82.15,0.0
2025-04-23 23:00:00-03:00,82.0,0.0
2025-04-24 00:00:00-03:00,82.0,0.0
2025-04-24 01:00:00-03:00,81.95,0.0
2025-04-24 02:00:00-03:00,81.875,0.0
2025-04-24 03:00:00-03:00,81.625,0.0
2025-04-24 04:00:00-03:00,81.45,0.0
2025-04-24 05:00:00-03:00,81.2,0.0
2025-04-24 06:00:00-03:00,81.025,0.0
2025-04-24 07:00:00-03:00,80.975,0.0
2025-04-24 08:00:00-03:00,80.9,0.0
2025-04-24 09:00:00-03:00,80.775,0.0
2025-04-24 10:00:00-03:00,80.75,0.0
2025-04-24 11:00:00-03:00,80.725,0.0
2025-04-24 12:00:00-03:00,80.9,0.0
2025-04-24 13:00:00-03:00,80.9,0.0
2025-04-24 14:00:00-03:00,80.9,0.0
2025-04-24 15:00:00-03:00,80.8,0.0
2025-04-24 16:00:00-03:00,80.55,0.0
2025-04-24 17:00:00-03:00,80.2,0.2
2025-04-24 18:00:00-03:00,80.075,0.4
2025-04-24 19:00:00-03:00,80.45,0.0
2025-04-24 20:00:00-03:00,80.6,0.0
2025-04-24 21:00:00-03:00,80.375,1.6
2025-04-24 22:00:00-03:00,81.525,4.0
2025-04-24 23:00:00-03:00,88.05,9.4
2025-04-25 00:00:00-03:00,95.775,11.2
2025-04-25 01:00:00-03:00,97.5,1.2
2025-04-25 02:00:00-03:00,94.125,0.0
2025-04-25 03:00:00-03:00,90.725,0.2
2025-04-25 04:00:00-03:00,88.9,0.0
2025-04-25 05:00:00-03:00,88.325,0.0
2025-04-25 06:00:00-03:00,88.7,0.0
2025-04-25 07:00:00-03:00,89.69999999999999,0.0
2025-04-25 08:00:00-03:00,90.725,0.0
2025-04-25 09:00:00-03:00,91.675,0.6
2025-04-25 10:00:00-03:00,92.725,0.0
2025-04-25 11:00:00-03:00,93.925,0.0
2025-04-25 12:00:00-03:00,95.175,0.0
2025-04-25 13:00:00-03:00,96.325,0.0
2025-04-25 14:00:00-03:00,97.375,0.0
2025-04-25 15:00:00-03:00,98.725,0.0
2025-04-25 16:00:00-03:00,100.15,0.0
2025-04-25 17:00:00-03:00,101.825,0.0
2025-04-25 18:00:00-03:00,103.925,0.0
2025-04-25 19:00:00-03:00,106.7,0.0
2025-04-25 20:00:00-03:00,109.825,0.0
2025-04-25 21:00:00-03:00,113.625,0.2
2025-04-25 22:00:00-03:00,118.175,0.2
2025-04-25 23:00:00-03:00,123.35,0.0
2025-04-26 00:00:00-03:00,128.425,0.0
2025-04-26 01:00:00-03:00,133.275,0.0
2025-04-26 02:00:00-03:00,137.75,0.0
2025-04-26 03:00:00-03:00,142.0,0.0
2025-04-26 04:00:00-03:00,145.975,0.0
2025-04-26 05:00:00-03:00,149.725,0.0
2025-04-26 06:00:00-03:00,152.925,0.0
2025-04-26 07:00:00-03:00,155.75,0.0
2025-04-26 08:00:00-03:00,158.125,0.0
2025-04-26 09:00:00-03:00,160.05,0.0
2025-04-26 10:00:00-03:00,161.35,0.0
2025-04-26 11:00:00-03:00,162.4,0.0
2025-04-26 12:00:00-03:00,162.95,0.0
2025-04-26 13:00:00-03:00,163.1,0.0
2025-04-26 14:00:00-03:00,162.775,0.2
2025-04-26 15:00:00-03:00,162.075,0.0
2025-04-26 16:00:00-03:00,160.95,0.0
2025-04-26 17:00:00-03:00,159.5,0.0
2025-04-26 18:00:00-03:00,157.725,0.0
2025-04-26 19:00:00-03:00,155.75,0.0
2025-04-26 20:00:00-03:00,153.725,0.0
2025-04-26 21:00:00-03:00,151.4,0.0
2025-04-26 22:00:00-03:00,148.9,0.0
2025-04-26 23:00:00-03:00,146.4,0.0
2025-04-27 00:00:00-03:00,144.0,0.0
2025-04-27 01:00:00-03:00,141.625,0.0
2025-04-27 02:00:00-03:00,139.525,0.0
2025-04-27 03:00:00-03:00,137.45,0.0
2025-04-27 04:00:00-03:00,135.375,0.0
2025-04-27 05:00:00-03:00,133.45,0.0
2025-04-27 06:00:00-03:00,131.7,0.0
2025-04-27 07:00:00-03:00,130.025,0.0
2025-04-27 08:00:00-03:00,128.4,0.0
2025-04-27 09:00:00-03:00,126.875,0.0
2025-04-27 10:00:00-03:00,125.65,0.0
2025-04-27 11:00:00-03:00,124.8,0.0
2025-04-27 12:00:00-03:00,123.85,0.0
2025-04-27 13:00:00-03:00,122.8,0.0
2025-04-27 14:00:00-03:00,121.725,0.0
2025-04-27 15:00:00-03:00,120.65,0.0
2025-04-27 16:00:00-03:00,119.5,0.0
2025-04-27 17:00:00-03:00,118.275,0.0
2025-04-27 18:00:00-03:00,117.125,0.0
2025-04-27 19:00:00-03:00,116.075,0.0
2025-04-27 20:00:00-03:00,115.3,0.0
2025-04-27 21:00:00-03:00,114.625,0.0
2025-04-27 22:00:00-03:00,114.075,0.0
2025-04-27 23:00:00-03:00,113.525,0.0
2025-04-28 00:00:00-03:00,112.775,0.0
2025-04-28 01:00:00-03:00,111.875,0.0
2025-04-28 02:00:00-03:00,110.9,0.0
2025-04-28 03:00:00-03:00,110.25,0.0
2025-04-28 04:00:00-03:00,109.75,0.0
2025-04-28 05:00:00-03:00,109.275,0.0
2025-04-28 06:00:00-03:00,108.575,0.0
2025-04-28 07:00:00-03:00,108.075,0.0
2025-04-28 08:00:00-03:00,107.65,0.0
2025-04-28 09:00:00-03:00,107.2,0.0
2025-04-28 10:00:00-03:00,106.575,0.0
2025-04-28 11:00:00-03:00,106.15,0.0
2025-04-28 12:00:00-03:00,105.9,0.0
2025-04-28 13:00:00-03:00,105.775,0.0
2025-04-28 14:00:00-03:00,105.475,0.0
2025-04-28 15:00:00-03:00,105.125,0.2
2025-04-28 16:00:00-03:00,104.65,0.0
2025-04-28 17:00:00-03:00,104.2,0.0
2025-04-28 18:00:00-03:00,103.75,0.0
2025-04-28 19:00:00-03:00,103.45,0.0
2025-04-28 20:00:00-03:00,103.25,0.0
2025-04-28 21:00:00-03:00,102.95,0.0
2025-04-28 22:00:00-03:00,102.65,0.0
2025-04-28 23:00:00-03:00,102.3,0.0
2025-04-29 00:00:00-03:00,102.025,0.0
2025-04-29 01:00:00-03:00,101.85,0.0
2025-04-29 02:00:00-03:00,101.45,0.0
2025-04-29 03:00:00-03:00,101.075,0.0
2025-04-29 04:00:00-03:00,101.0,0.2
2025-04-29 05:00:00-03:00,101.0,0.0
2025-04-29 06:00:00-03:00,101.0,0.0
2025-04-29 07:00:00-03:00,100.925,0.0
2025-04-29 08:00:00-03:00,100.775,0.0
2025-04-29 09:00:00-03:00,100.7,0.0
2025-04-29 10:00:00-03:00,100.825,0.0
2025-04-29 11:00:00-03:00,100.875,0.0
2025-04-29 12:00:00-03:00,101.0,0.0
2025-04-29 13:00:00-03:00,101.35,0.0
2025-04-29 14:00:00-03:00,101.7,0.0
2025-04-29 15:00:00-03:00,101.975,0.0
2025-04-29 16:00:00-03:00,102.25,0.0
2025-04-29 17:00:00-03:00,102.65,0.0
2025-04-29 18:00:00-03:00,102.975,0.0
2025-04-29 19:00:00-03:00,103.125,0.0
2025-04-29 20:00:00-03:00,103.325,0.0
2025-04-29 21:00:00-03:00,103.6,0.0
2025-04-29 22:00:00-03:00,103.85,0.0
2025-04-29 23:00:00-03:00,103.9,0.0
2025-04-30 00:00:00-03:00,103.75,0.0
2025-04-30 01:00:00-03:00,103.45,0.0
2025-04-30 02:00:00-03:00,103.2,0.0
2025-04-30 03:00:00-03:00,102.675,0.0
2025-04-30 04:00:00-03:00,102.25,0.0
2025-04-30 05:00:00-03:00,101.75,0.0
2025-04-30 06:00:00-03:00,101.35,0.0
2025-04-30 07:00:00-03:00,100.875,0.0
2025-04-30 08:00:00-03:00,100.45,0.0
2025-04-30 09:00:00-03:00,100.075,0.2
2025-04-30 10:00:00-03:00,99.875,0.0
2025-04-30 11:00:00-03:00,99.55,0.0
2025-04-30 12:00:00-03:00,99.2,0.0
2025-04-30 13:00:00-03:00,98.95,0.0
2025-04-30 14:00:00-03:00,98.775,0.0
2025-04-30 15:00:00-03:00,98.45,0.0
2025-04-30 16:00:00-03:00,98.125,0.0
2025-04-30 17:00:00-03:00,97.55,0.0
2025-04-30 18:00:00-03:00,97.15,0.0
2025-04-30 19:00:00-03:00,97.0,0.0
2025-04-30 20:00:00-03:00,96.825,0.0
2025-04-30 21:00:00-03:00,96.45,0.0
2025-04-30 22:00:00-03:00,96.1,0.0
2025-04-30 23:00:00-03:00,95.825,0.0
2025-05-01 00:00:00-03:00,95.45,0.0
2025-05-01 01:00:00-03:00,95.1,0.0
2025-05-01 02:00:00-03:00,94.75,0.0
2025-05-01 03:00:00-03:00,94.325,0.0
2025-05-01 04:00:00-03:00,93.9,0.0
2025-05-01 05:00:00-03:00,93.725,0.0
2025-05-01 06:00:00-03:00,93.525,0.0
2025-05-01 07:00:00-03:00,93.25,0.0
2025-05-01 08:00:00-03:00,92.875,0.0
2025-05-01 09:00:00-03:00,92.45,0.0
2025-05-01 10:00:00-03:00,92.075,0.0
2025-05-01 11:00:00-03:00,92.0,0.0
2025-05-01 12:00:00-03:00,92.0,0.0
2025-05-01 13:00:00-03:00,91.975,0.0
2025-05-01 14:00:00-03:00,91.65,0.0
2025-05-01 15:00:00-03:00,91.25,0.0
2025-05-01 16:00:00-03:00,91.0,0.0
2025-05-01 17:00:00-03:00,90.75,0.0
2025-05-01 18:00:00-03:00,90.35,0.0
2025-05-01 19:00:00-03:00,89.975,0.0
2025-05-01 20:00:00-03:00,89.8,0.0
2025-05-01 21:00:00-03:00,89.45,0.0
2025-05-01 22:00:00-03:00,89.125,0.0
2025-05-01 23:00:00-03:00,88.75,0.0
2025-05-02 00:00:00-03:00,88.35,0.0
2025-05-02 01:00:00-03:00,87.9,0.0
2025-05-02 02:00:00-03:00,87.625,0.0
2025-05-02 03:00:00-03:00,87.5,0.0
2025-05-02 04:00:00-03:00,87.35,0.0
2025-05-02 05:00:00-03:00,87.075,0.2
2025-05-02 06:00:00-03:00,86.9,0.0
2025-05-02 07:00:00-03:00,86.775,0.0
2025-05-02 08:00:00-03:00,86.5,0.0
2025-05-02 09:00:00-03:00,86.175,0.0
2025-05-02 10:00:00-03:00,86.07499999999999,0.0
2025-05-02 11:00:00-03:00,86.175,0.0
2025-05-02 12:00:00-03:00,86.2,0.0
2025-05-02 13:00:00-03:00,86.07499999999999,0.0
2025-05-02 14:00:00-03:00,86.0,0.0
2025-05-02 15:00:00-03:00,85.9,0.0
2025-05-02 16:00:00-03:00,85.875,0.0
2025-05-02 17:00:00-03:00,85.6,0.0
2025-05-02 18:00:00-03:00,85.25,0.0
2025-05-02 19:00:00-03:00,84.95,0.0
2025-05-02 20:00:00-03:00,84.725,0.0
2025-05-02 21:00:00-03:00,84.4,0.0
2025-05-02 22:00:00-03:00,84.2,0.0
2025-05-02 23:00:00-03:00,84.1,0.0
2025-05-03 00:00:00-03:00,84.0,0.0
2025-05-03 01:00:00-03:00,83.92500000000001,0.0
2025-05-03 02:00:00-03:00,83.65,0.0
2025-05-03 03:00:00-03:00,83.275,0.0
2025-05-03 04:00:00-03:00,83.025,0.0
2025-05-03 05:00:00-03:00,83.0,0.2
2025-05-03 06:00:00-03:00,83.0,0.0
2025-05-03 07:00:00-03:00,82.975,0.0
2025-05-03 08:00:00-03:00,82.7,0.0
2025-05-03 09:00:00-03:00,82.425,0.0
2025-05-03 10:00:00-03:00,82.25,0.0
2025-05-03 11:00:00-03:00,82.325,0.0
2025-05-03 12:00:00-03:00,82.575,0.0
2025-05-03 13:00:00-03:00,82.825,0.0
2025-05-03 14:00:00-03:00,82.9,0.0
2025-05-03 15:00:00-03:00,82.9,0.0
2025-05-03 16:00:00-03:00,82.65,0.0
2025-05-03 17:00:00-03:00,82.325,0.0
2025-05-03 18:00:00-03:00,82.025,0.0
2025-05-03 19:00:00-03:00,82.0,0.0
2025-05-03 20:00:00-03:00,81.875,0.0
2025-05-03 21:00:00-03:00,81.775,0.0
2025-05-03 22:00:00-03:00,81.65,0.0
2025-05-03 23:00:00-03:00,81.575,0.0
2025-05-04 00:00:00-03:00,81.35,0.0
2025-05-04 01:00:00-03:00,81.125,0.0
2025-05-04 02:00:00-03:00,81.025,0.0
2025-05-04 03:00:00-03:00,80.975,0.0
2025-05-04 04:00:00-03:00,80.9,0.0
2025-05-04 05:00:00-03:00,80.9,0.0
2025-05-04 06:00:00-03:00,80.875,0.0
2025-05-04 07:00:00-03:00,80.825,0.0
2025-05-04 08:00:00-03:00,80.75,0.0
2025-05-04 09:00:00-03:00,80.7,0.0
2025-05-04 10:00:00-03:00,80.5,0.0
2025-05-04 11:00:00-03:00,80.25,0.0
2025-05-04 12:00:00-03:00,80.375,0.0
2025-05-04 13:00:00-03:00,80.6,0.0
2025-05-04 14:00:00-03:00,80.5,0.0
2025-05-04 15:00:00-03:00,80.2,0.0
2025-05-04 16:00:00-03:00,80.025,0.0
2025-05-04 17:00:00-03:00,80.0,0.0
2025-05-04 18:00:00-03:00,80.0,0.0
2025-05-04 19:00:00-03:00,80.0,0.0
2025-05-04 20:00:00-03:00,79.9,0.0
2025-05-04 21:00:00-03:00,79.675,0.0
2025-05-04 22:00:00-03:00,79.375,0.0
2025-05-04 23:00:00-03:00,79.175,0.0
2025-05-05 00:00:00-03:00,79.0,0.0
2025-05-05 01:00:00-03:00,79.0,0.0
2025-05-05 02:00:00-03:00,79.0,0.0
2025-05-05 03:00:00-03:00,79.0,0.0
2025-05-05 04:00:00-03:00,79.0,0.0
2025-05-05 05:00:00-03:00,79.0,0.0
2025-05-05 06:00:00-03:00,78.975,0.0
2025-05-05 07:00:00-03:00,78.7,0.2
2025-05-05 08:00:00-03:00,78.45,0.0
2025-05-05 09:00:00-03:00,78.3,0.0
2025-05-05 10:00:00-03:00,78.275,0.0
2025-05-05 11:00:00-03:00,78.475,0.0
2025-05-05 12:00:00-03:00,78.75,0.0
2025-05-05 13:00:00-03:00,78.9,0.0
2025-05-05 14:00:00-03:00,78.85,0.0
2025-05-05 15:00:00-03:00,78.875,0.0
2025-05-05 16:00:00-03:00,78.575,0.0
2025-05-05 17:00:00-03:00,78.25,0.0
2025-05-05 18:00:00-03:00,78.0,0.0
2025-05-05 19:00:00-03:00,78.0,0.0
2025-05-05 20:00:00-03:00,78.0,0.0
2025-05-05 21:00:00-03:00,77.75,0.0
2025-05-05 22:00:00-03:00,77.375,0.0
2025-05-05 23:00:00-03:00,77.125,0.0
2025-05-06 00:00:00-03:00,77.1,0.0
2025-05-06 01:00:00-03:00,77.025,0.0
2025-05-06 02:00:00-03:00,77.0,0.0
2025-05-06 03:00:00-03:00,77.0,0.0
2025-05-06 04:00:00-03:00,77.0,0.0
2025-05-06 05:00:00-03:00,76.975,0.0
2025-05-06 06:00:00-03:00,76.775,0.0
2025-05-06 07:00:00-03:00,76.525,0.0
2025-05-06 08:00:00-03:00,76.35,0.0
2025-05-06 09:00:00-03:00,76.225,0.0
2025-05-06 10:00:00-03:00,76.07499999999999,0.0
2025-05-06 11:00:00-03:00,76.175,0.0
2025-05-06 12:00:00-03:00,76.425,0.0
2025-05-06 13:00:00-03:00,76.45,0.0
2025-05-06 14:00:00-03:00,76.475,0.0
2025-05-06 15:00:00-03:00,76.5,0.0
2025-05-06 16:00:00-03:00,76.4,0.0
2025-05-06 17:00:00-03:00,76.175,0.0
2025-05-06 18:00:00-03:00,76.1,0.0
2025-05-06 19:00:00-03:00,76.0,0.0
2025-05-06 20:00:00-03:00,76.0,0.0
2025-05-06 21:00:00-03:00,76.0,0.0
2025-05-06 22:00:00-03:00,76.0,0.0
2025-05-06 23:00:00-03:00,75.9,0.0
2025-05-07 00:00:00-03:00,75.9,0.0
2025-05-07 01:00:00-03:00,75.95,0.0
2025-05-07 02:00:00-03:00,75.975,0.0
2025-05-07 03:00:00-03:00,75.65,0.0
2025-05-07 04:00:00-03:00,75.25,0.0
2025-05-07 05:00:00-03:00,75.0,0.0
2025-05-07 06:00:00-03:00,75.0,0.0
2025-05-07 07:00:00-03:00,75.0,0.0
2025-05-07 08:00:00-03:00,74.9,0.0
2025-05-07 09:00:00-03:00,74.725,0.0
2025-05-07 10:00:00-03:00,74.65,0.0
2025-05-07 11:00:00-03:00,74.75,0.0
2025-05-07 12:00:00-03:00,74.975,0.0
2025-05-07 13:00:00-03:00,75.0,0.0
2025-05-07 14:00:00-03:00,75.025,0.0
2025-05-07 15:00:00-03:00,75.1,0.0
2025-05-07 16:00:00-03:00,75.1,0.0
2025-05-07 17:00:00-03:00,75.025,0.0
2025-05-07 18:00:00-03:00,75.0,0.0
2025-05-07 19:00:00-03:00,75.0,0.0
2025-05-07 20:00:00-03:00,75.0,0.0
2025-05-07 21:00:00-03:00,75.0,0.0
2025-05-07 22:00:00-03:00,75.0,0.0
2025-05-07 23:00:00-03:00,75.0,0.0
2025-05-08 00:00:00-03:00,75.0,0.0
2025-05-08 01:00:00-03:00,75.0,0.0
2025-05-08 02:00:00-03:00,75.0,0.0
2025-05-08 03:00:00-03:00,75.0,0.0
2025-05-08 04:00:00-03:00,74.9,0.0
2025-05-08 05:00:00-03:00,74.8,0.2
2025-05-08 06:00:00-03:00,74.85,0.0
2025-05-08 07:00:00-03:00,74.875,0.0
2025-05-08 08:00:00-03:00,74.725,0.0
2025-05-08 09:00:00-03:00,74.675,0.0
2025-05-08 10:00:00-03:00,74.8,0.0
2025-05-08 11:00:00-03:00,74.9,0.0
2025-05-08 12:00:00-03:00,75.0,0.0
2025-05-08 13:00:00-03:00,75.1,0.0
2025-05-08 14:00:00-03:00,75.1,0.0
2025-05-08 15:00:00-03:00,75.025,0.0
2025-05-08 16:00:00-03:00,75.0,0.0
2025-05-08 17:00:00-03:00,74.95,0.0
2025-05-08 18:00:00-03:00,74.9,0.0
2025-05-08 19:00:00-03:00,74.9,0.0
2025-05-08 20:00:00-03:00,75.0,0.0
2025-05-08 21:00:00-03:00,74.775,0.0
2025-05-08 22:00:00-03:00,74.55,0.0
2025-05-08 23:00:00-03:00,74.325,0.0
2025-05-09 00:00:00-03:00,74.175,0.0
2025-05-09 01:00:00-03:00,74.05,0.0
2025-05-09 02:00:00-03:00,74.0,0.0
2025-05-09 03:00:00-03:00,74.0,0.0
2025-05-09 04:00:00-03:00,74.0,0.0
2025-05-09 05:00:00-03:00,73.825,0.0
2025-05-09 06:00:00-03:00,73.45,0.0
2025-05-09 07:00:00-03:00,73.025,0.0
2025-05-09 08:00:00-03:00,72.8,0.0
2025-05-09 09:00:00-03:00,72.7,0.0
2025-05-09 10:00:00-03:00,72.625,0.0
2025-05-09 11:00:00-03:00,72.4,0.0
2025-05-09 12:00:00-03:00,72.42500000000001,0.0
2025-05-09 13:00:00-03:00,72.35,0.0
2025-05-09 14:00:00-03:00,72.15,0.0
2025-05-09 15:00:00-03:00,72.0,0.0
2025-05-09 16:00:00-03:00,72.0,0.0
2025-05-09 17:00:00-03:00,71.92500000000001,0.0
2025-05-09 18:00:00-03:00,71.8,0.0
2025-05-09 19:00:00-03:00,71.525,0.0
2025-05-09 20:00:00-03:00,71.3,0.0
2025-05-09 21:00:00-03:00,71.375,0.0
2025-05-09 22:00:00-03:00,71.65,0.0
2025-05-09 23:00:00-03:00,71.825,0.0
2025-05-10 00:00:00-03:00,71.9,0.0
2025-05-10 01:00:00-03:00,71.95,0.0
2025-05-10 02:00:00-03:00,72.0,0.0
2025-05-10 03:00:00-03:00,72.0,0.0
2025-05-10 04:00:00-03:00,72.25,0.2
2025-05-10 05:00:00-03:00,72.6,0.0
2025-05-10 06:00:00-03:00,72.875,0.0
2025-05-10 07:00:00-03:00,72.9,0.0
2025-05-10 08:00:00-03:00,73.0,0.0
2025-05-10 09:00:00-03:00,73.0,0.0
2025-05-10 10:00:00-03:00,73.0,0.0
2025-05-10 11:00:00-03:00,73.15,0.0
2025-05-10 12:00:00-03:00,73.55,0.0
2025-05-10 13:00:00-03:00,73.85,0.0
2025-05-10 14:00:00-03:00,73.9,0.0
2025-05-10 15:00:00-03:00,73.825,0.0
2025-05-10 16:00:00-03:00,73.775,0.0
2025-05-10 17:00:00-03:00,73.5,0.0
2025-05-10 18:00:00-03:00,73.2,0.0
2025-05-10 19:00:00-03:00,73.0,0.0
2025-05-10 20:00:00-03:00,73.0,0.0
2025-05-10 21:00:00-03:00,72.9,0.0
2025-05-10 22:00:00-03:00,72.9,0.0
2025-05-10 23:00:00-03:00,72.95,0.0
2025-05-11 00:00:00-03:00,72.92500000000001,0.0
2025-05-11 01:00:00-03:00,72.775,0.0
2025-05-11 02:00:00-03:00,72.475,0.0
2025-05-11 03:00:00-03:00,72.35,0.0
2025-05-11 04:00:00-03:00,72.25,0.0
2025-05-11 05:00:00-03:00,72.25,0.0
2025-05-11 06:00:00-03:00,72.35,0.0
2025-05-11 07:00:00-03:00,72.625,1.0
2025-05-11 08:00:00-03:00,73.0,0.2
2025-05-11 09:00:00-03:00,73.1,0.6
2025-05-11 10:00:00-03:00,73.15,0.0
2025-05-11 11:00:00-03:00,72.95,0.0
2025-05-11 12:00:00-03:00,73.0,0.6
2025-05-11 13:00:00-03:00,73.05,0.0
2025-05-11 14:00:00-03:00,73.0,0.0
2025-05-11 15:00:00-03:00,72.875,0.0
2025-05-11 16:00:00-03:00,72.7,0.0
2025-05-11 17:00:00-03:00,72.5,0.0
2025-05-11 18:00:00-03:00,72.5,0.0
2025-05-11 19:00:00-03:00,72.725,0.0
2025-05-11 20:00:00-03:00,72.95,0.0
2025-05-11 21:00:00-03:00,72.875,0.0
2025-05-11 22:00:00-03:00,72.8,0.0
2025-05-11 23:00:00-03:00,72.85,0.0
2025-05-12 00:00:00-03:00,72.975,0.0
2025-05-12 01:00:00-03:00,73.0,0.6
2025-05-12 02:00:00-03:00,73.0,1.0
2025-05-12 03:00:00-03:00,73.07499999999999,0.4
2025-05-12 04:00:00-03:00,73.15,0.2
2025-05-12 05:00:00-03:00,73.2,0.0
2025-05-12 06:00:00-03:00,73.45,0.0
2025-05-12 07:00:00-03:00,73.75,0.0
2025-05-12 08:00:00-03:00,74.0,0.0
2025-05-12 09:00:00-03:00,74.25,0.0
2025-05-12 10:00:00-03:00,74.725,0.0
2025-05-12 11:00:00-03:00,75.45,0.0
2025-05-12 12:00:00-03:00,76.225,0.0
2025-05-12 13:00:00-03:00,77.175,0.0
2025-05-12 14:00:00-03:00,78.275,0.0
2025-05-12 15:00:00-03:00,79.4,0.0
2025-05-12 16:00:00-03:00,80.725,0.0
2025-05-12 17:00:00-03:00,82.15,0.0
2025-05-12 18:00:00-03:00,83.65,0.0
2025-05-12 19:00:00-03:00,84.925,0.0
2025-05-12 20:00:00-03:00,86.275,0.0
2025-05-12 21:00:00-03:00,87.8,0.0
2025-05-12 22:00:00-03:00,89.2,0.0
2025-05-12 23:00:00-03:00,90.575,0.0
2025-05-13 00:00:00-03:00,91.75,0.0
2025-05-13 01:00:00-03:00,92.8,0.0
2025-05-13 02:00:00-03:00,93.5,0.0
2025-05-13 03:00:00-03:00,93.9,0.0
2025-05-13 04:00:00-03:00,94.1,0.0
2025-05-13 05:00:00-03:00,94.25,0.0
2025-05-13 06:00:00-03:00,94.475,0.0
2025-05-13 07:00:00-03:00,94.65,0.0
2025-05-13 08:00:00-03:00,94.375,0.0
2025-05-13 09:00:00-03:00,94.15,0.0
2025-05-13 10:00:00-03:00,94.0,0.0
2025-05-13 11:00:00-03:00,93.95,0.0
2025-05-13 12:00:00-03:00,93.65,0.0
2025-05-13 13:00:00-03:00,93.25,0.0
2025-05-13 14:00:00-03:00,92.95,0.2
2025-05-13 15:00:00-03:00,92.55,0.0
2025-05-13 16:00:00-03:00,92.125,0.0
2025-05-13 17:00:00-03:00,91.65,0.0
2025-05-13 18:00:00-03:00,91.2,0.0
2025-05-13 19:00:00-03:00,90.65,0.0
2025-05-13 20:00:00-03:00,90.25,0.0
2025-05-13 21:00:00-03:00,89.875,0.0
2025-05-13 22:00:00-03:00,89.425,0.0
2025-05-13 23:00:00-03:00,88.725,0.0
2025-05-14 00:00:00-03:00,88.225,0.0
2025-05-14 01:00:00-03:00,87.75,0.0
2025-05-14 02:00:00-03:00,87.325,0.0
2025-05-14 03:00:00-03:00,86.7,0.0
2025-05-14 04:00:00-03:00,86.25,0.0
2025-05-14 05:00:00-03:00,85.75,0.0
2025-05-14 06:00:00-03:00,85.35,0.0
2025-05-14 07:00:00-03:00,84.95,0.0
2025-05-14 08:00:00-03:00,84.55,0.0
2025-05-14 09:00:00-03:00,84.15,0.0
2025-05-14 10:00:00-03:00,83.95,0.0
2025-05-14 11:00:00-03:00,83.9,0.0
2025-05-14 12:00:00-03:00,83.9,0.0
2025-05-14 13:00:00-03:00,84.0,0.0
2025-05-14 14:00:00-03:00,83.75,0.0
2025-05-14 15:00:00-03:00,83.35,0.0
2025-05-14 16:00:00-03:00,83.025,0.0
2025-05-14 17:00:00-03:00,82.9,0.0
2025-05-14 18:00:00-03:00,82.575,0.0
2025-05-14 19:00:00-03:00,82.275,0.0
2025-05-14 20:00:00-03:00,82.1,0.0
2025-05-14 21:00:00-03:00,81.975,0.0
2025-05-14 22:00:00-03:00,81.65,0.0
2025-05-14 23:00:00-03:00,81.25,0.0
2025-05-15 00:00:00-03:00,81.025,0.0
2025-05-15 01:00:00-03:00,80.9,0.0
2025-05-15 02:00:00-03:00,80.65,0.0
2025-05-15 03:00:00-03:00,80.35,0.0
2025-05-15 04:00:00-03:00,80.15,0.0
2025-05-15 05:00:00-03:00,80.07499999999999,0.0
2025-05-15 06:00:00-03:00,80.0,0.0
2025-05-15 07:00:00-03:00,80.0,0.2
2025-05-15 08:00:00-03:00,80.0,0.0
2025-05-15 09:00:00-03:00,79.75,0.0
2025-05-15 10:00:00-03:00,79.45,0.0
2025-05-15 11:00:00-03:00,79.3,0.0
2025-05-15 12:00:00-03:00,79.525,0.0
2025-05-15 13:00:00-03:00,79.6,0.0
2025-05-15 14:00:00-03:00,79.4,0.0
2025-05-15 15:00:00-03:00,79.075,0.0
2025-05-15 16:00:00-03:00,79.0,0.0
2025-05-15 17:00:00-03:00,78.75,0.0
2025-05-15 18:00:00-03:00,78.0,0.0
2025-05-15 19:00:00-03:00,78.0,0.0
2025-05-15 20:00:00-03:00,78.0,0.0
2025-05-15 21:00:00-03:00,77.0,0.0
2025-05-15 22:00:00-03:00,77.0,0.0
2025-05-15 23:00:00-03:00,77.0,0.0
2025-05-16 00:00:00-03:00,77.0,0.0
2025-05-16 01:00:00-03:00,76.75,0.0
2025-05-16 02:00:00-03:00,76.5,0.0
2025-05-16 03:00:00-03:00,76.25,0.0
2025-05-16 04:00:00-03:00,76.0,0.0
2025-05-16 05:00:00-03:00,76.0,0.0
2025-05-16 06:00:00-03:00,75.75,0.0
2025-05-16 07:00:00-03:00,75.75,0.0
2025-05-16 08:00:00-03:00,75.0,0.2
2025-05-16 09:00:00-03:00,75.0,0.0
2025-05-16 10:00:00-03:00,75.0,0.0
2025-05-16 11:00:00-03:00,75.0,0.0
2025-05-16 12:00:00-03:00,75.0,0.0
2025-05-16 13:00:00-03:00,75.0,0.0
2025-05-16 14:00:00-03:00,75.0,0.0
2025-05-16 15:00:00-03:00,75.0,0.0
2025-05-16 16:00:00-03:00,75.0,0.0
2025-05-16 17:00:00-03:00,75.0,0.0
2025-05-16 18:00:00-03:00,74.75,0.0
2025-05-16 19:00:00-03:00,74.0,0.0
2025-05-16 20:00:00-03:00,74.0,0.0
2025-05-16 21:00:00-03:00,73.75,0.0
2025-05-16 22:00:00-03:00,73.75,0.0
2025-05-16 23:00:00-03:00,73.75,0.0
2025-05-17 00:00:00-03:00,73.0,0.0
2025-05-17 01:00:00-03:00,73.25,0.0
2025-05-17 02:00:00-03:00,73.0,0.0
2025-05-17 03:00:00-03:00,73.0,0.0
2025-05-17 04:00:00-03:00,73.0,0.0
2025-05-17 05:00:00-03:00,73.0,0.0
2025-05-17 06:00:00-03:00,73.0,0.0
2025-05-17 07:00:00-03:00,73.0,0.0
2025-05-17 08:00:00-03:00,72.5,0.0
2025-05-17 09:00:00-03:00,72.5,0.0
2025-05-17 10:00:00-03:00,72.0,0.0
2025-05-17 11:00:00-03:00,72.75,0.0
2025-05-17 12:00:00-03:00,73.0,0.0
2025-05-17 13:00:00-03:00,73.0,0.0
2025-05-17 14:00:00-03:00,73.0,0.0
2025-05-17 15:00:00-03:00,73.0,0.0
2025-05-17 16:00:00-03:00,72.75,0.0
2025-05-17 17:00:00-03:00,72.0,0.0
2025-05-17 18:00:00-03:00,72.0,0.0
2025-05-17 19:00:00-03:00,72.0,0.0
2025-05-17 20:00:00-03:00,72.0,0.0
2025-05-17 21:00:00-03:00,72.0,0.0
2025-05-17 22:00:00-03:00,72.0,0.0
2025-05-17 23:00:00-03:00,72.0,0.0
2025-05-18 00:00:00-03:00,72.0,0.0
2025-05-18 01:00:00-03:00,71.5,0.2
2025-05-18 02:00:00-03:00,71.75,0.0
2025-05-18 03:00:00-03:00,71.25,0.0
2025-05-18 04:00:00-03:00,71.0,0.0
2025-05-18 05:00:00-03:00,71.0,0.0
2025-05-18 06:00:00-03:00,71.0,0.0
2025-05-18 07:00:00-03:00,71.0,0.2
2025-05-18 08:00:00-03:00,71.0,0.0
2025-05-18 09:00:00-03:00,71.0,0.0
2025-05-18 10:00:00-03:00,71.0,0.0
2025-05-18 11:00:00-03:00,71.0,0.0
2025-05-18 12:00:00-03:00,70.75,0.0
2025-05-18 13:00:00-03:00,71.0,0.0
2025-05-18 14:00:00-03:00,71.0,0.0
2025-05-18 15:00:00-03:00,71.0,0.0
2025-05-18 16:00:00-03:00,71.0,0.0
2025-05-18 17:00:00-03:00,71.0,0.0
2025-05-18 18:00:00-03:00,70.75,0.0
2025-05-18 19:00:00-03:00,70.25,0.0
2025-05-18 20:00:00-03:00,70.0,0.0
2025-05-18 21:00:00-03:00,70.25,0.0
2025-05-18 22:00:00-03:00,70.0,0.0
2025-05-18 23:00:00-03:00,70.0,0.0
2025-05-19 00:00:00-03:00,70.0,0.0
2025-05-19 01:00:00-03:00,70.0,0.0
2025-05-19 02:00:00-03:00,70.0,0.0
2025-05-19 03:00:00-03:00,69.25,0.0
2025-05-19 04:00:00-03:00,69.25,0.0
2025-05-19 05:00:00-03:00,69.0,0.0
2025-05-19 06:00:00-03:00,69.0,0.0
2025-05-19 07:00:00-03:00,69.0,0.0
2025-05-19 08:00:00-03:00,69.0,0.0
2025-05-19 09:00:00-03:00,68.75,0.0
2025-05-19 10:00:00-03:00,68.75,0.0
2025-05-19 11:00:00-03:00,69.0,0.0
2025-05-19 12:00:00-03:00,69.0,0.0
2025-05-19 13:00:00-03:00,69.0,0.0
2025-05-19 14:00:00-03:00,69.25,0.0
2025-05-19 15:00:00-03:00,69.0,0.0
2025-05-19 16:00:00-03:00,69.75,0.0
2025-05-19 17:00:00-03:00,69.5,0.0
2025-05-19 18:00:00-03:00,69.75,0.0
2025-05-19 19:00:00-03:00,69.75,0.0
2025-05-19 20:00:00-03:00,70.0,0.0
2025-05-19 21:00:00-03:00,69.75,0.0
2025-05-19 22:00:00-03:00,69.75,0.0
2025-05-19 23:00:00-03:00,69.5,0.0
2025-05-20 00:00:00-03:00,69.5,0.0
2025-05-20 01:00:00-03:00,69.25,0.0
2025-05-20 02:00:00-03:00,69.0,0.0
2025-05-20 03:00:00-03:00,69.25,0.0
2025-05-20 04:00:00-03:00,69.0,0.0
2025-05-20 05:00:00-03:00,69.25,0.2
2025-05-20 06:00:00-03:00,69.0,0.0
2025-05-20 07:00:00-03:00,69.75,0.0
2025-05-20 08:00:00-03:00,69.25,0.0
2025-05-20 09:00:00-03:00,69.0,0.0
2025-05-20 10:00:00-03:00,69.0,0.0
2025-05-20 11:00:00-03:00,69.0,0.0
2025-05-20 12:00:00-03:00,69.5,0.0
2025-05-20 13:00:00-03:00,69.75,0.0
2025-05-20 14:00:00-03:00,70.0,0.0
2025-05-20 15:00:00-03:00,69.75,0.0
2025-05-20 16:00:00-03:00,69.5,0.0
2025-05-20 17:00:00-03:00,69.5,0.0
2025-05-20 18:00:00-03:00,69.0,0.0
2025-05-20 19:00:00-03:00,69.0,0.0
2025-05-20 20:00:00-03:00,69.0,0.0
2025-05-20 21:00:00-03:00,68.5,0.0
2025-05-20 22:00:00-03:00,68.75,0.0
2025-05-20 23:00:00-03:00,68.0,0.0
2025-05-21 00:00:00-03:00,68.0,0.0
2025-05-21 01:00:00-03:00,68.0,0.0
2025-05-21 02:00:00-03:00,68.0,0.0
2025-05-21 03:00:00-03:00,68.0,0.0
2025-05-21 04:00:00-03:00,68.0,0.0
2025-05-21 05:00:00-03:00,68.0,0.0
2025-05-21 06:00:00-03:00,68.0,0.0
2025-05-21 07:00:00-03:00,68.0,0.0
2025-05-21 08:00:00-03:00,68.0,0.0
2025-05-21 09:00:00-03:00,68.0,0.0
2025-05-21 10:00:00-03:00,68.0,0.0
2025-05-21 11:00:00-03:00,68.0,0.0
2025-05-21 12:00:00-03:00,68.25,0.0
2025-05-21 13:00:00-03:00,68.75,0.0
2025-05-21 14:00:00-03:00,68.5,0.0
2025-05-21 15:00:00-03:00,69.0,0.0
2025-05-21 16:00:00-03:00,68.5,0.0
2025-05-21 17:00:00-03:00,68.75,0.0
2025-05-21 18:00:00-03:00,68.0,0.0
2025-05-21 19:00:00-03:00,68.0,0.0
2025-05-21 20:00:00-03:00,68.0,0.0
2025-05-21 21:00:00-03:00,68.0,0.0
2025-05-21 22:00:00-03:00,68.0,0.0
2025-05-21 23:00:00-03:00,68.0,0.0
2025-05-22 00:00:00-03:00,68.0,0.0
2025-05-22 01:00:00-03:00,68.0,0.0
2025-05-22 02:00:00-03:00,68.0,0.0
2025-05-22 03:00:00-03:00,68.0,0.0
2025-05-22 04:00:00-03:00,68.0,0.0
2025-05-22 05:00:00-03:00,68.0,0.0
2025-05-22 06:00:00-03:00,68.0,0.0
2025-05-22 07:00:00-03:00,68.0,0.2
2025-05-22 08:00:00-03:00,67.5,0.0
2025-05-22 09:00:00-03:00,67.5,0.0
2025-05-22 10:00:00-03:00,67.75,0.0
2025-05-22 11:00:00-03:00,68.0,0.0
2025-05-22 12:00:00-03:00,68.0,0.0
2025-05-22 13:00:00-03:00,68.25,0.0
2025-05-22 14:00:00-03:00,68.0,0.0
2025-05-22 15:00:00-03:00,68.0,0.0
2025-05-22 16:00:00-03:00,68.0,0.0
2025-05-22 17:00:00-03:00,68.0,0.0
2025-05-22 18:00:00-03:00,68.0,0.0
2025-05-22 19:00:00-03:00,68.0,0.0
2025-05-22 20:00:00-03:00,68.0,0.0
2025-05-22 21:00:00-03:00,67.5,0.0
2025-05-22 22:00:00-03:00,67.25,0.0
2025-05-22 23:00:00-03:00,67.5,0.0
2025-05-23 00:00:00-03:00,67.0,0.0
2025-05-23 01:00:00-03:00,67.0,0.0
2025-05-23 02:00:00-03:00,67.0,0.0
2025-05-23 03:00:00-03:00,67.0,0.0
2025-05-23 04:00:00-03:00,67.0,0.0
2025-05-23 05:00:00-03:00,67.0,0.0
2025-05-23 06:00:00-03:00,67.0,0.0
2025-05-23 07:00:00-03:00,67.0,0.0
2025-05-23 08:00:00-03:00,67.0,0.0
2025-05-23 09:00:00-03:00,67.0,0.0
2025-05-23 10:00:00-03:00,67.0,0.0
2025-05-23 11:00:00-03:00,67.0,0.0
2025-05-23 12:00:00-03:00,67.0,0.0
2025-05-23 13:00:00-03:00,67.25,0.0
2025-05-23 14:00:00-03:00,67.25,0.0
2025-05-23 15:00:00-03:00,67.0,0.0
2025-05-23 16:00:00-03:00,67.0,0.0
2025-05-23 17:00:00-03:00,67.0,0.0
2025-05-23 18:00:00-03:00,66.75,0.0
2025-05-23 19:00:00-03:00,67.0,0.0
2025-05-23 20:00:00-03:00,66.5,0.0
2025-05-23 21:00:00-03:00,66.0,0.0
2025-05-23 22:00:00-03:00,66.0,0.0
2025-05-23 23:00:00-03:00,66.0,0.0
2025-05-24 00:00:00-03:00,66.0,0.0
2025-05-24 01:00:00-03:00,65.75,0.0
2025-05-24 02:00:00-03:00,65.25,0.0
2025-05-24 03:00:00-03:00,65.0,0.0
2025-05-24 04:00:00-03:00,65.0,0.0
2025-05-24 05:00:00-03:00,65.0,0.0
2025-05-24 06:00:00-03:00,65.0,0.0
2025-05-24 07:00:00-03:00,65.0,0.0
2025-05-24 08:00:00-03:00,65.0,0.0
2025-05-24 09:00:00-03:00,65.0,0.0
2025-05-24 10:00:00-03:00,65.0,0.0
2025-05-24 11:00:00-03:00,65.0,0.0
2025-05-24 12:00:00-03:00,65.0,0.0
2025-05-24 13:00:00-03:00,65.0,0.0
2025-05-24 14:00:00-03:00,65.25,1.4
2025-05-24 15:00:00-03:00,65.0,0.0
2025-05-24 16:00:00-03:00,65.0,0.0
2025-05-24 17:00:00-03:00,65.0,0.0
2025-05-24 18:00:00-03:00,65.0,0.0
2025-05-24 19:00:00-03:00,65.0,0.0
2025-05-24 20:00:00-03:00,65.0,0.0
2025-05-24 21:00:00-03:00,64.75,0.0
2025-05-24 22:00:00-03:00,64.5,0.0
2025-05-24 23:00:00-03:00,64.25,0.0
2025-05-25 00:00:00-03:00,64.25,0.0
2025-05-25 01:00:00-03:00,64.0,0.0
2025-05-25 02:00:00-03:00,64.0,0.0
2025-05-25 03:00:00-03:00,64.0,0.0
2025-05-25 04:00:00-03:00,64.0,0.0
2025-05-25 05:00:00-03:00,64.0,0.0
2025-05-25 06:00:00-03:00,64.0,0.0
2025-05-25 07:00:00-03:00,64.0,0.0
2025-05-25 08:00:00-03:00,64.25,0.0
2025-05-25 09:00:00-03:00,64.0,0.0
2025-05-25 10:00:00-03:00,64.0,0.0
2025-05-25 11:00:00-03:00,64.25,0.0
2025-05-25 12:00:00-03:00,65.0,0.0
2025-05-25 13:00:00-03:00,64.75,0.0
2025-05-25 14:00:00-03:00,65.0,0.0
2025-05-25 15:00:00-03:00,65.0,0.0
2025-05-25 16:00:00-03:00,65.0,0.0
2025-05-25 17:00:00-03:00,65.0,0.0
2025-05-25 18:00:00-03:00,65.0,0.0
2025-05-25 19:00:00-03:00,65.0,0.0
2025-05-25 20:00:00-03:00,65.0,0.0
2025-05-25 21:00:00-03:00,65.0,0.0
2025-05-25 22:00:00-03:00,64.75,0.0
2025-05-25 23:00:00-03:00,64.5,0.0
2025-05-26 00:00:00-03:00,64.75,0.0
2025-05-26 01:00:00-03:00,64.0,0.0
2025-05-26 02:00:00-03:00,64.5,0.0
2025-05-26 03:00:00-03:00,64.25,0.2
2025-05-26 04:00:00-03:00,64.0,0.0
2025-05-26 05:00:00-03:00,64.0,0.0
2025-05-26 06:00:00-03:00,64.0,0.0
2025-05-26 07:00:00-03:00,64.0,0.0
2025-05-26 08:00:00-03:00,64.0,0.0
2025-05-26 09:00:00-03:00,64.0,0.0
2025-05-26 10:00:00-03:00,64.0,0.0
2025-05-26 11:00:00-03:00,64.0,0.0
2025-05-26 12:00:00-03:00,64.75,0.0
2025-05-26 13:00:00-03:00,64.5,0.0
2025-05-26 14:00:00-03:00,65.0,0.0
2025-05-26 15:00:00-03:00,64.75,0.0
2025-05-26 16:00:00-03:00,64.75,0.0
2025-05-26 17:00:00-03:00,64.0,0.0
2025-05-26 18:00:00-03:00,64.0,0.0
2025-05-26 19:00:00-03:00,64.0,0.0
2025-05-26 20:00:00-03:00,63.5,0.0
2025-05-26 21:00:00-03:00,63.25,0.0
2025-05-26 22:00:00-03:00,63.0,0.0
2025-05-26 23:00:00-03:00,63.0,0.0
2025-05-27 00:00:00-03:00,63.0,0.0
2025-05-27 01:00:00-03:00,62.75,0.0
2025-05-27 02:00:00-03:00,62.75,0.0
2025-05-27 03:00:00-03:00,62.25,0.2
2025-05-27 04:00:00-03:00,62.25,0.0
2025-05-27 05:00:00-03:00,62.0,0.0
2025-05-27 06:00:00-03:00,62.25,0.0
2025-05-27 07:00:00-03:00,63.0,0.0
2025-05-27 08:00:00-03:00,62.5,0.2
2025-05-27 09:00:00-03:00,63.0,0.0
2025-05-27 10:00:00-03:00,63.0,0.0
2025-05-27 11:00:00-03:00,63.0,0.0
2025-05-27 12:00:00-03:00,63.0,0.0
2025-05-27 13:00:00-03:00,63.5,0.0
2025-05-27 14:00:00-03:00,63.25,0.0
2025-05-27 15:00:00-03:00,63.75,0.0
2025-05-27 16:00:00-03:00,63.5,0.0
2025-05-27 17:00:00-03:00,63.5,0.0
2025-05-27 18:00:00-03:00,63.5,0.0
2025-05-27 19:00:00-03:00,63.0,0.0
2025-05-27 20:00:00-03:00,63.0,0.0
2025-05-27 21:00:00-03:00,63.0,0.0
2025-05-27 22:00:00-03:00,63.0,0.0
2025-05-27 23:00:00-03:00,63.0,0.0
2025-05-28 00:00:00-03:00,63.0,0.0
2025-05-28 01:00:00-03:00,63.0,0.0
2025-05-28 02:00:00-03:00,63.0,0.0
2025-05-28 03:00:00-03:00,63.0,0.0
2025-05-28 04:00:00-03:00,63.0,0.0
2025-05-28 05:00:00-03:00,62.75,0.0
2025-05-28 06:00:00-03:00,63.0,0.0
2025-05-28 07:00:00-03:00,63.0,0.0
2025-05-28 08:00:00-03:00,62.75,0.0
2025-05-28 09:00:00-03:00,62.75,0.0
2025-05-28 10:00:00-03:00,63.0,0.0
2025-05-28 11:00:00-03:00,63.0,0.0
2025-05-28 12:00:00-03:00,63.0,0.0
2025-05-28 13:00:00-03:00,63.0,0.0
2025-05-28 14:00:00-03:00,63.0,0.0
2025-05-28 15:00:00-03:00,63.0,0.0
2025-05-28 16:00:00-03:00,63.0,0.0
2025-05-28 17:00:00-03:00,62.75,0.0
2025-05-28 18:00:00-03:00,63.0,0.0
2025-05-28 19:00:00-03:00,63.0,0.0
2025-05-28 20:00:00-03:00,62.75,0.0
2025-05-28 21:00:00-03:00,62.75,0.0
2025-05-28 22:00:00-03:00,62.75,0.0
2025-05-28 23:00:00-03:00,62.75,0.0
2025-05-29 00:00:00-03:00,62.5,0.0
2025-05-29 01:00:00-03:00,62.0,0.0
2025-05-29 02:00:00-03:00,62.25,0.0
2025-05-29 03:00:00-03:00,62.25,0.0
2025-05-29 04:00:00-03:00,62.25,0.0
2025-05-29 05:00:00-03:00,63.0,0.0
2025-05-29 06:00:00-03:00,63.0,0.0
2025-05-29 07:00:00-03:00,63.0,0.0
2025-05-29 08:00:00-03:00,63.0,0.0
2025-05-29 09:00:00-03:00,63.0,0.0
2025-05-29 10:00:00-03:00,63.0,0.0
2025-05-29 11:00:00-03:00,63.0,0.0
2025-05-29 12:00:00-03:00,63.0,0.0
2025-05-29 13:00:00-03:00,63.0,0.0
2025-05-29 14:00:00-03:00,63.0,0.0
2025-05-29 15:00:00-03:00,63.25,0.0
2025-05-29 16:00:00-03:00,63.0,0.0
2025-05-29 17:00:00-03:00,63.0,0.0
2025-05-29 18:00:00-03:00,63.0,0.0
2025-05-29 19:00:00-03:00,63.0,0.0
2025-05-29 20:00:00-03:00,63.0,0.0
2025-05-29 21:00:00-03:00,63.0,0.0
2025-05-29 22:00:00-03:00,63.0,0.0
2025-05-29 23:00:00-03:00,62.75,0.0
2025-05-30 00:00:00-03:00,62.75,0.0
2025-05-30 01:00:00-03:00,62.75,0.0
2025-05-30 02:00:00-03:00,62.0,0.0
2025-05-30 03:00:00-03:00,62.0,0.0
2025-05-30 04:00:00-03:00,62.0,0.0
2025-05-30 05:00:00-03:00,62.0,0.0
2025-05-30 06:00:00-03:00,62.0,0.0
2025-05-30 07:00:00-03:00,62.0,0.0
2025-05-30 08:00:00-03:00,62.0,0.0
2025-05-30 09:00:00-03:00,62.0,0.0
2025-05-30 10:00:00-03:00,62.0,0.0
2025-05-30 11:00:00-03:00,62.5,0.0
2025-05-30 12:00:00-03:00,62.5,0.0
2025-05-30 13:00:00-03:00,63.0,0.0
2025-05-30 14:00:00-03:00,63.0,0.0
2025-05-30 15:00:00-03:00,62.75,0.0
2025-05-30 16:00:00-03:00,63.0,0.0
2025-05-30 17:00:00-03:00,63.0,0.0
2025-05-30 18:00:00-03:00,62.75,0.0
2025-05-30 19:00:00-03:00,63.0,0.0
2025-05-30 20:00:00-03:00,63.0,0.0
2025-05-30 21:00:00-03:00,62.5,0.0
2025-05-30 22:00:00-03:00,62.0,0.0
2025-05-30 23:00:00-03:00,62.0,0.0
2025-05-31 00:00:00-03:00,62.25,0.0
2025-05-31 01:00:00-03:00,62.25,0.0
2025-05-31 02:00:00-03:00,62.0,0.0
2025-05-31 03:00:00-03:00,62.0,0.0
2025-05-31 04:00:00-03:00,62.0,0.2
2025-05-31 05:00:00-03:00,62.0,0.0
2025-05-31 06:00:00-03:00,62.0,0.0
2025-05-31 07:00:00-03:00,62.0,0.0
2025-05-31 08:00:00-03:00,62.0,0.0
2025-05-31 09:00:00-03:00,62.0,0.0
2025-05-31 10:00:00-03:00,62.25,0.0
2025-05-31 11:00:00-03:00,62.25,0.0
2025-05-31 12:00:00-03:00,62.5,0.0
2025-05-31 13:00:00-03:00,63.0,0.0
2025-05-31 14:00:00-03:00,62.75,0.0
2025-05-31 15:00:00-03:00,62.5,0.0
2025-05-31 16:00:00-03:00,63.0,0.0
2025-05-31 17:00:00-03:00,62.5,0.0
2025-05-31 18:00:00-03:00,62.25,0.0
2025-05-31 19:00:00-03:00,62.5,0.0
2025-05-31 20:00:00-03:00,62.0,0.0
2025-05-31 21:00:00-03:00,62.0,0.0
2025-05-31 22:00:00-03:00,62.0,0.0
2025-05-31 23:00:00-03:00,62.0,0.0
2025-06-01 00:00:00-03:00,62.0,0.0
2025-06-01 01:00:00-03:00,61.75,0.2
2025-06-01 02:00:00-03:00,61.0,0.0
2025-06-01 03:00:00-03:00,61.0,0.0
2025-06-01 04:00:00-03:00,61.0,0.0
2025-06-01 05:00:00-03:00,61.0,0.0
2025-06-01 06:00:00-03:00,60.25,0.0
2025-06-01 07:00:00-03:00,60.25,0.0
2025-06-01 08:00:00-03:00,61.0,0.0
2025-06-01 09:00:00-03:00,60.0,0.0
2025-06-01 10:00:00-03:00,60.0,0.0
2025-06-01 11:00:00-03:00,60.25,0.0
2025-06-01 12:00:00-03:00,60.25,0.0
2025-06-01 13:00:00-03:00,61.0,0.0
2025-06-01 14:00:00-03:00,61.0,0.0
2025-06-01 15:00:00-03:00,61.0,0.0
2025-06-01 16:00:00-03:00,61.0,0.0
2025-06-01 17:00:00-03:00,60.75,0.0
2025-06-01 18:00:00-03:00,60.5,0.0
2025-06-01 19:00:00-03:00,61.0,0.0
2025-06-01 20:00:00-03:00,60.75,0.0
2025-06-01 21:00:00-03:00,61.0,0.0
2025-06-01 22:00:00-03:00,60.75,0.0
2025-06-01 23:00:00-03:00,60.75,0.0
2025-06-02 00:00:00-03:00,60.0,0.0
2025-06-02 01:00:00-03:00,60.0,0.0
2025-06-02 02:00:00-03:00,60.25,0.0
2025-06-02 03:00:00-03:00,60.0,0.0
2025-06-02 04:00:00-03:00,60.0,0.2
2025-06-02 05:00:00-03:00,60.0,0.0
2025-06-02 06:00:00-03:00,60.0,0.0
2025-06-02 07:00:00-03:00,60.0,0.0
2025-06-02 08:00:00-03:00,60.0,0.0
2025-06-02 09:00:00-03:00,60.0,0.0
2025-06-02 10:00:00-03:00,60.0,0.0
2025-06-02 11:00:00-03:00,60.5,0.0
2025-06-02 12:00:00-03:00,60.5,0.0
2025-06-02 13:00:00-03:00,60.75,0.0
2025-06-02 14:00:00-03:00,61.0,0.0
2025-06-02 15:00:00-03:00,61.0,0.0
2025-06-02 16:00:00-03:00,61.0,0.0
2025-06-02 17:00:00-03:00,61.0,0.0
2025-06-02 18:00:00-03:00,61.0,0.0
2025-06-02 19:00:00-03:00,60.75,0.0
2025-06-02 20:00:00-03:00,61.0,0.0
2025-06-02 21:00:00-03:00,60.25,0.0
2025-06-02 22:00:00-03:00,60.0,0.0
2025-06-02 23:00:00-03:00,60.0,0.0
2025-06-03 00:00:00-03:00,60.0,0.0
2025-06-03 01:00:00-03:00,60.0,0.0
2025-06-03 02:00:00-03:00,60.0,0.2
2025-06-03 03:00:00-03:00,60.0,0.0
2025-06-03 04:00:00-03:00,60.0,0.0
2025-06-03 05:00:00-03:00,60.0,0.0
2025-06-03 06:00:00-03:00,60.0,0.0
2025-06-03 07:00:00-03:00,60.0,0.0
2025-06-03 08:00:00-03:00,60.0,0.0
2025-06-03 09:00:00-03:00,59.75,0.0
2025-06-03 10:00:00-03:00,60.0,0.0
2025-06-03 11:00:00-03:00,60.0,0.0
2025-06-03 12:00:00-03:00,60.0,0.0
2025-06-03 13:00:00-03:00,60.0,0.4
2025-06-03 14:00:00-03:00,60.0,0.8
2025-06-03 15:00:00-03:00,60.0,0.0
2025-06-03 16:00:00-03:00,60.0,0.0
2025-06-03 17:00:00-03:00,60.0,0.0
2025-06-03 18:00:00-03:00,60.0,0.0
2025-06-03 19:00:00-03:00,60.0,0.0
2025-06-03 20:00:00-03:00,60.0,0.0
2025-06-03 21:00:00-03:00,60.0,0.0
2025-06-03 22:00:00-03:00,60.0,0.6
2025-06-03 23:00:00-03:00,60.0,0.2
2025-06-04 00:00:00-03:00,60.0,0.0
2025-06-04 01:00:00-03:00,60.0,0.0
2025-06-04 02:00:00-03:00,60.0,0.0
2025-06-04 03:00:00-03:00,60.0,0.0
2025-06-04 04:00:00-03:00,60.0,0.0
2025-06-04 05:00:00-03:00,60.0,0.0
2025-06-04 06:00:00-03:00,60.0,0.2
2025-06-04 07:00:00-03:00,60.0,0.0
2025-06-04 08:00:00-03:00,60.0,0.0
2025-06-04 09:00:00-03:00,60.0,0.0
2025-06-04 10:00:00-03:00,60.0,0.0
2025-06-04 11:00:00-03:00,60.0,0.2
2025-06-04 12:00:00-03:00,60.5,0.0
2025-06-04 13:00:00-03:00,61.0,0.0
2025-06-04 14:00:00-03:00,61.0,0.0
2025-06-04 15:00:00-03:00,61.0,0.0
2025-06-04 16:00:00-03:00,61.0,0.0
2025-06-04 17:00:00-03:00,61.0,0.0
2025-06-04 18:00:00-03:00,61.0,0.0
2025-06-04 19:00:00-03:00,61.0,0.0
2025-06-04 20:00:00-03:00,61.0,0.0
2025-06-04 21:00:00-03:00,61.5,0.0
2025-06-04 22:00:00-03:00,61.25,0.0
2025-06-04 23:00:00-03:00,62.0,0.0
2025-06-05 00:00:00-03:00,61.75,0.0
2025-06-05 01:00:00-03:00,62.0,0.0
2025-06-05 02:00:00-03:00,62.0,0.0
2025-06-05 03:00:00-03:00,62.0,0.0
2025-06-05 04:00:00-03:00,62.0,0.0
2025-06-05 05:00:00-03:00,62.0,0.0
2025-06-05 06:00:00-03:00,62.25,0.0
2025-06-05 07:00:00-03:00,62.25,0.0
2025-06-05 08:00:00-03:00,62.5,0.0
2025-06-05 09:00:00-03:00,62.0,0.0
2025-06-05 10:00:00-03:00,62.0,0.0
2025-06-05 11:00:00-03:00,63.0,0.0
2025-06-05 12:00:00-03:00,63.0,0.0
2025-06-05 13:00:00-03:00,63.0,0.0
2025-06-05 14:00:00-03:00,63.0,0.0
2025-06-05 15:00:00-03:00,63.0,0.0
2025-06-05 16:00:00-03:00,63.0,0.0
2025-06-05 17:00:00-03:00,63.0,0.0
2025-06-05 18:00:00-03:00,63.0,0.0
2025-06-05 19:00:00-03:00,63.0,0.0
2025-06-05 20:00:00-03:00,63.0,0.0
2025-06-05 21:00:00-03:00,63.0,0.0
2025-06-05 22:00:00-03:00,63.0,0.0
2025-06-05 23:00:00-03:00,63.0,0.0
2025-06-06 00:00:00-03:00,63.0,0.0
2025-06-06 01:00:00-03:00,62.5,0.0
2025-06-06 02:00:00-03:00,62.75,0.0
2025-06-06 03:00:00-03:00,62.75,0.0
2025-06-06 04:00:00-03:00,62.25,0.0
2025-06-06 05:00:00-03:00,62.25,0.0
2025-06-06 06:00:00-03:00,62.25,0.0
2025-06-06 07:00:00-03:00,62.0,0.0
2025-06-06 08:00:00-03:00,62.75,0.0
2025-06-06 09:00:00-03:00,62.25,0.0
2025-06-06 10:00:00-03:00,62.25,0.0
2025-06-06 11:00:00-03:00,62.75,0.0
2025-06-06 12:00:00-03:00,62.25,0.0
2025-06-06 13:00:00-03:00,62.75,0.0
2025-06-06 14:00:00-03:00,63.0,0.0
2025-06-06 15:00:00-03:00,62.5,0.0
2025-06-06 16:00:00-03:00,62.75,6.6
2025-06-06 17:00:00-03:00,62.25,0.8
2025-06-06 18:00:00-03:00,62.0,0.0
2025-06-06 19:00:00-03:00,62.0,0.0
2025-06-06 20:00:00-03:00,62.0,0.0
2025-06-06 21:00:00-03:00,62.0,0.0
2025-06-06 22:00:00-03:00,62.0,0.2
2025-06-06 23:00:00-03:00,62.0,0.0
2025-06-07 00:00:00-03:00,62.0,0.0
2025-06-07 01:00:00-03:00,61.5,0.0
2025-06-07 02:00:00-03:00,61.0,0.0
2025-06-07 03:00:00-03:00,61.0,0.2
2025-06-07 04:00:00-03:00,61.0,0.0
2025-06-07 05:00:00-03:00,61.0,0.0
2025-06-07 06:00:00-03:00,61.0,0.0
2025-06-07 07:00:00-03:00,61.0,0.0
2025-06-07 08:00:00-03:00,61.25,0.0
2025-06-07 09:00:00-03:00,61.0,0.0
2025-06-07 10:00:00-03:00,61.0,0.0
2025-06-07 11:00:00-03:00,61.0,0.0
2025-06-07 12:00:00-03:00,61.25,0.0
2025-06-07 13:00:00-03:00,62.0,0.0
2025-06-07 14:00:00-03:00,61.75,0.0
2025-06-07 15:00:00-03:00,62.0,0.0
2025-06-07 16:00:00-03:00,62.0,0.0
2025-06-07 17:00:00-03:00,61.75,0.0
2025-06-07 18:00:00-03:00,61.0,0.0
2025-06-07 19:00:00-03:00,61.5,0.0
2025-06-07 20:00:00-03:00,61.0,0.0
2025-06-07 21:00:00-03:00,61.0,0.0
2025-06-07 22:00:00-03:00,61.0,0.0
2025-06-07 23:00:00-03:00,61.0,0.0
2025-06-08 00:00:00-03:00,61.0,0.0
2025-06-08 01:00:00-03:00,61.0,0.0
2025-06-08 02:00:00-03:00,61.0,0.0
2025-06-08 03:00:00-03:00,61.0,0.0
2025-06-08 04:00:00-03:00,61.0,0.2
2025-06-08 05:00:00-03:00,60.75,0.0
2025-06-08 06:00:00-03:00,61.0,0.0
2025-06-08 07:00:00-03:00,61.0,0.0
2025-06-08 08:00:00-03:00,61.0,0.0
2025-06-08 09:00:00-03:00,61.0,0.0
2025-06-08 10:00:00-03:00,61.0,0.0
2025-06-08 11:00:00-03:00,61.5,0.0
2025-06-08 12:00:00-03:00,62.0,0.0
2025-06-08 13:00:00-03:00,62.0,0.0
2025-06-08 14:00:00-03:00,62.25,1.2
2025-06-08 15:00:00-03:00,63.75,3.0
2025-06-08 16:00:00-03:00,63.5,0.0
2025-06-08 17:00:00-03:00,64.0,0.6
2025-06-08 18:00:00-03:00,64.0,0.0
2025-06-08 19:00:00-03:00,64.0,0.0
2025-06-08 20:00:00-03:00,64.0,0.0
2025-06-08 21:00:00-03:00,64.0,0.0
2025-06-08 22:00:00-03:00,63.75,0.0
2025-06-08 23:00:00-03:00,63.25,0.0
2025-06-09 00:00:00-03:00,63.0,0.0
2025-06-09 01:00:00-03:00,63.25,0.0
2025-06-09 02:00:00-03:00,63.75,0.2
2025-06-09 03:00:00-03:00,64.0,0.4
2025-06-09 04:00:00-03:00,64.0,0.0
2025-06-09 05:00:00-03:00,64.0,0.6
2025-06-09 06:00:00-03:00,64.5,1.6
2025-06-09 07:00:00-03:00,65.0,0.8
2025-06-09 08:00:00-03:00,65.0,0.2
2025-06-09 09:00:00-03:00,65.25,0.0
2025-06-09 10:00:00-03:00,65.5,0.0
2025-06-09 11:00:00-03:00,66.0,0.0
2025-06-09 12:00:00-03:00,66.0,0.0
2025-06-09 13:00:00-03:00,67.0,0.0
2025-06-09 14:00:00-03:00,67.0,0.0
2025-06-09 15:00:00-03:00,67.5,0.0
2025-06-09 16:00:00-03:00,68.0,0.0
2025-06-09 17:00:00-03:00,68.0,0.0
2025-06-09 18:00:00-03:00,69.0,0.0
2025-06-09 19:00:00-03:00,69.25,0.0
2025-06-09 20:00:00-03:00,70.0,0.0
2025-06-09 21:00:00-03:00,70.5,0.0
2025-06-09 22:00:00-03:00,71.0,0.0
2025-06-09 23:00:00-03:00,71.25,0.0
2025-06-10 00:00:00-03:00,72.0,0.0
2025-06-10 01:00:00-03:00,72.25,0.0
2025-06-10 02:00:00-03:00,73.0,0.0
2025-06-10 03:00:00-03:00,73.0,0.0
2025-06-10 04:00:00-03:00,73.25,0.0
2025-06-10 05:00:00-03:00,74.0,0.0
2025-06-10 06:00:00-03:00,74.0,0.0
2025-06-10 07:00:00-03:00,74.5,0.0
2025-06-10 08:00:00-03:00,75.0,0.0
2025-06-10 09:00:00-03:00,75.0,0.0
2025-06-10 10:00:00-03:00,75.0,0.0
2025-06-10 11:00:00-03:00,75.0,0.0
2025-06-10 12:00:00-03:00,75.0,0.0
2025-06-10 13:00:00-03:00,75.0,0.0
2025-06-10 14:00:00-03:00,75.25,0.0
2025-06-10 15:00:00-03:00,75.0,0.0
2025-06-10 16:00:00-03:00,75.0,0.0
2025-06-10 17:00:00-03:00,75.0,0.0
2025-06-10 18:00:00-03:00,75.0,0.0
2025-06-10 19:00:00-03:00,75.0,0.0
2025-06-10 20:00:00-03:00,74.5,0.0
2025-06-10 21:00:00-03:00,74.0,0.0
2025-06-10 22:00:00-03:00,74.0,0.0
2025-06-10 23:00:00-03:00,74.0,0.2
2025-06-11 00:00:00-03:00,73.5,0.0
2025-06-11 01:00:00-03:00,73.5,0.0
2025-06-11 02:00:00-03:00,73.0,0.0
2025-06-11 03:00:00-03:00,73.0,0.0
2025-06-11 04:00:00-03:00,73.0,0.0
2025-06-11 05:00:00-03:00,72.75,0.0
2025-06-11 06:00:00-03:00,72.0,0.0
2025-06-11 07:00:00-03:00,72.0,0.0
2025-06-11 08:00:00-03:00,72.0,0.2
2025-06-11 09:00:00-03:00,71.75,0.0
2025-06-11 10:00:00-03:00,71.0,0.0
2025-06-11 11:00:00-03:00,71.0,0.0
2025-06-11 12:00:00-03:00,71.25,0.0
2025-06-11 13:00:00-03:00,71.0,0.0
2025-06-11 14:00:00-03:00,71.0,0.0
2025-06-11 15:00:00-03:00,71.0,0.0
2025-06-11 16:00:00-03:00,70.75,0.0
2025-06-11 17:00:00-03:00,70.0,0.0
2025-06-11 18:00:00-03:00,70.0,0.0
2025-06-11 19:00:00-03:00,70.0,0.0
2025-06-11 20:00:00-03:00,69.25,0.0
2025-06-11 21:00:00-03:00,69.0,0.0
2025-06-11 22:00:00-03:00,69.0,0.0
2025-06-11 23:00:00-03:00,68.25,0.0
2025-06-12 00:00:00-03:00,68.0,0.0
2025-06-12 01:00:00-03:00,68.0,0.0
2025-06-12 02:00:00-03:00,67.75,0.0
2025-06-12 03:00:00-03:00,67.0,0.0
2025-06-12 04:00:00-03:00,67.0,0.0
2025-06-12 05:00:00-03:00,66.75,0.0
2025-06-12 06:00:00-03:00,67.0,0.0
2025-06-12 07:00:00-03:00,66.25,0.0
2025-06-12 08:00:00-03:00,66.0,0.2
2025-06-12 09:00:00-03:00,66.0,0.0
2025-06-12 10:00:00-03:00,66.0,0.0
2025-06-12 11:00:00-03:00,66.0,0.0
2025-06-12 12:00:00-03:00,66.0,0.0
2025-06-12 13:00:00-03:00,66.0,0.0
2025-06-12 14:00:00-03:00,66.0,0.0
2025-06-12 15:00:00-03:00,66.0,0.0
2025-06-12 16:00:00-03:00,66.0,0.0
2025-06-12 17:00:00-03:00,65.0,0.0
2025-06-12 18:00:00-03:00,65.0,0.0
2025-06-12 19:00:00-03:00,65.0,0.0
2025-06-12 20:00:00-03:00,64.75,0.0
2025-06-12 21:00:00-03:00,64.25,0.0
2025-06-12 22:00:00-03:00,64.0,0.0
2025-06-12 23:00:00-03:00,63.75,0.0
2025-06-13 00:00:00-03:00,63.25,0.0
2025-06-13 01:00:00-03:00,63.0,0.0
2025-06-13 02:00:00-03:00,63.0,0.0
2025-06-13 03:00:00-03:00,62.5,0.0
2025-06-13 04:00:00-03:00,62.75,0.0
2025-06-13 05:00:00-03:00,62.0,0.0
2025-06-13 06:00:00-03:00,62.0,0.0
2025-06-13 07:00:00-03:00,62.0,0.0
2025-06-13 08:00:00-03:00,62.0,0.0
2025-06-13 09:00:00-03:00,62.0,0.0
2025-06-13 10:00:00-03:00,62.0,0.0
2025-06-13 11:00:00-03:00,62.0,0.0
2025-06-13 12:00:00-03:00,62.25,0.0
2025-06-13 13:00:00-03:00,62.0,0.0
2025-06-13 14:00:00-03:00,62.25,0.0
2025-06-13 15:00:00-03:00,62.0,0.0
2025-06-13 16:00:00-03:00,62.25,0.0
2025-06-13 17:00:00-03:00,62.0,0.0
2025-06-13 18:00:00-03:00,62.0,0.0
2025-06-13 19:00:00-03:00,62.0,0.0
2025-06-13 20:00:00-03:00,61.25,0.0
2025-06-13 21:00:00-03:00,61.25,0.0
2025-06-13 22:00:00-03:00,61.0,0.0
2025-06-13 23:00:00-03:00,61.0,0.0
2025-06-14 00:00:00-03:00,61.0,0.0
2025-06-14 01:00:00-03:00,61.0,0.0
2025-06-14 02:00:00-03:00,61.0,0.0
2025-06-14 03:00:00-03:00,60.75,0.0
2025-06-14 04:00:00-03:00,61.0,0.2
2025-06-14 05:00:00-03:00,60.5,0.0
2025-06-14 06:00:00-03:00,60.5,0.0
2025-06-14 07:00:00-03:00,60.75,0.0
2025-06-14 08:00:00-03:00,60.0,0.0
2025-06-14 09:00:00-03:00,60.0,0.0
2025-06-14 10:00:00-03:00,60.0,0.0
2025-06-14 11:00:00-03:00,60.0,0.0
2025-06-14 12:00:00-03:00,60.25,0.0
2025-06-14 13:00:00-03:00,60.5,0.0
2025-06-14 14:00:00-03:00,60.0,0.0
2025-06-14 15:00:00-03:00,60.0,0.0
2025-06-14 16:00:00-03:00,60.25,0.0
2025-06-14 17:00:00-03:00,60.0,0.0
2025-06-14 18:00:00-03:00,60.0,0.0
2025-06-14 19:00:00-03:00,60.0,0.0
2025-06-14 20:00:00-03:00,60.0,0.0
2025-06-14 21:00:00-03:00,60.0,0.0
2025-06-14 22:00:00-03:00,60.0,0.0
2025-06-14 23:00:00-03:00,60.0,0.0
2025-06-15 00:00:00-03:00,60.0,0.0
2025-06-15 01:00:00-03:00,60.0,0.0
2025-06-15 02:00:00-03:00,60.0,0.0
2025-06-15 03:00:00-03:00,60.0,0.2
2025-06-15 04:00:00-03:00,60.0,0.0
2025-06-15 05:00:00-03:00,60.0,0.0
2025-06-15 06:00:00-03:00,60.0,0.0
2025-06-15 07:00:00-03:00,60.0,0.0
2025-06-15 08:00:00-03:00,60.0,0.0
2025-06-15 09:00:00-03:00,59.5,0.0
2025-06-15 10:00:00-03:00,59.75,0.0
2025-06-15 11:00:00-03:00,59.75,0.0
2025-06-15 12:00:00-03:00,59.75,0.0
2025-06-15 13:00:00-03:00,60.0,0.0
2025-06-15 14:00:00-03:00,59.75,0.0
2025-06-15 15:00:00-03:00,59.25,0.0
2025-06-15 16:00:00-03:00,59.5,0.0
2025-06-15 17:00:00-03:00,59.0,0.0
2025-06-15 18:00:00-03:00,59.0,0.0
2025-06-15 19:00:00-03:00,59.0,0.0
2025-06-15 20:00:00-03:00,59.0,0.0
2025-06-15 21:00:00-03:00,59.0,0.0
2025-06-15 22:00:00-03:00,58.75,0.0
2025-06-15 23:00:00-03:00,59.0,0.0
2025-06-16 00:00:00-03:00,59.0,0.0
2025-06-16 01:00:00-03:00,58.75,0.0
2025-06-16 02:00:00-03:00,59.0,0.0
2025-06-16 03:00:00-03:00,58.75,0.0
2025-06-16 04:00:00-03:00,59.0,0.0
2025-06-16 05:00:00-03:00,59.0,0.0
2025-06-16 06:00:00-03:00,59.0,0.0
2025-06-16 07:00:00-03:00,59.0,0.0
2025-06-16 08:00:00-03:00,59.0,0.0
2025-06-16 09:00:00-03:00,59.0,0.2
2025-06-16 10:00:00-03:00,59.0,0.0
2025-06-16 11:00:00-03:00,59.5,0.0
2025-06-16 12:00:00-03:00,59.75,0.0
2025-06-16 13:00:00-03:00,59.75,0.0
2025-06-16 14:00:00-03:00,60.0,0.0
2025-06-16 15:00:00-03:00,60.0,0.0
2025-06-16 16:00:00-03:00,60.0,0.0
2025-06-16 17:00:00-03:00,59.75,0.0
2025-06-16 18:00:00-03:00,60.0,0.0
2025-06-16 19:00:00-03:00,60.0,0.0
2025-06-16 20:00:00-03:00,59.5,0.0
2025-06-16 21:00:00-03:00,59.0,0.0
2025-06-16 22:00:00-03:00,59.0,0.0
2025-06-16 23:00:00-03:00,59.0,0.0
2025-06-17 00:00:00-03:00,59.0,0.0
2025-06-17 01:00:00-03:00,59.0,0.0
2025-06-17 02:00:00-03:00,58.5,0.0
2025-06-17 03:00:00-03:00,58.25,0.0
2025-06-17 04:00:00-03:00,58.0,0.0
2025-06-17 05:00:00-03:00,58.0,0.0
2025-06-17 06:00:00-03:00,58.0,0.0
2025-06-17 07:00:00-03:00,58.0,0.0
2025-06-17 08:00:00-03:00,58.0,0.2
2025-06-17 09:00:00-03:00,58.0,0.0
2025-06-17 10:00:00-03:00,58.25,0.0
2025-06-17 11:00:00-03:00,58.5,0.0
2025-06-17 12:00:00-03:00,59.0,0.0
2025-06-17 13:00:00-03:00,59.0,0.0
2025-06-17 14:00:00-03:00,59.0,0.0
2025-06-17 15:00:00-03:00,59.0,0.0
2025-06-17 16:00:00-03:00,59.5,0.0
2025-06-17 17:00:00-03:00,59.0,0.0
2025-06-17 18:00:00-03:00,59.0,0.0
2025-06-17 19:00:00-03:00,59.0,0.0
2025-06-17 20:00:00-03:00,58.75,0.0
2025-06-17 21:00:00-03:00,58.0,0.0
2025-06-17 22:00:00-03:00,58.0,0.0
2025-06-17 23:00:00-03:00,58.0,0.0
2025-06-18 00:00:00-03:00,57.25,0.0
2025-06-18 01:00:00-03:00,57.0,0.0
2025-06-18 02:00:00-03:00,57.0,0.0
2025-06-18 03:00:00-03:00,57.0,0.0
2025-06-18 04:00:00-03:00,57.0,0.0
2025-06-18 05:00:00-03:00,56.25,0.0
2025-06-18 06:00:00-03:00,56.0,0.0
2025-06-18 07:00:00-03:00,56.0,0.0
2025-06-18 08:00:00-03:00,56.0,0.0
2025-06-18 09:00:00-03:00,56.0,0.0
2025-06-18 10:00:00-03:00,56.0,0.0
2025-06-18 11:00:00-03:00,56.0,0.0
2025-06-18 12:00:00-03:00,56.0,0.0
2025-06-18 13:00:00-03:00,56.0,0.0
2025-06-18 14:00:00-03:00,56.0,0.0
2025-06-18 15:00:00-03:00,55.75,0.0
2025-06-18 16:00:00-03:00,56.0,0.0
2025-06-18 17:00:00-03:00,56.0,0.0
2025-06-18 18:00:00-03:00,55.5,0.0
2025-06-18 19:00:00-03:00,55.25,0.0
2025-06-18 20:00:00-03:00,55.0,0.0
2025-06-18 21:00:00-03:00,55.0,0.0
2025-06-18 22:00:00-03:00,55.0,0.0
2025-06-18 23:00:00-03:00,55.0,0.0
2025-06-19 00:00:00-03:00,54.75,0.0
2025-06-19 01:00:00-03:00,54.75,0.0
2025-06-19 02:00:00-03:00,54.75,0.0
2025-06-19 03:00:00-03:00,54.75,0.0
2025-06-19 04:00:00-03:00,54.5,0.0
2025-06-19 05:00:00-03:00,54.75,0.2
2025-06-19 06:00:00-03:00,54.25,0.0
2025-06-19 07:00:00-03:00,54.75,0.0
2025-06-19 08:00:00-03:00,54.0,0.0
2025-06-19 09:00:00-03:00,54.25,0.0
2025-06-19 10:00:00-03:00,54.0,0.0
2025-06-19 11:00:00-03:00,54.5,0.0
2025-06-19 12:00:00-03:00,55.0,0.0
2025-06-19 13:00:00-03:00,55.0,0.0
2025-06-19 14:00:00-03:00,55.0,0.0
2025-06-19 15:00:00-03:00,55.0,0.0
2025-06-19 16:00:00-03:00,55.0,0.0
2025-06-19 17:00:00-03:00,55.0,0.0
2025-06-19 18:00:00-03:00,55.0,0.0
2025-06-19 19:00:00-03:00,54.75,0.0
2025-06-19 20:00:00-03:00,54.0,0.0
2025-06-19 21:00:00-03:00,54.0,0.0
2025-06-19 22:00:00-03:00,54.0,0.0
2025-06-19 23:00:00-03:00,54.0,0.0
2025-06-20 00:00:00-03:00,54.0,0.0
2025-06-20 01:00:00-03:00,54.0,0.0
2025-06-20 02:00:00-03:00,54.0,0.0
2025-06-20 03:00:00-03:00,53.25,0.0
2025-06-20 04:00:00-03:00,53.0,0.0
2025-06-20 05:00:00-03:00,53.0,0.0
2025-06-20 06:00:00-03:00,53.0,0.0
2025-06-20 07:00:00-03:00,53.0,0.2
2025-06-20 08:00:00-03:00,53.0,0.0
2025-06-20 09:00:00-03:00,53.0,0.0
2025-06-20 10:00:00-03:00,53.0,0.0
2025-06-20 11:00:00-03:00,53.25,0.0
2025-06-20 12:00:00-03:00,53.5,0.0
2025-06-20 13:00:00-03:00,54.0,0.0
2025-06-20 14:00:00-03:00,54.0,0.0
2025-06-20 15:00:00-03:00,54.0,0.0
2025-06-20 16:00:00-03:00,54.0,0.0
2025-06-20 17:00:00-03:00,54.0,0.0
2025-06-20 18:00:00-03:00,54.0,0.0
2025-06-20 19:00:00-03:00,53.75,0.0
2025-06-20 20:00:00-03:00,53.5,0.0
2025-06-20 21:00:00-03:00,53.25,0.0
2025-06-20 22:00:00-03:00,53.5,0.0
2025-06-20 23:00:00-03:00,53.0,0.0
2025-06-21 00:00:00-03:00,53.0,0.0
2025-06-21 01:00:00-03:00,53.0,0.0
2025-06-21 02:00:00-03:00,53.0,0.0
2025-06-21 03:00:00-03:00,53.0,0.0
2025-06-21 04:00:00-03:00,53.0,0.0
2025-06-21 05:00:00-03:00,53.0,0.0
2025-06-21 06:00:00-03:00,53.0,0.0
2025-06-21 07:00:00-03:00,53.0,0.0
2025-06-21 08:00:00-03:00,53.0,0.0
2025-06-21 09:00:00-03:00,53.0,0.0
2025-06-21 10:00:00-03:00,53.0,0.0
2025-06-21 11:00:00-03:00,53.0,0.0
2025-06-21 12:00:00-03:00,53.25,0.0
2025-06-21 13:00:00-03:00,53.25,0.0
2025-06-21 14:00:00-03:00,53.75,0.0
2025-06-21 15:00:00-03:00,53.25,0.0
2025-06-21 16:00:00-03:00,53.5,0.0
2025-06-21 17:00:00-03:00,53.25,0.0
2025-06-21 18:00:00-03:00,53.0,0.0
2025-06-21 19:00:00-03:00,53.0,0.0
2025-06-21 20:00:00-03:00,53.0,0.0
2025-06-21 21:00:00-03:00,53.0,0.0
2025-06-21 22:00:00-03:00,53.0,0.0
2025-06-21 23:00:00-03:00,53.0,0.0
2025-06-22 00:00:00-03:00,53.0,0.0
2025-06-22 01:00:00-03:00,53.0,0.0
2025-06-22 02:00:00-03:00,53.0,0.0
2025-06-22 03:00:00-03:00,53.0,0.0
2025-06-22 04:00:00-03:00,52.75,0.0
2025-06-22 05:00:00-03:00,53.0,0.0
2025-06-22 06:00:00-03:00,52.75,0.0
2025-06-22 07:00:00-03:00,53.0,0.0
2025-06-22 08:00:00-03:00,53.0,0.0
2025-06-22 09:00:00-03:00,52.75,0.0
2025-06-22 10:00:00-03:00,52.75,0.0
2025-06-22 11:00:00-03:00,53.0,0.0
2025-06-22 12:00:00-03:00,53.25,0.0
2025-06-22 13:00:00-03:00,53.0,0.0
2025-06-22 14:00:00-03:00,53.5,0.0
2025-06-22 15:00:00-03:00,53.0,0.0
2025-06-22 16:00:00-03:00,53.25,0.0
2025-06-22 17:00:00-03:00,53.5,0.0
2025-06-22 18:00:00-03:00,53.0,0.0
2025-06-22 19:00:00-03:00,53.0,0.0
2025-06-22 20:00:00-03:00,53.0,0.0
2025-06-22 21:00:00-03:00,53.0,0.0
2025-06-22 22:00:00-03:00,53.0,0.0
2025-06-22 23:00:00-03:00,53.0,0.0
2025-06-23 00:00:00-03:00,53.0,0.0
2025-06-23 01:00:00-03:00,53.0,0.0
2025-06-23 02:00:00-03:00,53.0,0.0
2025-06-23 03:00:00-03:00,53.0,0.0
2025-06-23 04:00:00-03:00,53.0,0.0
2025-06-23 05:00:00-03:00,52.75,0.0
2025-06-23 06:00:00-03:00,52.5,0.0
2025-06-23 07:00:00-03:00,52.75,0.0
2025-06-23 08:00:00-03:00,53.0,0.0
2025-06-23 09:00:00-03:00,53.0,0.0
2025-06-23 10:00:00-03:00,52.75,0.0
2025-06-23 11:00:00-03:00,53.0,0.0
2025-06-23 12:00:00-03:00,53.0,0.0
2025-06-23 13:00:00-03:00,53.0,0.0
2025-06-23 14:00:00-03:00,53.25,0.0
2025-06-23 15:00:00-03:00,53.0,0.0
2025-06-23 16:00:00-03:00,53.25,0.0
2025-06-23 17:00:00-03:00,53.25,0.0
2025-06-23 18:00:00-03:00,53.0,1.6
2025-06-23 19:00:00-03:00,53.25,2.8
2025-06-23 20:00:00-03:00,53.0,0.2
2025-06-23 21:00:00-03:00,53.0,0.0
2025-06-23 22:00:00-03:00,53.0,0.0
2025-06-23 23:00:00-03:00,53.0,0.0
2025-06-24 00:00:00-03:00,53.0,0.0
2025-06-24 01:00:00-03:00,53.0,0.0
2025-06-24 02:00:00-03:00,53.0,0.2
2025-06-24 03:00:00-03:00,53.0,0.0
2025-06-24 04:00:00-03:00,53.25,0.2
2025-06-24 05:00:00-03:00,54.0,0.0
2025-06-24 06:00:00-03:00,53.5,1.4
2025-06-24 07:00:00-03:00,54.0,0.8
2025-06-24 08:00:00-03:00,54.0,2.8
2025-06-24 09:00:00-03:00,54.0,0.8
2025-06-24 10:00:00-03:00,54.0,0.2
2025-06-24 11:00:00-03:00,54.0,0.2
2025-06-24 12:00:00-03:00,54.0,0.2
2025-06-24 13:00:00-03:00,54.0,0.2
2025-06-24 14:00:00-03:00,54.0,0.0
2025-06-24 15:00:00-03:00,54.0,0.0
2025-06-24 16:00:00-03:00,54.0,0.0
2025-06-24 17:00:00-03:00,54.0,0.0
2025-06-24 18:00:00-03:00,54.0,0.0
2025-06-24 19:00:00-03:00,54.0,0.0
2025-06-24 20:00:00-03:00,54.0,0.0
2025-06-24 21:00:00-03:00,54.0,0.0
2025-06-24 22:00:00-03:00,53.75,0.0
2025-06-24 23:00:00-03:00,54.0,0.0
2025-06-25 00:00:00-03:00,54.0,0.0
2025-06-25 01:00:00-03:00,54.0,0.0
2025-06-25 02:00:00-03:00,54.0,0.0
2025-06-25 03:00:00-03:00,54.0,0.0
2025-06-25 04:00:00-03:00,54.25,0.0
2025-06-25 05:00:00-03:00,55.0,0.0
2025-06-25 06:00:00-03:00,55.0,0.0
2025-06-25 07:00:00-03:00,55.25,0.0
2025-06-25 08:00:00-03:00,55.25,0.0
2025-06-25 09:00:00-03:00,56.0,0.2
2025-06-25 10:00:00-03:00,55.75,0.0
2025-06-25 11:00:00-03:00,56.5,0.0
2025-06-25 12:00:00-03:00,57.0,0.0
2025-06-25 13:00:00-03:00,57.75,0.0
2025-06-25 14:00:00-03:00,58.0,0.0
2025-06-25 15:00:00-03:00,58.75,0.0
2025-06-25 16:00:00-03:00,59.0,0.0
2025-06-25 17:00:00-03:00,59.75,0.0
2025-06-25 18:00:00-03:00,59.75,0.0
2025-06-25 19:00:00-03:00,60.0,0.0
2025-06-25 20:00:00-03:00,60.0,0.0
2025-06-25 21:00:00-03:00,60.5,0.0
2025-06-25 22:00:00-03:00,60.75,0.0
2025-06-25 23:00:00-03:00,61.0,0.0
2025-06-26 00:00:00-03:00,61.0,0.0
2025-06-26 01:00:00-03:00,61.0,0.0
2025-06-26 02:00:00-03:00,61.0,0.0
2025-06-26 03:00:00-03:00,61.0,0.2
2025-06-26 04:00:00-03:00,61.0,0.0
2025-06-26 05:00:00-03:00,61.0,0.0
2025-06-26 06:00:00-03:00,61.0,0.0
2025-06-26 07:00:00-03:00,61.0,0.0
2025-06-26 08:00:00-03:00,60.75,0.0
2025-06-26 09:00:00-03:00,60.0,0.2
2025-06-26 10:00:00-03:00,60.0,0.0
2025-06-26 11:00:00-03:00,60.0,0.0
2025-06-26 12:00:00-03:00,60.0,0.0
2025-06-26 13:00:00-03:00,60.5,0.0
2025-06-26 14:00:00-03:00,60.0,0.0
2025-06-26 15:00:00-03:00,60.25,0.0
2025-06-26 16:00:00-03:00,60.75,0.0
2025-06-26 17:00:00-03:00,61.0,0.0
2025-06-26 18:00:00-03:00,61.0,0.0
2025-06-26 19:00:00-03:00,60.5,0.0
2025-06-26 20:00:00-03:00,60.25,0.0
2025-06-26 21:00:00-03:00,60.0,0.0
2025-06-26 22:00:00-03:00,60.0,0.0
2025-06-26 23:00:00-03:00,60.0,0.0
2025-06-27 00:00:00-03:00,60.0,0.0
2025-06-27 01:00:00-03:00,60.0,0.0
2025-06-27 02:00:00-03:00,60.0,0.0
2025-06-27 03:00:00-03:00,59.5,0.0
2025-06-27 04:00:00-03:00,59.25,0.0
2025-06-27 05:00:00-03:00,59.0,0.0
2025-06-27 06:00:00-03:00,59.0,0.0
2025-06-27 07:00:00-03:00,59.0,0.0
2025-06-27 08:00:00-03:00,59.0,0.2
2025-06-27 09:00:00-03:00,58.75,0.0
2025-06-27 10:00:00-03:00,59.0,0.0
2025-06-27 11:00:00-03:00,59.0,0.0
2025-06-27 12:00:00-03:00,59.0,0.0
2025-06-27 13:00:00-03:00,59.0,0.0
2025-06-27 14:00:00-03:00,59.0,0.0
2025-06-27 15:00:00-03:00,59.0,0.0
2025-06-27 16:00:00-03:00,58.75,0.0
2025-06-27 17:00:00-03:00,58.0,0.0
2025-06-27 18:00:00-03:00,58.0,0.0
2025-06-27 19:00:00-03:00,58.0,0.0
2025-06-27 20:00:00-03:00,58.0,0.0
2025-06-27 21:00:00-03:00,58.0,0.0
2025-06-27 22:00:00-03:00,58.0,0.0
2025-06-27 23:00:00-03:00,57.75,0.0
2025-06-28 00:00:00-03:00,57.75,0.0
2025-06-28 01:00:00-03:00,57.5,0.0
2025-06-28 02:00:00-03:00,57.25,0.0
2025-06-28 03:00:00-03:00,57.0,0.0
2025-06-28 04:00:00-03:00,57.0,0.0
2025-06-28 05:00:00-03:00,57.0,0.0
2025-06-28 06:00:00-03:00,57.0,0.0
2025-06-28 07:00:00-03:00,57.25,0.0
2025-06-28 08:00:00-03:00,57.25,0.0
2025-06-28 09:00:00-03:00,57.0,0.0
2025-06-28 10:00:00-03:00,57.0,0.0
2025-06-28 11:00:00-03:00,57.25,0.0
2025-06-28 12:00:00-03:00,57.75,0.0
2025-06-28 13:00:00-03:00,58.0,0.0
2025-06-28 14:00:00-03:00,58.0,0.0
2025-06-28 15:00:00-03:00,58.0,0.0
2025-06-28 16:00:00-03:00,57.75,0.0
2025-06-28 17:00:00-03:00,58.0,0.0
2025-06-28 18:00:00-03:00,57.25,0.0
2025-06-28 19:00:00-03:00,57.0,0.0
2025-06-28 20:00:00-03:00,57.0,0.0
2025-06-28 21:00:00-03:00,57.0,0.0
2025-06-28 22:00:00-03:00,57.0,0.0
2025-06-28 23:00:00-03:00,56.75,0.0
2025-06-29 00:00:00-03:00,56.0,0.0
2025-06-29 01:00:00-03:00,56.0,0.0
2025-06-29 02:00:00-03:00,56.0,0.0
2025-06-29 03:00:00-03:00,56.0,0.0
2025-06-29 04:00:00-03:00,55.5,0.0
2025-06-29 05:00:00-03:00,55.0,0.2
2025-06-29 06:00:00-03:00,55.0,0.0
2025-06-29 07:00:00-03:00,55.0,0.0
2025-06-29 08:00:00-03:00,55.0,0.0
2025-06-29 09:00:00-03:00,55.0,0.0
2025-06-29 10:00:00-03:00,55.0,0.0
2025-06-29 11:00:00-03:00,55.0,0.0
2025-06-29 12:00:00-03:00,55.0,0.0
2025-06-29 13:00:00-03:00,55.0,0.0
2025-06-29 14:00:00-03:00,55.0,0.0
2025-06-29 15:00:00-03:00,55.0,0.0
2025-06-29 16:00:00-03:00,55.0,0.0
2025-06-29 17:00:00-03:00,55.0,0.0
2025-06-29 18:00:00-03:00,54.75,0.0
2025-06-29 19:00:00-03:00,54.25,0.0
2025-06-29 20:00:00-03:00,54.0,0.0
2025-06-29 21:00:00-03:00,54.0,0.0
2025-06-29 22:00:00-03:00,54.0,0.0
2025-06-29 23:00:00-03:00,54.0,0.0
2025-06-30 00:00:00-03:00,53.5,0.0
2025-06-30 01:00:00-03:00,53.25,0.0
2025-06-30 02:00:00-03:00,53.0,0.0
2025-06-30 03:00:00-03:00,53.0,0.0
2025-06-30 04:00:00-03:00,53.0,0.0
2025-06-30 05:00:00-03:00,52.5,0.0
2025-06-30 06:00:00-03:00,52.25,0.2
2025-06-30 07:00:00-03:00,52.0,0.0
2025-06-30 08:00:00-03:00,52.0,0.0
2025-06-30 09:00:00-03:00,52.0,0.0
2025-06-30 10:00:00-03:00,52.0,0.0
2025-06-30 11:00:00-03:00,52.0,0.0
2025-06-30 12:00:00-03:00,52.25,0.0
2025-06-30 13:00:00-03:00,52.25,0.0
2025-06-30 14:00:00-03:00,53.0,0.0
2025-06-30 15:00:00-03:00,52.5,0.0
2025-06-30 16:00:00-03:00,52.75,0.0
2025-06-30 17:00:00-03:00,52.75,0.0
2025-06-30 18:00:00-03:00,52.0,0.0
2025-06-30 19:00:00-03:00,52.0,0.0
2025-06-30 20:00:00-03:00,52.0,0.0
2025-06-30 21:00:00-03:00,52.0,0.0
2025-06-30 22:00:00-03:00,52.0,0.0
2025-06-30 23:00:00-03:00,52.0,0.0
2025-07-01 00:00:00-03:00,52.0,0.0
2025-07-01 01:00:00-03:00,52.0,0.0
2025-07-01 02:00:00-03:00,51.75,0.0
2025-07-01 03:00:00-03:00,51.75,0.0
2025-07-01 04:00:00-03:00,51.25,0.0
2025-07-01 05:00:00-03:00,51.0,0.0
2025-07-01 06:00:00-03:00,51.0,0.0
2025-07-01 07:00:00-03:00,51.0,0.0
2025-07-01 08:00:00-03:00,51.0,0.0
2025-07-01 09:00:00-03:00,51.0,0.0
2025-07-01 10:00:00-03:00,51.0,0.0
2025-07-01 11:00:00-03:00,51.0,0.0
2025-07-01 12:00:00-03:00,51.0,0.0
2025-07-01 13:00:00-03:00,51.25,0.0
2025-07-01 14:00:00-03:00,51.25,0.0
2025-07-01 15:00:00-03:00,51.75,0.0
2025-07-01 16:00:00-03:00,51.5,0.0
2025-07-01 17:00:00-03:00,51.25,0.0
2025-07-01 18:00:00-03:00,51.0,0.0
2025-07-01 19:00:00-03:00,51.5,0.0
2025-07-01 20:00:00-03:00,51.5,0.0
2025-07-01 21:00:00-03:00,51.0,0.0
2025-07-01 22:00:00-03:00,51.0,0.0
2025-07-01 23:00:00-03:00,51.0,0.0
2025-07-02 00:00:00-03:00,51.0,0.0
2025-07-02 01:00:00-03:00,51.0,0.0
2025-07-02 02:00:00-03:00,51.0,0.0
2025-07-02 03:00:00-03:00,51.0,0.0
2025-07-02 04:00:00-03:00,50.25,0.0
2025-07-02 05:00:00-03:00,50.0,0.0
2025-07-02 06:00:00-03:00,50.0,0.2
2025-07-02 07:00:00-03:00,50.0,0.0
2025-07-02 08:00:00-03:00,50.0,0.0
2025-07-02 09:00:00-03:00,50.0,0.0
2025-07-02 10:00:00-03:00,50.0,0.0
2025-07-02 11:00:00-03:00,50.0,0.0
2025-07-02 12:00:00-03:00,50.25,0.0
2025-07-02 13:00:00-03:00,51.0,0.0
2025-07-02 14:00:00-03:00,51.0,0.0
2025-07-02 15:00:00-03:00,51.0,0.0
2025-07-02 16:00:00-03:00,51.0,0.0
2025-07-02 17:00:00-03:00,51.0,0.0
2025-07-02 18:00:00-03:00,51.25,0.0
2025-07-02 19:00:00-03:00,51.5,0.0
2025-07-02 20:00:00-03:00,51.25,0.0
2025-07-02 21:00:00-03:00,51.5,0.0
2025-07-02 22:00:00-03:00,51.5,0.0
2025-07-02 23:00:00-03:00,51.25,0.0
2025-07-03 00:00:00-03:00,51.0,0.0
2025-07-03 01:00:00-03:00,51.5,0.0
2025-07-03 02:00:00-03:00,51.0,0.0
2025-07-03 03:00:00-03:00,51.25,0.0
2025-07-03 04:00:00-03:00,51.0,0.0
2025-07-03 05:00:00-03:00,51.5,0.0
2025-07-03 06:00:00-03:00,52.0,0.0
2025-07-03 07:00:00-03:00,52.0,0.0
2025-07-03 08:00:00-03:00,52.0,0.0
2025-07-03 09:00:00-03:00,52.0,0.0
2025-07-03 10:00:00-03:00,52.0,0.0
2025-07-03 11:00:00-03:00,52.0,0.0
2025-07-03 12:00:00-03:00,52.25,0.0
2025-07-03 13:00:00-03:00,52.25,0.0
2025-07-03 14:00:00-03:00,52.25,0.0
2025-07-03 15:00:00-03:00,52.5,0.0
2025-07-03 16:00:00-03:00,52.5,0.0
2025-07-03 17:00:00-03:00,52.0,0.0
2025-07-03 18:00:00-03:00,52.0,0.0
2025-07-03 19:00:00-03:00,52.5,0.0
2025-07-03 20:00:00-03:00,52.0,0.0
2025-07-03 21:00:00-03:00,52.0,0.0
2025-07-03 22:00:00-03:00,52.0,0.0
2025-07-03 23:00:00-03:00,52.0,0.0
2025-07-04 00:00:00-03:00,51.0,0.0
2025-07-04 01:00:00-03:00,51.25,0.0
2025-07-04 02:00:00-03:00,51.0,0.0
2025-07-04 03:00:00-03:00,50.75,0.0
2025-07-04 04:00:00-03:00,50.0,0.0
2025-07-04 05:00:00-03:00,50.0,0.0
2025-07-04 06:00:00-03:00,50.0,0.0
2025-07-04 07:00:00-03:00,50.0,0.0
2025-07-04 08:00:00-03:00,50.0,0.0
2025-07-04 09:00:00-03:00,49.5,0.0
2025-07-04 10:00:00-03:00,49.0,0.0
2025-07-04 11:00:00-03:00,49.25,0.0
2025-07-04 12:00:00-03:00,49.75,0.0
2025-07-04 13:00:00-03:00,50.0,0.0
2025-07-04 14:00:00-03:00,50.0,0.0
2025-07-04 15:00:00-03:00,50.0,0.0
2025-07-04 16:00:00-03:00,50.0,0.0
2025-07-04 17:00:00-03:00,50.0,0.0
2025-07-04 18:00:00-03:00,50.0,0.0
2025-07-04 19:00:00-03:00,50.0,0.0
2025-07-04 20:00:00-03:00,50.0,0.0
2025-07-04 21:00:00-03:00,50.0,0.0
2025-07-04 22:00:00-03:00,50.0,0.0
2025-07-04 23:00:00-03:00,49.25,0.0
2025-07-05 00:00:00-03:00,49.25,0.0
2025-07-05 01:00:00-03:00,49.25,0.0
2025-07-05 02:00:00-03:00,49.0,0.0
2025-07-05 03:00:00-03:00,49.0,0.0
2025-07-05 04:00:00-03:00,49.0,0.0
2025-07-05 05:00:00-03:00,49.0,0.0
2025-07-05 06:00:00-03:00,49.0,0.0
2025-07-05 07:00:00-03:00,49.0,0.0
2025-07-05 08:00:00-03:00,49.0,0.0
2025-07-05 09:00:00-03:00,49.0,0.2
2025-07-05 10:00:00-03:00,49.0,0.0
2025-07-05 11:00:00-03:00,49.0,0.0
2025-07-05 12:00:00-03:00,49.25,0.0
2025-07-05 13:00:00-03:00,49.5,0.0
2025-07-05 14:00:00-03:00,49.75,0.0
2025-07-05 15:00:00-03:00,49.5,0.0
2025-07-05 16:00:00-03:00,49.5,0.0
2025-07-05 17:00:00-03:00,49.25,0.0
2025-07-05 18:00:00-03:00,49.0,0.0
2025-07-05 19:00:00-03:00,49.0,0.0
2025-07-05 20:00:00-03:00,49.0,0.0
2025-07-05 21:00:00-03:00,49.0,0.0
2025-07-05 22:00:00-03:00,49.0,0.0
2025-07-05 23:00:00-03:00,49.0,0.0
2025-07-06 00:00:00-03:00,49.0,0.0
2025-07-06 01:00:00-03:00,49.0,0.0
2025-07-06 02:00:00-03:00,49.0,0.0
2025-07-06 03:00:00-03:00,49.0,0.0
2025-07-06 04:00:00-03:00,49.0,0.0
2025-07-06 05:00:00-03:00,49.0,0.0
2025-07-06 06:00:00-03:00,49.0,0.0
2025-07-06 07:00:00-03:00,49.0,0.0
2025-07-06 08:00:00-03:00,49.0,0.0
2025-07-06 09:00:00-03:00,49.0,0.0
2025-07-06 10:00:00-03:00,49.0,0.0
2025-07-06 11:00:00-03:00,49.0,0.0
2025-07-06 12:00:00-03:00,49.25,0.0
2025-07-06 13:00:00-03:00,50.0,0.0
2025-07-06 14:00:00-03:00,50.0,0.0
2025-07-06 15:00:00-03:00,50.0,0.0
2025-07-06 16:00:00-03:00,50.0,0.0
2025-07-06 17:00:00-03:00,50.0,0.0
2025-07-06 18:00:00-03:00,49.5,0.0
2025-07-06 19:00:00-03:00,49.75,0.0
2025-07-06 20:00:00-03:00,49.25,0.0
2025-07-06 21:00:00-03:00,49.0,0.0
2025-07-06 22:00:00-03:00,49.0,0.0
2025-07-06 23:00:00-03:00,49.0,0.0
2025-07-07 00:00:00-03:00,49.0,0.0
2025-07-07 01:00:00-03:00,49.0,0.0
2025-07-07 02:00:00-03:00,49.0,0.0
2025-07-07 03:00:00-03:00,49.0,0.0
2025-07-07 04:00:00-03:00,49.0,0.0
2025-07-07 05:00:00-03:00,48.75,0.0
2025-07-07 06:00:00-03:00,49.0,0.0
2025-07-07 07:00:00-03:00,48.25,0.0
2025-07-07 08:00:00-03:00,48.0,0.0
2025-07-07 09:00:00-03:00,48.0,0.2
2025-07-07 10:00:00-03:00,48.0,0.0
2025-07-07 11:00:00-03:00,48.0,0.0
2025-07-07 12:00:00-03:00,48.5,0.0
2025-07-07 13:00:00-03:00,48.5,0.0
2025-07-07 14:00:00-03:00,49.0,0.0
2025-07-07 15:00:00-03:00,49.0,0.0
2025-07-07 16:00:00-03:00,48.75,0.0
2025-07-07 17:00:00-03:00,49.0,0.0
2025-07-07 18:00:00-03:00,49.0,0.0
2025-07-07 19:00:00-03:00,49.0,0.0
2025-07-07 20:00:00-03:00,49.0,0.0
2025-07-07 21:00:00-03:00,49.0,0.0
2025-07-07 22:00:00-03:00,49.0,0.0
2025-07-07 23:00:00-03:00,49.0,0.0
2025-07-08 00:00:00-03:00,49.0,0.0
2025-07-08 01:00:00-03:00,49.0,0.0
2025-07-08 02:00:00-03:00,49.0,0.0
2025-07-08 03:00:00-03:00,49.0,0.0
2025-07-08 04:00:00-03:00,48.75,0.0
2025-07-08 05:00:00-03:00,49.0,0.0
2025-07-08 06:00:00-03:00,49.0,0.0
2025-07-08 07:00:00-03:00,49.0,0.2
2025-07-08 08:00:00-03:00,49.0,0.0
2025-07-08 09:00:00-03:00,48.25,0.0
2025-07-08 10:00:00-03:00,48.75,0.0
2025-07-08 11:00:00-03:00,49.0,0.0
2025-07-08 12:00:00-03:00,49.0,0.0
2025-07-08 13:00:00-03:00,49.0,0.0
2025-07-08 14:00:00-03:00,49.0,0.0
2025-07-08 15:00:00-03:00,49.25,0.0
2025-07-08 16:00:00-03:00,49.0,0.0
2025-07-08 17:00:00-03:00,49.25,0.0
2025-07-08 18:00:00-03:00,49.0,0.0
2025-07-08 19:00:00-03:00,49.0,0.0
2025-07-08 20:00:00-03:00,49.0,0.0
2025-07-08 21:00:00-03:00,49.0,0.0
2025-07-08 22:00:00-03:00,49.0,0.0
2025-07-08 23:00:00-03:00,48.75,0.0
2025-07-09 00:00:00-03:00,48.0,0.0
2025-07-09 01:00:00-03:00,48.0,0.0
2025-07-09 02:00:00-03:00,48.0,0.0
2025-07-09 03:00:00-03:00,48.0,0.0
2025-07-09 04:00:00-03:00,48.0,0.0
2025-07-09 05:00:00-03:00,48.0,0.0
2025-07-09 06:00:00-03:00,48.0,0.0
2025-07-09 07:00:00-03:00,47.75,0.0
2025-07-09 08:00:00-03:00,47.0,0.0
2025-07-09 09:00:00-03:00,47.0,0.0
2025-07-09 10:00:00-03:00,47.0,0.0
2025-07-09 11:00:00-03:00,47.0,0.0
2025-07-09 12:00:00-03:00,47.0,0.0
2025-07-09 13:00:00-03:00,47.0,0.0
2025-07-09 14:00:00-03:00,47.0,0.0
2025-07-09 15:00:00-03:00,47.0,0.0
2025-07-09 16:00:00-03:00,47.0,0.0
2025-07-09 17:00:00-03:00,47.0,0.0
2025-07-09 18:00:00-03:00,47.0,0.0
2025-07-09 19:00:00-03:00,47.0,0.0
2025-07-09 20:00:00-03:00,47.0,0.0
2025-07-09 21:00:00-03:00,47.0,0.0
2025-07-09 22:00:00-03:00,47.0,0.0
2025-07-09 23:00:00-03:00,47.0,0.0
2025-07-10 00:00:00-03:00,47.0,0.0
2025-07-10 01:00:00-03:00,47.0,0.0
2025-07-10 02:00:00-03:00,47.0,0.0
2025-07-10 03:00:00-03:00,47.0,0.0
2025-07-10 04:00:00-03:00,47.0,0.0
2025-07-10 05:00:00-03:00,47.0,0.0
2025-07-10 06:00:00-03:00,47.0,0.0
2025-07-10 07:00:00-03:00,47.0,0.0
2025-07-10 08:00:00-03:00,47.25,0.0
2025-07-10 09:00:00-03:00,47.0,0.0
2025-07-10 10:00:00-03:00,47.0,0.0
2025-07-10 11:00:00-03:00,47.75,0.0
2025-07-10 12:00:00-03:00,47.5,0.0
2025-07-10 13:00:00-03:00,48.0,0.0
2025-07-10 14:00:00-03:00,48.0,0.0
2025-07-10 15:00:00-03:00,48.0,0.0
2025-07-10 16:00:00-03:00,48.0,0.0
2025-07-10 17:00:00-03:00,48.0,0.0
2025-07-10 18:00:00-03:00,48.0,0.0
2025-07-10 19:00:00-03:00,48.0,0.0
2025-07-10 20:00:00-03:00,48.0,0.0
2025-07-10 21:00:00-03:00,48.0,0.0
2025-07-10 22:00:00-03:00,48.0,0.0
2025-07-10 23:00:00-03:00,48.0,0.0
2025-07-11 00:00:00-03:00,48.0,0.0
2025-07-11 01:00:00-03:00,48.0,0.0
2025-07-11 02:00:00-03:00,48.0,0.0
2025-07-11 03:00:00-03:00,48.0,0.0
2025-07-11 04:00:00-03:00,48.0,0.0
2025-07-11 05:00:00-03:00,47.75,0.0
2025-07-11 06:00:00-03:00,47.75,0.0
2025-07-11 07:00:00-03:00,47.75,0.0
2025-07-11 08:00:00-03:00,47.25,0.0
2025-07-11 09:00:00-03:00,47.0,0.0
2025-07-11 10:00:00-03:00,47.0,0.0
2025-07-11 11:00:00-03:00,48.0,0.0
2025-07-11 12:00:00-03:00,48.0,0.0
2025-07-11 13:00:00-03:00,48.0,0.0
2025-07-11 14:00:00-03:00,48.0,0.0
2025-07-11 15:00:00-03:00,48.0,0.0
2025-07-11 16:00:00-03:00,48.0,0.0
2025-07-11 17:00:00-03:00,48.0,0.0
2025-07-11 18:00:00-03:00,47.75,0.0
2025-07-11 19:00:00-03:00,47.5,0.0
2025-07-11 20:00:00-03:00,47.0,0.0
2025-07-11 21:00:00-03:00,47.0,0.0
2025-07-11 22:00:00-03:00,47.0,0.0
2025-07-11 23:00:00-03:00,47.0,0.0
2025-07-12 00:00:00-03:00,47.0,0.0
2025-07-12 01:00:00-03:00,47.0,0.0
2025-07-12 02:00:00-03:00,47.0,0.0
2025-07-12 03:00:00-03:00,46.25,0.0
2025-07-12 04:00:00-03:00,46.25,0.0
2025-07-12 05:00:00-03:00,46.0,0.0
2025-07-12 06:00:00-03:00,46.0,0.0
2025-07-12 07:00:00-03:00,46.0,0.0
2025-07-12 08:00:00-03:00,46.0,0.0
2025-07-12 09:00:00-03:00,46.0,0.0
2025-07-12 10:00:00-03:00,46.0,0.0
2025-07-12 11:00:00-03:00,46.0,0.0
2025-07-12 12:00:00-03:00,46.0,0.0
2025-07-12 13:00:00-03:00,46.0,0.0
2025-07-12 14:00:00-03:00,46.5,0.0
2025-07-12 15:00:00-03:00,46.75,0.0
2025-07-12 16:00:00-03:00,47.0,0.0
2025-07-12 17:00:00-03:00,46.25,0.0
2025-07-12 18:00:00-03:00,46.0,0.0
2025-07-12 19:00:00-03:00,46.0,0.0
2025-07-12 20:00:00-03:00,46.0,0.0
2025-07-12 21:00:00-03:00,46.0,0.0
2025-07-12 22:00:00-03:00,46.0,0.0
2025-07-12 23:00:00-03:00,46.0,0.0
2025-07-13 00:00:00-03:00,46.0,0.0
2025-07-13 01:00:00-03:00,45.75,0.0
2025-07-13 02:00:00-03:00,45.75,0.0
2025-07-13 03:00:00-03:00,46.0,0.0
2025-07-13 04:00:00-03:00,46.0,0.0
2025-07-13 05:00:00-03:00,45.25,0.0
2025-07-13 06:00:00-03:00,45.5,0.0
2025-07-13 07:00:00-03:00,45.75,0.0
2025-07-13 08:00:00-03:00,46.0,0.0
2025-07-13 09:00:00-03:00,45.0,0.0
2025-07-13 10:00:00-03:00,45.0,0.0
2025-07-13 11:00:00-03:00,45.0,0.0
2025-07-13 12:00:00-03:00,45.0,0.0
2025-07-13 13:00:00-03:00,46.0,0.0
2025-07-13 14:00:00-03:00,46.0,0.0
2025-07-13 15:00:00-03:00,46.0,0.0
2025-07-13 16:00:00-03:00,46.0,0.0
2025-07-13 17:00:00-03:00,46.0,0.0
2025-07-13 18:00:00-03:00,46.0,0.0
2025-07-13 19:00:00-03:00,46.0,0.0
2025-07-13 20:00:00-03:00,45.75,0.0
2025-07-13 21:00:00-03:00,45.5,0.0
2025-07-13 22:00:00-03:00,45.0,0.0
2025-07-13 23:00:00-03:00,45.0,0.0
2025-07-14 00:00:00-03:00,45.0,0.0
2025-07-14 01:00:00-03:00,45.0,0.0
2025-07-14 02:00:00-03:00,45.0,0.0
2025-07-14 03:00:00-03:00,45.0,0.0
2025-07-14 04:00:00-03:00,45.0,0.0
2025-07-14 05:00:00-03:00,45.0,0.0
2025-07-14 06:00:00-03:00,45.0,0.0
2025-07-14 07:00:00-03:00,45.0,0.0
2025-07-14 08:00:00-03:00,45.0,0.0
2025-07-14 09:00:00-03:00,44.75,0.0
2025-07-14 10:00:00-03:00,44.25,0.0
2025-07-14 11:00:00-03:00,44.5,0.0
2025-07-14 12:00:00-03:00,45.0,0.0
2025-07-14 13:00:00-03:00,45.0,0.0
2025-07-14 14:00:00-03:00,45.0,0.0
2025-07-14 15:00:00-03:00,45.0,0.0
2025-07-14 16:00:00-03:00,45.0,0.0
2025-07-14 17:00:00-03:00,45.0,0.0
2025-07-14 18:00:00-03:00,45.0,0.0
2025-07-14 19:00:00-03:00,45.0,0.0
2025-07-14 20:00:00-03:00,45.0,0.0
2025-07-14 21:00:00-03:00,45.0,0.0
2025-07-14 22:00:00-03:00,44.5,0.0
2025-07-14 23:00:00-03:00,44.75,0.0
2025-07-15 00:00:00-03:00,44.25,0.0
2025-07-15 01:00:00-03:00,44.25,0.0
2025-07-15 02:00:00-03:00,44.0,0.0
2025-07-15 03:00:00-03:00,44.0,0.0
2025-07-15 04:00:00-03:00,44.0,0.0
2025-07-15 05:00:00-03:00,44.0,0.0
2025-07-15 06:00:00-03:00,44.0,0.0
2025-07-15 07:00:00-03:00,44.0,0.0
2025-07-15 08:00:00-03:00,44.0,0.0
2025-07-15 09:00:00-03:00,44.0,0.0
2025-07-15 10:00:00-03:00,44.0,0.0
2025-07-15 11:00:00-03:00,44.0,0.0
2025-07-15 12:00:00-03:00,44.0,0.0
2025-07-15 13:00:00-03:00,44.0,0.0
2025-07-15 14:00:00-03:00,44.5,0.0
2025-07-15 15:00:00-03:00,44.25,0.0
2025-07-15 16:00:00-03:00,45.0,0.0
2025-07-15 17:00:00-03:00,44.25,0.0
2025-07-15 18:00:00-03:00,44.0,0.0
2025-07-15 19:00:00-03:00,44.0,0.0
2025-07-15 20:00:00-03:00,44.0,0.0
2025-07-15 21:00:00-03:00,44.0,0.0
2025-07-15 22:00:00-03:00,44.0,0.0
2025-07-15 23:00:00-03:00,44.0,0.0
2025-07-16 00:00:00-03:00,44.0,0.0
2025-07-16 01:00:00-03:00,44.0,0.0
2025-07-16 02:00:00-03:00,44.0,0.0
2025-07-16 03:00:00-03:00,44.0,0.0
2025-07-16 04:00:00-03:00,44.0,0.0
2025-07-16 05:00:00-03:00,44.0,0.0
2025-07-16 06:00:00-03:00,44.0,0.0
2025-07-16 07:00:00-03:00,44.0,0.0
2025-07-16 08:00:00-03:00,44.0,0.0
2025-07-16 09:00:00-03:00,43.75,0.0
2025-07-16 10:00:00-03:00,44.0,0.0
2025-07-16 11:00:00-03:00,44.0,0.0
2025-07-16 12:00:00-03:00,44.0,0.0
2025-07-16 13:00:00-03:00,44.25,0.0
2025-07-16 14:00:00-03:00,44.75,0.0
2025-07-16 15:00:00-03:00,44.25,0.0
2025-07-16 16:00:00-03:00,45.0,0.0
2025-07-16 17:00:00-03:00,44.75,0.0
2025-07-16 18:00:00-03:00,44.0,0.0
2025-07-16 19:00:00-03:00,44.0,0.0
2025-07-16 20:00:00-03:00,44.0,0.0
2025-07-16 21:00:00-03:00,44.0,0.0
2025-07-16 22:00:00-03:00,44.0,0.0
2025-07-16 23:00:00-03:00,44.0,0.0
2025-07-17 00:00:00-03:00,44.0,0.0
2025-07-17 01:00:00-03:00,44.0,0.0
2025-07-17 02:00:00-03:00,43.5,0.0
2025-07-17 03:00:00-03:00,43.5,0.0
2025-07-17 04:00:00-03:00,43.25,0.0
2025-07-17 05:00:00-03:00,43.0,0.0
2025-07-17 06:00:00-03:00,43.0,0.0
2025-07-17 07:00:00-03:00,43.0,0.0
2025-07-17 08:00:00-03:00,43.0,0.0
2025-07-17 09:00:00-03:00,43.0,0.0
2025-07-17 10:00:00-03:00,43.0,0.0
2025-07-17 11:00:00-03:00,43.0,0.0
2025-07-17 12:00:00-03:00,43.25,0.0
2025-07-17 13:00:00-03:00,44.0,0.0
2025-07-17 14:00:00-03:00,44.0,0.0
2025-07-17 15:00:00-03:00,44.0,0.0
2025-07-17 16:00:00-03:00,44.0,0.0
2025-07-17 17:00:00-03:00,44.0,0.0
2025-07-17 18:00:00-03:00,44.0,0.0
2025-07-17 19:00:00-03:00,44.0,0.0
2025-07-17 20:00:00-03:00,43.0,0.0
2025-07-17 21:00:00-03:00,43.0,0.0
2025-07-17 22:00:00-03:00,43.0,0.0
2025-07-17 23:00:00-03:00,43.0,0.0
2025-07-18 00:00:00-03:00,43.0,0.0
2025-07-18 01:00:00-03:00,43.0,0.0
2025-07-18 02:00:00-03:00,43.0,0.0
2025-07-18 03:00:00-03:00,43.0,0.0
2025-07-18 04:00:00-03:00,42.75,0.0
2025-07-18 05:00:00-03:00,43.0,0.0
2025-07-18 06:00:00-03:00,43.0,0.0
2025-07-18 07:00:00-03:00,43.0,0.2
2025-07-18 08:00:00-03:00,42.75,0.0
2025-07-18 09:00:00-03:00,42.75,0.0
2025-07-18 10:00:00-03:00,43.0,0.0
2025-07-18 11:00:00-03:00,43.0,0.0
2025-07-18 12:00:00-03:00,43.0,0.0
2025-07-18 13:00:00-03:00,43.25,0.0
2025-07-18 14:00:00-03:00,43.75,0.0
2025-07-18 15:00:00-03:00,43.25,0.0
2025-07-18 16:00:00-03:00,43.5,0.0
2025-07-18 17:00:00-03:00,43.0,0.0
2025-07-18 18:00:00-03:00,43.0,0.0
2025-07-18 19:00:00-03:00,43.0,0.0
2025-07-18 20:00:00-03:00,43.25,0.0
2025-07-18 21:00:00-03:00,43.0,0.0
2025-07-18 22:00:00-03:00,43.0,0.0
2025-07-18 23:00:00-03:00,43.0,0.0
2025-07-19 00:00:00-03:00,43.0,0.0
2025-07-19 01:00:00-03:00,43.0,0.0
2025-07-19 02:00:00-03:00,43.0,0.0
2025-07-19 03:00:00-03:00,43.0,0.0
2025-07-19 04:00:00-03:00,43.0,0.0
2025-07-19 05:00:00-03:00,42.75,0.0
2025-07-19 06:00:00-03:00,42.5,0.0
2025-07-19 07:00:00-03:00,43.0,0.0
2025-07-19 08:00:00-03:00,42.0,0.0
2025-07-19 09:00:00-03:00,42.0,0.0
2025-07-19 10:00:00-03:00,42.25,0.0
2025-07-19 11:00:00-03:00,43.0,0.0
2025-07-19 12:00:00-03:00,43.0,0.0
2025-07-19 13:00:00-03:00,43.0,0.0
2025-07-19 14:00:00-03:00,43.0,0.0
2025-07-19 15:00:00-03:00,43.0,0.0
2025-07-19 16:00:00-03:00,43.0,0.0
2025-07-19 17:00:00-03:00,43.0,0.0
2025-07-19 18:00:00-03:00,43.0,0.0
2025-07-19 19:00:00-03:00,43.0,0.0
2025-07-19 20:00:00-03:00,43.0,0.0
2025-07-19 21:00:00-03:00,43.0,0.0
2025-07-19 22:00:00-03:00,43.0,0.0
2025-07-19 23:00:00-03:00,43.0,0.0
2025-07-20 00:00:00-03:00,43.0,0.0
2025-07-20 01:00:00-03:00,43.0,0.0
2025-07-20 02:00:00-03:00,42.25,0.0
2025-07-20 03:00:00-03:00,42.0,0.0
2025-07-20 04:00:00-03:00,42.25,0.0
2025-07-20 05:00:00-03:00,42.0,0.0
2025-07-20 06:00:00-03:00,42.25,0.0
2025-07-20 07:00:00-03:00,42.75,0.0
2025-07-20 08:00:00-03:00,42.0,0.0
2025-07-20 09:00:00-03:00,42.0,0.0
2025-07-20 10:00:00-03:00,42.0,0.0
2025-07-20 11:00:00-03:00,42.25,0.0
2025-07-20 12:00:00-03:00,42.75,0.0
2025-07-20 13:00:00-03:00,43.0,0.0
2025-07-20 14:00:00-03:00,43.0,0.0
2025-07-20 15:00:00-03:00,43.0,0.0
2025-07-20 16:00:00-03:00,43.0,0.0
2025-07-20 17:00:00-03:00,43.0,0.0
2025-07-20 18:00:00-03:00,43.0,0.0
2025-07-20 19:00:00-03:00,43.0,0.0
2025-07-20 20:00:00-03:00,42.5,0.0
2025-07-20 21:00:00-03:00,42.25,0.0
2025-07-20 22:00:00-03:00,42.0,0.0
2025-07-20 23:00:00-03:00,42.0,0.0
2025-07-21 00:00:00-03:00,42.0,0.0
2025-07-21 01:00:00-03:00,42.0,0.0
2025-07-21 02:00:00-03:00,42.0,0.0
2025-07-21 03:00:00-03:00,42.0,0.0
2025-07-21 04:00:00-03:00,41.75,0.0
2025-07-21 05:00:00-03:00,42.0,0.0
2025-07-21 06:00:00-03:00,41.75,0.2
2025-07-21 07:00:00-03:00,41.25,0.0
2025-07-21 08:00:00-03:00,41.0,0.0
2025-07-21 09:00:00-03:00,41.0,0.0
2025-07-21 10:00:00-03:00,41.0,0.0
2025-07-21 11:00:00-03:00,41.25,0.0
2025-07-21 12:00:00-03:00,41.5,0.0
2025-07-21 13:00:00-03:00,42.0,0.0
2025-07-21 14:00:00-03:00,42.0,0.0
2025-07-21 15:00:00-03:00,42.0,0.0
2025-07-21 16:00:00-03:00,42.0,0.0
2025-07-21 17:00:00-03:00,42.0,0.0
2025-07-21 18:00:00-03:00,42.0,0.0
2025-07-21 19:00:00-03:00,41.75,0.0
2025-07-21 20:00:00-03:00,42.0,0.0
2025-07-21 21:00:00-03:00,41.5,0.0
2025-07-21 22:00:00-03:00,41.0,0.0
2025-07-21 23:00:00-03:00,41.0,0.0
2025-07-22 00:00:00-03:00,41.0,0.0
2025-07-22 01:00:00-03:00,41.0,0.0
2025-07-22 02:00:00-03:00,41.0,0.0
2025-07-22 03:00:00-03:00,41.0,0.0
2025-07-22 04:00:00-03:00,41.0,0.0
2025-07-22 05:00:00-03:00,41.0,0.0
2025-07-22 06:00:00-03:00,41.0,0.0
2025-07-22 07:00:00-03:00,41.0,0.0
2025-07-22 08:00:00-03:00,41.0,0.0
2025-07-22 09:00:00-03:00,41.0,0.0
2025-07-22 10:00:00-03:00,41.0,0.0
2025-07-22 11:00:00-03:00,41.0,0.0
2025-07-22 12:00:00-03:00,41.5,0.0
2025-07-22 13:00:00-03:00,41.75,0.0
2025-07-22 14:00:00-03:00,42.0,0.0
2025-07-22 15:00:00-03:00,42.0,0.0
2025-07-22 16:00:00-03:00,42.0,0.0
2025-07-22 17:00:00-03:00,42.0,0.0
2025-07-22 18:00:00-03:00,42.0,0.0
2025-07-22 19:00:00-03:00,42.0,0.0
2025-07-22 20:00:00-03:00,42.0,0.0
2025-07-22 21:00:00-03:00,42.0,0.0
2025-07-22 22:00:00-03:00,41.75,0.0
2025-07-22 23:00:00-03:00,42.0,0.0
2025-07-23 00:00:00-03:00,41.5,0.0
2025-07-23 01:00:00-03:00,41.5,0.0
2025-07-23 02:00:00-03:00,41.25,0.0
2025-07-23 03:00:00-03:00,41.25,0.0
2025-07-23 04:00:00-03:00,41.0,0.0
2025-07-23 05:00:00-03:00,41.0,0.0
2025-07-23 06:00:00-03:00,41.25,0.0
2025-07-23 07:00:00-03:00,41.25,0.0
2025-07-23 08:00:00-03:00,41.75,0.0
2025-07-23 09:00:00-03:00,41.0,0.2
2025-07-23 10:00:00-03:00,41.5,0.0
2025-07-23 11:00:00-03:00,41.75,0.0
2025-07-23 12:00:00-03:00,42.0,0.0
2025-07-23 13:00:00-03:00,42.0,0.0
2025-07-23 14:00:00-03:00,42.0,0.0
2025-07-23 15:00:00-03:00,42.0,0.0
2025-07-23 16:00:00-03:00,42.0,0.0
2025-07-23 17:00:00-03:00,42.0,0.0
2025-07-23 18:00:00-03:00,42.0,0.0
2025-07-23 19:00:00-03:00,42.0,0.0
2025-07-23 20:00:00-03:00,42.0,0.0
2025-07-23 21:00:00-03:00,42.0,0.0
2025-07-23 22:00:00-03:00,42.0,0.0
2025-07-23 23:00:00-03:00,42.0,0.0
2025-07-24 00:00:00-03:00,41.25,0.0
2025-07-24 01:00:00-03:00,41.0,0.0
2025-07-24 02:00:00-03:00,41.0,0.0
2025-07-24 03:00:00-03:00,41.0,0.0
2025-07-24 04:00:00-03:00,41.0,0.0
2025-07-24 05:00:00-03:00,41.0,0.0
2025-07-24 06:00:00-03:00,41.0,0.0
2025-07-24 07:00:00-03:00,41.0,0.0
2025-07-24 08:00:00-03:00,41.0,0.0
2025-07-24 09:00:00-03:00,41.0,0.0
2025-07-24 10:00:00-03:00,41.0,0.0
2025-07-24 11:00:00-03:00,41.25,0.0
2025-07-24 12:00:00-03:00,42.0,0.0
2025-07-24 13:00:00-03:00,41.75,0.0
2025-07-24 14:00:00-03:00,42.0,0.0
2025-07-24 15:00:00-03:00,42.0,0.0
2025-07-24 16:00:00-03:00,42.0,0.0
2025-07-24 17:00:00-03:00,41.75,0.0
2025-07-24 18:00:00-03:00,41.5,0.0
2025-07-24 19:00:00-03:00,42.0,0.0
2025-07-24 20:00:00-03:00,41.25,0.0
2025-07-24 21:00:00-03:00,41.0,0.0
2025-07-24 22:00:00-03:00,41.0,0.0
2025-07-24 23:00:00-03:00,41.0,0.0
2025-07-25 00:00:00-03:00,41.0,0.0
2025-07-25 01:00:00-03:00,41.0,0.0
2025-07-25 02:00:00-03:00,40.75,0.0
2025-07-25 03:00:00-03:00,41.0,0.0
2025-07-25 04:00:00-03:00,40.5,0.0
2025-07-25 05:00:00-03:00,40.0,0.0
2025-07-25 06:00:00-03:00,40.25,0.0
2025-07-25 07:00:00-03:00,40.0,0.0
2025-07-25 08:00:00-03:00,40.0,0.2
2025-07-25 09:00:00-03:00,40.0,0.0
2025-07-25 10:00:00-03:00,40.0,0.0
2025-07-25 11:00:00-03:00,40.0,0.0
2025-07-25 12:00:00-03:00,40.25,0.0
2025-07-25 13:00:00-03:00,41.0,0.0
2025-07-25 14:00:00-03:00,41.0,0.0
2025-07-25 15:00:00-03:00,41.0,0.0
2025-07-25 16:00:00-03:00,41.0,8.8
2025-07-25 17:00:00-03:00,42.0,0.6
2025-07-25 18:00:00-03:00,41.75,0.0
2025-07-25 19:00:00-03:00,41.75,0.0
2025-07-25 20:00:00-03:00,41.25,0.0
2025-07-25 21:00:00-03:00,41.25,0.2
2025-07-25 22:00:00-03:00,41.25,0.0
2025-07-25 23:00:00-03:00,41.5,0.0
2025-07-26 00:00:00-03:00,42.0,0.0
2025-07-26 01:00:00-03:00,42.0,0.0
2025-07-26 02:00:00-03:00,42.0,0.0
2025-07-26 03:00:00-03:00,42.0,0.0
2025-07-26 04:00:00-03:00,43.0,0.0
2025-07-26 05:00:00-03:00,43.0,0.0
2025-07-26 06:00:00-03:00,43.0,0.0
2025-07-26 07:00:00-03:00,44.0,0.0
2025-07-26 08:00:00-03:00,44.0,0.2
2025-07-26 09:00:00-03:00,44.25,0.0
2025-07-26 10:00:00-03:00,45.0,0.0
2025-07-26 11:00:00-03:00,46.0,0.0
2025-07-26 12:00:00-03:00,47.0,0.0
2025-07-26 13:00:00-03:00,47.75,0.0
2025-07-26 14:00:00-03:00,48.75,0.0
2025-07-26 15:00:00-03:00,49.0,0.0
2025-07-26 16:00:00-03:00,50.0,0.0
2025-07-26 17:00:00-03:00,50.5,0.0
2025-07-26 18:00:00-03:00,51.0,0.0
2025-07-26 19:00:00-03:00,51.75,0.0
2025-07-26 20:00:00-03:00,52.0,0.0
2025-07-26 21:00:00-03:00,52.75,0.0
2025-07-26 22:00:00-03:00,53.0,0.0
2025-07-26 23:00:00-03:00,53.75,0.0
2025-07-27 00:00:00-03:00,54.75,0.0
2025-07-27 01:00:00-03:00,55.0,0.0
2025-07-27 02:00:00-03:00,55.75,0.0
2025-07-27 03:00:00-03:00,56.25,0.0
2025-07-27 04:00:00-03:00,57.0,0.0
2025-07-27 05:00:00-03:00,57.0,0.0
2025-07-27 06:00:00-03:00,57.75,0.0
2025-07-27 07:00:00-03:00,58.0,0.0
2025-07-27 08:00:00-03:00,58.25,0.2
2025-07-27 09:00:00-03:00,58.0,0.0
2025-07-27 10:00:00-03:00,58.25,0.0
2025-07-27 11:00:00-03:00,59.0,0.0
2025-07-27 12:00:00-03:00,59.0,0.0
2025-07-27 13:00:00-03:00,59.0,0.0
2025-07-27 14:00:00-03:00,59.0,0.0
2025-07-27 15:00:00-03:00,59.0,0.0
2025-07-27 16:00:00-03:00,59.0,0.0
2025-07-27 17:00:00-03:00,59.0,0.0
2025-07-27 18:00:00-03:00,58.75,0.0
2025-07-27 19:00:00-03:00,58.0,0.0
2025-07-27 20:00:00-03:00,58.0,0.0
2025-07-27 21:00:00-03:00,57.75,0.0
2025-07-27 22:00:00-03:00,57.0,0.0
2025-07-27 23:00:00-03:00,56.5,0.0
2025-07-28 00:00:00-03:00,56.25,0.0
2025-07-28 01:00:00-03:00,55.75,0.0
2025-07-28 02:00:00-03:00,55.0,0.0
2025-07-28 03:00:00-03:00,54.5,0.0
2025-07-28 04:00:00-03:00,54.0,0.0
2025-07-28 05:00:00-03:00,53.5,0.0
2025-07-28 06:00:00-03:00,53.25,0.0
2025-07-28 07:00:00-03:00,53.0,0.0
2025-07-28 08:00:00-03:00,52.5,0.0
2025-07-28 09:00:00-03:00,52.0,0.0
2025-07-28 10:00:00-03:00,52.0,1.0
2025-07-28 11:00:00-03:00,52.0,0.0
2025-07-28 12:00:00-03:00,51.5,0.0
2025-07-28 13:00:00-03:00,51.0,0.0
2025-07-28 14:00:00-03:00,50.5,0.0
2025-07-28 15:00:00-03:00,50.0,0.0
2025-07-28 16:00:00-03:00,50.0,0.0
2025-07-28 17:00:00-03:00,49.0,0.0
2025-07-28 18:00:00-03:00,49.0,0.0
2025-07-28 19:00:00-03:00,49.0,0.0
2025-07-28 20:00:00-03:00,48.25,0.0
2025-07-28 21:00:00-03:00,48.0,0.0
2025-07-28 22:00:00-03:00,48.0,0.0
2025-07-28 23:00:00-03:00,47.25,0.0
2025-07-29 00:00:00-03:00,47.0,0.0
2025-07-29 01:00:00-03:00,47.0,0.0
2025-07-29 02:00:00-03:00,47.0,0.0
2025-07-29 03:00:00-03:00,46.75,0.0
2025-07-29 04:00:00-03:00,46.75,0.0
2025-07-29 05:00:00-03:00,47.0,0.0
2025-07-29 06:00:00-03:00,46.5,0.0
2025-07-29 07:00:00-03:00,46.75,0.0
2025-07-29 08:00:00-03:00,46.0,0.0
2025-07-29 09:00:00-03:00,46.0,0.0
2025-07-29 10:00:00-03:00,46.25,0.0
2025-07-29 11:00:00-03:00,46.5,0.0
2025-07-29 12:00:00-03:00,47.0,0.0
2025-07-29 13:00:00-03:00,46.5,0.0
2025-07-29 14:00:00-03:00,47.0,0.0
2025-07-29 15:00:00-03:00,47.0,0.0
2025-07-29 16:00:00-03:00,47.0,0.0
2025-07-29 17:00:00-03:00,46.5,0.0
2025-07-29 18:00:00-03:00,46.0,0.0
2025-07-29 19:00:00-03:00,46.0,0.0
2025-07-29 20:00:00-03:00,46.0,0.0
2025-07-29 21:00:00-03:00,46.0,0.0
2025-07-29 22:00:00-03:00,46.0,0.0
2025-07-29 23:00:00-03:00,46.0,0.0
2025-07-30 00:00:00-03:00,46.0,0.0
2025-07-30 01:00:00-03:00,46.0,0.0
2025-07-30 02:00:00-03:00,46.0,0.0
2025-07-30 03:00:00-03:00,46.0,0.0
2025-07-30 04:00:00-03:00,46.0,0.0
2025-07-30 05:00:00-03:00,46.0,0.0
2025-07-30 06:00:00-03:00,45.5,0.0
2025-07-30 07:00:00-03:00,45.75,0.0
2025-07-30 08:00:00-03:00,45.75,0.0
2025-07-30 09:00:00-03:00,45.0,0.2
2025-07-30 10:00:00-03:00,45.0,0.0
2025-07-30 11:00:00-03:00,46.0,0.0
2025-07-30 12:00:00-03:00,46.0,0.0
2025-07-30 13:00:00-03:00,46.0,0.0
2025-07-30 14:00:00-03:00,46.0,0.0
2025-07-30 15:00:00-03:00,46.0,0.0
2025-07-30 16:00:00-03:00,46.0,0.0
2025-07-30 17:00:00-03:00,46.0,0.0
2025-07-30 18:00:00-03:00,45.75,0.0
2025-07-30 19:00:00-03:00,46.0,0.0
2025-07-30 20:00:00-03:00,45.5,0.0
2025-07-30 21:00:00-03:00,45.0,0.0
2025-07-30 22:00:00-03:00,45.0,0.0
2025-07-30 23:00:00-03:00,45.0,0.0
2025-07-31 00:00:00-03:00,44.75,0.0
2025-07-31 01:00:00-03:00,45.0,0.0
2025-07-31 02:00:00-03:00,44.0,0.0
2025-07-31 03:00:00-03:00,44.0,0.0
2025-07-31 04:00:00-03:00,44.0,0.0
2025-07-31 05:00:00-03:00,44.0,0.0
2025-07-31 06:00:00-03:00,44.0,0.0
2025-07-31 07:00:00-03:00,44.0,0.0
2025-07-31 08:00:00-03:00,43.75,0.0
2025-07-31 09:00:00-03:00,43.25,0.0
2025-07-31 10:00:00-03:00,43.5,0.0
2025-07-31 11:00:00-03:00,43.25,0.0
2025-07-31 12:00:00-03:00,43.75,0.0
2025-07-31 13:00:00-03:00,44.0,0.0
2025-07-31 14:00:00-03:00,44.0,0.0
2025-07-31 15:00:00-03:00,44.0,0.0
2025-07-31 16:00:00-03:00,44.0,0.0
2025-07-31 17:00:00-03:00,44.0,0.0
2025-07-31 18:00:00-03:00,43.25,0.0
2025-07-31 19:00:00-03:00,43.0,0.0
2025-07-31 20:00:00-03:00,43.0,0.0
2025-07-31 21:00:00-03:00,43.0,0.0
2025-07-31 22:00:00-03:00,42.75,0.0
2025-07-31 23:00:00-03:00,42.25,0.0
2025-08-01 00:00:00-03:00,42.5,0.0
2025-08-01 01:00:00-03:00,42.0,0.0
2025-08-01 02:00:00-03:00,42.0,0.0
2025-08-01 03:00:00-03:00,42.0,0.0
2025-08-01 04:00:00-03:00,42.0,0.0
2025-08-01 05:00:00-03:00,41.5,0.0
2025-08-01 06:00:00-03:00,41.75,0.0
2025-08-01 07:00:00-03:00,41.25,0.0
2025-08-01 08:00:00-03:00,41.25,0.2
2025-08-01 09:00:00-03:00,41.0,0.0
2025-08-01 10:00:00-03:00,41.0,0.0
2025-08-01 11:00:00-03:00,41.25,0.0
2025-08-01 12:00:00-03:00,42.0,0.0
2025-08-01 13:00:00-03:00,42.0,0.0
2025-08-01 14:00:00-03:00,42.0,0.0
2025-08-01 15:00:00-03:00,42.0,0.0
2025-08-01 16:00:00-03:00,42.0,0.0
2025-08-01 17:00:00-03:00,42.0,0.0
2025-08-01 18:00:00-03:00,42.0,0.0
2025-08-01 19:00:00-03:00,42.0,0.0
2025-08-01 20:00:00-03:00,41.25,0.0
2025-08-01 21:00:00-03:00,41.0,0.0
2025-08-01 22:00:00-03:00,41.0,0.0
2025-08-01 23:00:00-03:00,41.0,0.0
2025-08-02 00:00:00-03:00,41.0,0.0
2025-08-02 01:00:00-03:00,41.0,0.0
2025-08-02 02:00:00-03:00,41.0,0.0
2025-08-02 03:00:00-03:00,41.0,0.0
2025-08-02 04:00:00-03:00,41.0,0.0
2025-08-02 05:00:00-03:00,40.75,0.0
2025-08-02 06:00:00-03:00,40.25,0.0
2025-08-02 07:00:00-03:00,41.0,0.0
2025-08-02 08:00:00-03:00,40.5,0.2
2025-08-02 09:00:00-03:00,40.0,0.0
2025-08-02 10:00:00-03:00,40.5,0.0
2025-08-02 11:00:00-03:00,41.0,0.0
2025-08-02 12:00:00-03:00,41.0,0.0
2025-08-02 13:00:00-03:00,41.0,0.0
2025-08-02 14:00:00-03:00,41.0,0.0
2025-08-02 15:00:00-03:00,41.0,0.0
2025-08-02 16:00:00-03:00,41.0,0.0
2025-08-02 17:00:00-03:00,41.0,0.0
2025-08-02 18:00:00-03:00,41.0,0.0
2025-08-02 19:00:00-03:00,41.0,0.0
2025-08-02 20:00:00-03:00,41.0,0.0
2025-08-02 21:00:00-03:00,41.0,0.0
2025-08-02 22:00:00-03:00,40.5,0.0
2025-08-02 23:00:00-03:00,40.25,0.0
2025-08-03 00:00:00-03:00,40.0,0.0
2025-08-03 01:00:00-03:00,40.0,0.0
2025-08-03 02:00:00-03:00,40.0,0.0
2025-08-03 03:00:00-03:00,40.0,0.0
2025-08-03 04:00:00-03:00,40.0,0.0
2025-08-03 05:00:00-03:00,40.0,0.0
2025-08-03 06:00:00-03:00,40.0,0.0
2025-08-03 07:00:00-03:00,40.0,0.0
2025-08-03 08:00:00-03:00,40.0,0.0
2025-08-03 09:00:00-03:00,39.5,0.0
2025-08-03 10:00:00-03:00,39.75,0.0
2025-08-03 11:00:00-03:00,40.0,0.0
2025-08-03 12:00:00-03:00,40.0,0.0
2025-08-03 13:00:00-03:00,40.0,0.0
2025-08-03 14:00:00-03:00,40.0,0.0
2025-08-03 15:00:00-03:00,40.0,0.0
2025-08-03 16:00:00-03:00,40.0,0.0
2025-08-03 17:00:00-03:00,40.0,0.0
2025-08-03 18:00:00-03:00,40.0,0.0
2025-08-03 19:00:00-03:00,39.75,0.0
2025-08-03 20:00:00-03:00,39.5,0.0
2025-08-03 21:00:00-03:00,39.0,0.0
2025-08-03 22:00:00-03:00,39.0,0.0
2025-08-03 23:00:00-03:00,39.0,0.0
2025-08-04 00:00:00-03:00,39.0,0.0
2025-08-04 01:00:00-03:00,38.5,0.0
2025-08-04 02:00:00-03:00,38.25,0.0
2025-08-04 03:00:00-03:00,38.5,0.0
2025-08-04 04:00:00-03:00,39.0,0.0
2025-08-04 05:00:00-03:00,38.75,0.0
2025-08-04 06:00:00-03:00,39.0,0.0
2025-08-04 07:00:00-03:00,38.75,0.2
2025-08-04 08:00:00-03:00,38.25,0.0
2025-08-04 09:00:00-03:00,38.0,0.0
2025-08-04 10:00:00-03:00,38.0,0.0
2025-08-04 11:00:00-03:00,38.75,0.0
2025-08-04 12:00:00-03:00,39.0,0.0
2025-08-04 13:00:00-03:00,39.0,0.0
2025-08-04 14:00:00-03:00,39.0,0.0
2025-08-04 15:00:00-03:00,39.0,0.0
2025-08-04 16:00:00-03:00,39.0,0.0
2025-08-04 17:00:00-03:00,39.0,0.0
2025-08-04 18:00:00-03:00,39.0,0.0
2025-08-04 19:00:00-03:00,39.0,0.0
2025-08-04 20:00:00-03:00,39.0,0.0
2025-08-04 21:00:00-03:00,39.0,0.0
2025-08-04 22:00:00-03:00,39.0,0.0
2025-08-04 23:00:00-03:00,38.75,0.0
2025-08-05 00:00:00-03:00,38.5,0.0
2025-08-05 01:00:00-03:00,38.5,0.0
2025-08-05 02:00:00-03:00,38.0,0.0
2025-08-05 03:00:00-03:00,38.0,0.0
2025-08-05 04:00:00-03:00,38.0,0.0
2025-08-05 05:00:00-03:00,38.0,0.0
2025-08-05 06:00:00-03:00,38.0,0.0
2025-08-05 07:00:00-03:00,38.0,0.0
2025-08-05 08:00:00-03:00,38.0,0.0
2025-08-05 09:00:00-03:00,38.0,0.0
2025-08-05 10:00:00-03:00,38.0,0.0
2025-08-05 11:00:00-03:00,38.0,0.0
2025-08-05 12:00:00-03:00,38.0,0.0
2025-08-05 13:00:00-03:00,38.0,0.0
2025-08-05 14:00:00-03:00,38.0,0.0
2025-08-05 15:00:00-03:00,38.0,0.0
2025-08-05 16:00:00-03:00,38.25,0.0
2025-08-05 17:00:00-03:00,38.25,0.0
2025-08-05 18:00:00-03:00,38.0,0.0
2025-08-05 19:00:00-03:00,38.0,0.0
2025-08-05 20:00:00-03:00,38.0,0.0
2025-08-05 21:00:00-03:00,38.0,0.0
2025-08-05 22:00:00-03:00,38.0,0.0
2025-08-05 23:00:00-03:00,38.0,0.0
2025-08-06 00:00:00-03:00,38.0,0.0
2025-08-06 01:00:00-03:00,38.0,0.0
2025-08-06 02:00:00-03:00,38.0,0.0
2025-08-06 03:00:00-03:00,38.0,0.0
2025-08-06 04:00:00-03:00,38.0,0.0
2025-08-06 05:00:00-03:00,38.0,0.0
2025-08-06 06:00:00-03:00,38.0,0.0
2025-08-06 07:00:00-03:00,38.0,0.0
2025-08-06 08:00:00-03:00,38.0,0.0
2025-08-06 09:00:00-03:00,38.0,0.0
2025-08-06 10:00:00-03:00,38.0,0.0
2025-08-06 11:00:00-03:00,38.0,0.0
2025-08-06 12:00:00-03:00,38.0,0.0
2025-08-06 13:00:00-03:00,38.5,0.0
2025-08-06 14:00:00-03:00,39.0,0.0
2025-08-06 15:00:00-03:00,38.75,0.0
2025-08-06 16:00:00-03:00,38.25,2.2
2025-08-06 17:00:00-03:00,38.75,0.0
2025-08-06 18:00:00-03:00,38.0,0.0
2025-08-06 19:00:00-03:00,38.0,0.0
2025-08-06 20:00:00-03:00,38.5,0.0
2025-08-06 21:00:00-03:00,38.0,0.0
2025-08-06 22:00:00-03:00,38.0,0.0
2025-08-06 23:00:00-03:00,38.0,0.0
2025-08-07 00:00:00-03:00,38.0,0.0
2025-08-07 01:00:00-03:00,38.0,0.0
2025-08-07 02:00:00-03:00,38.0,0.0
2025-08-07 03:00:00-03:00,38.0,0.0
2025-08-07 04:00:00-03:00,38.0,0.2
2025-08-07 05:00:00-03:00,38.0,0.0
2025-08-07 06:00:00-03:00,38.0,0.0
2025-08-07 07:00:00-03:00,38.0,0.0
2025-08-07 08:00:00-03:00,38.0,0.0
2025-08-07 09:00:00-03:00,38.0,0.0
2025-08-07 10:00:00-03:00,38.0,0.0
2025-08-07 11:00:00-03:00,38.0,0.0
2025-08-07 12:00:00-03:00,38.75,0.0
2025-08-07 13:00:00-03:00,39.0,0.0
2025-08-07 14:00:00-03:00,39.0,0.0
2025-08-07 15:00:00-03:00,39.0,0.0
2025-08-07 16:00:00-03:00,39.0,0.0
2025-08-07 17:00:00-03:00,39.0,0.0
2025-08-07 18:00:00-03:00,39.0,0.0
2025-08-07 19:00:00-03:00,39.0,0.0
2025-08-07 20:00:00-03:00,38.75,0.0
2025-08-07 21:00:00-03:00,39.0,0.0
2025-08-07 22:00:00-03:00,38.0,0.0
2025-08-07 23:00:00-03:00,38.0,0.0
2025-08-08 00:00:00-03:00,38.0,0.0
2025-08-08 01:00:00-03:00,38.0,0.0
2025-08-08 02:00:00-03:00,38.0,0.0
2025-08-08 03:00:00-03:00,38.0,0.0
2025-08-08 04:00:00-03:00,38.0,0.0
2025-08-08 05:00:00-03:00,38.0,0.0
2025-08-08 06:00:00-03:00,38.0,0.0
2025-08-08 07:00:00-03:00,38.0,0.0
2025-08-08 08:00:00-03:00,38.0,0.0
2025-08-08 09:00:00-03:00,38.0,0.0
2025-08-08 10:00:00-03:00,38.0,0.0
2025-08-08 11:00:00-03:00,38.0,0.0
2025-08-08 12:00:00-03:00,39.0,0.0
2025-08-08 13:00:00-03:00,39.0,0.0
2025-08-08 14:00:00-03:00,39.0,0.0
2025-08-08 15:00:00-03:00,38.5,1.0
2025-08-08 16:00:00-03:00,38.5,0.0
2025-08-08 17:00:00-03:00,38.0,0.0
2025-08-08 18:00:00-03:00,38.0,0.0
2025-08-08 19:00:00-03:00,38.0,0.0
2025-08-08 20:00:00-03:00,38.0,0.0
2025-08-08 21:00:00-03:00,38.0,0.0
2025-08-08 22:00:00-03:00,38.0,0.0
2025-08-08 23:00:00-03:00,38.0,0.0
2025-08-09 00:00:00-03:00,38.0,0.0
2025-08-09 01:00:00-03:00,38.0,0.0
2025-08-09 02:00:00-03:00,38.0,0.2
2025-08-09 03:00:00-03:00,38.0,0.0
2025-08-09 04:00:00-03:00,38.0,0.0
2025-08-09 05:00:00-03:00,38.0,0.0
2025-08-09 06:00:00-03:00,38.0,0.0
2025-08-09 07:00:00-03:00,38.0,0.0
2025-08-09 08:00:00-03:00,38.0,0.0
2025-08-09 09:00:00-03:00,38.0,0.0
2025-08-09 10:00:00-03:00,38.0,0.0
2025-08-09 11:00:00-03:00,38.0,0.0
2025-08-09 12:00:00-03:00,38.0,0.0
2025-08-09 13:00:00-03:00,39.0,0.0
2025-08-09 14:00:00-03:00,39.0,0.0
2025-08-09 15:00:00-03:00,39.0,0.0
2025-08-09 16:00:00-03:00,39.0,0.0
2025-08-09 17:00:00-03:00,39.0,0.0
2025-08-09 18:00:00-03:00,39.0,0.0
2025-08-09 19:00:00-03:00,39.0,0.0
2025-08-09 20:00:00-03:00,39.0,0.0
2025-08-09 21:00:00-03:00,39.0,0.0
2025-08-09 22:00:00-03:00,39.0,0.0
2025-08-09 23:00:00-03:00,39.0,0.0
2025-08-10 00:00:00-03:00,39.0,0.0
2025-08-10 01:00:00-03:00,38.5,0.0
2025-08-10 02:00:00-03:00,38.0,0.0
2025-08-10 03:00:00-03:00,38.0,0.0
2025-08-10 04:00:00-03:00,38.0,0.0
2025-08-10 05:00:00-03:00,38.0,0.0
2025-08-10 06:00:00-03:00,38.0,0.0
2025-08-10 07:00:00-03:00,38.25,0.0
2025-08-10 08:00:00-03:00,38.0,0.0
2025-08-10 09:00:00-03:00,38.0,0.2
2025-08-10 10:00:00-03:00,38.0,0.0
2025-08-10 11:00:00-03:00,38.5,0.0
2025-08-10 12:00:00-03:00,39.0,0.0
2025-08-10 13:00:00-03:00,39.0,0.0
2025-08-10 14:00:00-03:00,39.0,0.0
2025-08-10 15:00:00-03:00,39.0,0.0
2025-08-10 16:00:00-03:00,39.0,0.0
2025-08-10 17:00:00-03:00,39.0,0.0
2025-08-10 18:00:00-03:00,39.0,0.0
2025-08-10 19:00:00-03:00,39.0,0.0
2025-08-10 20:00:00-03:00,39.0,0.0
2025-08-10 21:00:00-03:00,39.0,0.0
2025-08-10 22:00:00-03:00,39.0,0.0
2025-08-10 23:00:00-03:00,38.75,0.0
2025-08-11 00:00:00-03:00,38.0,0.0
2025-08-11 01:00:00-03:00,38.25,0.0
2025-08-11 02:00:00-03:00,38.0,0.0
2025-08-11 03:00:00-03:00,38.0,0.0
2025-08-11 04:00:00-03:00,38.0,0.0
2025-08-11 05:00:00-03:00,37.5,0.0
2025-08-11 06:00:00-03:00,37.0,0.0
2025-08-11 07:00:00-03:00,37.0,0.0
2025-08-11 08:00:00-03:00,37.0,0.0
2025-08-11 09:00:00-03:00,37.0,0.0
2025-08-11 10:00:00-03:00,37.0,0.0
2025-08-11 11:00:00-03:00,37.0,0.0
2025-08-11 12:00:00-03:00,37.25,0.0
2025-08-11 13:00:00-03:00,37.75,0.0
2025-08-11 14:00:00-03:00,38.0,0.0
2025-08-11 15:00:00-03:00,38.0,0.0
2025-08-11 16:00:00-03:00,37.0,0.0
2025-08-11 17:00:00-03:00,37.25,0.0
2025-08-11 18:00:00-03:00,37.0,0.0
2025-08-11 19:00:00-03:00,37.0,0.0
2025-08-11 20:00:00-03:00,37.0,0.0
2025-08-11 21:00:00-03:00,37.0,0.0
2025-08-11 22:00:00-03:00,37.0,0.0
2025-08-11 23:00:00-03:00,37.0,0.0
2025-08-12 00:00:00-03:00,36.25,0.0
2025-08-12 01:00:00-03:00,36.0,0.0
2025-08-12 02:00:00-03:00,36.0,0.0
2025-08-12 03:00:00-03:00,36.0,0.0
2025-08-12 04:00:00-03:00,36.0,0.0
2025-08-12 05:00:00-03:00,36.0,0.0
2025-08-12 06:00:00-03:00,36.0,0.0
2025-08-12 07:00:00-03:00,36.0,0.0
2025-08-12 08:00:00-03:00,35.75,0.0
2025-08-12 09:00:00-03:00,36.0,0.2
2025-08-12 10:00:00-03:00,36.0,0.0
2025-08-12 11:00:00-03:00,36.0,0.0
2025-08-12 12:00:00-03:00,36.25,0.0
2025-08-12 13:00:00-03:00,36.75,0.0
2025-08-12 14:00:00-03:00,37.0,0.0
2025-08-12 15:00:00-03:00,36.75,0.0
2025-08-12 16:00:00-03:00,36.75,0.0
2025-08-12 17:00:00-03:00,36.25,0.0
2025-08-12 18:00:00-03:00,36.25,0.0
2025-08-12 19:00:00-03:00,36.0,0.0
2025-08-12 20:00:00-03:00,36.0,0.0
2025-08-12 21:00:00-03:00,36.0,0.0
2025-08-12 22:00:00-03:00,36.0,0.0
2025-08-12 23:00:00-03:00,36.0,0.0
2025-08-13 00:00:00-03:00,35.75,0.0
2025-08-13 01:00:00-03:00,35.25,0.0
2025-08-13 02:00:00-03:00,36.0,0.0
2025-08-13 03:00:00-03:00,35.0,0.0
2025-08-13 04:00:00-03:00,35.25,0.0
2025-08-13 05:00:00-03:00,35.0,0.0
2025-08-13 06:00:00-03:00,35.0,0.0
2025-08-13 07:00:00-03:00,35.5,0.0
2025-08-13 08:00:00-03:00,35.0,0.2
2025-08-13 09:00:00-03:00,35.0,0.0
2025-08-13 10:00:00-03:00,35.25,0.0
2025-08-13 11:00:00-03:00,35.75,0.0
2025-08-13 12:00:00-03:00,36.0,0.0
2025-08-13 13:00:00-03:00,36.0,0.0
2025-08-13 14:00:00-03:00,36.0,0.0
2025-08-13 15:00:00-03:00,36.0,0.0
2025-08-13 16:00:00-03:00,36.0,0.0
2025-08-13 17:00:00-03:00,36.0,0.0
2025-08-13 18:00:00-03:00,36.0,0.0
2025-08-13 19:00:00-03:00,36.0,0.0
2025-08-13 20:00:00-03:00,36.0,0.0
2025-08-13 21:00:00-03:00,35.0,0.0
2025-08-13 22:00:00-03:00,35.0,0.0
2025-08-13 23:00:00-03:00,35.0,0.0
2025-08-14 00:00:00-03:00,35.0,0.0
2025-08-14 01:00:00-03:00,35.0,0.0
2025-08-14 02:00:00-03:00,35.0,0.0
2025-08-14 03:00:00-03:00,35.0,0.0
2025-08-14 04:00:00-03:00,35.0,0.0
2025-08-14 05:00:00-03:00,34.75,0.0
2025-08-14 06:00:00-03:00,34.75,0.0
2025-08-14 07:00:00-03:00,35.0,0.0
2025-08-14 08:00:00-03:00,35.0,0.0
2025-08-14 09:00:00-03:00,35.0,0.0
2025-08-14 10:00:00-03:00,35.0,0.0
2025-08-14 11:00:00-03:00,35.0,0.0
2025-08-14 12:00:00-03:00,35.0,0.0
2025-08-14 13:00:00-03:00,36.0,0.0
2025-08-14 14:00:00-03:00,36.0,0.0
2025-08-14 15:00:00-03:00,36.0,0.0
2025-08-14 16:00:00-03:00,36.0,0.0
2025-08-14 17:00:00-03:00,36.0,0.0
2025-08-14 18:00:00-03:00,36.0,0.0
2025-08-14 19:00:00-03:00,36.0,0.0
2025-08-14 20:00:00-03:00,35.25,0.0
2025-08-14 21:00:00-03:00,35.25,0.0
2025-08-14 22:00:00-03:00,35.0,0.0
2025-08-14 23:00:00-03:00,35.0,0.0
2025-08-15 00:00:00-03:00,35.0,0.0
2025-08-15 01:00:00-03:00,35.0,0.0
2025-08-15 02:00:00-03:00,35.0,0.0
2025-08-15 03:00:00-03:00,35.0,0.0
2025-08-15 04:00:00-03:00,35.0,0.0
2025-08-15 05:00:00-03:00,35.0,0.0
2025-08-15 06:00:00-03:00,35.0,0.0
2025-08-15 07:00:00-03:00,35.0,0.0
2025-08-15 08:00:00-03:00,34.75,0.0
2025-08-15 09:00:00-03:00,34.5,0.0
2025-08-15 10:00:00-03:00,34.75,0.0
2025-08-15 11:00:00-03:00,35.0,0.0
2025-08-15 12:00:00-03:00,35.0,0.0
2025-08-15 13:00:00-03:00,35.5,0.0
2025-08-15 14:00:00-03:00,35.25,0.0
2025-08-15 15:00:00-03:00,36.0,0.0
2025-08-15 16:00:00-03:00,35.75,0.0
2025-08-15 17:00:00-03:00,35.0,0.0
2025-08-15 18:00:00-03:00,35.0,0.0
2025-08-15 19:00:00-03:00,35.0,0.0
2025-08-15 20:00:00-03:00,35.0,0.0
2025-08-15 21:00:00-03:00,35.0,0.0
2025-08-15 22:00:00-03:00,35.0,0.0
2025-08-15 23:00:00-03:00,34.75,0.0
2025-08-16 00:00:00-03:00,34.75,0.0
2025-08-16 01:00:00-03:00,34.75,0.0
2025-08-16 02:00:00-03:00,34.5,0.0
2025-08-16 03:00:00-03:00,34.25,0.0
2025-08-16 04:00:00-03:00,34.0,0.0
2025-08-16 05:00:00-03:00,34.0,0.0
2025-08-16 06:00:00-03:00,34.0,0.0
2025-08-16 07:00:00-03:00,34.0,0.0
2025-08-16 08:00:00-03:00,34.0,0.0
2025-08-16 09:00:00-03:00,34.0,0.0
2025-08-16 10:00:00-03:00,34.0,0.0
2025-08-16 11:00:00-03:00,34.0,0.0
2025-08-16 12:00:00-03:00,35.0,0.0
2025-08-16 13:00:00-03:00,35.0,0.0
2025-08-16 14:00:00-03:00,35.0,0.0
2025-08-16 15:00:00-03:00,35.0,0.0
2025-08-16 16:00:00-03:00,34.75,0.0
2025-08-16 17:00:00-03:00,34.75,0.0
2025-08-16 18:00:00-03:00,35.0,0.0
2025-08-16 19:00:00-03:00,34.75,0.0
2025-08-16 20:00:00-03:00,34.5,0.0
2025-08-16 21:00:00-03:00,34.0,0.0
2025-08-16 22:00:00-03:00,34.0,0.0
2025-08-16 23:00:00-03:00,34.0,0.0
2025-08-17 00:00:00-03:00,34.0,0.0
2025-08-17 01:00:00-03:00,34.0,0.0
2025-08-17 02:00:00-03:00,33.75,0.0
2025-08-17 03:00:00-03:00,33.0,0.0
2025-08-17 04:00:00-03:00,33.0,0.2
2025-08-17 05:00:00-03:00,33.0,0.0
2025-08-17 06:00:00-03:00,33.0,0.0
2025-08-17 07:00:00-03:00,33.0,0.0
2025-08-17 08:00:00-03:00,33.0,0.0
2025-08-17 09:00:00-03:00,33.0,0.0
2025-08-17 10:00:00-03:00,33.0,0.0
2025-08-17 11:00:00-03:00,33.0,0.0
2025-08-17 12:00:00-03:00,33.25,0.0
2025-08-17 13:00:00-03:00,33.5,0.0
2025-08-17 14:00:00-03:00,33.5,0.0
2025-08-17 15:00:00-03:00,34.0,0.0
2025-08-17 16:00:00-03:00,34.0,0.0
2025-08-17 17:00:00-03:00,34.0,0.0
2025-08-17 18:00:00-03:00,33.5,0.0
2025-08-17 19:00:00-03:00,33.0,0.0
2025-08-17 20:00:00-03:00,33.25,0.0
2025-08-17 21:00:00-03:00,33.0,0.0
2025-08-17 22:00:00-03:00,33.0,0.0
2025-08-17 23:00:00-03:00,33.0,0.0
2025-08-18 00:00:00-03:00,33.0,0.0
2025-08-18 01:00:00-03:00,33.0,0.0
2025-08-18 02:00:00-03:00,33.0,0.0
2025-08-18 03:00:00-03:00,33.0,0.0
2025-08-18 04:00:00-03:00,33.25,0.0
2025-08-18 05:00:00-03:00,33.0,0.0
2025-08-18 06:00:00-03:00,34.0,0.0
2025-08-18 07:00:00-03:00,34.0,0.0
2025-08-18 08:00:00-03:00,34.0,0.2
2025-08-18 09:00:00-03:00,34.0,0.0
2025-08-18 10:00:00-03:00,34.0,0.0
2025-08-18 11:00:00-03:00,34.5,0.0
2025-08-18 12:00:00-03:00,35.0,0.0
2025-08-18 13:00:00-03:00,35.0,0.0
2025-08-18 14:00:00-03:00,35.0,0.0
2025-08-18 15:00:00-03:00,35.0,0.0
2025-08-18 16:00:00-03:00,35.25,0.0
2025-08-18 17:00:00-03:00,35.0,0.0
2025-08-18 18:00:00-03:00,35.0,0.0
2025-08-18 19:00:00-03:00,35.0,0.0
2025-08-18 20:00:00-03:00,35.0,0.0
2025-08-18 21:00:00-03:00,35.0,0.0
2025-08-18 22:00:00-03:00,35.0,0.0
2025-08-18 23:00:00-03:00,34.75,0.0
2025-08-19 00:00:00-03:00,34.5,0.0
2025-08-19 01:00:00-03:00,34.75,0.0
2025-08-19 02:00:00-03:00,34.0,0.0
2025-08-19 03:00:00-03:00,34.0,0.0
2025-08-19 04:00:00-03:00,34.0,0.0
2025-08-19 05:00:00-03:00,34.0,0.0
2025-08-19 06:00:00-03:00,34.0,0.0
2025-08-19 07:00:00-03:00,34.0,0.0
2025-08-19 08:00:00-03:00,34.0,0.0
2025-08-19 09:00:00-03:00,34.0,0.0
2025-08-19 10:00:00-03:00,34.0,0.0
2025-08-19 11:00:00-03:00,34.0,0.0
2025-08-19 12:00:00-03:00,34.0,0.0
2025-08-19 13:00:00-03:00,34.0,0.0
2025-08-19 14:00:00-03:00,34.0,0.0
2025-08-19 15:00:00-03:00,34.0,0.0
2025-08-19 16:00:00-03:00,34.0,0.0
2025-08-19 17:00:00-03:00,34.0,0.0
2025-08-19 18:00:00-03:00,34.0,0.0
2025-08-19 19:00:00-03:00,34.0,0.0
2025-08-19 20:00:00-03:00,34.0,0.0
2025-08-19 21:00:00-03:00,33.75,0.0
2025-08-19 22:00:00-03:00,33.25,0.0
2025-08-19 23:00:00-03:00,33.0,0.0
2025-08-20 00:00:00-03:00,33.0,0.0
2025-08-20 01:00:00-03:00,33.0,0.0
2025-08-20 02:00:00-03:00,33.0,0.0
2025-08-20 03:00:00-03:00,33.0,0.0
2025-08-20 04:00:00-03:00,33.0,0.0
2025-08-20 05:00:00-03:00,33.0,0.0
2025-08-20 06:00:00-03:00,33.0,0.0
2025-08-20 07:00:00-03:00,33.0,0.0
2025-08-20 08:00:00-03:00,33.0,0.0
2025-08-20 09:00:00-03:00,32.5,0.0
2025-08-20 10:00:00-03:00,33.0,0.0
2025-08-20 11:00:00-03:00,33.0,0.0
2025-08-20 12:00:00-03:00,33.0,0.0
2025-08-20 13:00:00-03:00,33.0,0.0
2025-08-20 14:00:00-03:00,33.0,0.0
2025-08-20 15:00:00-03:00,33.0,0.0
2025-08-20 16:00:00-03:00,33.0,0.0
2025-08-20 17:00:00-03:00,33.0,0.0
2025-08-20 18:00:00-03:00,33.0,0.0
2025-08-20 19:00:00-03:00,33.0,0.0
2025-08-20 20:00:00-03:00,33.0,0.0
2025-08-20 21:00:00-03:00,33.0,0.0
2025-08-20 22:00:00-03:00,33.0,0.0
2025-08-20 23:00:00-03:00,33.0,0.0
2025-08-21 00:00:00-03:00,33.0,0.0
2025-08-21 01:00:00-03:00,32.75,0.0
2025-08-21 02:00:00-03:00,32.75,0.0
2025-08-21 03:00:00-03:00,32.0,0.0
2025-08-21 04:00:00-03:00,32.25,0.0
2025-08-21 05:00:00-03:00,32.25,0.0
2025-08-21 06:00:00-03:00,32.5,0.0
2025-08-21 07:00:00-03:00,33.0,0.0
2025-08-21 08:00:00-03:00,33.0,0.0
2025-08-21 09:00:00-03:00,32.75,0.0
2025-08-21 10:00:00-03:00,33.0,0.0
2025-08-21 11:00:00-03:00,33.0,0.0
2025-08-21 12:00:00-03:00,33.0,0.0
2025-08-21 13:00:00-03:00,33.25,0.0
2025-08-21 14:00:00-03:00,33.0,0.0
2025-08-21 15:00:00-03:00,33.0,0.0
2025-08-21 16:00:00-03:00,33.0,0.0
2025-08-21 17:00:00-03:00,33.0,0.0
2025-08-21 18:00:00-03:00,33.0,0.0
2025-08-21 19:00:00-03:00,33.0,0.0
2025-08-21 20:00:00-03:00,33.0,0.0
2025-08-21 21:00:00-03:00,33.0,0.0
2025-08-21 22:00:00-03:00,33.0,0.0
2025-08-21 23:00:00-03:00,33.0,0.0
2025-08-22 00:00:00-03:00,33.0,0.0
2025-08-22 01:00:00-03:00,33.0,0.0
2025-08-22 02:00:00-03:00,33.0,0.0
2025-08-22 03:00:00-03:00,33.0,0.0
2025-08-22 04:00:00-03:00,33.0,0.0
2025-08-22 05:00:00-03:00,33.0,0.0
2025-08-22 06:00:00-03:00,33.0,0.0
2025-08-22 07:00:00-03:00,33.0,0.0
2025-08-22 08:00:00-03:00,33.0,0.0
2025-08-22 09:00:00-03:00,33.0,0.0
2025-08-22 10:00:00-03:00,33.0,0.0
2025-08-22 11:00:00-03:00,33.0,0.0
2025-08-22 12:00:00-03:00,33.5,0.0
2025-08-22 13:00:00-03:00,33.75,0.0
2025-08-22 14:00:00-03:00,34.0,0.0
2025-08-22 15:00:00-03:00,33.75,0.0
2025-08-22 16:00:00-03:00,33.75,0.0
2025-08-22 17:00:00-03:00,33.75,0.0
2025-08-22 18:00:00-03:00,33.0,0.0
2025-08-22 19:00:00-03:00,33.0,0.0
2025-08-22 20:00:00-03:00,33.0,0.0
2025-08-22 21:00:00-03:00,33.0,0.0
2025-08-22 22:00:00-03:00,33.0,0.0
2025-08-22 23:00:00-03:00,33.0,0.0
2025-08-23 00:00:00-03:00,32.25,0.0
2025-08-23 01:00:00-03:00,32.0,0.0
2025-08-23 02:00:00-03:00,32.0,0.0
2025-08-23 03:00:00-03:00,32.0,0.0
2025-08-23 04:00:00-03:00,32.0,0.0
2025-08-23 05:00:00-03:00,32.0,0.0
2025-08-23 06:00:00-03:00,32.0,0.0
2025-08-23 07:00:00-03:00,32.0,0.0
2025-08-23 08:00:00-03:00,31.25,0.0
2025-08-23 09:00:00-03:00,31.0,0.0
2025-08-23 10:00:00-03:00,31.5,0.0
2025-08-23 11:00:00-03:00,32.0,0.0
2025-08-23 12:00:00-03:00,32.0,0.0
2025-08-23 13:00:00-03:00,32.0,0.0
2025-08-23 14:00:00-03:00,32.0,0.0
2025-08-23 15:00:00-03:00,32.0,0.0
2025-08-23 16:00:00-03:00,32.0,0.0
2025-08-23 17:00:00-03:00,32.0,0.0
2025-08-23 18:00:00-03:00,32.0,0.0
2025-08-23 19:00:00-03:00,31.5,0.0
2025-08-23 20:00:00-03:00,31.25,0.0
2025-08-23 21:00:00-03:00,31.0,0.0
2025-08-23 22:00:00-03:00,31.0,0.0
2025-08-23 23:00:00-03:00,31.0,0.0
2025-08-24 00:00:00-03:00,31.0,0.0
2025-08-24 01:00:00-03:00,31.0,0.0
2025-08-24 02:00:00-03:00,30.5,0.0
2025-08-24 03:00:00-03:00,30.25,0.0
2025-08-24 04:00:00-03:00,30.25,0.0
2025-08-24 05:00:00-03:00,30.0,0.0
2025-08-24 06:00:00-03:00,30.0,0.0
2025-08-24 07:00:00-03:00,30.0,0.0
2025-08-24 08:00:00-03:00,30.0,0.0
2025-08-24 09:00:00-03:00,30.0,0.0
2025-08-24 10:00:00-03:00,30.0,0.0
2025-08-24 11:00:00-03:00,30.75,0.0
2025-08-24 12:00:00-03:00,31.0,0.0
2025-08-24 13:00:00-03:00,31.0,0.0
2025-08-24 14:00:00-03:00,31.0,0.0
2025-08-24 15:00:00-03:00,31.0,0.0
2025-08-24 16:00:00-03:00,31.0,0.0
2025-08-24 17:00:00-03:00,31.0,0.0
2025-08-24 18:00:00-03:00,30.75,0.0
2025-08-24 19:00:00-03:00,30.0,0.0
2025-08-24 20:00:00-03:00,30.0,0.0
2025-08-24 21:00:00-03:00,30.0,0.0
2025-08-24 22:00:00-03:00,30.0,0.0
2025-08-24 23:00:00-03:00,30.0,0.0
2025-08-25 00:00:00-03:00,30.0,0.0
2025-08-25 01:00:00-03:00,29.75,0.0
2025-08-25 02:00:00-03:00,30.0,0.0
2025-08-25 03:00:00-03:00,30.0,0.0
2025-08-25 04:00:00-03:00,29.75,0.0
2025-08-25 05:00:00-03:00,29.25,0.0
2025-08-25 06:00:00-03:00,29.0,0.0
2025-08-25 07:00:00-03:00,29.25,0.0
2025-08-25 08:00:00-03:00,29.0,0.0
2025-08-25 09:00:00-03:00,29.0,0.0
2025-08-25 10:00:00-03:00,29.0,0.0
2025-08-25 11:00:00-03:00,29.75,0.0
2025-08-25 12:00:00-03:00,30.0,0.0
2025-08-25 13:00:00-03:00,30.0,0.0
2025-08-25 14:00:00-03:00,30.0,0.0
2025-08-25 15:00:00-03:00,30.0,0.0
2025-08-25 16:00:00-03:00,30.0,0.0
2025-08-25 17:00:00-03:00,30.0,0.0
2025-08-25 18:00:00-03:00,29.75,0.0
2025-08-25 19:00:00-03:00,29.5,0.0
2025-08-25 20:00:00-03:00,29.0,0.0
2025-08-25 21:00:00-03:00,29.0,0.0
2025-08-25 22:00:00-03:00,29.0,0.0
2025-08-25 23:00:00-03:00,29.0,0.0
2025-08-26 00:00:00-03:00,29.0,0.0
2025-08-26 01:00:00-03:00,29.0,0.0
2025-08-26 02:00:00-03:00,29.0,0.0
2025-08-26 03:00:00-03:00,29.0,0.0
2025-08-26 04:00:00-03:00,29.0,0.0
2025-08-26 05:00:00-03:00,29.0,0.0
2025-08-26 06:00:00-03:00,29.0,0.0
2025-08-26 07:00:00-03:00,29.0,0.0
2025-08-26 08:00:00-03:00,29.0,0.0
2025-08-26 09:00:00-03:00,29.0,0.0
2025-08-26 10:00:00-03:00,29.0,0.0
2025-08-26 11:00:00-03:00,29.0,0.0
2025-08-26 12:00:00-03:00,29.75,0.0
2025-08-26 13:00:00-03:00,30.0,0.0
2025-08-26 14:00:00-03:00,30.0,0.0
2025-08-26 15:00:00-03:00,30.0,0.0
2025-08-26 16:00:00-03:00,30.0,0.0
2025-08-26 17:00:00-03:00,30.0,0.0
2025-08-26 18:00:00-03:00,30.0,0.0
2025-08-26 19:00:00-03:00,30.0,0.0
2025-08-26 20:00:00-03:00,30.0,0.0
2025-08-26 21:00:00-03:00,30.0,0.0
2025-08-26 22:00:00-03:00,29.0,0.0
2025-08-26 23:00:00-03:00,29.25,0.0
2025-08-27 00:00:00-03:00,29.0,0.0
2025-08-27 01:00:00-03:00,29.0,0.0
2025-08-27 02:00:00-03:00,29.0,0.0
2025-08-27 03:00:00-03:00,29.0,0.0
2025-08-27 04:00:00-03:00,29.0,0.0
2025-08-27 05:00:00-03:00,29.0,0.0
2025-08-27 06:00:00-03:00,29.0,0.0
2025-08-27 07:00:00-03:00,29.0,0.0
2025-08-27 08:00:00-03:00,29.0,0.0
2025-08-27 09:00:00-03:00,29.0,0.0
2025-08-27 10:00:00-03:00,29.0,0.0
2025-08-27 11:00:00-03:00,29.0,0.0
2025-08-27 12:00:00-03:00,29.25,0.0
2025-08-27 13:00:00-03:00,29.75,0.0
2025-08-27 14:00:00-03:00,30.0,0.0
2025-08-27 15:00:00-03:00,29.5,0.2
2025-08-27 16:00:00-03:00,29.75,0.0
2025-08-27 17:00:00-03:00,30.0,0.0
2025-08-27 18:00:00-03:00,29.5,0.0
2025-08-27 19:00:00-03:00,30.0,0.0
2025-08-27 20:00:00-03:00,29.75,0.0
2025-08-27 21:00:00-03:00,29.25,0.0
2025-08-27 22:00:00-03:00,29.25,0.0
2025-08-27 23:00:00-03:00,29.25,0.0
2025-08-28 00:00:00-03:00,29.25,0.0
2025-08-28 01:00:00-03:00,29.75,0.0
2025-08-28 02:00:00-03:00,30.0,1.2
2025-08-28 03:00:00-03:00,30.0,0.0
2025-08-28 04:00:00-03:00,30.0,0.0
2025-08-28 05:00:00-03:00,30.0,0.0
2025-08-28 06:00:00-03:00,30.0,0.0
2025-08-28 07:00:00-03:00,30.0,0.2
2025-08-28 08:00:00-03:00,30.0,0.0
2025-08-28 09:00:00-03:00,30.0,0.0
2025-08-28 10:00:00-03:00,30.0,0.0
2025-08-28 11:00:00-03:00,30.5,0.0
2025-08-28 12:00:00-03:00,31.0,0.0
2025-08-28 13:00:00-03:00,31.25,0.0
2025-08-28 14:00:00-03:00,31.5,0.0
2025-08-28 15:00:00-03:00,31.75,0.0
2025-08-28 16:00:00-03:00,32.0,0.0
2025-08-28 17:00:00-03:00,32.0,0.0
2025-08-28 18:00:00-03:00,32.0,0.0
2025-08-28 19:00:00-03:00,32.0,0.0
2025-08-28 20:00:00-03:00,32.0,0.0
2025-08-28 21:00:00-03:00,32.5,0.0
2025-08-28 22:00:00-03:00,33.0,0.0
2025-08-28 23:00:00-03:00,33.0,0.0
2025-08-29 00:00:00-03:00,33.0,0.0
2025-08-29 01:00:00-03:00,33.0,0.0
2025-08-29 02:00:00-03:00,33.0,0.0
2025-08-29 03:00:00-03:00,33.0,0.0
2025-08-29 04:00:00-03:00,33.0,0.0
2025-08-29 05:00:00-03:00,33.0,0.0
2025-08-29 06:00:00-03:00,33.0,0.0
2025-08-29 07:00:00-03:00,33.0,0.0
2025-08-29 08:00:00-03:00,33.0,0.0
2025-08-29 09:00:00-03:00,33.0,0.0
2025-08-29 10:00:00-03:00,33.0,0.0
2025-08-29 11:00:00-03:00,33.0,0.0
2025-08-29 12:00:00-03:00,33.0,0.0
2025-08-29 13:00:00-03:00,33.5,0.0
2025-08-29 14:00:00-03:00,33.25,0.0
2025-08-29 15:00:00-03:00,33.25,0.0
2025-08-29 16:00:00-03:00,33.0,0.0
2025-08-29 17:00:00-03:00,33.0,0.6
2025-08-29 18:00:00-03:00,33.25,1.0
2025-08-29 19:00:00-03:00,33.75,0.4
2025-08-29 20:00:00-03:00,33.5,0.4
2025-08-29 21:00:00-03:00,33.25,0.4
2025-08-29 22:00:00-03:00,33.25,0.2
2025-08-29 23:00:00-03:00,33.25,0.0
2025-08-30 00:00:00-03:00,33.0,0.2
2025-08-30 01:00:00-03:00,33.0,0.4
2025-08-30 02:00:00-03:00,33.0,0.0
2025-08-30 03:00:00-03:00,33.0,0.2
2025-08-30 04:00:00-03:00,33.0,0.0
2025-08-30 05:00:00-03:00,33.0,0.0
2025-08-30 06:00:00-03:00,33.0,0.0
2025-08-30 07:00:00-03:00,33.0,0.0
2025-08-30 08:00:00-03:00,33.0,0.2
2025-08-30 09:00:00-03:00,33.0,0.0
2025-08-30 10:00:00-03:00,33.0,0.0
2025-08-30 11:00:00-03:00,33.0,0.0
2025-08-30 12:00:00-03:00,33.0,0.2
2025-08-30 13:00:00-03:00,33.25,0.0
2025-08-30 14:00:00-03:00,33.5,0.0
2025-08-30 15:00:00-03:00,33.25,0.0
2025-08-30 16:00:00-03:00,33.0,0.0
2025-08-30 17:00:00-03:00,33.0,0.0
2025-08-30 18:00:00-03:00,33.0,0.0
2025-08-30 19:00:00-03:00,33.0,0.0
2025-08-30 20:00:00-03:00,33.0,0.0
2025-08-30 21:00:00-03:00,33.0,0.0
2025-08-30 22:00:00-03:00,33.0,0.0
2025-08-30 23:00:00-03:00,33.0,0.0
2025-08-31 00:00:00-03:00,33.0,0.0
2025-08-31 01:00:00-03:00,33.0,0.0
2025-08-31 02:00:00-03:00,33.0,0.0
2025-08-31 03:00:00-03:00,33.0,0.0
2025-08-31 04:00:00-03:00,33.0,0.0
2025-08-31 05:00:00-03:00,33.0,0.0
2025-08-31 06:00:00-03:00,33.0,0.0
2025-08-31 07:00:00-03:00,33.0,0.0
2025-08-31 08:00:00-03:00,33.0,0.0
2025-08-31 09:00:00-03:00,33.0,0.0
2025-08-31 10:00:00-03:00,33.5,0.0
2025-08-31 11:00:00-03:00,34.0,0.0
2025-08-31 12:00:00-03:00,34.0,0.0
2025-08-31 13:00:00-03:00,34.0,0.0
2025-08-31 14:00:00-03:00,34.0,0.0
2025-08-31 15:00:00-03:00,34.0,0.0
2025-08-31 16:00:00-03:00,34.0,0.0
2025-08-31 17:00:00-03:00,34.0,0.0
2025-08-31 18:00:00-03:00,34.0,0.0
2025-08-31 19:00:00-03:00,34.0,0.0
2025-08-31 20:00:00-03:00,34.0,0.0
2025-08-31 21:00:00-03:00,34.0,0.0
2025-08-31 22:00:00-03:00,34.25,0.0
2025-08-31 23:00:00-03:00,34.0,0.0
2025-09-01 00:00:00-03:00,34.0,0.0
2025-09-01 01:00:00-03:00,34.0,0.0
2025-09-01 02:00:00-03:00,34.25,0.0
2025-09-01 03:00:00-03:00,34.5,0.0
2025-09-01 04:00:00-03:00,35.0,0.0
2025-09-01 05:00:00-03:00,34.75,0.0
2025-09-01 06:00:00-03:00,35.0,0.0
2025-09-01 07:00:00-03:00,35.0,0.0
2025-09-01 08:00:00-03:00,34.75,0.2
2025-09-01 09:00:00-03:00,34.0,0.0
2025-09-01 10:00:00-03:00,34.25,0.0
2025-09-01 11:00:00-03:00,34.25,0.0
2025-09-01 12:00:00-03:00,35.0,0.0
2025-09-01 13:00:00-03:00,34.25,0.0
2025-09-01 14:00:00-03:00,34.25,0.0
2025-09-01 15:00:00-03:00,34.0,0.0
2025-09-01 16:00:00-03:00,34.0,0.0
2025-09-01 17:00:00-03:00,34.0,0.0
2025-09-01 18:00:00-03:00,33.75,0.0
2025-09-01 19:00:00-03:00,33.75,0.0
2025-09-01 20:00:00-03:00,33.0,0.0
2025-09-01 21:00:00-03:00,33.0,0.0
2025-09-01 22:00:00-03:00,33.0,0.0
2025-09-01 23:00:00-03:00,33.0,0.0
2025-09-02 00:00:00-03:00,32.25,0.0
2025-09-02 01:00:00-03:00,32.25,0.0
2025-09-02 02:00:00-03:00,32.0,0.0
2025-09-02 03:00:00-03:00,32.0,0.0
2025-09-02 04:00:00-03:00,32.0,0.0
2025-09-02 05:00:00-03:00,32.0,0.0
2025-09-02 06:00:00-03:00,32.0,0.0
2025-09-02 07:00:00-03:00,32.0,0.0
2025-09-02 08:00:00-03:00,32.0,0.0
2025-09-02 09:00:00-03:00,32.0,0.0
2025-09-02 10:00:00-03:00,32.0,0.0
2025-09-02 11:00:00-03:00,32.0,0.0
2025-09-02 12:00:00-03:00,32.0,0.0
2025-09-02 13:00:00-03:00,32.0,0.0
2025-09-02 14:00:00-03:00,32.0,0.0
2025-09-02 15:00:00-03:00,32.0,0.0
2025-09-02 16:00:00-03:00,32.0,0.0
2025-09-02 17:00:00-03:00,32.0,0.0
2025-09-02 18:00:00-03:00,32.0,0.0
2025-09-02 19:00:00-03:00,32.0,0.0
2025-09-02 20:00:00-03:00,32.0,0.0
2025-09-02 21:00:00-03:00,32.0,0.0
2025-09-02 22:00:00-03:00,31.0,0.0
2025-09-02 23:00:00-03:00,31.25,0.0
2025-09-03 00:00:00-03:00,31.25,0.0
2025-09-03 01:00:00-03:00,31.0,0.0
2025-09-03 02:00:00-03:00,31.0,0.0
2025-09-03 03:00:00-03:00,31.0,0.0
2025-09-03 04:00:00-03:00,31.0,0.0
2025-09-03 05:00:00-03:00,31.0,0.0
2025-09-03 06:00:00-03:00,31.0,0.0
2025-09-03 07:00:00-03:00,31.0,0.0
2025-09-03 08:00:00-03:00,31.0,0.0
2025-09-03 09:00:00-03:00,31.0,0.0
2025-09-03 10:00:00-03:00,31.0,0.0
2025-09-03 11:00:00-03:00,31.0,0.0
2025-09-03 12:00:00-03:00,31.0,0.0
2025-09-03 13:00:00-03:00,31.0,0.0
2025-09-03 14:00:00-03:00,31.0,0.0
2025-09-03 15:00:00-03:00,31.0,0.0
2025-09-03 16:00:00-03:00,31.0,0.0
2025-09-03 17:00:00-03:00,31.0,0.0
2025-09-03 18:00:00-03:00,31.0,0.0
2025-09-03 19:00:00-03:00,31.0,0.0
2025-09-03 20:00:00-03:00,30.75,0.0
2025-09-03 21:00:00-03:00,30.5,0.0
2025-09-03 22:00:00-03:00,30.0,0.0
2025-09-03 23:00:00-03:00,30.0,0.0
2025-09-04 00:00:00-03:00,30.0,0.0
2025-09-04 01:00:00-03:00,30.0,0.0
2025-09-04 02:00:00-03:00,29.75,0.0
2025-09-04 03:00:00-03:00,29.0,0.2
2025-09-04 04:00:00-03:00,29.25,0.0
2025-09-04 05:00:00-03:00,29.0,0.0
2025-09-04 06:00:00-03:00,29.0,0.0
2025-09-04 07:00:00-03:00,29.0,0.0
2025-09-04 08:00:00-03:00,29.0,0.0
2025-09-04 09:00:00-03:00,29.0,0.0
2025-09-04 10:00:00-03:00,29.0,0.0
2025-09-04 11:00:00-03:00,29.0,0.0
2025-09-04 12:00:00-03:00,29.75,0.0
2025-09-04 13:00:00-03:00,30.0,0.0
2025-09-04 14:00:00-03:00,30.0,0.0
2025-09-04 15:00:00-03:00,30.0,0.0
2025-09-04 16:00:00-03:00,30.0,0.0
2025-09-04 17:00:00-03:00,30.0,0.0
2025-09-04 18:00:00-03:00,29.5,0.0
2025-09-04 19:00:00-03:00,29.0,0.0
2025-09-04 20:00:00-03:00,29.0,0.0
2025-09-04 21:00:00-03:00,29.0,0.0
2025-09-04 22:00:00-03:00,29.0,0.0
2025-09-04 23:00:00-03:00,29.0,0.0
2025-09-05 00:00:00-03:00,29.0,0.0
2025-09-05 01:00:00-03:00,29.0,0.0
2025-09-05 02:00:00-03:00,29.0,0.0
2025-09-05 03:00:00-03:00,28.75,0.0
2025-09-05 04:00:00-03:00,28.75,0.0
2025-09-05 05:00:00-03:00,28.75,0.0
2025-09-05 06:00:00-03:00,28.0,0.0
2025-09-05 07:00:00-03:00,28.5,0.0
2025-09-05 08:00:00-03:00,28.75,0.0
2025-09-05 09:00:00-03:00,28.5,0.0
2025-09-05 10:00:00-03:00,29.0,0.0
2025-09-05 11:00:00-03:00,29.0,0.0
2025-09-05 12:00:00-03:00,29.0,0.0
2025-09-05 13:00:00-03:00,29.25,0.0
2025-09-05 14:00:00-03:00,29.0,0.0
2025-09-05 15:00:00-03:00,29.0,0.0
2025-09-05 16:00:00-03:00,29.0,0.0
2025-09-05 17:00:00-03:00,29.0,0.0
2025-09-05 18:00:00-03:00,29.0,0.0
2025-09-05 19:00:00-03:00,29.0,0.0
2025-09-05 20:00:00-03:00,29.0,0.0
2025-09-05 21:00:00-03:00,29.0,0.0
2025-09-05 22:00:00-03:00,29.0,0.0
2025-09-05 23:00:00-03:00,29.0,0.0
2025-09-06 00:00:00-03:00,28.25,0.0
2025-09-06 01:00:00-03:00,28.0,0.0
2025-09-06 02:00:00-03:00,28.0,0.0
2025-09-06 03:00:00-03:00,28.0,0.0
2025-09-06 04:00:00-03:00,28.0,0.0
2025-09-06 05:00:00-03:00,28.0,0.0
2025-09-06 06:00:00-03:00,28.0,0.0
2025-09-06 07:00:00-03:00,28.0,0.0
2025-09-06 08:00:00-03:00,28.0,0.0
2025-09-06 09:00:00-03:00,28.0,0.0
2025-09-06 10:00:00-03:00,28.0,0.0
2025-09-06 11:00:00-03:00,28.0,0.0
2025-09-06 12:00:00-03:00,28.0,0.0
2025-09-06 13:00:00-03:00,28.75,0.0
2025-09-06 14:00:00-03:00,28.75,0.0
2025-09-06 15:00:00-03:00,29.0,0.0
2025-09-06 16:00:00-03:00,28.5,0.0
2025-09-06 17:00:00-03:00,28.0,0.0
2025-09-06 18:00:00-03:00,28.0,0.0
2025-09-06 19:00:00-03:00,28.0,0.0
2025-09-06 20:00:00-03:00,28.0,0.0
2025-09-06 21:00:00-03:00,28.0,0.0
2025-09-06 22:00:00-03:00,28.0,0.0
2025-09-06 23:00:00-03:00,27.75,0.0
2025-09-07 00:00:00-03:00,28.0,0.0
2025-09-07 01:00:00-03:00,27.5,0.0
2025-09-07 02:00:00-03:00,27.0,0.0
2025-09-07 03:00:00-03:00,27.0,0.0
2025-09-07 04:00:00-03:00,27.0,0.0
2025-09-07 05:00:00-03:00,27.0,0.0
2025-09-07 06:00:00-03:00,27.0,0.0
2025-09-07 07:00:00-03:00,27.0,0.0
2025-09-07 08:00:00-03:00,27.0,0.0
2025-09-07 09:00:00-03:00,27.0,0.0
2025-09-07 10:00:00-03:00,27.0,0.0
2025-09-07 11:00:00-03:00,27.0,0.0
2025-09-07 12:00:00-03:00,27.25,0.0
2025-09-07 13:00:00-03:00,27.25,0.0
2025-09-07 14:00:00-03:00,27.5,0.0
2025-09-07 15:00:00-03:00,27.5,0.0
2025-09-07 16:00:00-03:00,27.25,0.0
2025-09-07 17:00:00-03:00,27.0,0.0
2025-09-07 18:00:00-03:00,27.0,0.0
2025-09-07 19:00:00-03:00,27.0,0.0
2025-09-07 20:00:00-03:00,27.0,0.0
2025-09-07 21:00:00-03:00,27.0,0.0
2025-09-07 22:00:00-03:00,26.75,0.0
2025-09-07 23:00:00-03:00,27.0,0.0
2025-09-08 00:00:00-03:00,27.0,0.0
2025-09-08 01:00:00-03:00,27.0,0.0
2025-09-08 02:00:00-03:00,26.5,0.0
2025-09-08 03:00:00-03:00,26.0,0.0
2025-09-08 04:00:00-03:00,26.0,0.0
2025-09-08 05:00:00-03:00,26.0,0.0
2025-09-08 06:00:00-03:00,26.0,0.0
2025-09-08 07:00:00-03:00,26.0,0.0
2025-09-08 08:00:00-03:00,26.0,0.0
2025-09-08 09:00:00-03:00,26.0,0.0
2025-09-08 10:00:00-03:00,26.0,0.0
2025-09-08 11:00:00-03:00,26.25,0.0
2025-09-08 12:00:00-03:00,26.25,0.0
2025-09-08 13:00:00-03:00,27.0,0.0
2025-09-08 14:00:00-03:00,26.75,0.0
2025-09-08 15:00:00-03:00,27.0,0.0
2025-09-08 16:00:00-03:00,27.0,0.0
2025-09-08 17:00:00-03:00,26.75,0.0
2025-09-08 18:00:00-03:00,26.75,0.0
2025-09-08 19:00:00-03:00,26.75,0.0
2025-09-08 20:00:00-03:00,26.0,0.0
2025-09-08 21:00:00-03:00,26.25,0.0
2025-09-08 22:00:00-03:00,26.0,0.0
2025-09-08 23:00:00-03:00,26.5,0.0
2025-09-09 00:00:00-03:00,26.0,0.0
2025-09-09 01:00:00-03:00,26.0,0.0
2025-09-09 02:00:00-03:00,26.0,0.0
2025-09-09 03:00:00-03:00,26.0,0.0
2025-09-09 04:00:00-03:00,26.0,0.0
2025-09-09 05:00:00-03:00,26.0,0.0
2025-09-09 06:00:00-03:00,26.0,0.0
2025-09-09 07:00:00-03:00,26.0,0.0
2025-09-09 08:00:00-03:00,26.0,0.0
2025-09-09 09:00:00-03:00,26.0,0.0
2025-09-09 10:00:00-03:00,26.0,0.0
2025-09-09 11:00:00-03:00,26.0,0.0
2025-09-09 12:00:00-03:00,26.0,0.0
2025-09-09 13:00:00-03:00,26.75,0.0
2025-09-09 14:00:00-03:00,26.5,0.0
2025-09-09 15:00:00-03:00,27.0,0.0
2025-09-09 16:00:00-03:00,26.75,0.0
2025-09-09 17:00:00-03:00,26.75,0.0
2025-09-09 18:00:00-03:00,26.0,0.0
2025-09-09 19:00:00-03:00,26.0,0.0
2025-09-09 20:00:00-03:00,26.0,0.0
2025-09-09 21:00:00-03:00,26.0,0.0
2025-09-09 22:00:00-03:00,26.0,0.0
2025-09-09 23:00:00-03:00,26.0,0.0
2025-09-10 00:00:00-03:00,26.0,0.0
2025-09-10 01:00:00-03:00,25.75,0.0
2025-09-10 02:00:00-03:00,25.75,0.0
2025-09-10 03:00:00-03:00,25.25,0.0
2025-09-10 04:00:00-03:00,25.0,0.0
2025-09-10 05:00:00-03:00,25.0,0.0
2025-09-10 06:00:00-03:00,25.0,0.0
2025-09-10 07:00:00-03:00,25.0,0.0
2025-09-10 08:00:00-03:00,25.0,0.0
2025-09-10 09:00:00-03:00,25.0,0.0
2025-09-10 10:00:00-03:00,25.0,0.0
2025-09-10 11:00:00-03:00,25.5,0.0
2025-09-10 12:00:00-03:00,26.0,0.0
2025-09-10 13:00:00-03:00,26.0,0.0
2025-09-10 14:00:00-03:00,26.0,0.0
2025-09-10 15:00:00-03:00,26.0,0.0
2025-09-10 16:00:00-03:00,26.0,0.0
2025-09-10 17:00:00-03:00,26.0,0.0
2025-09-10 18:00:00-03:00,26.0,0.0
2025-09-10 19:00:00-03:00,25.5,0.0
2025-09-10 20:00:00-03:00,25.25,0.0
2025-09-10 21:00:00-03:00,25.0,0.0
2025-09-10 22:00:00-03:00,25.0,0.0
2025-09-10 23:00:00-03:00,25.0,0.0
2025-09-11 00:00:00-03:00,25.0,0.0
2025-09-11 01:00:00-03:00,25.0,0.0
2025-09-11 02:00:00-03:00,25.0,0.0
2025-09-11 03:00:00-03:00,25.0,0.0
2025-09-11 04:00:00-03:00,25.0,0.0
2025-09-11 05:00:00-03:00,24.5,0.0
2025-09-11 06:00:00-03:00,25.0,0.0
2025-09-11 07:00:00-03:00,25.0,0.0
2025-09-11 08:00:00-03:00,24.5,0.0
2025-09-11 09:00:00-03:00,24.75,0.0
2025-09-11 10:00:00-03:00,25.0,0.0
2025-09-11 11:00:00-03:00,25.0,0.0
2025-09-11 12:00:00-03:00,25.0,0.0
2025-09-11 13:00:00-03:00,25.25,0.0
2025-09-11 14:00:00-03:00,25.0,0.0
2025-09-11 15:00:00-03:00,25.0,0.0
2025-09-11 16:00:00-03:00,25.0,0.0
2025-09-11 17:00:00-03:00,25.0,0.0
2025-09-11 18:00:00-03:00,25.0,0.0
2025-09-11 19:00:00-03:00,25.0,0.0
2025-09-11 20:00:00-03:00,24.75,0.0
2025-09-11 21:00:00-03:00,24.75,0.0
2025-09-11 22:00:00-03:00,24.75,0.0
2025-09-11 23:00:00-03:00,24.25,0.0
2025-09-12 00:00:00-03:00,24.0,0.0
2025-09-12 01:00:00-03:00,24.0,0.0
2025-09-12 02:00:00-03:00,24.0,0.0
2025-09-12 03:00:00-03:00,24.0,0.0
2025-09-12 04:00:00-03:00,24.0,0.0
2025-09-12 05:00:00-03:00,24.0,0.0
2025-09-12 06:00:00-03:00,24.0,0.0
2025-09-12 07:00:00-03:00,23.75,0.0
2025-09-12 08:00:00-03:00,23.5,0.0
2025-09-12 09:00:00-03:00,23.75,0.0
2025-09-12 10:00:00-03:00,24.0,0.0
2025-09-12 11:00:00-03:00,24.0,0.0
2025-09-12 12:00:00-03:00,24.0,0.0
2025-09-12 13:00:00-03:00,24.5,0.0
2025-09-12 14:00:00-03:00,24.75,0.0
2025-09-12 15:00:00-03:00,24.25,0.0
2025-09-12 16:00:00-03:00,24.0,0.0
2025-09-12 17:00:00-03:00,24.0,0.0
2025-09-12 18:00:00-03:00,24.0,0.0
2025-09-12 19:00:00-03:00,24.0,0.0
2025-09-12 20:00:00-03:00,24.0,0.0
2025-09-12 21:00:00-03:00,23.5,0.0
2025-09-12 22:00:00-03:00,24.0,0.0
2025-09-12 23:00:00-03:00,23.5,0.0
2025-09-13 00:00:00-03:00,23.0,0.0
2025-09-13 01:00:00-03:00,23.0,0.0
2025-09-13 02:00:00-03:00,23.0,0.0
2025-09-13 03:00:00-03:00,23.0,0.0
2025-09-13 04:00:00-03:00,23.0,0.0
2025-09-13 05:00:00-03:00,23.0,0.0
2025-09-13 06:00:00-03:00,23.0,0.0
2025-09-13 07:00:00-03:00,23.0,0.0
2025-09-13 08:00:00-03:00,22.5,0.0
2025-09-13 09:00:00-03:00,23.0,0.0
2025-09-13 10:00:00-03:00,23.0,0.0
2025-09-13 11:00:00-03:00,23.0,0.0
2025-09-13 12:00:00-03:00,23.0,0.0
2025-09-13 13:00:00-03:00,23.0,0.0
2025-09-13 14:00:00-03:00,23.0,0.0
2025-09-13 15:00:00-03:00,23.0,0.0
2025-09-13 16:00:00-03:00,23.0,0.0
2025-09-13 17:00:00-03:00,23.0,0.0
2025-09-13 18:00:00-03:00,23.0,0.0
2025-09-13 19:00:00-03:00,23.0,0.0
2025-09-13 20:00:00-03:00,23.0,0.0
2025-09-13 21:00:00-03:00,22.75,0.0
2025-09-13 22:00:00-03:00,22.75,0.0
2025-09-13 23:00:00-03:00,22.25,0.0
2025-09-14 00:00:00-03:00,22.0,0.0
2025-09-14 01:00:00-03:00,22.0,0.0
2025-09-14 02:00:00-03:00,22.0,0.0
2025-09-14 03:00:00-03:00,22.0,0.0
2025-09-14 04:00:00-03:00,22.0,0.0
2025-09-14 05:00:00-03:00,22.0,0.0
2025-09-14 06:00:00-03:00,22.0,0.0
2025-09-14 07:00:00-03:00,22.0,0.0
2025-09-14 08:00:00-03:00,22.0,0.0
2025-09-14 09:00:00-03:00,22.0,0.0
2025-09-14 10:00:00-03:00,22.0,0.0
2025-09-14 11:00:00-03:00,22.0,0.0
2025-09-14 12:00:00-03:00,22.0,0.0
2025-09-14 13:00:00-03:00,22.0,0.0
2025-09-14 14:00:00-03:00,22.25,0.0
2025-09-14 15:00:00-03:00,22.0,0.0
2025-09-14 16:00:00-03:00,22.0,0.0
2025-09-14 17:00:00-03:00,22.25,0.0
2025-09-14 18:00:00-03:00,22.0,0.0
2025-09-14 19:00:00-03:00,22.0,0.0
2025-09-14 20:00:00-03:00,22.0,0.0
2025-09-14 21:00:00-03:00,22.0,0.0
2025-09-14 22:00:00-03:00,22.0,0.0
2025-09-14 23:00:00-03:00,22.0,0.0
2025-09-15 00:00:00-03:00,22.0,0.0
2025-09-15 01:00:00-03:00,22.0,0.0
2025-09-15 02:00:00-03:00,21.75,0.0
2025-09-15 03:00:00-03:00,21.75,0.0
2025-09-15 04:00:00-03:00,21.25,0.0
2025-09-15 05:00:00-03:00,21.5,0.0
2025-09-15 06:00:00-03:00,21.5,0.0
2025-09-15 07:00:00-03:00,21.75,0.2
2025-09-15 08:00:00-03:00,21.5,0.0
2025-09-15 09:00:00-03:00,22.0,0.0
2025-09-15 10:00:00-03:00,22.0,0.0
2025-09-15 11:00:00-03:00,22.0,0.0
2025-09-15 12:00:00-03:00,22.0,0.0
2025-09-15 13:00:00-03:00,22.0,0.0
2025-09-15 14:00:00-03:00,22.25,0.0
2025-09-15 15:00:00-03:00,23.0,0.0
2025-09-15 16:00:00-03:00,22.5,0.0
2025-09-15 17:00:00-03:00,23.0,0.0
2025-09-15 18:00:00-03:00,23.0,0.0
2025-09-15 19:00:00-03:00,22.5,0.0
2025-09-15 20:00:00-03:00,22.25,0.0
2025-09-15 21:00:00-03:00,22.0,0.0
2025-09-15 22:00:00-03:00,22.0,0.0
2025-09-15 23:00:00-03:00,22.0,0.0
2025-09-16 00:00:00-03:00,22.0,0.0
2025-09-16 01:00:00-03:00,22.0,0.0
2025-09-16 02:00:00-03:00,22.0,0.0
2025-09-16 03:00:00-03:00,22.0,0.0
2025-09-16 04:00:00-03:00,22.0,0.0
2025-09-16 05:00:00-03:00,22.0,0.0
2025-09-16 06:00:00-03:00,22.0,0.0
2025-09-16 07:00:00-03:00,22.0,0.0
2025-09-16 08:00:00-03:00,22.0,0.0
2025-09-16 09:00:00-03:00,22.0,0.0
2025-09-16 10:00:00-03:00,22.0,0.0
2025-09-16 11:00:00-03:00,22.0,0.0
2025-09-16 12:00:00-03:00,22.75,0.0
2025-09-16 13:00:00-03:00,22.75,0.0
2025-09-16 14:00:00-03:00,23.0,0.0
2025-09-16 15:00:00-03:00,22.5,0.0
2025-09-16 16:00:00-03:00,23.0,10.0
2025-09-16 17:00:00-03:00,23.0,0.4
2025-09-16 18:00:00-03:00,22.5,0.2
2025-09-16 19:00:00-03:00,22.0,0.4
2025-09-16 20:00:00-03:00,22.25,0.4
2025-09-16 21:00:00-03:00,22.0,0.0
2025-09-16 22:00:00-03:00,22.0,0.0
2025-09-16 23:00:00-03:00,22.0,0.0
2025-09-17 00:00:00-03:00,22.0,0.0
2025-09-17 01:00:00-03:00,22.0,0.0
2025-09-17 02:00:00-03:00,22.0,0.2
2025-09-17 03:00:00-03:00,22.0,0.0
2025-09-17 04:00:00-03:00,22.0,0.0
2025-09-17 05:00:00-03:00,22.0,0.0
2025-09-17 06:00:00-03:00,22.0,0.0
2025-09-17 07:00:00-03:00,22.0,0.0
2025-09-17 08:00:00-03:00,22.0,0.0
2025-09-17 09:00:00-03:00,22.0,0.0
2025-09-17 10:00:00-03:00,22.0,0.0
2025-09-17 11:00:00-03:00,22.0,0.2
2025-09-17 12:00:00-03:00,23.0,0.0
2025-09-17 13:00:00-03:00,23.0,0.0
2025-09-17 14:00:00-03:00,23.25,0.0
2025-09-17 15:00:00-03:00,23.75,0.0
2025-09-17 16:00:00-03:00,24.0,0.0
2025-09-17 17:00:00-03:00,24.0,0.0
2025-09-17 18:00:00-03:00,24.0,0.0
2025-09-17 19:00:00-03:00,24.0,0.0
2025-09-17 20:00:00-03:00,24.0,0.0
2025-09-17 21:00:00-03:00,24.0,0.0
2025-09-17 22:00:00-03:00,24.0,0.0
2025-09-17 23:00:00-03:00,24.0,0.0
2025-09-18 00:00:00-03:00,24.5,0.0
2025-09-18 01:00:00-03:00,25.0,0.0
2025-09-18 02:00:00-03:00,25.0,0.0
2025-09-18 03:00:00-03:00,25.0,0.0
2025-09-18 04:00:00-03:00,25.25,0.0
2025-09-18 05:00:00-03:00,26.0,0.0
2025-09-18 06:00:00-03:00,26.0,0.0
2025-09-18 07:00:00-03:00,26.75,0.0
2025-09-18 08:00:00-03:00,27.0,0.0
2025-09-18 09:00:00-03:00,27.25,0.0
2025-09-18 10:00:00-03:00,28.0,0.0
2025-09-18 11:00:00-03:00,28.0,0.0
2025-09-18 12:00:00-03:00,28.75,0.0
2025-09-18 13:00:00-03:00,29.0,0.0
2025-09-18 14:00:00-03:00,29.75,0.0
2025-09-18 15:00:00-03:00,30.0,0.0
2025-09-18 16:00:00-03:00,30.0,0.0
2025-09-18 17:00:00-03:00,30.0,0.0
2025-09-18 18:00:00-03:00,30.0,0.0
2025-09-18 19:00:00-03:00,30.0,0.0
2025-09-18 20:00:00-03:00,30.0,0.0
2025-09-18 21:00:00-03:00,30.0,0.0
2025-09-18 22:00:00-03:00,30.0,0.0
2025-09-18 23:00:00-03:00,30.0,0.0
2025-09-19 00:00:00-03:00,30.0,0.0
2025-09-19 01:00:00-03:00,29.75,0.0
2025-09-19 02:00:00-03:00,30.0,0.0
2025-09-19 03:00:00-03:00,29.75,0.0
2025-09-19 04:00:00-03:00,29.5,0.0
2025-09-19 05:00:00-03:00,29.25,0.0
2025-09-19 06:00:00-03:00,29.5,0.0
2025-09-19 07:00:00-03:00,29.0,0.0
2025-09-19 08:00:00-03:00,29.0,0.0
2025-09-19 09:00:00-03:00,29.0,0.0
2025-09-19 10:00:00-03:00,29.0,0.0
2025-09-19 11:00:00-03:00,29.0,0.0
2025-09-19 12:00:00-03:00,29.0,0.0
2025-09-19 13:00:00-03:00,29.0,0.0
2025-09-19 14:00:00-03:00,29.0,0.0
2025-09-19 15:00:00-03:00,29.0,0.0
2025-09-19 16:00:00-03:00,28.75,0.0
2025-09-19 17:00:00-03:00,28.25,0.0
2025-09-19 18:00:00-03:00,28.0,0.0
2025-09-19 19:00:00-03:00,28.0,0.0
2025-09-19 20:00:00-03:00,27.5,0.0
2025-09-19 21:00:00-03:00,27.0,0.0
2025-09-19 22:00:00-03:00,27.0,0.0
2025-09-19 23:00:00-03:00,27.0,0.0
2025-09-20 00:00:00-03:00,26.75,0.0
2025-09-20 01:00:00-03:00,26.75,0.0
2025-09-20 02:00:00-03:00,32.5,0.0
2025-09-20 03:00:00-03:00,30.25,0.0
2025-09-20 04:00:00-03:00,28.75,0.0
2025-09-20 05:00:00-03:00,27.5,0.0
2025-09-20 06:00:00-03:00,27.0,0.0
2025-09-20 07:00:00-03:00,26.25,0.0
2025-09-20 08:00:00-03:00,26.0,0.0
2025-09-20 09:00:00-03:00,26.0,0.0
2025-09-20 10:00:00-03:00,26.0,0.0
2025-09-20 11:00:00-03:00,26.0,0.0
2025-09-20 12:00:00-03:00,26.0,0.0
2025-09-20 13:00:00-03:00,26.0,0.0
2025-09-20 14:00:00-03:00,26.0,0.0
2025-09-20 15:00:00-03:00,26.0,0.0
2025-09-20 16:00:00-03:00,26.0,0.0
2025-09-20 17:00:00-03:00,26.0,0.0
2025-09-20 18:00:00-03:00,25.0,0.0
2025-09-20 19:00:00-03:00,25.0,0.0
2025-09-20 20:00:00-03:00,25.0,0.0
2025-09-20 21:00:00-03:00,25.0,0.0
2025-09-20 22:00:00-03:00,25.0,0.0
2025-09-20 23:00:00-03:00,24.5,0.0
2025-09-21 00:00:00-03:00,24.5,0.0
2025-09-21 01:00:00-03:00,24.25,0.0
2025-09-21 02:00:00-03:00,24.0,0.0
2025-09-21 03:00:00-03:00,24.0,0.0
2025-09-21 04:00:00-03:00,24.0,0.0
2025-09-21 05:00:00-03:00,24.0,0.0
2025-09-21 06:00:00-03:00,24.0,0.0
2025-09-21 07:00:00-03:00,24.0,0.0
2025-09-21 08:00:00-03:00,24.0,0.0
2025-09-21 09:00:00-03:00,24.0,0.0
2025-09-21 10:00:00-03:00,24.75,0.0
2025-09-21 11:00:00-03:00,25.0,0.0
2025-09-21 12:00:00-03:00,25.0,0.0
2025-09-21 13:00:00-03:00,25.0,0.0
2025-09-21 14:00:00-03:00,25.0,0.0
2025-09-21 15:00:00-03:00,25.0,0.0
2025-09-21 16:00:00-03:00,25.0,0.0
2025-09-21 17:00:00-03:00,25.0,0.0
2025-09-21 18:00:00-03:00,25.0,0.0
2025-09-21 19:00:00-03:00,25.0,0.0
2025-09-21 20:00:00-03:00,25.0,0.0
2025-09-21 21:00:00-03:00,24.75,0.0
2025-09-21 22:00:00-03:00,24.75,0.0
2025-09-21 23:00:00-03:00,24.5,0.0
2025-09-22 00:00:00-03:00,24.5,0.0
2025-09-22 01:00:00-03:00,24.25,0.0
2025-09-22 02:00:00-03:00,24.25,0.0
2025-09-22 03:00:00-03:00,25.0,0.0
2025-09-22 04:00:00-03:00,24.75,0.0
2025-09-22 05:00:00-03:00,24.25,0.0
2025-09-22 06:00:00-03:00,24.5,0.0
2025-09-22 07:00:00-03:00,24.75,0.0
2025-09-22 08:00:00-03:00,24.25,0.0
2025-09-22 09:00:00-03:00,24.5,0.0
2025-09-22 10:00:00-03:00,24.0,0.0
2025-09-22 11:00:00-03:00,24.0,0.0
2025-09-22 12:00:00-03:00,24.25,0.2
2025-09-22 13:00:00-03:00,24.0,1.2
2025-09-22 14:00:00-03:00,25.0,5.8
2025-09-22 15:00:00-03:00,26.0,8.0
2025-09-22 16:00:00-03:00,26.75,3.8
2025-09-22 17:00:00-03:00,27.75,11.6
2025-09-22 18:00:00-03:00,33.25,4.8
2025-09-22 19:00:00-03:00,32.25,1.4
2025-09-22 20:00:00-03:00,31.25,1.2
2025-09-22 21:00:00-03:00,31.0,0.8
2025-09-22 22:00:00-03:00,30.5,0.2
2025-09-22 23:00:00-03:00,30.0,0.0
2025-09-23 00:00:00-03:00,29.25,0.0
2025-09-23 01:00:00-03:00,29.0,0.0
2025-09-23 02:00:00-03:00,29.0,0.0
2025-09-23 03:00:00-03:00,29.0,0.0
2025-09-23 04:00:00-03:00,29.0,0.0
2025-09-23 05:00:00-03:00,29.0,0.0
2025-09-23 06:00:00-03:00,30.0,0.2
2025-09-23 07:00:00-03:00,30.75,0.0
2025-09-23 08:00:00-03:00,31.5,0.0
2025-09-23 09:00:00-03:00,32.25,0.0
2025-09-23 10:00:00-03:00,33.0,0.0
2025-09-23 11:00:00-03:00,33.75,0.0
2025-09-23 12:00:00-03:00,35.0,0.0
2025-09-23 13:00:00-03:00,35.75,0.2
2025-09-23 14:00:00-03:00,36.5,0.0
2025-09-23 15:00:00-03:00,37.25,0.0
2025-09-23 16:00:00-03:00,38.25,0.0
2025-09-23 17:00:00-03:00,39.5,0.0
2025-09-23 18:00:00-03:00,40.5,0.0
2025-09-23 19:00:00-03:00,41.5,0.0
2025-09-23 20:00:00-03:00,42.5,0.0
2025-09-23 21:00:00-03:00,43.75,0.0
2025-09-23 22:00:00-03:00,45.25,0.0
2025-09-23 23:00:00-03:00,46.5,0.0
2025-09-24 00:00:00-03:00,47.75,0.0
2025-09-24 01:00:00-03:00,49.75,0.0
2025-09-24 02:00:00-03:00,51.25,0.0
2025-09-24 03:00:00-03:00,52.5,0.0
2025-09-24 04:00:00-03:00,53.75,0.0
2025-09-24 05:00:00-03:00,55.25,0.0
2025-09-24 06:00:00-03:00,56.25,0.0
2025-09-24 07:00:00-03:00,57.5,0.0
2025-09-24 08:00:00-03:00,58.0,0.0
2025-09-24 09:00:00-03:00,59.0,0.0
2025-09-24 10:00:00-03:00,60.0,0.0
2025-09-24 11:00:00-03:00,60.75,0.0
2025-09-24 12:00:00-03:00,61.25,0.0
2025-09-24 13:00:00-03:00,62.0,0.0
2025-09-24 14:00:00-03:00,62.5,0.0
2025-09-24 15:00:00-03:00,62.5,0.0
2025-09-24 16:00:00-03:00,62.0,0.0
2025-09-24 17:00:00-03:00,62.0,0.0
2025-09-24 18:00:00-03:00,61.5,0.0
2025-09-24 19:00:00-03:00,61.0,0.0
2025-09-24 20:00:00-03:00,60.5,0.0
2025-09-24 21:00:00-03:00,60.0,0.0
2025-09-24 22:00:00-03:00,59.0,0.0
2025-09-24 23:00:00-03:00,58.25,0.0
2025-09-25 00:00:00-03:00,57.25,0.0
2025-09-25 01:00:00-03:00,56.25,0.0
2025-09-25 02:00:00-03:00,55.0,0.0
2025-09-25 03:00:00-03:00,54.0,0.0
2025-09-25 04:00:00-03:00,53.25,0.0
2025-09-25 05:00:00-03:00,52.25,0.0
2025-09-25 06:00:00-03:00,51.5,0.0
2025-09-25 07:00:00-03:00,50.75,0.0
2025-09-25 08:00:00-03:00,50.0,0.0
2025-09-25 09:00:00-03:00,49.0,0.0
2025-09-25 10:00:00-03:00,48.5,0.0
2025-09-25 11:00:00-03:00,48.0,0.0
2025-09-25 12:00:00-03:00,47.0,0.0
2025-09-25 13:00:00-03:00,46.25,0.0
2025-09-25 14:00:00-03:00,45.75,0.0
2025-09-25 15:00:00-03:00,45.25,0.0
2025-09-25 16:00:00-03:00,45.0,0.0
2025-09-25 17:00:00-03:00,44.0,0.0
2025-09-25 18:00:00-03:00,43.0,0.0
2025-09-25 19:00:00-03:00,42.75,0.0
2025-09-25 20:00:00-03:00,42.0,0.0
2025-09-25 21:00:00-03:00,41.25,0.0
2025-09-25 22:00:00-03:00,40.75,0.0
2025-09-25 23:00:00-03:00,40.0,0.0
2025-09-26 00:00:00-03:00,39.25,0.0
2025-09-26 01:00:00-03:00,39.0,0.0
2025-09-26 02:00:00-03:00,38.0,0.0
2025-09-26 03:00:00-03:00,37.5,0.0
2025-09-26 04:00:00-03:00,37.0,0.0
2025-09-26 05:00:00-03:00,36.75,0.0
2025-09-26 06:00:00-03:00,36.0,0.0
2025-09-26 07:00:00-03:00,36.0,0.0
2025-09-26 08:00:00-03:00,35.25,0.0
2025-09-26 09:00:00-03:00,35.0,0.0
2025-09-26 10:00:00-03:00,35.0,0.0
2025-09-26 11:00:00-03:00,34.75,0.0
2025-09-26 12:00:00-03:00,34.25,0.0
2025-09-26 13:00:00-03:00,34.0,0.0
2025-09-26 14:00:00-03:00,34.0,0.0
2025-09-26 15:00:00-03:00,34.0,0.0
2025-09-26 16:00:00-03:00,33.25,0.0
2025-09-26 17:00:00-03:00,33.0,0.0
2025-09-26 18:00:00-03:00,33.0,0.0
2025-09-26 19:00:00-03:00,32.5,0.0
2025-09-26 20:00:00-03:00,32.0,0.0
2025-09-26 21:00:00-03:00,32.0,0.0
2025-09-26 22:00:00-03:00,32.0,0.0
2025-09-26 23:00:00-03:00,31.75,0.0
2025-09-27 00:00:00-03:00,31.0,0.0
2025-09-27 01:00:00-03:00,31.0,0.0
2025-09-27 02:00:00-03:00,31.0,0.0
2025-09-27 03:00:00-03:00,30.75,0.0
2025-09-27 04:00:00-03:00,30.0,0.0
2025-09-27 05:00:00-03:00,30.25,0.0
2025-09-27 06:00:00-03:00,30.0,0.0
2025-09-27 07:00:00-03:00,30.0,0.0
2025-09-27 08:00:00-03:00,30.0,0.0
2025-09-27 09:00:00-03:00,30.0,0.0
2025-09-27 10:00:00-03:00,29.75,0.0
2025-09-27 11:00:00-03:00,30.0,0.0
2025-09-27 12:00:00-03:00,30.0,0.0
2025-09-27 13:00:00-03:00,30.0,0.0
2025-09-27 14:00:00-03:00,30.0,0.0
2025-09-27 15:00:00-03:00,30.0,0.0
2025-09-27 16:00:00-03:00,30.0,0.0
2025-09-27 17:00:00-03:00,30.0,0.0
2025-09-27 18:00:00-03:00,29.75,0.0
2025-09-27 19:00:00-03:00,29.0,0.0
2025-09-27 20:00:00-03:00,29.0,0.0
2025-09-27 21:00:00-03:00,28.5,0.0
2025-09-27 22:00:00-03:00,28.5,0.0
2025-09-27 23:00:00-03:00,28.0,0.0
2025-09-28 00:00:00-03:00,28.0,0.0
2025-09-28 01:00:00-03:00,28.0,0.0
2025-09-28 02:00:00-03:00,28.0,0.0
2025-09-28 03:00:00-03:00,28.0,0.0
2025-09-28 04:00:00-03:00,28.0,0.0
2025-09-28 05:00:00-03:00,28.0,0.0
2025-09-28 06:00:00-03:00,28.0,0.0
2025-09-28 07:00:00-03:00,28.0,0.0
2025-09-28 08:00:00-03:00,28.0,0.2
2025-09-28 09:00:00-03:00,28.0,0.0
2025-09-28 10:00:00-03:00,28.0,0.0
2025-09-28 11:00:00-03:00,28.5,0.0
2025-09-28 12:00:00-03:00,29.0,0.0
2025-09-28 13:00:00-03:00,29.0,0.0
2025-09-28 14:00:00-03:00,29.0,0.0
2025-09-28 15:00:00-03:00,29.0,0.0
2025-09-28 16:00:00-03:00,29.0,0.0
2025-09-28 17:00:00-03:00,28.75,0.0
2025-09-28 18:00:00-03:00,28.75,0.0
2025-09-28 19:00:00-03:00,28.25,0.0
2025-09-28 20:00:00-03:00,28.0,0.0
2025-09-28 21:00:00-03:00,28.0,0.0
2025-09-28 22:00:00-03:00,27.75,0.0
2025-09-28 23:00:00-03:00,27.5,0.0
2025-09-29 00:00:00-03:00,27.25,0.0
2025-09-29 01:00:00-03:00,27.0,0.0
2025-09-29 02:00:00-03:00,27.0,0.0
2025-09-29 03:00:00-03:00,27.0,0.0
2025-09-29 04:00:00-03:00,27.0,0.0
2025-09-29 05:00:00-03:00,27.0,0.0
2025-09-29 06:00:00-03:00,27.0,0.0
2025-09-29 07:00:00-03:00,27.0,0.0
2025-09-29 08:00:00-03:00,27.0,0.0
2025-09-29 09:00:00-03:00,26.75,0.0
2025-09-29 10:00:00-03:00,27.0,0.0
2025-09-29 11:00:00-03:00,27.0,0.0
2025-09-29 12:00:00-03:00,27.0,0.0
2025-09-29 13:00:00-03:00,27.0,0.0
2025-09-29 14:00:00-03:00,27.0,0.0
2025-09-29 15:00:00-03:00,27.0,0.0
2025-09-29 16:00:00-03:00,27.0,0.0
2025-09-29 17:00:00-03:00,27.0,0.0
2025-09-29 18:00:00-03:00,26.75,0.0
2025-09-29 19:00:00-03:00,26.25,0.0
2025-09-29 20:00:00-03:00,26.0,0.0
2025-09-29 21:00:00-03:00,26.0,0.0
2025-09-29 22:00:00-03:00,26.0,0.0
2025-09-29 23:00:00-03:00,26.0,0.0
2025-09-30 00:00:00-03:00,25.5,0.0
2025-09-30 01:00:00-03:00,25.0,0.0
2025-09-30 02:00:00-03:00,25.0,0.0
2025-09-30 03:00:00-03:00,25.0,0.0
2025-09-30 04:00:00-03:00,25.0,0.0
2025-09-30 05:00:00-03:00,25.0,0.0
2025-09-30 06:00:00-03:00,25.0,0.0
2025-09-30 07:00:00-03:00,25.0,0.0
2025-09-30 08:00:00-03:00,25.0,0.0
2025-09-30 09:00:00-03:00,25.0,0.0
2025-09-30 10:00:00-03:00,25.0,0.0
2025-09-30 11:00:00-03:00,25.5,0.0
2025-09-30 12:00:00-03:00,25.5,0.0
2025-09-30 13:00:00-03:00,26.0,0.0
2025-09-30 14:00:00-03:00,26.0,0.0
2025-09-30 15:00:00-03:00,26.0,0.0
2025-09-30 16:00:00-03:00,26.0,0.0
2025-09-30 17:00:00-03:00,26.0,0.0
2025-09-30 18:00:00-03:00,25.75,0.0
2025-09-30 19:00:00-03:00,25.25,0.0
2025-09-30 20:00:00-03:00,25.0,0.0
2025-09-30 21:00:00-03:00,25.0,0.0
2025-09-30 22:00:00-03:00,25.0,0.0
2025-09-30 23:00:00-03:00,25.0,0.0
2025-10-01 00:00:00-03:00,25.0,0.0
2025-10-01 01:00:00-03:00,24.5,0.0
2025-10-01 02:00:00-03:00,24.0,0.0
2025-10-01 03:00:00-03:00,24.0,0.0
2025-10-01 04:00:00-03:00,24.0,0.0
2025-10-01 05:00:00-03:00,24.0,0.0
2025-10-01 06:00:00-03:00,24.0,0.0
2025-10-01 07:00:00-03:00,24.0,0.0
2025-10-01 08:00:00-03:00,23.75,0.0
2025-10-01 09:00:00-03:00,24.0,0.0
2025-10-01 10:00:00-03:00,24.25,0.0
2025-10-01 11:00:00-03:00,24.0,0.0
2025-10-01 12:00:00-03:00,24.5,0.0
2025-10-01 13:00:00-03:00,25.0,0.0
2025-10-01 14:00:00-03:00,24.75,0.0
2025-10-01 15:00:00-03:00,25.0,0.0
2025-10-01 16:00:00-03:00,24.5,0.0
2025-10-01 17:00:00-03:00,24.5,0.0
2025-10-01 18:00:00-03:00,24.0,0.0
2025-10-01 19:00:00-03:00,24.0,0.0
2025-10-01 20:00:00-03:00,24.0,0.0
2025-10-01 21:00:00-03:00,23.75,0.0
2025-10-01 22:00:00-03:00,23.25,0.0
2025-10-01 23:00:00-03:00,23.25,0.0
2025-10-02 00:00:00-03:00,23.0,0.0
2025-10-02 01:00:00-03:00,23.0,0.0
2025-10-02 02:00:00-03:00,23.0,0.0
2025-10-02 03:00:00-03:00,23.0,0.0
2025-10-02 04:00:00-03:00,23.0,0.0
2025-10-02 05:00:00-03:00,23.0,0.0
2025-10-02 06:00:00-03:00,22.5,0.0
2025-10-02 07:00:00-03:00,22.25,0.0
2025-10-02 08:00:00-03:00,22.0,0.0
2025-10-02 09:00:00-03:00,22.25,0.0
2025-10-02 10:00:00-03:00,22.75,0.0
2025-10-02 11:00:00-03:00,23.0,0.0
2025-10-02 12:00:00-03:00,22.75,0.0
2025-10-02 13:00:00-03:00,23.0,0.0
2025-10-02 14:00:00-03:00,23.0,0.0
2025-10-02 15:00:00-03:00,23.0,0.0
2025-10-02 16:00:00-03:00,23.0,0.0
2025-10-02 17:00:00-03:00,22.75,0.0
2025-10-02 18:00:00-03:00,22.0,0.8
2025-10-02 19:00:00-03:00,22.0,2.8
2025-10-02 20:00:00-03:00,22.0,0.8
2025-10-02 21:00:00-03:00,22.0,0.0
2025-10-02 22:00:00-03:00,22.0,0.0
2025-10-02 23:00:00-03:00,22.25,0.2
2025-10-03 00:00:00-03:00,22.0,0.0
2025-10-03 01:00:00-03:00,22.0,0.0
2025-10-03 02:00:00-03:00,22.0,0.0
2025-10-03 03:00:00-03:00,22.25,0.0
2025-10-03 04:00:00-03:00,22.75,0.0
2025-10-03 05:00:00-03:00,23.0,0.0
2025-10-03 06:00:00-03:00,23.0,0.0
2025-10-03 07:00:00-03:00,22.75,0.0
2025-10-03 08:00:00-03:00,22.25,0.0
2025-10-03 09:00:00-03:00,22.5,0.0
2025-10-03 10:00:00-03:00,22.75,0.0
2025-10-03 11:00:00-03:00,23.0,0.0
2025-10-03 12:00:00-03:00,23.75,0.2
2025-10-03 13:00:00-03:00,24.0,0.0
2025-10-03 14:00:00-03:00,24.0,0.0
2025-10-03 15:00:00-03:00,24.25,0.0
2025-10-03 16:00:00-03:00,25.0,0.0
2025-10-03 17:00:00-03:00,25.0,0.0
2025-10-03 18:00:00-03:00,25.25,0.0
2025-10-03 19:00:00-03:00,25.75,0.0
2025-10-03 20:00:00-03:00,26.0,0.0
2025-10-03 21:00:00-03:00,26.0,0.0
2025-10-03 22:00:00-03:00,26.0,0.0
2025-10-03 23:00:00-03:00,26.0,0.0
2025-10-04 00:00:00-03:00,26.0,0.0
2025-10-04 01:00:00-03:00,26.0,0.0
2025-10-04 02:00:00-03:00,26.0,0.0
2025-10-04 03:00:00-03:00,26.0,0.0
2025-10-04 04:00:00-03:00,25.0,0.0
2025-10-04 05:00:00-03:00,25.0,0.0
2025-10-04 06:00:00-03:00,25.0,0.0
2025-10-04 07:00:00-03:00,25.0,0.0
2025-10-04 08:00:00-03:00,25.0,0.0
2025-10-04 09:00:00-03:00,25.25,0.0
2025-10-04 10:00:00-03:00,26.0,0.0
2025-10-04 11:00:00-03:00,25.75,0.0
2025-10-04 12:00:00-03:00,26.0,0.0
2025-10-04 13:00:00-03:00,26.25,0.0
2025-10-04 14:00:00-03:00,26.5,0.0
2025-10-04 15:00:00-03:00,27.0,0.0
2025-10-04 16:00:00-03:00,27.0,0.0
2025-10-04 17:00:00-03:00,27.0,0.0
2025-10-04 18:00:00-03:00,26.75,0.0
2025-10-04 19:00:00-03:00,27.0,0.0
2025-10-04 20:00:00-03:00,27.0,0.0
2025-10-04 21:00:00-03:00,27.0,0.0
2025-10-04 22:00:00-03:00,26.5,0.0
2025-10-04 23:00:00-03:00,26.5,0.0
2025-10-05 00:00:00-03:00,26.0,0.0
2025-10-05 01:00:00-03:00,26.0,0.0
2025-10-05 02:00:00-03:00,26.0,0.0
2025-10-05 03:00:00-03:00,26.0,0.0
2025-10-05 04:00:00-03:00,25.5,0.0
2025-10-05 05:00:00-03:00,25.25,0.0
2025-10-05 06:00:00-03:00,25.0,0.0
2025-10-05 07:00:00-03:00,25.0,0.0
2025-10-05 08:00:00-03:00,25.0,0.0
2025-10-05 09:00:00-03:00,25.0,0.0
2025-10-05 10:00:00-03:00,25.0,0.0
2025-10-05 11:00:00-03:00,25.0,0.0
2025-10-05 12:00:00-03:00,24.75,0.0
2025-10-05 13:00:00-03:00,25.0,0.0
2025-10-05 14:00:00-03:00,24.75,0.0
2025-10-05 15:00:00-03:00,24.5,0.0
2025-10-05 16:00:00-03:00,24.5,0.0
2025-10-05 17:00:00-03:00,24.25,0.0
2025-10-05 18:00:00-03:00,24.0,0.0
2025-10-05 19:00:00-03:00,24.0,0.0
2025-10-05 20:00:00-03:00,23.75,0.0
2025-10-05 21:00:00-03:00,23.0,0.0
2025-10-05 22:00:00-03:00,23.0,0.0
2025-10-05 23:00:00-03:00,23.0,0.0
2025-10-06 00:00:00-03:00,23.0,0.0
2025-10-06 01:00:00-03:00,22.75,0.0
2025-10-06 02:00:00-03:00,22.25,0.0
2025-10-06 03:00:00-03:00,22.0,0.0
2025-10-06 04:00:00-03:00,22.0,0.0
2025-10-06 05:00:00-03:00,22.0,0.0
2025-10-06 06:00:00-03:00,22.0,0.0
2025-10-06 07:00:00-03:00,22.0,0.0
2025-10-06 08:00:00-03:00,22.0,0.0
2025-10-06 09:00:00-03:00,22.0,0.0
2025-10-06 10:00:00-03:00,22.0,0.0
2025-10-06 11:00:00-03:00,22.0,0.0
2025-10-06 12:00:00-03:00,21.75,0.0
2025-10-06 13:00:00-03:00,22.0,0.0
2025-10-06 14:00:00-03:00,21.5,0.0
2025-10-06 15:00:00-03:00,21.5,0.0
2025-10-06 16:00:00-03:00,21.0,0.0
2025-10-06 17:00:00-03:00,21.0,0.0
2025-10-06 18:00:00-03:00,21.0,0.0
2025-10-06 19:00:00-03:00,21.0,0.0
2025-10-06 20:00:00-03:00,21.0,0.0
2025-10-06 21:00:00-03:00,20.75,0.0
2025-10-06 22:00:00-03:00,20.5,0.0
2025-10-06 23:00:00-03:00,20.75,0.0
2025-10-07 00:00:00-03:00,20.5,0.0
2025-10-07 01:00:00-03:00,20.0,0.0
2025-10-07 02:00:00-03:00,20.0,0.0
2025-10-07 03:00:00-03:00,20.0,0.0
2025-10-07 04:00:00-03:00,20.0,0.0
2025-10-07 05:00:00-03:00,20.0,0.0
2025-10-07 06:00:00-03:00,20.0,0.0
2025-10-07 07:00:00-03:00,19.75,0.0
2025-10-07 08:00:00-03:00,19.75,0.0
2025-10-07 09:00:00-03:00,20.0,0.0
2025-10-07 10:00:00-03:00,19.75,0.0
2025-10-07 11:00:00-03:00,20.25,0.0
2025-10-07 12:00:00-03:00,20.5,0.0
2025-10-07 13:00:00-03:00,20.5,0.0
2025-10-07 14:00:00-03:00,20.75,0.0
2025-10-07 15:00:00-03:00,20.0,0.0
2025-10-07 16:00:00-03:00,20.0,0.0
2025-10-07 17:00:00-03:00,19.75,0.0
2025-10-07 18:00:00-03:00,19.5,0.0
2025-10-07 19:00:00-03:00,19.0,0.0
2025-10-07 20:00:00-03:00,19.25,0.0
2025-10-07 21:00:00-03:00,19.5,0.0
2025-10-07 22:00:00-03:00,19.75,0.0
2025-10-07 23:00:00-03:00,19.25,0.0
2025-10-08 00:00:00-03:00,19.25,0.0
2025-10-08 01:00:00-03:00,19.0,0.0
2025-10-08 02:00:00-03:00,19.0,0.0
2025-10-08 03:00:00-03:00,19.0,0.0
2025-10-08 04:00:00-03:00,18.25,0.0
2025-10-08 05:00:00-03:00,18.5,0.0
2025-10-08 06:00:00-03:00,18.5,0.0
2025-10-08 07:00:00-03:00,18.25,0.0
2025-10-08 08:00:00-03:00,18.0,0.0
2025-10-08 09:00:00-03:00,18.25,0.0
2025-10-08 10:00:00-03:00,18.0,0.0
2025-10-08 11:00:00-03:00,18.0,0.0
2025-10-08 12:00:00-03:00,18.0,0.0
2025-10-08 13:00:00-03:00,18.0,0.0
2025-10-08 14:00:00-03:00,18.0,0.0
2025-10-08 15:00:00-03:00,18.0,0.0
2025-10-08 16:00:00-03:00,18.0,0.0
2025-10-08 17:00:00-03:00,18.0,0.0
2025-10-08 18:00:00-03:00,17.25,0.0
2025-10-08 19:00:00-03:00,17.25,0.0
2025-10-08 20:00:00-03:00,17.25,0.0
2025-10-08 21:00:00-03:00,17.0,0.0
2025-10-08 22:00:00-03:00,17.0,0.8
2025-10-08 23:00:00-03:00,17.0,0.6
2025-10-09 00:00:00-03:00,18.25,3.0
2025-10-09 01:00:00-03:00,19.25,0.2
2025-10-09 02:00:00-03:00,18.0,0.0
2025-10-09 03:00:00-03:00,18.0,0.4
2025-10-09 04:00:00-03:00,18.0,0.0
2025-10-09 05:00:00-03:00,17.25,0.0
2025-10-09 06:00:00-03:00,17.0,0.0
2025-10-09 07:00:00-03:00,17.25,0.0
2025-10-09 08:00:00-03:00,17.0,0.0
2025-10-09 09:00:00-03:00,17.0,0.0
2025-10-09 10:00:00-03:00,16.75,0.0
2025-10-09 11:00:00-03:00,17.0,0.0
2025-10-09 12:00:00-03:00,17.0,0.0
2025-10-09 13:00:00-03:00,17.0,0.0
2025-10-09 14:00:00-03:00,17.0,0.0
2025-10-09 15:00:00-03:00,17.0,0.0
2025-10-09 16:00:00-03:00,16.75,0.0
2025-10-09 17:00:00-03:00,17.0,0.0
2025-10-09 18:00:00-03:00,17.0,0.0
2025-10-09 19:00:00-03:00,17.0,0.0
2025-10-09 20:00:00-03:00,17.0,0.0
2025-10-09 21:00:00-03:00,17.0,0.0
2025-10-09 22:00:00-03:00,16.75,0.0
2025-10-09 23:00:00-03:00,17.0,0.0
2025-10-10 00:00:00-03:00,17.0,0.0
2025-10-10 01:00:00-03:00,17.0,0.0
2025-10-10 02:00:00-03:00,17.25,0.0
2025-10-10 03:00:00-03:00,17.0,0.2
2025-10-10 04:00:00-03:00,20.25,10.6
2025-10-10 05:00:00-03:00,21.25,1.6
2025-10-10 06:00:00-03:00,20.25,0.0
2025-10-10 07:00:00-03:00,19.25,0.2
2025-10-10 08:00:00-03:00,19.0,0.0
2025-10-10 09:00:00-03:00,19.0,0.0
2025-10-10 10:00:00-03:00,19.0,0.0
2025-10-10 11:00:00-03:00,18.75,0.0
2025-10-10 12:00:00-03:00,19.75,0.0
2025-10-10 13:00:00-03:00,20.0,0.0
2025-10-10 14:00:00-03:00,21.0,0.0
2025-10-10 15:00:00-03:00,21.75,0.0
2025-10-10 16:00:00-03:00,22.25,0.0
2025-10-10 17:00:00-03:00,23.0,0.0
2025-10-10 18:00:00-03:00,23.5,0.0
2025-10-10 19:00:00-03:00,24.75,0.0
2025-10-10 20:00:00-03:00,25.5,0.0
2025-10-10 21:00:00-03:00,26.5,0.0
2025-10-10 22:00:00-03:00,27.25,7.8
2025-10-10 23:00:00-03:00,32.0,1.2
2025-10-11 00:00:00-03:00,32.0,0.0
2025-10-11 01:00:00-03:00,31.75,0.2
2025-10-11 02:00:00-03:00,31.25,0.0
2025-10-11 03:00:00-03:00,31.75,0.0
2025-10-11 04:00:00-03:00,32.0,0.0
2025-10-11 05:00:00-03:00,32.0,0.0
2025-10-11 06:00:00-03:00,33.0,0.0
2025-10-11 07:00:00-03:00,33.0,0.0
2025-10-11 08:00:00-03:00,33.5,0.0
2025-10-11 09:00:00-03:00,33.75,0.0
2025-10-11 10:00:00-03:00,34.5,0.0
2025-10-11 11:00:00-03:00,35.0,0.0
2025-10-11 12:00:00-03:00,35.5,0.0
2025-10-11 13:00:00-03:00,36.0,0.0
2025-10-11 14:00:00-03:00,36.5,0.0
2025-10-11 15:00:00-03:00,37.25,0.0
2025-10-11 16:00:00-03:00,38.0,0.0
2025-10-11 17:00:00-03:00,38.5,0.0
2025-10-11 18:00:00-03:00,39.25,0.0
2025-10-11 19:00:00-03:00,40.25,0.0
2025-10-11 20:00:00-03:00,41.0,0.0
2025-10-11 21:00:00-03:00,42.0,0.0
2025-10-11 22:00:00-03:00,43.0,0.0
2025-10-11 23:00:00-03:00,43.25,0.0
2025-10-12 00:00:00-03:00,44.0,0.0
2025-10-12 01:00:00-03:00,45.0,0.0
2025-10-12 02:00:00-03:00,45.0,0.0
2025-10-12 03:00:00-03:00,45.5,0.0
2025-10-12 04:00:00-03:00,46.0,0.0
2025-10-12 05:00:00-03:00,46.0,0.0
2025-10-12 06:00:00-03:00,46.5,0.0
2025-10-12 07:00:00-03:00,47.0,0.2
2025-10-12 08:00:00-03:00,47.0,0.0
2025-10-12 09:00:00-03:00,47.5,0.0
2025-10-12 10:00:00-03:00,48.0,0.0
2025-10-12 11:00:00-03:00,49.0,0.0
2025-10-12 12:00:00-03:00,49.0,0.0
2025-10-12 13:00:00-03:00,49.5,0.0
2025-10-12 14:00:00-03:00,50.0,0.0
2025-10-12 15:00:00-03:00,50.0,0.0
2025-10-12 16:00:00-03:00,50.0,0.0
2025-10-12 17:00:00-03:00,50.0,0.0
2025-10-12 18:00:00-03:00,50.0,0.0
2025-10-12 19:00:00-03:00,50.75,0.0
2025-10-12 20:00:00-03:00,50.25,4.0
2025-10-12 21:00:00-03:00,50.25,1.6
2025-10-12 22:00:00-03:00,51.0,0.0
2025-10-12 23:00:00-03:00,50.75,0.0
2025-10-13 00:00:00-03:00,50.75,0.0
2025-10-13 01:00:00-03:00,50.25,0.0
2025-10-13 02:00:00-03:00,50.0,0.0
2025-10-13 03:00:00-03:00,49.5,0.4
2025-10-13 04:00:00-03:00,49.25,0.0
2025-10-13 05:00:00-03:00,49.0,0.0
2025-10-13 06:00:00-03:00,48.0,0.0
2025-10-13 07:00:00-03:00,47.25,0.0
2025-10-13 08:00:00-03:00,46.75,0.0
2025-10-13 09:00:00-03:00,46.0,0.0
2025-10-13 10:00:00-03:00,45.25,0.0
2025-10-13 11:00:00-03:00,45.0,0.0
2025-10-13 12:00:00-03:00,44.25,0.0
2025-10-13 13:00:00-03:00,44.0,0.0
2025-10-13 14:00:00-03:00,43.25,0.0
2025-10-13 15:00:00-03:00,42.75,0.0
2025-10-13 16:00:00-03:00,46.5,0.0
2025-10-13 17:00:00-03:00,61.25,8.4
2025-10-13 18:00:00-03:00,54.25,6.2
2025-10-13 19:00:00-03:00,50.5,1.4
2025-10-13 20:00:00-03:00,48.25,7.8
2025-10-13 21:00:00-03:00,46.5,1.6
2025-10-13 22:00:00-03:00,45.0,1.0
2025-10-13 23:00:00-03:00,44.25,0.2
2025-10-14 00:00:00-03:00,44.0,0.2
2025-10-14 01:00:00-03:00,43.0,0.0
2025-10-14 02:00:00-03:00,43.25,0.0
2025-10-14 03:00:00-03:00,44.25,0.0
2025-10-14 04:00:00-03:00,45.5,0.0
2025-10-14 05:00:00-03:00,46.5,0.0
2025-10-14 06:00:00-03:00,47.25,0.0
2025-10-14 07:00:00-03:00,48.0,0.0
2025-10-14 08:00:00-03:00,48.0,0.0
2025-10-14 09:00:00-03:00,47.75,0.0
2025-10-14 10:00:00-03:00,47.75,0.0
2025-10-14 11:00:00-03:00,47.25,0.0
2025-10-14 12:00:00-03:00,47.0,0.0
2025-10-14 13:00:00-03:00,47.0,0.0
2025-10-14 14:00:00-03:00,47.25,0.0
2025-10-14 15:00:00-03:00,47.25,0.2
2025-10-14 16:00:00-03:00,47.0,0.0
2025-10-14 17:00:00-03:00,47.5,0.0
2025-10-14 18:00:00-03:00,47.75,0.0
2025-10-14 19:00:00-03:00,48.0,0.0
2025-10-14 20:00:00-03:00,48.0,0.0
2025-10-14 21:00:00-03:00,48.75,0.0
2025-10-14 22:00:00-03:00,49.0,0.0
2025-10-14 23:00:00-03:00,49.25,0.0
2025-10-15 00:00:00-03:00,50.0,0.0
2025-10-15 01:00:00-03:00,50.5,0.0
2025-10-15 02:00:00-03:00,51.0,0.0
2025-10-15 03:00:00-03:00,51.0,0.0
2025-10-15 04:00:00-03:00,51.5,0.0
2025-10-15 05:00:00-03:00,51.75,0.0
2025-10-15 06:00:00-03:00,52.0,0.0
2025-10-15 07:00:00-03:00,52.0,0.0
2025-10-15 08:00:00-03:00,52.0,0.0
2025-10-15 09:00:00-03:00,52.0,0.0
2025-10-15 10:00:00-03:00,52.75,0.0
2025-10-15 11:00:00-03:00,52.75,0.0
2025-10-15 12:00:00-03:00,53.0,0.0
2025-10-15 13:00:00-03:00,53.0,0.0
2025-10-15 14:00:00-03:00,53.0,0.0
2025-10-15 15:00:00-03:00,53.0,0.0
2025-10-15 16:00:00-03:00,53.0,0.0
2025-10-15 17:00:00-03:00,52.75,0.0
2025-10-15 18:00:00-03:00,52.75,0.0
2025-10-15 19:00:00-03:00,52.0,0.0
2025-10-15 20:00:00-03:00,52.0,0.0
2025-10-15 21:00:00-03:00,52.0,0.0
2025-10-15 22:00:00-03:00,51.5,0.0
2025-10-15 23:00:00-03:00,51.0,0.0
2025-10-16 00:00:00-03:00,50.75,0.0
2025-10-16 01:00:00-03:00,50.0,0.0
2025-10-16 02:00:00-03:00,49.75,0.0
2025-10-16 03:00:00-03:00,49.0,0.0
2025-10-16 04:00:00-03:00,48.75,0.0
2025-10-16 05:00:00-03:00,48.0,0.0
2025-10-16 06:00:00-03:00,47.5,0.0
2025-10-16 07:00:00-03:00,47.0,0.0
2025-10-16 08:00:00-03:00,46.5,0.0
2025-10-16 09:00:00-03:00,46.0,0.0
2025-10-16 10:00:00-03:00,45.5,0.0
2025-10-16 11:00:00-03:00,45.0,0.0
2025-10-16 12:00:00-03:00,44.75,0.0
2025-10-16 13:00:00-03:00,44.25,0.0
2025-10-16 14:00:00-03:00,44.0,0.0
2025-10-16 15:00:00-03:00,43.25,0.0
2025-10-16 16:00:00-03:00,43.0,0.0
2025-10-16 17:00:00-03:00,42.0,0.0
2025-10-16 18:00:00-03:00,41.75,0.0
2025-10-16 19:00:00-03:00,41.0,0.0
2025-10-16 20:00:00-03:00,40.0,0.0
2025-10-16 21:00:00-03:00,40.0,0.0
2025-10-16 22:00:00-03:00,39.25,0.0
2025-10-16 23:00:00-03:00,39.0,0.0
2025-10-17 00:00:00-03:00,38.5,0.0
2025-10-17 01:00:00-03:00,38.0,0.0
2025-10-17 02:00:00-03:00,37.75,0.0
2025-10-17 03:00:00-03:00,37.0,0.0
2025-10-17 04:00:00-03:00,37.0,0.0
2025-10-17 05:00:00-03:00,36.25,0.0
2025-10-17 06:00:00-03:00,36.0,0.0
2025-10-17 07:00:00-03:00,36.0,0.2
2025-10-17 08:00:00-03:00,35.75,0.0
2025-10-17 09:00:00-03:00,35.0,0.0
2025-10-17 10:00:00-03:00,35.0,0.0
2025-10-17 11:00:00-03:00,35.0,0.0
2025-10-17 12:00:00-03:00,35.0,0.0
2025-10-17 13:00:00-03:00,35.0,0.0
2025-10-17 14:00:00-03:00,35.0,0.0
2025-10-17 15:00:00-03:00,34.25,0.0
2025-10-17 16:00:00-03:00,34.0,0.0
2025-10-17 17:00:00-03:00,34.0,0.0
2025-10-17 18:00:00-03:00,33.25,0.0
2025-10-17 19:00:00-03:00,33.0,0.0
2025-10-17 20:00:00-03:00,33.0,0.0
2025-10-17 21:00:00-03:00,33.0,0.0
2025-10-17 22:00:00-03:00,32.0,0.0
2025-10-17 23:00:00-03:00,32.0,0.0
2025-10-18 00:00:00-03:00,32.0,0.0
2025-10-18 01:00:00-03:00,32.0,0.0
2025-10-18 02:00:00-03:00,32.0,0.0
2025-10-18 03:00:00-03:00,31.0,0.0
2025-10-18 04:00:00-03:00,31.0,0.0
2025-10-18 05:00:00-03:00,31.0,0.0
2025-10-18 06:00:00-03:00,31.0,0.0
2025-10-18 07:00:00-03:00,30.75,0.0
2025-10-18 08:00:00-03:00,30.25,0.0
2025-10-18 09:00:00-03:00,30.0,0.0
2025-10-18 10:00:00-03:00,30.0,0.0
2025-10-18 11:00:00-03:00,30.0,0.0
2025-10-18 12:00:00-03:00,30.0,0.0
2025-10-18 13:00:00-03:00,30.0,0.0
2025-10-18 14:00:00-03:00,30.0,0.0
2025-10-18 15:00:00-03:00,30.0,0.0
2025-10-18 16:00:00-03:00,29.0,0.0
2025-10-18 17:00:00-03:00,29.0,0.0
2025-10-18 18:00:00-03:00,29.0,0.2
2025-10-18 19:00:00-03:00,29.0,3.8
2025-10-18 20:00:00-03:00,30.25,5.8
2025-10-18 21:00:00-03:00,31.0,0.2
2025-10-18 22:00:00-03:00,30.0,0.2
2025-10-18 23:00:00-03:00,29.75,0.0
2025-10-19 00:00:00-03:00,29.0,0.0
2025-10-19 01:00:00-03:00,29.0,0.0
2025-10-19 02:00:00-03:00,28.5,0.0
2025-10-19 03:00:00-03:00,28.25,0.0
2025-10-19 04:00:00-03:00,28.5,0.0
2025-10-19 05:00:00-03:00,28.0,0.0
2025-10-19 06:00:00-03:00,28.0,0.0
2025-10-19 07:00:00-03:00,27.5,0.0
2025-10-19 08:00:00-03:00,28.0,0.0
2025-10-19 09:00:00-03:00,28.0,0.0
2025-10-19 10:00:00-03:00,28.0,0.0
2025-10-19 11:00:00-03:00,28.0,0.0
2025-10-19 12:00:00-03:00,28.0,0.0
2025-10-19 13:00:00-03:00,28.0,0.0
2025-10-19 14:00:00-03:00,28.25,0.0
2025-10-19 15:00:00-03:00,28.25,0.0
2025-10-19 16:00:00-03:00,28.25,0.0
2025-10-19 17:00:00-03:00,28.25,0.0
2025-10-19 18:00:00-03:00,28.0,0.0
2025-10-19 19:00:00-03:00,28.25,0.0
2025-10-19 20:00:00-03:00,28.75,0.0
2025-10-19 21:00:00-03:00,29.0,0.0
2025-10-19 22:00:00-03:00,29.0,0.0
2025-10-19 23:00:00-03:00,29.0,0.0
2025-10-20 00:00:00-03:00,29.0,0.0
2025-10-20 01:00:00-03:00,30.0,0.0
2025-10-20 02:00:00-03:00,30.0,0.0
2025-10-20 03:00:00-03:00,30.5,0.0
2025-10-20 04:00:00-03:00,31.0,0.0
2025-10-20 05:00:00-03:00,31.5,0.0
2025-10-20 06:00:00-03:00,32.5,0.0
2025-10-20 07:00:00-03:00,33.0,0.0
2025-10-20 08:00:00-03:00,33.75,0.0
2025-10-20 09:00:00-03:00,34.0,0.0
2025-10-20 10:00:00-03:00,35.0,0.0
2025-10-20 11:00:00-03:00,35.0,0.0
2025-10-20 12:00:00-03:00,35.75,0.0
2025-10-20 13:00:00-03:00,36.25,0.0
2025-10-20 14:00:00-03:00,36.75,0.0
2025-10-20 15:00:00-03:00,36.75,0.0
2025-10-20 16:00:00-03:00,37.0,0.0
2025-10-20 17:00:00-03:00,37.0,0.0
2025-10-20 18:00:00-03:00,37.0,0.0
2025-10-20 19:00:00-03:00,37.0,0.0
2025-10-20 20:00:00-03:00,37.25,0.0
2025-10-20 21:00:00-03:00,37.75,0.0
2025-10-20 22:00:00-03:00,37.75,0.0
2025-10-20 23:00:00-03:00,38.0,0.0
2025-10-21 00:00:00-03:00,38.0,0.0
2025-10-21 01:00:00-03:00,38.0,0.0
2025-10-21 02:00:00-03:00,38.25,0.0
2025-10-21 03:00:00-03:00,38.25,0.0
2025-10-21 04:00:00-03:00,38.75,0.0
2025-10-21 05:00:00-03:00,39.0,0.0
2025-10-21 06:00:00-03:00,38.75,0.0
2025-10-21 07:00:00-03:00,38.75,0.0
2025-10-21 08:00:00-03:00,39.0,0.0
2025-10-21 09:00:00-03:00,39.0,0.0
2025-10-21 10:00:00-03:00,39.0,0.0
2025-10-21 11:00:00-03:00,39.0,0.0
2025-10-21 12:00:00-03:00,39.0,0.0
2025-10-21 13:00:00-03:00,39.0,0.0
2025-10-21 14:00:00-03:00,38.0,0.0
2025-10-21 15:00:00-03:00,38.0,0.0
2025-10-21 16:00:00-03:00,38.0,0.0
2025-10-21 17:00:00-03:00,37.25,0.0
2025-10-21 18:00:00-03:00,37.0,0.0
2025-10-21 19:00:00-03:00,36.25,0.0
2025-10-21 20:00:00-03:00,36.0,0.0
2025-10-21 21:00:00-03:00,35.75,0.0
2025-10-21 22:00:00-03:00,35.25,0.0
2025-10-21 23:00:00-03:00,35.0,0.0
2025-10-22 00:00:00-03:00,35.0,0.0
2025-10-22 01:00:00-03:00,34.0,0.0
2025-10-22 02:00:00-03:00,34.0,0.0
2025-10-22 03:00:00-03:00,34.0,0.0
2025-10-22 04:00:00-03:00,33.75,0.0
2025-10-22 05:00:00-03:00,33.25,0.0
2025-10-22 06:00:00-03:00,33.0,0.0
2025-10-22 07:00:00-03:00,33.0,0.0
2025-10-22 08:00:00-03:00,33.0,0.0
2025-10-22 09:00:00-03:00,33.0,0.0
2025-10-22 10:00:00-03:00,33.0,0.0
2025-10-22 11:00:00-03:00,33.0,0.0
2025-10-22 12:00:00-03:00,33.0,0.0
2025-10-22 13:00:00-03:00,33.0,0.0
2025-10-22 14:00:00-03:00,32.75,0.0
2025-10-22 15:00:00-03:00,32.25,0.0
2025-10-22 16:00:00-03:00,32.0,0.0
2025-10-22 17:00:00-03:00,31.75,0.0
2025-10-22 18:00:00-03:00,31.25,0.0
2025-10-22 19:00:00-03:00,31.0,0.0
2025-10-22 20:00:00-03:00,31.0,0.0
2025-10-22 21:00:00-03:00,30.5,0.0
2025-10-22 22:00:00-03:00,30.0,0.0
2025-10-22 23:00:00-03:00,29.75,0.0
2025-10-23 00:00:00-03:00,29.0,0.0
2025-10-23 01:00:00-03:00,29.0,0.0
2025-10-23 02:00:00-03:00,28.5,0.0
2025-10-23 03:00:00-03:00,28.0,0.0
2025-10-23 04:00:00-03:00,28.0,0.0
2025-10-23 05:00:00-03:00,28.0,0.0
2025-10-23 06:00:00-03:00,27.75,0.0
2025-10-23 07:00:00-03:00,27.5,0.0
2025-10-23 08:00:00-03:00,27.0,0.0
2025-10-23 09:00:00-03:00,27.0,0.0
2025-10-23 10:00:00-03:00,27.25,0.0
2025-10-23 11:00:00-03:00,27.0,0.0
2025-10-23 12:00:00-03:00,27.0,0.0
2025-10-23 13:00:00-03:00,27.25,0.0
2025-10-23 14:00:00-03:00,27.0,0.0
2025-10-23 15:00:00-03:00,27.0,0.0
2025-10-23 16:00:00-03:00,27.0,0.0
2025-10-23 17:00:00-03:00,26.75,0.0
2025-10-23 18:00:00-03:00,26.25,0.0
2025-10-23 19:00:00-03:00,26.0,0.0
2025-10-23 20:00:00-03:00,26.0,0.0
2025-10-23 21:00:00-03:00,25.75,0.0
2025-10-23 22:00:00-03:00,25.5,0.0
2025-10-23 23:00:00-03:00,25.0,0.0
2025-10-24 00:00:00-03:00,25.0,0.0
2025-10-24 01:00:00-03:00,24.5,0.0
2025-10-24 02:00:00-03:00,24.5,0.0
2025-10-24 03:00:00-03:00,24.0,0.0
2025-10-24 04:00:00-03:00,24.0,0.0
2025-10-24 05:00:00-03:00,24.0,0.0
2025-10-24 06:00:00-03:00,24.0,0.0
2025-10-24 07:00:00-03:00,24.0,0.0
2025-10-24 08:00:00-03:00,24.0,0.0
2025-10-24 09:00:00-03:00,24.25,0.0
2025-10-24 10:00:00-03:00,24.0,0.0
2025-10-24 11:00:00-03:00,24.0,0.0
2025-10-24 12:00:00-03:00,24.25,0.0
2025-10-24 13:00:00-03:00,24.0,0.0
2025-10-24 14:00:00-03:00,24.0,0.0
2025-10-24 15:00:00-03:00,24.0,0.0
2025-10-24 16:00:00-03:00,24.0,0.0
2025-10-24 17:00:00-03:00,23.75,0.0
2025-10-24 18:00:00-03:00,23.5,0.0
2025-10-24 19:00:00-03:00,23.5,0.0
2025-10-24 20:00:00-03:00,23.0,0.0
2025-10-24 21:00:00-03:00,23.0,0.0
2025-10-24 22:00:00-03:00,23.0,0.0
2025-10-24 23:00:00-03:00,22.75,0.0
2025-10-25 00:00:00-03:00,22.25,0.0
2025-10-25 01:00:00-03:00,22.0,0.0
2025-10-25 02:00:00-03:00,22.0,0.0
2025-10-25 03:00:00-03:00,22.0,0.0
2025-10-25 04:00:00-03:00,21.75,0.0
2025-10-25 05:00:00-03:00,22.0,0.0
2025-10-25 06:00:00-03:00,21.75,0.0
2025-10-25 07:00:00-03:00,21.75,0.0
2025-10-25 08:00:00-03:00,21.75,0.0
2025-10-25 09:00:00-03:00,22.0,0.0
2025-10-25 10:00:00-03:00,22.0,0.0
2025-10-25 11:00:00-03:00,22.0,0.0
2025-10-25 12:00:00-03:00,22.0,0.0
2025-10-25 13:00:00-03:00,22.0,0.0
2025-10-25 14:00:00-03:00,22.0,0.0
2025-10-25 15:00:00-03:00,22.25,0.0
2025-10-25 16:00:00-03:00,22.0,0.0
2025-10-25 17:00:00-03:00,22.0,0.0
2025-10-25 18:00:00-03:00,22.0,0.0
2025-10-25 19:00:00-03:00,21.75,0.0
2025-10-25 20:00:00-03:00,21.75,0.0
2025-10-25 21:00:00-03:00,21.0,0.0
2025-10-25 22:00:00-03:00,21.0,0.0
2025-10-25 23:00:00-03:00,21.0,0.0
2025-10-26 00:00:00-03:00,20.75,0.0
2025-10-26 01:00:00-03:00,20.5,0.0
2025-10-26 02:00:00-03:00,20.75,0.0
2025-10-26 03:00:00-03:00,20.25,0.0
2025-10-26 04:00:00-03:00,20.0,0.0
2025-10-26 05:00:00-03:00,20.0,0.0
2025-10-26 06:00:00-03:00,20.0,0.0
2025-10-26 07:00:00-03:00,20.0,0.0
2025-10-26 08:00:00-03:00,20.0,0.0
2025-10-26 09:00:00-03:00,20.0,0.0
2025-10-26 10:00:00-03:00,20.0,0.0
2025-10-26 11:00:00-03:00,21.0,0.0
2025-10-26 12:00:00-03:00,20.75,0.0
2025-10-26 13:00:00-03:00,20.75,0.0
2025-10-26 14:00:00-03:00,21.0,0.0
2025-10-26 15:00:00-03:00,21.0,0.0
2025-10-26 16:00:00-03:00,21.0,0.0
2025-10-26 17:00:00-03:00,21.0,0.0
2025-10-26 18:00:00-03:00,20.0,0.0
2025-10-26 19:00:00-03:00,20.25,0.0
2025-10-26 20:00:00-03:00,20.0,0.0
2025-10-26 21:00:00-03:00,20.0,0.0
2025-10-26 22:00:00-03:00,20.0,0.0
2025-10-26 23:00:00-03:00,19.75,0.0
2025-10-27 00:00:00-03:00,19.25,0.0
2025-10-27 01:00:00-03:00,19.25,0.0
2025-10-27 02:00:00-03:00,19.0,0.0
2025-10-27 03:00:00-03:00,19.0,0.0
2025-10-27 04:00:00-03:00,19.0,0.0
2025-10-27 05:00:00-03:00,19.0,0.0
2025-10-27 06:00:00-03:00,19.0,0.0
2025-10-27 07:00:00-03:00,19.0,0.0
2025-10-27 08:00:00-03:00,19.0,0.0
2025-10-27 09:00:00-03:00,19.0,0.0
2025-10-27 10:00:00-03:00,19.0,0.0
2025-10-27 11:00:00-03:00,19.0,0.0
2025-10-27 12:00:00-03:00,19.25,0.0
2025-10-27 13:00:00-03:00,19.0,0.0
2025-10-27 14:00:00-03:00,19.0,0.0
2025-10-27 15:00:00-03:00,19.0,0.0
2025-10-27 16:00:00-03:00,19.25,0.0
2025-10-27 17:00:00-03:00,19.0,0.0
2025-10-27 18:00:00-03:00,19.0,0.0
2025-10-27 19:00:00-03:00,19.0,0.0
2025-10-27 20:00:00-03:00,19.0,0.0
2025-10-27 21:00:00-03:00,19.0,0.2
2025-10-27 22:00:00-03:00,19.0,9.0
2025-10-27 23:00:00-03:00,18.5,1.0
2025-10-28 00:00:00-03:00,18.75,0.0
2025-10-28 01:00:00-03:00,18.75,0.0
2025-10-28 02:00:00-03:00,18.75,1.8
2025-10-28 03:00:00-03:00,18.5,0.0
2025-10-28 04:00:00-03:00,18.0,0.2
2025-10-28 05:00:00-03:00,18.0,0.0
2025-10-28 06:00:00-03:00,19.0,0.0
2025-10-28 07:00:00-03:00,18.0,0.0
2025-10-28 08:00:00-03:00,18.25,0.6
2025-10-28 09:00:00-03:00,18.0,1.0
2025-10-28 10:00:00-03:00,18.0,0.6
2025-10-28 11:00:00-03:00,18.0,0.0
2025-10-28 12:00:00-03:00,18.75,0.2
2025-10-28 13:00:00-03:00,19.0,0.6
2025-10-28 14:00:00-03:00,19.0,0.2
2025-10-28 15:00:00-03:00,18.25,0.0
2025-10-28 16:00:00-03:00,18.25,0.0
2025-10-28 17:00:00-03:00,18.5,0.0
2025-10-28 18:00:00-03:00,18.25,0.0
2025-10-28 19:00:00-03:00,18.5,0.0
2025-10-28 20:00:00-03:00,18.5,0.0
2025-10-28 21:00:00-03:00,19.0,0.0
2025-10-28 22:00:00-03:00,18.25,0.2
2025-10-28 23:00:00-03:00,18.75,0.4
2025-10-29 00:00:00-03:00,19.0,0.2
2025-10-29 01:00:00-03:00,19.0,0.0
2025-10-29 02:00:00-03:00,19.0,0.0
2025-10-29 03:00:00-03:00,19.25,0.0
2025-10-29 04:00:00-03:00,19.25,0.0
2025-10-29 05:00:00-03:00,19.5,0.0
2025-10-29 06:00:00-03:00,20.0,0.0
2025-10-29 07:00:00-03:00,20.0,0.0
2025-10-29 08:00:00-03:00,20.25,0.0
2025-10-29 09:00:00-03:00,20.75,0.0
2025-10-29 10:00:00-03:00,21.0,0.0
2025-10-29 11:00:00-03:00,22.0,0.0
2025-10-29 12:00:00-03:00,21.75,0.0
2025-10-29 13:00:00-03:00,22.5,0.0
2025-10-29 14:00:00-03:00,23.0,0.0
2025-10-29 15:00:00-03:00,23.0,0.0
2025-10-29 16:00:00-03:00,24.0,0.0
2025-10-29 17:00:00-03:00,24.0,0.0
2025-10-29 18:00:00-03:00,25.25,2.0
2025-10-29 19:00:00-03:00,35.25,0.6
2025-10-29 20:00:00-03:00,31.5,0.4
2025-10-29 21:00:00-03:00,29.75,0.4
2025-10-29 22:00:00-03:00,28.5,0.0
2025-10-29 23:00:00-03:00,28.25,0.0
2025-10-30 00:00:00-03:00,28.0,0.2
2025-10-30 01:00:00-03:00,28.25,0.2
2025-10-30 02:00:00-03:00,28.0,0.0
2025-10-30 03:00:00-03:00,28.0,0.0
2025-10-30 04:00:00-03:00,28.25,0.2
2025-10-30 05:00:00-03:00,28.75,0.0
2025-10-30 06:00:00-03:00,28.75,0.0
2025-10-30 07:00:00-03:00,29.0,0.0
2025-10-30 08:00:00-03:00,29.0,0.0
2025-10-30 09:00:00-03:00,29.25,0.0
2025-10-30 10:00:00-03:00,30.0,0.0
2025-10-30 11:00:00-03:00,30.0,1.2
2025-10-30 12:00:00-03:00,30.0,2.2
2025-10-30 13:00:00-03:00,30.25,0.0
2025-10-30 14:00:00-03:00,31.0,0.0
2025-10-30 15:00:00-03:00,31.0,0.6
2025-10-30 16:00:00-03:00,31.5,3.2
2025-10-30 17:00:00-03:00,32.0,3.0
2025-10-30 18:00:00-03:00,32.0,0.0
2025-10-30 19:00:00-03:00,32.0,0.0
2025-10-30 20:00:00-03:00,32.0,0.0
2025-10-30 21:00:00-03:00,32.0,2.4
2025-10-30 22:00:00-03:00,32.0,0.0
2025-10-30 23:00:00-03:00,32.0,0.0
2025-10-31 00:00:00-03:00,32.0,0.0
2025-10-31 01:00:00-03:00,32.0,0.0
2025-10-31 02:00:00-03:00,31.75,0.0
2025-10-31 03:00:00-03:00,31.5,0.0
2025-10-31 04:00:00-03:00,31.25,0.0
2025-10-31 05:00:00-03:00,31.25,0.0
2025-10-31 06:00:00-03:00,31.5,0.0
2025-10-31 07:00:00-03:00,31.25,0.0
2025-10-31 08:00:00-03:00,31.0,0.0
2025-10-31 09:00:00-03:00,31.0,0.0
2025-10-31 10:00:00-03:00,31.0,0.0
2025-10-31 11:00:00-03:00,31.0,0.0
2025-10-31 12:00:00-03:00,31.5,5.8
2025-10-31 13:00:00-03:00,31.25,0.2
2025-10-31 14:00:00-03:00,32.0,1.6
2025-10-31 15:00:00-03:00,40.25,7.0
2025-10-31 16:00:00-03:00,45.0,0.6
2025-10-31 17:00:00-03:00,48.0,0.6
2025-10-31 18:00:00-03:00,45.5,1.0
2025-10-31 19:00:00-03:00,42.25,1.4
2025-10-31 20:00:00-03:00,41.0,0.0
2025-10-31 21:00:00-03:00,41.0,2.4
2025-10-31 22:00:00-03:00,41.0,0.4
2025-10-31 23:00:00-03:00,41.0,0.0
2025-11-01 00:00:00-03:00,41.25,0.0
2025-11-01 01:00:00-03:00,42.0,0.0
2025-11-01 02:00:00-03:00,42.75,0.0
2025-11-01 03:00:00-03:00,43.75,0.0
2025-11-01 04:00:00-03:00,44.75,0.0
2025-11-01 05:00:00-03:00,46.25,0.0
2025-11-01 06:00:00-03:00,47.25,0.0
2025-11-01 07:00:00-03:00,48.5,0.0
2025-11-01 08:00:00-03:00,49.25,0.2
2025-11-01 09:00:00-03:00,50.25,0.0
2025-11-01 10:00:00-03:00,51.0,0.0
2025-11-01 11:00:00-03:00,51.75,0.0
2025-11-01 12:00:00-03:00,52.25,0.0
2025-11-01 13:00:00-03:00,53.0,0.0
2025-11-01 14:00:00-03:00,53.75,0.0
2025-11-01 15:00:00-03:00,54.0,0.0
2025-11-01 16:00:00-03:00,55.0,0.0
2025-11-01 17:00:00-03:00,55.0,0.0
2025-11-01 18:00:00-03:00,55.25,0.0
2025-11-01 19:00:00-03:00,55.75,0.0
2025-11-01 20:00:00-03:00,56.5,0.0
2025-11-01 21:00:00-03:00,57.75,0.0
2025-11-01 22:00:00-03:00,58.5,0.0
2025-11-01 23:00:00-03:00,59.5,0.0
2025-11-02 01:00:00-03:00,60.5,0.0
2025-11-02 02:00:00-03:00,62.0,0.0
2025-11-02 03:00:00-03:00,62.75,0.0
2025-11-02 04:00:00-03:00,63.5,0.0
2025-11-02 05:00:00-03:00,64.25,0.0
2025-11-02 06:00:00-03:00,65.0,0.0
2025-11-02 07:00:00-03:00,65.75,0.0
2025-11-02 08:00:00-03:00,66.0,0.0
2025-11-02 09:00:00-03:00,66.0,0.6
2025-11-02 10:00:00-03:00,66.0,1.8
2025-11-02 11:00:00-03:00,67.0,2.6
2025-11-02 12:00:00-03:00,67.75,0.8
2025-11-02 13:00:00-03:00,67.5,0.2
2025-11-02 14:00:00-03:00,66.5,0.8
2025-11-02 15:00:00-03:00,67.25,8.4
2025-11-02 16:00:00-03:00,73.75,4.4
2025-11-02 17:00:00-03:00,73.5,0.0
2025-11-02 18:00:00-03:00,70.5,1.2
2025-11-02 19:00:00-03:00,69.0,0.4
2025-11-02 20:00:00-03:00,68.5,0.0
2025-11-02 21:00:00-03:00,68.0,0.0
2025-11-02 22:00:00-03:00,67.5,0.0
2025-11-02 23:00:00-03:00,67.0,0.0
2025-11-03 00:00:00-03:00,67.0,0.0
2025-11-03 01:00:00-03:00,67.75,0.0
2025-11-03 02:00:00-03:00,68.0,0.0
2025-11-03 03:00:00-03:00,68.0,0.0
2025-11-03 04:00:00-03:00,68.5,0.0
2025-11-03 05:00:00-03:00,69.0,0.0
2025-11-03 06:00:00-03:00,69.5,0.0
2025-11-03 07:00:00-03:00,70.0,0.0
2025-11-03 08:00:00-03:00,70.0,0.0
2025-11-03 09:00:00-03:00,70.75,0.0
2025-11-03 10:00:00-03:00,71.5,0.4
2025-11-03 11:00:00-03:00,72.25,0.0
2025-11-03 12:00:00-03:00,73.0,0.4
2025-11-03 13:00:00-03:00,74.0,0.0
2025-11-03 14:00:00-03:00,75.25,0.0
2025-11-03 15:00:00-03:00,76.5,0.0
2025-11-03 16:00:00-03:00,77.5,0.0
2025-11-03 17:00:00-03:00,78.5,0.0
2025-11-03 18:00:00-03:00,79.5,0.2
2025-11-03 19:00:00-03:00,80.5,0.0
2025-11-03 20:00:00-03:00,81.5,0.0
2025-11-03 21:00:00-03:00,82.5,0.0
2025-11-03 22:00:00-03:00,83.5,0.0
2025-11-03 23:00:00-03:00,84.25,0.0
2025-11-04 00:00:00-03:00,85.25,0.0
2025-11-04 01:00:00-03:00,86.0,0.0
2025-11-04 02:00:00-03:00,87.0,0.0
2025-11-04 03:00:00-03:00,87.25,0.0
2025-11-04 04:00:00-03:00,88.0,0.0
2025-11-04 05:00:00-03:00,88.25,0.0
2025-11-04 06:00:00-03:00,89.0,0.0
2025-11-04 07:00:00-03:00,89.0,0.0
2025-11-04 08:00:00-03:00,89.0,0.0
2025-11-04 09:00:00-03:00,88.5,0.0
2025-11-04 10:00:00-03:00,88.25,0.0
2025-11-04 11:00:00-03:00,88.0,0.0
2025-11-04 12:00:00-03:00,88.0,0.0
2025-11-04 13:00:00-03:00,87.25,0.0
2025-11-04 14:00:00-03:00,87.0,0.0
2025-11-04 15:00:00-03:00,86.0,0.0
2025-11-04 16:00:00-03:00,84.75,0.0
2025-11-04 17:00:00-03:00,83.75,0.0
2025-11-04 18:00:00-03:00,82.75,0.0
2025-11-04 19:00:00-03:00,81.75,0.0
2025-11-04 20:00:00-03:00,81.0,0.0
2025-11-04 21:00:00-03:00,80.0,0.0
2025-11-04 22:00:00-03:00,79.0,0.0
2025-11-04 23:00:00-03:00,78.0,0.0
2025-11-05 00:00:00-03:00,77.0,0.0
2025-11-05 01:00:00-03:00,76.0,6.2
2025-11-05 02:00:00-03:00,75.25,1.6
2025-11-05 03:00:00-03:00,74.25,0.2
2025-11-05 04:00:00-03:00,73.0,0.0
2025-11-05 05:00:00-03:00,72.0,0.0
2025-11-05 06:00:00-03:00,71.25,0.0
2025-11-05 07:00:00-03:00,70.5,0.2
2025-11-05 08:00:00-03:00,69.5,0.0
2025-11-05 09:00:00-03:00,68.75,0.0
2025-11-05 10:00:00-03:00,68.25,0.0
2025-11-05 11:00:00-03:00,68.0,0.0
2025-11-05 12:00:00-03:00,67.0,0.0
2025-11-05 13:00:00-03:00,66.75,0.0
2025-11-05 14:00:00-03:00,66.0,0.0
2025-11-05 15:00:00-03:00,65.25,0.0
2025-11-05 16:00:00-03:00,64.0,5.8
2025-11-05 17:00:00-03:00,63.75,0.4
2025-11-05 18:00:00-03:00,63.5,0.0
2025-11-05 19:00:00-03:00,63.0,0.0
2025-11-05 20:00:00-03:00,63.0,0.0
2025-11-05 21:00:00-03:00,62.0,0.0
2025-11-05 22:00:00-03:00,62.0,0.0
2025-11-05 23:00:00-03:00,61.75,0.0
2025-11-06 00:00:00-03:00,61.75,0.0
2025-11-06 01:00:00-03:00,61.75,0.0
2025-11-06 02:00:00-03:00,61.75,0.0
2025-11-06 03:00:00-03:00,62.0,0.0
2025-11-06 04:00:00-03:00,62.0,0.0
2025-11-06 05:00:00-03:00,62.0,0.0
2025-11-06 06:00:00-03:00,62.0,0.0
2025-11-06 07:00:00-03:00,62.0,0.0
2025-11-06 08:00:00-03:00,62.25,0.0
2025-11-06 09:00:00-03:00,62.5,0.0
2025-11-06 10:00:00-03:00,63.0,0.0
2025-11-06 11:00:00-03:00,63.0,0.0
2025-11-06 12:00:00-03:00,63.0,0.0
2025-11-06 13:00:00-03:00,63.0,0.0
2025-11-06 14:00:00-03:00,63.0,0.0
2025-11-06 15:00:00-03:00,62.5,0.0
2025-11-06 16:00:00-03:00,62.75,0.0
2025-11-06 17:00:00-03:00,62.25,0.0
2025-11-06 18:00:00-03:00,62.0,0.0
2025-11-06 19:00:00-03:00,61.25,0.0
2025-11-06 20:00:00-03:00,61.0,0.0
2025-11-06 21:00:00-03:00,61.0,0.0
2025-11-06 22:00:00-03:00,61.0,0.0
2025-11-06 23:00:00-03:00,61.0,0.0
2025-11-07 00:00:00-03:00,60.25,0.0
2025-11-07 01:00:00-03:00,60.0,0.0
2025-11-07 02:00:00-03:00,59.75,0.0
2025-11-07 03:00:00-03:00,59.5,0.0
2025-11-07 04:00:00-03:00,59.0,0.2
2025-11-07 05:00:00-03:00,59.0,0.0
2025-11-07 06:00:00-03:00,58.75,0.0
2025-11-07 07:00:00-03:00,58.0,0.0
2025-11-07 08:00:00-03:00,58.0,0.0
2025-11-07 09:00:00-03:00,58.0,0.0
2025-11-07 10:00:00-03:00,58.0,0.0
2025-11-07 11:00:00-03:00,57.75,0.0
2025-11-07 12:00:00-03:00,58.0,0.0
2025-11-07 13:00:00-03:00,58.0,0.0
2025-11-07 14:00:00-03:00,57.0,0.0
2025-11-07 15:00:00-03:00,57.0,0.0
2025-11-07 16:00:00-03:00,56.5,0.0
2025-11-07 17:00:00-03:00,56.0,0.0
2025-11-07 18:00:00-03:00,55.5,0.0
2025-11-07 19:00:00-03:00,55.0,0.0
2025-11-07 20:00:00-03:00,54.5,0.0
2025-11-07 21:00:00-03:00,54.0,0.0
2025-11-07 22:00:00-03:00,53.0,0.0
2025-11-07 23:00:00-03:00,52.5,0.0
2025-11-08 00:00:00-03:00,52.0,0.0
2025-11-08 01:00:00-03:00,51.5,0.0
2025-11-08 02:00:00-03:00,51.0,0.0
2025-11-08 03:00:00-03:00,50.25,0.0
2025-11-08 04:00:00-03:00,50.0,1.4
2025-11-08 05:00:00-03:00,50.75,12.6
2025-11-08 06:00:00-03:00,52.5,0.4
2025-11-08 07:00:00-03:00,50.75,0.6
2025-11-08 08:00:00-03:00,50.0,0.2
2025-11-08 09:00:00-03:00,49.0,0.2
2025-11-08 10:00:00-03:00,48.25,0.8
2025-11-08 11:00:00-03:00,48.25,0.4
2025-11-08 12:00:00-03:00,48.5,8.2
2025-11-08 13:00:00-03:00,52.75,6.4
2025-11-08 14:00:00-03:00,55.0,3.6
2025-11-08 15:00:00-03:00,54.75,0.2
2025-11-08 16:00:00-03:00,53.5,0.0
2025-11-08 17:00:00-03:00,53.0,0.0
2025-11-08 18:00:00-03:00,53.0,0.0
2025-11-08 19:00:00-03:00,53.75,0.0
2025-11-08 20:00:00-03:00,54.5,0.0
2025-11-08 21:00:00-03:00,55.0,0.0
2025-11-08 22:00:00-03:00,55.5,0.0
2025-11-08 23:00:00-03:00,56.25,0.0
2025-11-09 00:00:00-03:00,57.25,0.0
2025-11-09 01:00:00-03:00,58.5,0.0
2025-11-09 02:00:00-03:00,59.75,0.0
2025-11-09 03:00:00-03:00,61.5,0.0
2025-11-09 04:00:00-03:00,63.0,0.0
2025-11-09 05:00:00-03:00,64.75,0.0
2025-11-09 06:00:00-03:00,66.5,0.0
2025-11-09 07:00:00-03:00,68.75,0.0
2025-11-09 08:00:00-03:00,71.25,0.0
2025-11-09 09:00:00-03:00,74.25,0.0
2025-11-09 10:00:00-03:00,77.25,0.0
2025-11-09 11:00:00-03:00,80.5,0.0
2025-11-09 12:00:00-03:00,83.75,0.0
2025-11-09 13:00:00-03:00,87.5,0.0
2025-11-09 14:00:00-03:00,90.5,0.2
2025-11-09 15:00:00-03:00,93.5,0.0
2025-11-09 16:00:00-03:00,96.0,0.0
2025-11-09 17:00:00-03:00,99.0,0.0
2025-11-09 18:00:00-03:00,101.25,0.0
2025-11-09 19:00:00-03:00,103.25,0.0
2025-11-09 20:00:00-03:00,105.25,0.0
2025-11-09 21:00:00-03:00,107.0,0.0
2025-11-09 22:00:00-03:00,108.5,0.0
2025-11-09 23:00:00-03:00,109.5,0.0
2025-11-10 00:00:00-03:00,110.0,0.0
2025-11-10 01:00:00-03:00,111.0,0.0
2025-11-10 02:00:00-03:00,111.0,0.0
2025-11-10 03:00:00-03:00,111.5,0.0
2025-11-10 04:00:00-03:00,111.5,0.0
2025-11-10 05:00:00-03:00,111.5,0.0
2025-11-10 06:00:00-03:00,111.25,0.0
2025-11-10 07:00:00-03:00,110.5,0.0
2025-11-10 08:00:00-03:00,109.75,0.0
2025-11-10 09:00:00-03:00,109.0,0.0
2025-11-10 10:00:00-03:00,108.25,0.0
2025-11-10 11:00:00-03:00,107.5,0.0
2025-11-10 12:00:00-03:00,106.5,0.0
2025-11-10 13:00:00-03:00,105.0,0.0
2025-11-10 14:00:00-03:00,103.75,0.0
2025-11-10 15:00:00-03:00,101.5,0.0
2025-11-10 16:00:00-03:00,99.5,0.0
2025-11-10 17:00:00-03:00,97.5,0.0
2025-11-10 18:00:00-03:00,95.25,0.0
2025-11-10 19:00:00-03:00,93.0,0.0
2025-11-10 20:00:00-03:00,91.0,0.0
2025-11-10 21:00:00-03:00,89.0,0.0
2025-11-10 22:00:00-03:00,87.5,0.0
2025-11-10 23:00:00-03:00,85.75,0.0
2025-11-11 00:00:00-03:00,84.25,0.0
2025-11-11 01:00:00-03:00,82.75,0.0
2025-11-11 02:00:00-03:00,81.5,0.0
2025-11-11 03:00:00-03:00,79.75,0.0
2025-11-11 04:00:00-03:00,78.25,0.0
2025-11-11 05:00:00-03:00,77.25,0.0
2025-11-11 06:00:00-03:00,75.75,0.0
2025-11-11 07:00:00-03:00,74.75,0.0
2025-11-11 08:00:00-03:00,73.5,0.0
2025-11-11 09:00:00-03:00,72.75,0.0
2025-11-11 10:00:00-03:00,72.0,0.0
2025-11-11 11:00:00-03:00,71.0,0.0
2025-11-11 12:00:00-03:00,71.0,0.0
2025-11-11 13:00:00-03:00,70.0,0.0
2025-11-11 14:00:00-03:00,69.0,0.0
2025-11-11 15:00:00-03:00,68.5,0.0
2025-11-11 16:00:00-03:00,67.75,0.0
2025-11-11 17:00:00-03:00,67.0,0.0
2025-11-11 18:00:00-03:00,66.0,0.0
2025-11-11 19:00:00-03:00,65.0,0.0
2025-11-11 20:00:00-03:00,64.0,0.0
2025-11-11 21:00:00-03:00,63.25,0.0
2025-11-11 22:00:00-03:00,62.5,0.0
2025-11-11 23:00:00-03:00,61.75,0.0
2025-11-12 00:00:00-03:00,61.0,0.0
2025-11-12 01:00:00-03:00,60.75,0.0
2025-11-12 02:00:00-03:00,60.0,0.0
2025-11-12 03:00:00-03:00,59.0,0.0
2025-11-12 04:00:00-03:00,58.75,0.2
2025-11-12 05:00:00-03:00,58.0,0.0
2025-11-12 06:00:00-03:00,57.75,0.0
2025-11-12 07:00:00-03:00,57.0,0.0
2025-11-12 08:00:00-03:00,57.0,0.0
2025-11-12 09:00:00-03:00,56.75,0.0
2025-11-12 10:00:00-03:00,56.0,0.0
2025-11-12 11:00:00-03:00,56.0,0.0
2025-11-12 12:00:00-03:00,56.0,0.0
2025-11-12 13:00:00-03:00,55.75,0.0
2025-11-12 14:00:00-03:00,55.0,0.0
2025-11-12 15:00:00-03:00,55.0,0.0
2025-11-12 16:00:00-03:00,54.75,0.0
2025-11-12 17:00:00-03:00,54.25,0.0
2025-11-12 18:00:00-03:00,53.0,0.0
2025-11-12 19:00:00-03:00,52.75,0.0
2025-11-12 20:00:00-03:00,52.0,0.0
2025-11-12 21:00:00-03:00,51.5,0.0
2025-11-12 22:00:00-03:00,51.25,0.0
2025-11-12 23:00:00-03:00,50.5,0.0
2025-11-13 00:00:00-03:00,49.75,0.0
2025-11-13 01:00:00-03:00,49.0,0.0
2025-11-13 02:00:00-03:00,49.0,0.0
2025-11-13 03:00:00-03:00,48.25,0.0
2025-11-13 04:00:00-03:00,47.75,0.0
2025-11-13 05:00:00-03:00,47.0,0.0
2025-11-13 06:00:00-03:00,47.0,0.0
2025-11-13 07:00:00-03:00,46.0,0.0
2025-11-13 08:00:00-03:00,46.0,0.0
2025-11-13 09:00:00-03:00,46.0,0.0
2025-11-13 10:00:00-03:00,45.5,0.0
2025-11-13 11:00:00-03:00,45.25,0.0
2025-11-13 12:00:00-03:00,45.0,0.0
2025-11-13 13:00:00-03:00,44.75,0.0
2025-11-13 14:00:00-03:00,44.5,0.0
2025-11-13 15:00:00-03:00,44.0,0.0
2025-11-13 16:00:00-03:00,43.75,0.0
2025-11-13 17:00:00-03:00,43.0,0.0
2025-11-13 18:00:00-03:00,43.25,0.0
2025-11-13 19:00:00-03:00,44.5,7.2
2025-11-13 20:00:00-03:00,43.75,0.4
2025-11-13 21:00:00-03:00,43.0,0.0
2025-11-13 22:00:00-03:00,42.0,0.0
2025-11-13 23:00:00-03:00,41.75,0.0
2025-11-14 00:00:00-03:00,41.0,0.0
2025-11-14 01:00:00-03:00,41.0,0.0
2025-11-14 02:00:00-03:00,40.5,0.0
2025-11-14 03:00:00-03:00,40.0,0.0
2025-11-14 04:00:00-03:00,40.0,0.2
2025-11-14 05:00:00-03:00,40.0,0.0
2025-11-14 06:00:00-03:00,39.5,0.0
2025-11-14 07:00:00-03:00,39.25,0.0
2025-11-14 08:00:00-03:00,39.0,0.0
2025-11-14 09:00:00-03:00,39.0,0.0
2025-11-14 10:00:00-03:00,39.0,0.0
2025-11-14 11:00:00-03:00,39.25,0.0
2025-11-14 12:00:00-03:00,40.0,0.0
2025-11-14 13:00:00-03:00,40.0,0.0
2025-11-14 14:00:00-03:00,40.0,0.0
2025-11-14 15:00:00-03:00,40.25,0.0
2025-11-14 16:00:00-03:00,40.75,0.0
2025-11-14 17:00:00-03:00,40.75,0.0
2025-11-14 18:00:00-03:00,41.25,0.0
2025-11-14 19:00:00-03:00,42.0,0.0
2025-11-14 20:00:00-03:00,42.0,0.0
2025-11-14 21:00:00-03:00,42.75,0.0
2025-11-14 22:00:00-03:00,43.0,0.0
2025-11-14 23:00:00-03:00,43.0,0.0
2025-11-15 00:00:00-03:00,43.0,0.0
2025-11-15 01:00:00-03:00,43.0,0.0
2025-11-15 02:00:00-03:00,43.0,0.0
2025-11-15 03:00:00-03:00,43.0,0.0
2025-11-15 04:00:00-03:00,43.0,0.0
2025-11-15 05:00:00-03:00,43.0,0.0
2025-11-15 06:00:00-03:00,43.0,0.0
2025-11-15 07:00:00-03:00,42.75,0.0
2025-11-15 08:00:00-03:00,42.5,0.0
2025-11-15 09:00:00-03:00,42.25,0.0
2025-11-15 10:00:00-03:00,42.75,0.0
2025-11-15 11:00:00-03:00,43.0,0.0
2025-11-15 12:00:00-03:00,43.0,0.0
2025-11-15 13:00:00-03:00,43.5,0.0
2025-11-15 14:00:00-03:00,43.5,0.0
2025-11-15 15:00:00-03:00,44.0,0.0
2025-11-15 16:00:00-03:00,44.0,1.6
2025-11-15 17:00:00-03:00,44.0,0.0
2025-11-15 18:00:00-03:00,44.25,0.0
2025-11-15 19:00:00-03:00,46.25,0.2
2025-11-15 20:00:00-03:00,45.25,0.2
2025-11-15 21:00:00-03:00,45.0,0.2
2025-11-15 22:00:00-03:00,45.0,1.0
2025-11-15 23:00:00-03:00,45.0,1.2
2025-11-16 00:00:00-03:00,45.0,0.4
2025-11-16 01:00:00-03:00,45.0,0.0
2025-11-16 02:00:00-03:00,45.0,0.0
2025-11-16 03:00:00-03:00,45.0,0.0
2025-11-16 04:00:00-03:00,45.0,0.0
2025-11-16 05:00:00-03:00,44.75,0.0
2025-11-16 06:00:00-03:00,45.0,0.0
2025-11-16 07:00:00-03:00,44.75,0.0
2025-11-16 08:00:00-03:00,44.5,0.6
2025-11-16 09:00:00-03:00,44.25,0.0
2025-11-16 10:00:00-03:00,44.0,0.0
2025-11-16 11:00:00-03:00,44.25,0.0
2025-11-16 12:00:00-03:00,44.5,0.0
2025-11-16 13:00:00-03:00,44.75,0.2
2025-11-16 14:00:00-03:00,45.0,0.0
2025-11-16 15:00:00-03:00,45.0,0.0
2025-11-16 16:00:00-03:00,45.0,0.6
2025-11-16 17:00:00-03:00,45.0,0.8
2025-11-16 18:00:00-03:00,45.25,0.0
2025-11-16 19:00:00-03:00,45.0,0.0
2025-11-16 20:00:00-03:00,46.0,0.0
2025-11-16 21:00:00-03:00,46.0,1.0
2025-11-16 22:00:00-03:00,45.75,1.2
2025-11-16 23:00:00-03:00,45.5,0.0
2025-11-17 00:00:00-03:00,45.25,0.0
2025-11-17 01:00:00-03:00,45.0,0.0
2025-11-17 02:00:00-03:00,45.0,0.0
2025-11-17 03:00:00-03:00,45.0,0.0
2025-11-17 04:00:00-03:00,44.75,0.0
2025-11-17 05:00:00-03:00,44.5,0.0
2025-11-17 06:00:00-03:00,44.0,0.0
2025-11-17 07:00:00-03:00,44.0,0.0
2025-11-17 08:00:00-03:00,44.0,0.0
2025-11-17 09:00:00-03:00,44.0,0.0
2025-11-17 10:00:00-03:00,44.0,0.0
2025-11-17 11:00:00-03:00,43.75,0.0
2025-11-17 12:00:00-03:00,43.75,0.0
2025-11-17 13:00:00-03:00,43.25,0.2
2025-11-17 14:00:00-03:00,43.25,0.0
2025-11-17 15:00:00-03:00,43.0,0.0
2025-11-17 16:00:00-03:00,43.0,0.0
2025-11-17 17:00:00-03:00,46.0,1.8
2025-11-17 18:00:00-03:00,51.75,0.4
2025-11-17 19:00:00-03:00,53.0,0.0
2025-11-17 20:00:00-03:00,52.5,4.4
2025-11-17 21:00:00-03:00,53.25,2.0
2025-11-17 22:00:00-03:00,51.0,0.0
2025-11-17 23:00:00-03:00,50.0,0.0
2025-11-18 00:00:00-03:00,50.0,0.0
2025-11-18 01:00:00-03:00,50.0,0.0
2025-11-18 02:00:00-03:00,50.5,0.0
2025-11-18 03:00:00-03:00,51.5,0.0
2025-11-18 04:00:00-03:00,52.5,0.0
2025-11-18 05:00:00-03:00,53.75,0.0
2025-11-18 06:00:00-03:00,55.0,0.4
2025-11-18 07:00:00-03:00,55.0,0.0
2025-11-18 08:00:00-03:00,55.75,0.0
2025-11-18 09:00:00-03:00,56.0,0.0
2025-11-18 10:00:00-03:00,56.0,0.0
2025-11-18 11:00:00-03:00,55.75,0.0
2025-11-18 12:00:00-03:00,55.75,0.0
2025-11-18 13:00:00-03:00,55.0,0.0
2025-11-18 14:00:00-03:00,55.0,0.0
2025-11-18 15:00:00-03:00,54.0,0.0
2025-11-18 16:00:00-03:00,54.0,0.0
2025-11-18 17:00:00-03:00,54.0,0.6
2025-11-18 18:00:00-03:00,54.0,8.8
2025-11-18 19:00:00-03:00,54.0,0.2
2025-11-18 20:00:00-03:00,55.0,0.2
2025-11-18 21:00:00-03:00,54.75,0.0
2025-11-18 22:00:00-03:00,55.0,0.0
2025-11-18 23:00:00-03:00,55.0,0.0
2025-11-19 00:00:00-03:00,55.0,0.0
2025-11-19 01:00:00-03:00,56.0,0.0
2025-11-19 02:00:00-03:00,55.75,0.0
2025-11-19 03:00:00-03:00,56.0,0.0
2025-11-19 04:00:00-03:00,56.0,0.0
2025-11-19 05:00:00-03:00,56.0,0.0
2025-11-19 06:00:00-03:00,56.75,0.0
2025-11-19 07:00:00-03:00,57.0,0.0
2025-11-19 08:00:00-03:00,57.0,0.0
2025-11-19 09:00:00-03:00,57.25,0.0
2025-11-19 10:00:00-03:00,57.5,0.0
2025-11-19 11:00:00-03:00,58.0,0.0
2025-11-19 12:00:00-03:00,58.0,0.0
2025-11-19 13:00:00-03:00,57.75,0.2
2025-11-19 14:00:00-03:00,58.0,0.0
2025-11-19 15:00:00-03:00,58.0,0.0
2025-11-19 16:00:00-03:00,58.0,0.0
2025-11-19 17:00:00-03:00,58.0,0.0
2025-11-19 18:00:00-03:00,57.5,0.0
2025-11-19 19:00:00-03:00,57.25,0.0
2025-11-19 20:00:00-03:00,57.5,0.0
2025-11-19 21:00:00-03:00,57.0,0.0
2025-11-19 22:00:00-03:00,57.0,0.0
2025-11-19 23:00:00-03:00,57.0,0.0
2025-11-20 00:00:00-03:00,57.0,0.0
2025-11-20 01:00:00-03:00,57.0,0.0
2025-11-20 02:00:00-03:00,57.0,0.0
2025-11-20 03:00:00-03:00,57.0,0.0
2025-11-20 04:00:00-03:00,57.0,0.0
2025-11-20 05:00:00-03:00,57.0,0.0
2025-11-20 06:00:00-03:00,57.0,0.0
2025-11-20 07:00:00-03:00,57.0,0.2
2025-11-20 08:00:00-03:00,57.25,0.0
2025-11-20 09:00:00-03:00,58.0,0.0
2025-11-20 10:00:00-03:00,58.0,0.0
2025-11-20 11:00:00-03:00,58.0,0.0
2025-11-20 12:00:00-03:00,58.0,0.0
2025-11-20 13:00:00-03:00,58.0,0.0
2025-11-20 14:00:00-03:00,58.0,0.0
2025-11-20 15:00:00-03:00,58.0,0.0
2025-11-20 16:00:00-03:00,58.0,0.0
2025-11-20 17:00:00-03:00,57.5,0.0
2025-11-20 18:00:00-03:00,57.0,0.0
2025-11-20 19:00:00-03:00,56.5,0.0
2025-11-20 20:00:00-03:00,56.0,0.0
2025-11-20 21:00:00-03:00,55.25,0.0
2025-11-20 22:00:00-03:00,55.0,0.0
2025-11-20 23:00:00-03:00,54.75,0.0
2025-11-21 00:00:00-03:00,54.0,0.0
2025-11-21 01:00:00-03:00,53.75,0.0
2025-11-21 02:00:00-03:00,53.0,0.0
2025-11-21 03:00:00-03:00,52.75,0.0
2025-11-21 04:00:00-03:00,52.0,0.0
2025-11-21 05:00:00-03:00,51.0,0.0
2025-11-21 06:00:00-03:00,51.0,0.0
2025-11-21 07:00:00-03:00,50.0,0.0
2025-11-21 08:00:00-03:00,50.0,0.0
2025-11-21 09:00:00-03:00,49.5,0.0
2025-11-21 10:00:00-03:00,49.0,0.0
2025-11-21 11:00:00-03:00,49.0,0.0
2025-11-21 12:00:00-03:00,49.0,0.0
2025-11-21 13:00:00-03:00,48.0,0.0
2025-11-21 14:00:00-03:00,47.75,0.0
2025-11-21 15:00:00-03:00,47.25,0.0
2025-11-21 16:00:00-03:00,46.75,0.0
2025-11-21 17:00:00-03:00,46.0,0.0
2025-11-21 18:00:00-03:00,45.25,0.0
2025-11-21 19:00:00-03:00,44.5,0.0
2025-11-21 20:00:00-03:00,44.0,0.0
2025-11-21 21:00:00-03:00,43.0,0.0
2025-11-21 22:00:00-03:00,42.75,0.0
2025-11-21 23:00:00-03:00,42.25,0.0
2025-11-22 00:00:00-03:00,42.0,0.0
2025-11-22 01:00:00-03:00,41.25,0.0
2025-11-22 02:00:00-03:00,41.0,0.0
2025-11-22 03:00:00-03:00,40.75,0.0
2025-11-22 04:00:00-03:00,40.0,0.0
2025-11-22 05:00:00-03:00,40.0,0.0
2025-11-22 06:00:00-03:00,39.25,0.0
2025-11-22 07:00:00-03:00,39.0,0.0
2025-11-22 08:00:00-03:00,38.75,0.0
2025-11-22 09:00:00-03:00,38.5,0.0
2025-11-22 10:00:00-03:00,38.75,0.0
2025-11-22 11:00:00-03:00,39.0,0.0
2025-11-22 12:00:00-03:00,38.75,0.0
2025-11-22 13:00:00-03:00,38.5,0.0
2025-11-22 14:00:00-03:00,38.0,0.0
2025-11-22 15:00:00-03:00,37.75,0.0
2025-11-22 16:00:00-03:00,37.5,0.0
2025-11-22 17:00:00-03:00,37.0,0.0
2025-11-22 18:00:00-03:00,37.0,0.0
2025-11-22 19:00:00-03:00,36.66666666666666,0.0
2025-11-22 20:00:00-03:00,36.5,0.0
2025-11-22 21:00:00-03:00,36.0,0.0
2025-11-22 22:00:00-03:00,35.75,0.0
2025-11-22 23:00:00-03:00,35.75,0.0
2025-11-23 00:00:00-03:00,35.0,0.0
2025-11-23 01:00:00-03:00,35.0,0.0
2025-11-23 02:00:00-03:00,35.0,0.0
2025-11-23 03:00:00-03:00,34.75,0.0
2025-11-23 04:00:00-03:00,34.0,0.0
2025-11-23 05:00:00-03:00,34.25,0.0
2025-11-23 06:00:00-03:00,34.0,0.0
2025-11-23 07:00:00-03:00,34.0,0.0
2025-11-23 08:00:00-03:00,33.75,0.0
2025-11-23 09:00:00-03:00,33.75,0.0
2025-11-23 10:00:00-03:00,33.0,0.0
2025-11-23 11:00:00-03:00,33.0,0.0
2025-11-23 12:00:00-03:00,33.0,0.0
2025-11-23 13:00:00-03:00,33.25,0.0
2025-11-23 14:00:00-03:00,33.25,0.0
2025-11-23 15:00:00-03:00,33.25,0.0
2025-11-23 16:00:00-03:00,33.0,0.0
2025-11-23 17:00:00-03:00,33.0,0.0
2025-11-23 18:00:00-03:00,33.0,0.0
2025-11-23 19:00:00-03:00,33.0,0.0
2025-11-23 20:00:00-03:00,32.5,0.0
2025-11-23 21:00:00-03:00,32.0,0.0
2025-11-23 22:00:00-03:00,32.0,0.0
2025-11-23 23:00:00-03:00,32.0,0.0
2025-11-24 00:00:00-03:00,32.0,0.0
2025-11-24 01:00:00-03:00,32.0,0.0
2025-11-24 02:00:00-03:00,31.5,0.0
2025-11-24 03:00:00-03:00,31.25,0.0
2025-11-24 04:00:00-03:00,31.0,0.0
2025-11-24 05:00:00-03:00,31.0,0.0
2025-11-24 06:00:00-03:00,31.25,0.0
2025-11-24 07:00:00-03:00,31.0,0.0
2025-11-24 08:00:00-03:00,31.0,0.0
2025-11-24 09:00:00-03:00,31.0,0.0
2025-11-24 10:00:00-03:00,31.0,0.2
2025-11-24 11:00:00-03:00,31.0,0.0
2025-11-24 12:00:00-03:00,31.0,0.0
2025-11-24 13:00:00-03:00,31.75,0.0
2025-11-24 14:00:00-03:00,32.0,0.0
2025-11-24 15:00:00-03:00,32.25,0.0
2025-11-24 16:00:00-03:00,33.0,0.0
2025-11-24 17:00:00-03:00,34.5,5.6
2025-11-24 18:00:00-03:00,40.0,3.6
2025-11-24 19:00:00-03:00,37.75,0.0
2025-11-24 20:00:00-03:00,36.5,0.0
2025-11-24 21:00:00-03:00,36.0,0.0
2025-11-24 22:00:00-03:00,35.75,0.2
2025-11-24 23:00:00-03:00,35.5,0.0
2025-11-25 00:00:00-03:00,35.0,0.0
2025-11-25 01:00:00-03:00,35.0,0.0
2025-11-25 02:00:00-03:00,35.0,0.0
2025-11-25 03:00:00-03:00,35.0,0.0
2025-11-25 04:00:00-03:00,35.0,0.0
2025-11-25 05:00:00-03:00,35.25,0.0
2025-11-25 06:00:00-03:00,35.5,0.0
2025-11-25 07:00:00-03:00,36.0,0.0
2025-11-25 08:00:00-03:00,36.0,0.0
2025-11-25 09:00:00-03:00,37.0,0.0
2025-11-25 10:00:00-03:00,38.25,0.0
2025-11-25 11:00:00-03:00,39.0,0.0
2025-11-25 12:00:00-03:00,40.5,0.0
2025-11-25 13:00:00-03:00,41.5,0.2
2025-11-25 14:00:00-03:00,42.5,0.0
2025-11-25 15:00:00-03:00,44.25,0.0
2025-11-25 16:00:00-03:00,45.0,0.0
2025-11-25 17:00:00-03:00,46.0,0.0
2025-11-25 18:00:00-03:00,46.0,0.0
2025-11-25 19:00:00-03:00,47.0,0.0
2025-11-25 20:00:00-03:00,47.5,0.0
2025-11-25 21:00:00-03:00,48.0,0.0
2025-11-25 22:00:00-03:00,48.0,0.0
2025-11-25 23:00:00-03:00,48.0,0.0
2025-11-26 00:00:00-03:00,48.0,0.0
2025-11-26 01:00:00-03:00,48.0,0.0
2025-11-26 02:00:00-03:00,48.0,0.0
2025-11-26 03:00:00-03:00,47.75,0.0
2025-11-26 04:00:00-03:00,47.25,0.0
2025-11-26 05:00:00-03:00,47.0,0.0
2025-11-26 06:00:00-03:00,46.75,0.0
2025-11-26 07:00:00-03:00,47.0,0.0
2025-11-26 08:00:00-03:00,47.0,0.0
2025-11-26 09:00:00-03:00,47.0,0.0
2025-11-26 10:00:00-03:00,47.25,0.0
2025-11-26 11:00:00-03:00,47.25,0.0
2025-11-26 12:00:00-03:00,47.5,0.0
2025-11-26 13:00:00-03:00,48.0,0.0
2025-11-26 14:00:00-03:00,48.0,0.0
2025-11-26 15:00:00-03:00,48.0,0.0
2025-11-26 16:00:00-03:00,48.0,0.0
2025-11-26 17:00:00-03:00,48.0,0.0
2025-11-26 18:00:00-03:00,47.25,0.0
2025-11-26 19:00:00-03:00,47.0,0.0
2025-11-26 20:00:00-03:00,47.0,0.0
2025-11-26 21:00:00-03:00,46.25,0.0
2025-11-26 22:00:00-03:00,46.0,0.0
2025-11-26 23:00:00-03:00,45.5,0.0
2025-11-27 00:00:00-03:00,45.0,0.0
2025-11-27 01:00:00-03:00,44.75,0.0
2025-11-27 02:00:00-03:00,44.0,0.0
2025-11-27 03:00:00-03:00,43.0,0.0
2025-11-27 04:00:00-03:00,42.75,0.0
2025-11-27 05:00:00-03:00,42.0,0.0
2025-11-27 06:00:00-03:00,41.25,0.0
2025-11-27 07:00:00-03:00,41.0,0.0
2025-11-27 08:00:00-03:00,40.75,0.0
2025-11-27 09:00:00-03:00,40.25,0.0
2025-11-27 10:00:00-03:00,40.0,0.0
2025-11-27 11:00:00-03:00,40.0,0.0
2025-11-27 12:00:00-03:00,39.75,0.0
2025-11-27 13:00:00-03:00,39.25,0.0
2025-11-27 14:00:00-03:00,39.0,0.0
2025-11-27 15:00:00-03:00,38.75,0.0
2025-11-27 16:00:00-03:00,38.0,0.0
2025-11-27 17:00:00-03:00,37.5,0.0
2025-11-27 18:00:00-03:00,37.0,0.0
2025-11-27 19:00:00-03:00,37.0,0.0
2025-11-27 20:00:00-03:00,36.0,0.0
2025-11-27 21:00:00-03:00,36.0,0.0
2025-11-27 22:00:00-03:00,35.75,0.0
2025-11-27 23:00:00-03:00,35.0,0.0
2025-11-28 00:00:00-03:00,35.0,0.0
2025-11-28 01:00:00-03:00,34.5,0.0
2025-11-28 02:00:00-03:00,34.0,0.0
2025-11-28 03:00:00-03:00,34.0,0.0
2025-11-28 04:00:00-03:00,33.0,0.0
2025-11-28 05:00:00-03:00,33.0,0.0
2025-11-28 06:00:00-03:00,33.0,0.0
2025-11-28 07:00:00-03:00,32.5,0.0
2025-11-28 08:00:00-03:00,32.0,0.0
2025-11-28 09:00:00-03:00,32.0,0.0
2025-11-28 10:00:00-03:00,32.0,0.0
2025-11-28 11:00:00-03:00,31.75,0.0
2025-11-28 12:00:00-03:00,31.5,0.0
2025-11-28 13:00:00-03:00,31.25,0.0
2025-11-28 14:00:00-03:00,31.0,0.0
2025-11-28 15:00:00-03:00,31.25,4.6
2025-11-28 16:00:00-03:00,31.0,0.0
2025-11-28 17:00:00-03:00,31.0,0.0
2025-11-28 18:00:00-03:00,31.0,0.0
2025-11-28 19:00:00-03:00,30.75,0.0
2025-11-28 20:00:00-03:00,30.25,0.0
2025-11-28 21:00:00-03:00,30.0,0.0
2025-11-28 22:00:00-03:00,30.0,0.0
2025-11-28 23:00:00-03:00,30.0,0.0
2025-11-29 00:00:00-03:00,30.0,0.0
2025-11-29 01:00:00-03:00,29.5,0.0
2025-11-29 02:00:00-03:00,29.0,0.0
2025-11-29 03:00:00-03:00,29.0,0.0
2025-11-29 04:00:00-03:00,29.0,0.0
2025-11-29 05:00:00-03:00,28.75,0.0
2025-11-29 06:00:00-03:00,28.0,0.2
2025-11-29 07:00:00-03:00,28.0,0.0
2025-11-29 08:00:00-03:00,28.0,0.0
2025-11-29 09:00:00-03:00,28.0,0.0
2025-11-29 10:00:00-03:00,28.25,0.2
2025-11-29 11:00:00-03:00,28.5,0.0
2025-11-29 12:00:00-03:00,28.5,0.0
2025-11-29 13:00:00-03:00,29.0,0.0
2025-11-29 14:00:00-03:00,29.0,0.0
2025-11-29 15:00:00-03:00,29.0,0.0
2025-11-29 16:00:00-03:00,29.0,0.0
2025-11-29 17:00:00-03:00,28.75,0.0
2025-11-29 18:00:00-03:00,28.0,0.0
2025-11-29 19:00:00-03:00,28.0,0.0
2025-11-29 20:00:00-03:00,28.0,0.0
2025-11-29 21:00:00-03:00,27.75,0.0
2025-11-29 22:00:00-03:00,27.75,0.0
2025-11-29 23:00:00-03:00,27.75,0.0
2025-11-30 00:00:00-03:00,27.0,0.0
2025-11-30 01:00:00-03:00,27.0,0.0
2025-11-30 02:00:00-03:00,27.0,0.0
2025-11-30 03:00:00-03:00,27.0,0.0
2025-11-30 04:00:00-03:00,27.0,0.0
2025-11-30 05:00:00-03:00,27.0,0.0
2025-11-30 06:00:00-03:00,27.0,0.0
2025-11-30 07:00:00-03:00,27.0,0.0
2025-11-30 08:00:00-03:00,27.0,0.0
2025-11-30 09:00:00-03:00,27.0,0.0
2025-11-30 10:00:00-03:00,27.0,0.0
2025-11-30 11:00:00-03:00,27.0,0.0
2025-11-30 12:00:00-03:00,27.25,0.0
2025-11-30 13:00:00-03:00,27.5,0.0
2025-11-30 14:00:00-03:00,27.25,0.0
2025-11-30 15:00:00-03:00,27.0,0.0
2025-11-30 16:00:00-03:00,27.25,0.0
2025-11-30 17:00:00-03:00,27.0,0.0
2025-11-30 18:00:00-03:00,26.75,0.0
2025-11-30 19:00:00-03:00,26.75,0.0
2025-11-30 20:00:00-03:00,26.0,0.0
2025-11-30 21:00:00-03:00,25.75,0.0
2025-11-30 22:00:00-03:00,25.0,0.0
2025-11-30 23:00:00-03:00,25.0,0.0
2025-12-01 00:00:00-03:00,25.0,0.0
2025-12-01 01:00:00-03:00,24.75,0.0
2025-12-01 02:00:00-03:00,24.5,0.0
2025-12-01 03:00:00-03:00,24.0,0.0
2025-12-01 04:00:00-03:00,24.0,0.0
2025-12-01 05:00:00-03:00,24.0,0.0
2025-12-01 06:00:00-03:00,24.0,0.0
2025-12-01 07:00:00-03:00,24.0,0.0
2025-12-01 08:00:00-03:00,24.0,0.0
2025-12-01 09:00:00-03:00,24.0,0.0
2025-12-01 10:00:00-03:00,24.0,0.0
2025-12-01 11:00:00-03:00,24.5,0.0
2025-12-01 12:00:00-03:00,24.25,0.0
2025-12-01 13:00:00-03:00,24.75,0.0
2025-12-01 14:00:00-03:00,24.25,0.0
2025-12-01 15:00:00-03:00,24.0,0.0
2025-12-01 16:00:00-03:00,24.25,0.0
2025-12-01 17:00:00-03:00,24.0,0.0
2025-12-01 18:00:00-03:00,24.0,0.0
2025-12-01 19:00:00-03:00,23.75,0.0
2025-12-01 20:00:00-03:00,24.0,0.0
2025-12-01 21:00:00-03:00,24.0,0.0
2025-12-01 22:00:00-03:00,23.0,0.0
2025-12-01 23:00:00-03:00,23.25,0.0
2025-12-02 00:00:00-03:00,23.0,0.0
2025-12-02 01:00:00-03:00,22.75,0.0
2025-12-02 02:00:00-03:00,23.0,0.0
2025-12-02 03:00:00-03:00,22.5,0.0
2025-12-02 04:00:00-03:00,22.25,0.0
2025-12-02 05:00:00-03:00,22.0,0.0
2025-12-02 06:00:00-03:00,22.25,6.4
2025-12-02 07:00:00-03:00,22.25,0.0
2025-12-02 08:00:00-03:00,22.0,0.0
2025-12-02 09:00:00-03:00,22.0,0.0
2025-12-02 10:00:00-03:00,22.25,0.0
2025-12-02 11:00:00-03:00,22.25,0.0
2025-12-02 12:00:00-03:00,22.25,0.0
2025-12-02 13:00:00-03:00,22.25,0.0
2025-12-02 14:00:00-03:00,23.75,0.2
2025-12-02 15:00:00-03:00,28.5,0.8
2025-12-02 16:00:00-03:00,25.75,0.0
2025-12-02 17:00:00-03:00,24.5,0.0
2025-12-02 18:00:00-03:00,23.75,0.0
2025-12-02 19:00:00-03:00,23.0,0.0
2025-12-02 20:00:00-03:00,23.5,0.2
2025-12-02 21:00:00-03:00,23.5,0.2
2025-12-02 22:00:00-03:00,23.0,0.0
2025-12-02 23:00:00-03:00,23.0,0.0
2025-12-03 00:00:00-03:00,22.25,0.0
2025-12-03 01:00:00-03:00,22.0,0.0
2025-12-03 02:00:00-03:00,22.0,0.0
2025-12-03 03:00:00-03:00,22.0,0.0
2025-12-03 04:00:00-03:00,22.0,0.0
2025-12-03 05:00:00-03:00,22.0,0.0
2025-12-03 06:00:00-03:00,22.0,0.0
2025-12-03 07:00:00-03:00,22.0,0.0
2025-12-03 08:00:00-03:00,22.25,0.0
2025-12-03 09:00:00-03:00,22.0,0.0
2025-12-03 10:00:00-03:00,22.0,0.0
2025-12-03 11:00:00-03:00,23.0,0.2
2025-12-03 12:00:00-03:00,23.25,0.0
2025-12-03 13:00:00-03:00,23.0,0.0
2025-12-03 14:00:00-03:00,23.25,0.0
2025-12-03 15:00:00-03:00,23.0,0.0
2025-12-03 16:00:00-03:00,23.25,0.0
2025-12-03 17:00:00-03:00,23.25,0.0
2025-12-03 18:00:00-03:00,23.25,0.0
2025-12-03 19:00:00-03:00,23.75,0.0
2025-12-03 20:00:00-03:00,24.75,4.0
2025-12-03 21:00:00-03:00,27.5,1.0
2025-12-03 22:00:00-03:00,27.0,0.0
2025-12-03 23:00:00-03:00,26.75,0.0
2025-12-04 00:00:00-03:00,26.75,0.0
2025-12-04 01:00:00-03:00,27.0,0.0
2025-12-04 02:00:00-03:00,27.25,0.0
2025-12-04 03:00:00-03:00,28.0,0.0
2025-12-04 04:00:00-03:00,28.0,0.0
2025-12-04 05:00:00-03:00,28.75,0.0
2025-12-04 06:00:00-03:00,29.0,0.0
2025-12-04 07:00:00-03:00,29.0,0.0
2025-12-04 08:00:00-03:00,30.0,0.0
2025-12-04 09:00:00-03:00,30.25,0.0
2025-12-04 10:00:00-03:00,30.75,0.0
2025-12-04 11:00:00-03:00,31.0,0.0
2025-12-04 12:00:00-03:00,31.5,0.0
2025-12-04 13:00:00-03:00,32.0,0.0
2025-12-04 14:00:00-03:00,32.0,0.0
2025-12-04 15:00:00-03:00,32.0,0.0
2025-12-04 16:00:00-03:00,32.0,0.0
2025-12-04 17:00:00-03:00,32.0,0.0
2025-12-04 18:00:00-03:00,32.0,0.0
2025-12-04 19:00:00-03:00,32.0,0.0
2025-12-04 20:00:00-03:00,32.0,0.0
2025-12-04 21:00:00-03:00,33.0,0.0
2025-12-04 22:00:00-03:00,33.0,0.0
2025-12-04 23:00:00-03:00,33.75,0.0
2025-12-05 00:00:00-03:00,33.75,0.0
2025-12-05 01:00:00-03:00,34.0,0.0
2025-12-05 02:00:00-03:00,34.75,0.0
2025-12-05 03:00:00-03:00,35.0,0.0
2025-12-05 04:00:00-03:00,35.25,0.0
2025-12-05 05:00:00-03:00,35.25,0.0
2025-12-05 06:00:00-03:00,36.0,0.0
2025-12-05 07:00:00-03:00,36.0,0.0
2025-12-05 08:00:00-03:00,36.0,0.0
2025-12-05 09:00:00-03:00,37.0,0.0
2025-12-05 10:00:00-03:00,37.0,0.0
2025-12-05 11:00:00-03:00,37.0,0.0
2025-12-05 12:00:00-03:00,38.0,0.0
2025-12-05 13:00:00-03:00,38.0,0.0
2025-12-05 14:00:00-03:00,39.0,0.0
2025-12-05 15:00:00-03:00,39.0,0.0
2025-12-05 16:00:00-03:00,39.0,0.0
2025-12-05 17:00:00-03:00,39.0,0.0
2025-12-05 18:00:00-03:00,39.0,0.0
2025-12-05 19:00:00-03:00,38.25,0.0
2025-12-05 20:00:00-03:00,38.0,0.0
2025-12-05 21:00:00-03:00,38.0,0.0
2025-12-05 22:00:00-03:00,37.75,0.0
2025-12-05 23:00:00-03:00,37.0,0.0
2025-12-06 00:00:00-03:00,37.0,0.0
2025-12-06 01:00:00-03:00,36.25,0.0
2025-12-06 02:00:00-03:00,36.0,0.0
2025-12-06 03:00:00-03:00,35.5,0.0
2025-12-06 04:00:00-03:00,35.25,0.0
2025-12-06 05:00:00-03:00,35.0,0.0
2025-12-06 06:00:00-03:00,34.25,0.0
2025-12-06 07:00:00-03:00,34.0,0.0
2025-12-06 08:00:00-03:00,34.0,0.0
2025-12-06 09:00:00-03:00,33.5,0.0
2025-12-06 10:00:00-03:00,33.0,0.0
2025-12-06 11:00:00-03:00,33.5,0.0
2025-12-06 12:00:00-03:00,33.0,0.0
2025-12-06 13:00:00-03:00,33.0,0.0
2025-12-06 14:00:00-03:00,33.0,0.0
2025-12-06 15:00:00-03:00,32.5,0.0
2025-12-06 16:00:00-03:00,32.0,0.0
2025-12-06 17:00:00-03:00,32.0,0.0
2025-12-06 18:00:00-03:00,31.0,0.0
2025-12-06 19:00:00-03:00,30.5,0.0
2025-12-06 20:00:00-03:00,30.25,0.0
2025-12-06 21:00:00-03:00,30.0,0.0
2025-12-06 22:00:00-03:00,29.0,0.0
2025-12-06 23:00:00-03:00,29.0,0.0
2025-12-07 00:00:00-03:00,28.25,0.0
2025-12-07 01:00:00-03:00,28.0,0.0
2025-12-07 02:00:00-03:00,27.75,0.0
2025-12-07 03:00:00-03:00,27.25,0.0
2025-12-07 04:00:00-03:00,27.0,0.0
2025-12-07 05:00:00-03:00,26.75,0.0
2025-12-07 06:00:00-03:00,26.25,0.0
2025-12-07 07:00:00-03:00,26.0,0.0
2025-12-07 08:00:00-03:00,25.5,0.0
2025-12-07 09:00:00-03:00,25.75,0.0
2025-12-07 10:00:00-03:00,25.25,0.0
2025-12-07 11:00:00-03:00,26.0,0.0
2025-12-07 12:00:00-03:00,25.75,0.0
2025-12-07 13:00:00-03:00,26.0,0.0
2025-12-07 14:00:00-03:00,26.0,0.0
2025-12-07 15:00:00-03:00,25.5,0.0
2025-12-07 16:00:00-03:00,25.0,0.0
2025-12-07 17:00:00-03:00,24.75,0.0
2025-12-07 18:00:00-03:00,24.25,0.0
2025-12-07 19:00:00-03:00,24.0,0.0
2025-12-07 20:00:00-03:00,24.0,0.0
2025-12-07 21:00:00-03:00,24.0,0.0
2025-12-07 22:00:00-03:00,24.0,0.0
2025-12-07 23:00:00-03:00,23.0,0.0
2025-12-08 00:00:00-03:00,23.75,0.0
2025-12-08 01:00:00-03:00,24.0,0.0
2025-12-08 02:00:00-03:00,23.25,0.0
2025-12-08 03:00:00-03:00,23.0,0.0
2025-12-08 04:00:00-03:00,22.75,0.0
2025-12-08 05:00:00-03:00,22.25,0.0
2025-12-08 06:00:00-03:00,22.25,0.0
2025-12-08 07:00:00-03:00,22.0,0.0
2025-12-08 08:00:00-03:00,22.25,0.0
2025-12-08 09:00:00-03:00,22.0,0.0
2025-12-08 10:00:00-03:00,22.0,0.0
2025-12-08 11:00:00-03:00,22.25,0.0
2025-12-08 12:00:00-03:00,22.75,0.0
2025-12-08 13:00:00-03:00,22.75,0.0
2025-12-08 14:00:00-03:00,22.75,0.0
2025-12-08 15:00:00-03:00,23.0,0.0
2025-12-08 16:00:00-03:00,23.0,0.0
2025-12-08 17:00:00-03:00,22.75,0.0
2025-12-08 18:00:00-03:00,22.5,0.0
2025-12-08 19:00:00-03:00,22.0,0.0
2025-12-08 20:00:00-03:00,22.0,0.0
2025-12-08 21:00:00-03:00,22.0,0.0
2025-12-08 22:00:00-03:00,22.0,0.0
2025-12-08 23:00:00-03:00,22.0,0.0
2025-12-09 00:00:00-03:00,22.0,0.0
2025-12-09 01:00:00-03:00,21.75,0.2
2025-12-09 02:00:00-03:00,23.0,3.4
2025-12-09 03:00:00-03:00,23.25,0.4
2025-12-09 04:00:00-03:00,23.0,11.0
2025-12-09 05:00:00-03:00,23.0,0.0
2025-12-09 06:00:00-03:00,23.75,0.0
2025-12-09 07:00:00-03:00,24.25,0.2
2025-12-09 08:00:00-03:00,27.5,0.6
2025-12-09 09:00:00-03:00,27.0,0.2
2025-12-09 10:00:00-03:00,26.5,0.6
2025-12-09 11:00:00-03:00,26.25,4.4
2025-12-09 12:00:00-03:00,27.0,5.0
2025-12-09 13:00:00-03:00,26.75,4.2
2025-12-09 14:00:00-03:00,27.0,3.8
2025-12-09 15:00:00-03:00,29.0,0.0
2025-12-09 16:00:00-03:00,29.0,3.2
2025-12-09 17:00:00-03:00,31.0,8.0
2025-12-09 18:00:00-03:00,31.0,0.6
2025-12-09 19:00:00-03:00,31.0,0.2
2025-12-09 20:00:00-03:00,31.0,12.8
2025-12-09 21:00:00-03:00,31.0,3.6
2025-12-09 22:00:00-03:00,31.0,0.0
2025-12-09 23:00:00-03:00,30.75,1.0
2025-12-10 00:00:00-03:00,31.0,0.2
2025-12-10 01:00:00-03:00,31.25,2.2
2025-12-10 02:00:00-03:00,33.75,2.2
2025-12-10 03:00:00-03:00,33.25,1.8
2025-12-10 04:00:00-03:00,34.0,2.8
2025-12-10 05:00:00-03:00,34.0,1.4
2025-12-10 06:00:00-03:00,34.75,0.0
2025-12-10 07:00:00-03:00,35.0,0.0
2025-12-10 08:00:00-03:00,35.5,0.0
2025-12-10 09:00:00-03:00,36.25,0.0
2025-12-10 10:00:00-03:00,40.5,18.0
2025-12-10 11:00:00-03:00,45.0,2.0
2025-12-10 12:00:00-03:00,44.0,0.0
2025-12-10 13:00:00-03:00,44.25,0.0
2025-12-10 14:00:00-03:00,45.5,0.0
2025-12-10 15:00:00-03:00,47.0,0.0
2025-12-10 16:00:00-03:00,49.0,0.0
2025-12-10 17:00:00-03:00,51.75,0.0
2025-12-10 18:00:00-03:00,55.25,0.0
2025-12-10 19:00:00-03:00,58.5,0.0
2025-12-10 20:00:00-03:00,63.5,0.0
2025-12-10 21:00:00-03:00,68.0,0.0
2025-12-10 22:00:00-03:00,73.25,0.0
2025-12-10 23:00:00-03:00,78.25,0.0
2025-12-11 00:00:00-03:00,83.0,0.0
2025-12-11 01:00:00-03:00,87.5,0.0
2025-12-11 02:00:00-03:00,92.0,0.0
2025-12-11 03:00:00-03:00,96.5,0.0
2025-12-11 04:00:00-03:00,101.5,0.0
2025-12-11 05:00:00-03:00,105.75,0.0
2025-12-11 06:00:00-03:00,111.25,0.0
2025-12-11 07:00:00-03:00,116.25,0.0
2025-12-11 08:00:00-03:00,121.5,0.0
2025-12-11 09:00:00-03:00,126.5,0.0
2025-12-11 10:00:00-03:00,131.0,0.0
2025-12-11 11:00:00-03:00,135.25,0.0
2025-12-11 12:00:00-03:00,139.5,0.0
2025-12-11 13:00:00-03:00,142.75,0.0
2025-12-11 14:00:00-03:00,146.0,0.0
2025-12-11 15:00:00-03:00,148.5,0.0
2025-12-11 16:00:00-03:00,151.0,0.0
2025-12-11 17:00:00-03:00,153.0,0.0
2025-12-11 18:00:00-03:00,154.75,0.0
2025-12-11 19:00:00-03:00,156.25,0.0
2025-12-11 20:00:00-03:00,156.75,0.0
2025-12-11 21:00:00-03:00,157.75,0.0
2025-12-11 22:00:00-03:00,157.75,0.0
2025-12-11 23:00:00-03:00,158.0,0.0
2025-12-12 00:00:00-03:00,157.0,0.0
2025-12-12 01:00:00-03:00,156.5,0.0
2025-12-12 02:00:00-03:00,155.25,0.0
2025-12-12 03:00:00-03:00,154.0,0.0
2025-12-12 04:00:00-03:00,152.0,0.0
2025-12-12 05:00:00-03:00,149.75,0.0
2025-12-12 06:00:00-03:00,147.5,0.0
2025-12-12 07:00:00-03:00,144.75,0.0
2025-12-12 08:00:00-03:00,142.0,0.0
2025-12-12 09:00:00-03:00,139.0,0.0
2025-12-12 10:00:00-03:00,136.0,0.0
2025-12-12 11:00:00-03:00,133.25,0.0
2025-12-12 12:00:00-03:00,130.75,0.0
2025-12-12 13:00:00-03:00,127.5,0.0
2025-12-12 14:00:00-03:00,124.5,0.0
2025-12-12 15:00:00-03:00,121.5,0.0
2025-12-12 16:00:00-03:00,118.25,0.0
2025-12-12 17:00:00-03:00,115.5,0.0
2025-12-12 18:00:00-03:00,112.25,0.0
2025-12-12 19:00:00-03:00,109.0,0.0
2025-12-12 20:00:00-03:00,106.5,0.0
2025-12-12 21:00:00-03:00,103.75,0.0
2025-12-12 22:00:00-03:00,101.5,0.0
2025-12-12 23:00:00-03:00,98.75,0.4
2025-12-13 00:00:00-03:00,99.25,4.2
2025-12-13 01:00:00-03:00,99.25,2.0
2025-12-13 02:00:00-03:00,95.75,0.0
2025-12-13 03:00:00-03:00,93.0,0.0
2025-12-13 04:00:00-03:00,91.0,0.0
2025-12-13 05:00:00-03:00,89.25,0.0
2025-12-13 06:00:00-03:00,88.0,2.0
2025-12-13 07:00:00-03:00,86.75,2.0
2025-12-13 08:00:00-03:00,85.25,0.8
2025-12-13 09:00:00-03:00,87.0,3.2
2025-12-13 10:00:00-03:00,88.5,7.0
2025-12-13 11:00:00-03:00,87.25,1.4
2025-12-13 12:00:00-03:00,85.5,0.0
2025-12-13 13:00:00-03:00,85.0,0.0
2025-12-13 14:00:00-03:00,84.25,0.0
2025-12-13 15:00:00-03:00,83.75,0.0
2025-12-13 16:00:00-03:00,83.0,0.0
2025-12-13 17:00:00-03:00,82.5,0.0
2025-12-13 18:00:00-03:00,82.0,0.0
2025-12-13 19:00:00-03:00,82.0,0.4
2025-12-13 20:00:00-03:00,82.0,0.0
2025-12-13 21:00:00-03:00,89.75,7.6
2025-12-13 22:00:00-03:00,92.25,2.6
2025-12-13 23:00:00-03:00,89.0,0.2
2025-12-14 00:00:00-03:00,88.0,0.0
2025-12-14 01:00:00-03:00,87.5,0.0
2025-12-14 02:00:00-03:00,87.75,0.2
2025-12-14 03:00:00-03:00,88.5,0.0
2025-12-14 04:00:00-03:00,89.5,0.0
2025-12-14 05:00:00-03:00,91.0,0.2
2025-12-14 06:00:00-03:00,93.0,0.4
2025-12-14 07:00:00-03:00,96.25,0.0
2025-12-14 08:00:00-03:00,98.75,0.0
2025-12-14 09:00:00-03:00,102.25,0.0
2025-12-14 10:00:00-03:00,106.0,0.0
2025-12-14 11:00:00-03:00,109.0,0.0
2025-12-14 12:00:00-03:00,112.25,0.0
2025-12-14 13:00:00-03:00,115.5,0.0
2025-12-14 14:00:00-03:00,119.25,0.0
2025-12-14 15:00:00-03:00,122.25,0.4
2025-12-14 16:00:00-03:00,125.75,0.6
2025-12-14 17:00:00-03:00,129.0,0.0
2025-12-14 18:00:00-03:00,131.75,0.0
2025-12-14 19:00:00-03:00,134.5,0.0
2025-12-14 20:00:00-03:00,136.5,0.0
2025-12-14 21:00:00-03:00,138.75,0.0
2025-12-14 22:00:00-03:00,140.5,0.0
2025-12-14 23:00:00-03:00,141.75,0.0
2025-12-15 00:00:00-03:00,142.75,0.0
2025-12-15 01:00:00-03:00,143.75,0.0
2025-12-15 02:00:00-03:00,144.25,0.0
2025-12-15 03:00:00-03:00,144.5,0.0
2025-12-15 04:00:00-03:00,144.25,0.0
2025-12-15 05:00:00-03:00,144.0,0.0
2025-12-15 06:00:00-03:00,144.0,0.0
2025-12-15 07:00:00-03:00,143.0,0.0
2025-12-15 08:00:00-03:00,142.25,0.0
2025-12-15 09:00:00-03:00,141.5,0.0
2025-12-15 10:00:00-03:00,140.75,0.0
2025-12-15 11:00:00-03:00,139.75,0.0
2025-12-15 12:00:00-03:00,138.5,0.0
2025-12-15 13:00:00-03:00,137.0,0.0
2025-12-15 14:00:00-03:00,137.75,0.0
2025-12-15 15:00:00-03:00,135.5,0.0
2025-12-15 16:00:00-03:00,133.5,0.0
2025-12-15 17:00:00-03:00,132.0,0.0
2025-12-15 18:00:00-03:00,130.0,0.0
2025-12-15 19:00:00-03:00,128.5,0.0
2025-12-15 20:00:00-03:00,126.5,0.0
2025-12-15 21:00:00-03:00,125.5,0.0
2025-12-15 22:00:00-03:00,123.0,0.0
2025-12-15 23:00:00-03:00,121.5,0.0
2025-12-16 00:00:00-03:00,119.5,0.0
2025-12-16 01:00:00-03:00,118.0,0.0
2025-12-16 02:00:00-03:00,116.5,0.0
2025-12-16 03:00:00-03:00,114.5,0.0
2025-12-16 04:00:00-03:00,113.0,0.0
2025-12-16 05:00:00-03:00,111.25,0.0
2025-12-16 06:00:00-03:00,109.5,0.0
2025-12-16 07:00:00-03:00,107.75,0.0
2025-12-16 08:00:00-03:00,106.5,0.0
2025-12-16 09:00:00-03:00,105.5,0.0
2025-12-16 10:00:00-03:00,104.75,0.0
2025-12-16 11:00:00-03:00,103.75,0.0
2025-12-16 12:00:00-03:00,102.75,0.0
2025-12-16 13:00:00-03:00,102.0,0.0
2025-12-16 14:00:00-03:00,101.0,0.0
2025-12-16 15:00:00-03:00,100.25,0.0
2025-12-16 16:00:00-03:00,100.25,0.0
2025-12-16 17:00:00-03:00,99.5,0.0
2025-12-16 18:00:00-03:00,99.0,0.0
2025-12-16 19:00:00-03:00,98.25,0.0
2025-12-16 20:00:00-03:00,98.0,0.0
2025-12-16 21:00:00-03:00,97.0,0.2
2025-12-16 22:00:00-03:00,96.75,9.4
2025-12-16 23:00:00-03:00,96.0,0.6
2025-12-17 00:00:00-03:00,95.5,3.0
2025-12-17 01:00:00-03:00,95.0,0.0
2025-12-17 02:00:00-03:00,94.25,0.0
2025-12-17 03:00:00-03:00,94.0,0.0
2025-12-17 04:00:00-03:00,93.5,0.0
2025-12-17 05:00:00-03:00,93.0,0.8
2025-12-17 06:00:00-03:00,92.5,0.0
2025-12-17 07:00:00-03:00,92.0,0.0
2025-12-17 08:00:00-03:00,91.0,0.0
2025-12-17 09:00:00-03:00,91.0,0.0
2025-12-17 10:00:00-03:00,90.5,0.0
2025-12-17 11:00:00-03:00,90.0,0.0
2025-12-17 12:00:00-03:00,90.0,0.0
2025-12-17 13:00:00-03:00,90.0,0.0
2025-12-17 14:00:00-03:00,89.0,0.0
2025-12-17 15:00:00-03:00,89.0,0.0
2025-12-17 16:00:00-03:00,88.25,0.2
2025-12-17 17:00:00-03:00,88.0,0.0
2025-12-17 18:00:00-03:00,87.25,0.0
2025-12-17 19:00:00-03:00,86.75,0.0
2025-12-17 20:00:00-03:00,86.25,0.0
2025-12-17 21:00:00-03:00,86.0,0.0
2025-12-17 22:00:00-03:00,85.25,0.0
2025-12-17 23:00:00-03:00,85.0,0.0
2025-12-18 00:00:00-03:00,84.25,0.0
2025-12-18 01:00:00-03:00,84.0,0.0
2025-12-18 02:00:00-03:00,84.0,0.0
2025-12-18 03:00:00-03:00,84.0,0.2
2025-12-18 04:00:00-03:00,83.25,0.0
2025-12-18 05:00:00-03:00,83.25,0.0
2025-12-18 06:00:00-03:00,83.0,0.0
2025-12-18 07:00:00-03:00,83.0,0.0
2025-12-18 08:00:00-03:00,83.0,0.0
2025-12-18 09:00:00-03:00,83.0,0.0
2025-12-18 10:00:00-03:00,83.5,0.0
2025-12-18 11:00:00-03:00,83.5,0.0
2025-12-18 12:00:00-03:00,84.0,0.0
2025-12-18 13:00:00-03:00,84.0,0.0
2025-12-18 14:00:00-03:00,84.5,0.2
2025-12-18 15:00:00-03:00,85.0,0.0
2025-12-18 16:00:00-03:00,85.75,0.0
2025-12-18 17:00:00-03:00,86.5,0.0
2025-12-18 18:00:00-03:00,87.5,0.0
2025-12-18 19:00:00-03:00,88.5,0.0
2025-12-18 20:00:00-03:00,89.75,0.0
2025-12-18 21:00:00-03:00,91.25,0.0
2025-12-18 22:00:00-03:00,92.25,0.0
2025-12-18 23:00:00-03:00,93.25,0.2
2025-12-19 00:00:00-03:00,94.25,0.6
2025-12-19 01:00:00-03:00,95.0,0.0
2025-12-19 02:00:00-03:00,95.5,0.0
2025-12-19 03:00:00-03:00,96.0,0.0
2025-12-19 04:00:00-03:00,96.25,0.0
2025-12-19 05:00:00-03:00,96.75,0.0
2025-12-19 06:00:00-03:00,96.0,0.2
2025-12-19 07:00:00-03:00,96.25,0.8
2025-12-19 08:00:00-03:00,95.5,0.2
2025-12-19 09:00:00-03:00,94.75,1.4
2025-12-19 10:00:00-03:00,95.75,0.4
2025-12-19 11:00:00-03:00,95.75,0.2
2025-12-19 12:00:00-03:00,95.0,0.2
2025-12-19 13:00:00-03:00,93.25,0.0
2025-12-19 14:00:00-03:00,92.0,0.0
2025-12-19 15:00:00-03:00,91.0,0.0
2025-12-19 16:00:00-03:00,90.25,0.0
2025-12-19 17:00:00-03:00,89.25,0.8
2025-12-19 18:00:00-03:00,88.25,0.2
2025-12-19 19:00:00-03:00,87.5,1.0
2025-12-19 20:00:00-03:00,87.0,5.6
2025-12-19 21:00:00-03:00,86.25,0.6
2025-12-19 22:00:00-03:00,85.5,0.0
2025-12-19 23:00:00-03:00,84.75,0.0
2025-12-20 00:00:00-03:00,84.0,0.0
2025-12-20 01:00:00-03:00,83.75,0.0
2025-12-20 02:00:00-03:00,83.0,0.0
2025-12-20 03:00:00-03:00,82.25,0.2
2025-12-20 04:00:00-03:00,82.0,0.0
2025-12-20 05:00:00-03:00,82.0,0.0
2025-12-20 06:00:00-03:00,82.0,0.0
2025-12-20 07:00:00-03:00,81.0,0.2
2025-12-20 08:00:00-03:00,81.0,0.0
2025-12-20 09:00:00-03:00,81.0,0.0
2025-12-20 10:00:00-03:00,81.0,0.0
2025-12-20 11:00:00-03:00,81.0,0.0
2025-12-20 12:00:00-03:00,81.0,0.0
2025-12-20 13:00:00-03:00,81.0,0.0
2025-12-20 14:00:00-03:00,81.0,0.0
2025-12-20 15:00:00-03:00,81.0,0.0
2025-12-20 16:00:00-03:00,81.0,0.0
2025-12-20 17:00:00-03:00,81.0,0.0
2025-12-20 18:00:00-03:00,80.75,0.0
2025-12-20 19:00:00-03:00,80.5,0.0
2025-12-20 20:00:00-03:00,80.0,0.0
2025-12-20 21:00:00-03:00,80.0,0.0
2025-12-20 22:00:00-03:00,80.0,0.0
2025-12-20 23:00:00-03:00,80.0,0.0
2025-12-21 00:00:00-03:00,80.0,0.0
2025-12-21 01:00:00-03:00,80.0,0.0
2025-12-21 02:00:00-03:00,80.0,0.0
2025-12-21 03:00:00-03:00,80.0,0.0
2025-12-21 04:00:00-03:00,80.0,0.0
2025-12-21 05:00:00-03:00,80.0,0.0
2025-12-21 06:00:00-03:00,80.0,0.0
2025-12-21 07:00:00-03:00,80.0,0.0
2025-12-21 08:00:00-03:00,80.25,0.0
2025-12-21 09:00:00-03:00,81.0,0.0
2025-12-21 10:00:00-03:00,81.0,0.0
2025-12-21 11:00:00-03:00,81.5,0.0
2025-12-21 12:00:00-03:00,82.0,0.0
2025-12-21 13:00:00-03:00,82.25,0.0
2025-12-21 14:00:00-03:00,82.75,0.0
2025-12-21 15:00:00-03:00,82.5,0.0
2025-12-21 16:00:00-03:00,82.5,0.0
2025-12-21 17:00:00-03:00,82.75,0.0
2025-12-21 18:00:00-03:00,82.25,0.0
2025-12-21 19:00:00-03:00,82.0,0.0
2025-12-21 20:00:00-03:00,81.25,0.0
2025-12-21 21:00:00-03:00,81.0,0.0
2025-12-21 22:00:00-03:00,80.25,0.0
2025-12-21 23:00:00-03:00,80.0,0.0
2025-12-22 00:00:00-03:00,79.5,0.0
2025-12-22 01:00:00-03:00,78.75,0.0
2025-12-22 02:00:00-03:00,78.0,0.0
2025-12-22 03:00:00-03:00,77.75,0.0
2025-12-22 04:00:00-03:00,77.0,0.0
2025-12-22 05:00:00-03:00,76.25,0.0
2025-12-22 06:00:00-03:00,76.0,0.0
2025-12-22 07:00:00-03:00,75.0,0.0
2025-12-22 08:00:00-03:00,75.0,0.0
2025-12-22 09:00:00-03:00,74.5,0.0
2025-12-22 10:00:00-03:00,74.0,0.0
2025-12-22 11:00:00-03:00,73.75,0.0
2025-12-22 12:00:00-03:00,73.25,0.0
2025-12-22 13:00:00-03:00,72.75,0.0
2025-12-22 14:00:00-03:00,72.75,0.0
2025-12-22 15:00:00-03:00,72.0,0.0
2025-12-22 16:00:00-03:00,72.0,0.0
2025-12-22 17:00:00-03:00,71.0,0.0
2025-12-22 18:00:00-03:00,70.25,0.0
2025-12-22 19:00:00-03:00,69.5,0.0
2025-12-22 20:00:00-03:00,68.75,0.0
2025-12-22 21:00:00-03:00,68.0,0.0
2025-12-22 22:00:00-03:00,67.25,0.0
2025-12-22 23:00:00-03:00,66.75,0.0
2025-12-23 00:00:00-03:00,66.0,0.0
2025-12-23 01:00:00-03:00,66.0,0.0
2025-12-23 02:00:00-03:00,65.0,0.0
2025-12-23 03:00:00-03:00,64.75,0.0
2025-12-23 04:00:00-03:00,64.25,0.0
2025-12-23 05:00:00-03:00,64.0,0.0
2025-12-23 06:00:00-03:00,63.5,0.0
2025-12-23 07:00:00-03:00,63.0,0.0
2025-12-23 08:00:00-03:00,63.0,0.0
2025-12-23 09:00:00-03:00,62.5,0.0
2025-12-23 10:00:00-03:00,62.5,0.0
2025-12-23 11:00:00-03:00,62.0,0.0
2025-12-23 12:00:00-03:00,62.0,0.0
2025-12-23 13:00:00-03:00,62.0,0.0
2025-12-23 14:00:00-03:00,61.5,0.0
2025-12-23 15:00:00-03:00,61.25,0.0
2025-12-23 16:00:00-03:00,60.75,0.0
2025-12-23 17:00:00-03:00,60.25,0.0
2025-12-23 18:00:00-03:00,59.75,0.0
2025-12-23 19:00:00-03:00,58.75,0.0
2025-12-23 20:00:00-03:00,58.0,0.0
2025-12-23 21:00:00-03:00,58.0,0.0
2025-12-23 22:00:00-03:00,57.5,0.0
2025-12-23 23:00:00-03:00,56.75,0.0
2025-12-24 00:00:00-03:00,56.5,0.0
2025-12-24 01:00:00-03:00,56.0,0.0
2025-12-24 02:00:00-03:00,55.75,0.0
2025-12-24 03:00:00-03:00,55.5,0.0
2025-12-24 04:00:00-03:00,55.0,0.0
2025-12-24 05:00:00-03:00,55.0,0.0
2025-12-24 06:00:00-03:00,55.0,0.0
2025-12-24 07:00:00-03:00,55.0,0.0
2025-12-24 08:00:00-03:00,55.0,0.0
2025-12-24 09:00:00-03:00,55.0,0.0
2025-12-24 10:00:00-03:00,55.0,0.0
2025-12-24 11:00:00-03:00,55.0,0.0
2025-12-24 12:00:00-03:00,55.210050251256284,0.0
2025-12-24 13:00:00-03:00,55.42010050251256,0.0
2025-12-24 14:00:00-03:00,55.630150753768845,0.0
2025-12-24 15:00:00-03:00,,0.0
2025-12-24 16:00:00-03:00,,0.0
2025-12-24 17:00:00-03:00,,0.0
2025-12-24 18:00:00-03:00,,2.0
2025-12-24 19:00:00-03:00,,0.0
2025-12-24 20:00:00-03:00,,0.0
2025-12-24 21:00:00-03:00,,0.0
2025-12-24 22:00:00-03:00,,0.0
2025-12-24 23:00:00-03:00,,0.0
2025-12-25 00:00:00-03:00,,0.0
2025-12-25 01:00:00-03:00,,0.0
2025-12-25 02:00:00-03:00,,0.0
2025-12-25 03:00:00-03:00,,0.0
2025-12-25 04:00:00-03:00,,0.0
2025-12-25 05:00:00-03:00,,0.0
2025-12-25 06:00:00-03:00,,0.0
2025-12-25 07:00:00-03:00,,0.2
2025-12-25 08:00:00-03:00,,0.0
2025-12-25 09:00:00-03:00,,0.0
2025-12-25 10:00:00-03:00,,0.0
2025-12-25 11:00:00-03:00,,0.0
2025-12-25 12:00:00-03:00,,0.0
2025-12-25 13:00:00-03:00,,0.0
2025-12-25 14:00:00-03:00,,0.0
2025-12-25 15:00:00-03:00,,0.0
2025-12-25 16:00:00-03:00,,0.6
2025-12-25 17:00:00-03:00,,0.2
2025-12-25 18:00:00-03:00,,0.0
2025-12-25 19:00:00-03:00,,0.0
2025-12-25 20:00:00-03:00,,0.0
2025-12-25 21:00:00-03:00,,0.0
2025-12-25 22:00:00-03:00,,0.0
2025-12-25 23:00:00-03:00,,0.0
2025-12-26 00:00:00-03:00,,0.2
2025-12-26 01:00:00-03:00,,0.0
2025-12-26 02:00:00-03:00,,0.0
2025-12-26 03:00:00-03:00,,0.0
2025-12-26 04:00:00-03:00,,0.0
2025-12-26 05:00:00-03:00,,0.0
2025-12-26 06:00:00-03:00,,0.0
2025-12-26 07:00:00-03:00,,0.0
2025-12-26 08:00:00-03:00,,0.0
2025-12-26 09:00:00-03:00,,0.0
2025-12-26 10:00:00-03:00,,0.0
2025-12-26 11:00:00-03:00,,0.2
2025-12-26 12:00:00-03:00,,0.0
2025-12-26 13:00:00-03:00,,0.0
2025-12-26 14:00:00-03:00,,0.0
2025-12-26 15:00:00-03:00,,0.0
2025-12-26 16:00:00-03:00,,0.0
2025-12-26 17:00:00-03:00,,0.0
2025-12-26 18:00:00-03:00,,0.0
2025-12-26 19:00:00-03:00,,0.0
2025-12-26 20:00:00-03:00,,0.0
2025-12-26 21:00:00-03:00,,0.0
2025-12-26 22:00:00-03:00,,0.0
2025-12-26 23:00:00-03:00,,0.0
2025-12-27 00:00:00-03:00,,0.0
2025-12-27 01:00:00-03:00,,0.0
2025-12-27 02:00:00-03:00,,0.0
2025-12-27 03:00:00-03:00,,0.0
2025-12-27 04:00:00-03:00,,0.0
2025-12-27 05:00:00-03:00,,0.0
2025-12-27 06:00:00-03:00,,0.0
2025-12-27 07:00:00-03:00,,0.0
2025-12-27 08:00:00-03:00,,0.0
2025-12-27 09:00:00-03:00,,0.0
2025-12-27 10:00:00-03:00,,0.0
2025-12-27 11:00:00-03:00,,0.0
2025-12-27 12:00:00-03:00,,0.0
2025-12-27 13:00:00-03:00,,0.0
2025-12-27 14:00:00-03:00,,0.0
2025-12-27 15:00:00-03:00,,2.4
2025-12-27 16:00:00-03:00,,1.0
2025-12-27 17:00:00-03:00,,0.0
2025-12-27 18:00:00-03:00,,0.0
2025-12-27 19:00:00-03:00,,0.0
2025-12-27 20:00:00-03:00,,0.0
2025-12-27 21:00:00-03:00,,0.0
2025-12-27 22:00:00-03:00,,0.0
2025-12-27 23:00:00-03:00,,0.2
2025-12-28 00:00:00-03:00,,0.0
2025-12-28 01:00:00-03:00,,0.0
2025-12-28 02:00:00-03:00,,0.0
2025-12-28 03:00:00-03:00,,0.0
2025-12-28 04:00:00-03:00,,0.0
2025-12-28 05:00:00-03:00,,0.0
2025-12-28 06:00:00-03:00,,0.0
2025-12-28 07:00:00-03:00,,0.0
2025-12-28 08:00:00-03:00,,0.0
2025-12-28 09:00:00-03:00,,0.0
2025-12-28 10:00:00-03:00,,0.2
2025-12-28 11:00:00-03:00,,0.0
2025-12-28 12:00:00-03:00,,0.0
2025-12-28 13:00:00-03:00,,0.0
2025-12-28 14:00:00-03:00,,0.0
2025-12-28 15:00:00-03:00,,0.0
2025-12-28 16:00:00-03:00,,0.2
2025-12-28 17:00:00-03:00,,0.4
2025-12-28 18:00:00-03:00,,0.0
2025-12-28 19:00:00-03:00,,0.0
2025-12-28 20:00:00-03:00,,0.0
2025-12-28 21:00:00-03:00,,0.0
2025-12-28 22:00:00-03:00,,0.0
2025-12-28 23:00:00-03:00,,0.0
2025-12-29 00:00:00-03:00,,0.6
2025-12-29 01:00:00-03:00,,6.6
2025-12-29 02:00:00-03:00,,9.2
2025-12-29 03:00:00-03:00,,9.8
2025-12-29 04:00:00-03:00,,0.0
2025-12-29 05:00:00-03:00,,0.0
2025-12-29 06:00:00-03:00,,0.0
2025-12-29 07:00:00-03:00,,0.0
2025-12-29 08:00:00-03:00,,0.0
2025-12-29 09:00:00-03:00,,0.0
2025-12-29 10:00:00-03:00,,0.0
2025-12-29 11:00:00-03:00,,0.0
2025-12-29 12:00:00-03:00,,0.2
2025-12-29 13:00:00-03:00,,0.0
2025-12-29 14:00:00-03:00,,0.0
2025-12-29 15:00:00-03:00,,0.0
2025-12-29 16:00:00-03:00,,0.0
2025-12-29 17:00:00-03:00,,0.0
2025-12-29 18:00:00-03:00,,0.0
2025-12-29 19:00:00-03:00,,0.0
2025-12-29 20:00:00-03:00,,0.0
2025-12-29 21:00:00-03:00,,0.0
2025-12-29 22:00:00-03:00,,0.0
2025-12-29 23:00:00-03:00,,0.0
2025-12-30 00:00:00-03:00,,0.0
2025-12-30 01:00:00-03:00,,0.0
2025-12-30 02:00:00-03:00,,0.0
2025-12-30 03:00:00-03:00,,0.0
2025-12-30 04:00:00-03:00,,0.0
2025-12-30 05:00:00-03:00,,0.0
2025-12-30 06:00:00-03:00,,4.4
2025-12-30 07:00:00-03:00,,0.0
2025-12-30 08:00:00-03:00,,0.0
2025-12-30 09:00:00-03:00,,0.0
2025-12-30 10:00:00-03:00,,0.0
2025-12-30 11:00:00-03:00,,0.2
2025-12-30 12:00:00-03:00,,0.0
2025-12-30 13:00:00-03:00,,0.0
2025-12-30 14:00:00-03:00,,0.0
2025-12-30 15:00:00-03:00,,0.0
2025-12-30 16:00:00-03:00,,4.4
2025-12-30 17:00:00-03:00,,0.0
2025-12-30 18:00:00-03:00,,0.0
2025-12-30 19:00:00-03:00,,0.0
2025-12-30 20:00:00-03:00,,0.0
2025-12-30 21:00:00-03:00,,0.0
2025-12-30 22:00:00-03:00,,0.0
2025-12-30 23:00:00-03:00,,0.0
2025-12-31 00:00:00-03:00,,0.0
2025-12-31 01:00:00-03:00,,0.0
2025-12-31 02:00:00-03:00,,0.0
2025-12-31 03:00:00-03:00,,0.0
2025-12-31 04:00:00-03:00,,0.0
2025-12-31 05:00:00-03:00,,0.0
2025-12-31 06:00:00-03:00,,0.0
2025-12-31 07:00:00-03:00,,0.0
2025-12-31 08:00:00-03:00,,5.6
2025-12-31 09:00:00-03:00,,0.6
2025-12-31 10:00:00-03:00,,5.8
2025-12-31 11:00:00-03:00,,0.4
2025-12-31 12:00:00-03:00,,0.0
2025-12-31 13:00:00-03:00,,0.2
2025-12-31 14:00:00-03:00,,0.0
2025-12-31 15:00:00-03:00,,0.0
2025-12-31 16:00:00-03:00,,0.0
2025-12-31 17:00:00-03:00,,0.2
2025-12-31 18:00:00-03:00,,0.0
2025-12-31 19:00:00-03:00,,0.0
2025-12-31 20:00:00-03:00,,0.0
2025-12-31 21:00:00-03:00,,0.0
2025-12-31 22:00:00-03:00,,0.0
2025-12-31 23:00:00-03:00,,0.0
2026-01-01 00:00:00-03:00,,0.0
2026-01-01 01:00:00-03:00,,0.0
2026-01-01 02:00:00-03:00,,0.0
2026-01-01 03:00:00-03:00,,0.0
2026-01-01 04:00:00-03:00,,0.0
2026-01-01 05:00:00-03:00,,0.0
2026-01-01 06:00:00-03:00,,2.0
2026-01-01 07:00:00-03:00,,0.2
2026-01-01 08:00:00-03:00,,0.0
2026-01-01 09:00:00-03:00,,0.0
2026-01-01 10:00:00-03:00,,0.0
2026-01-01 11:00:00-03:00,,0.2
2026-01-01 12:00:00-03:00,,0.0
2026-01-01 13:00:00-03:00,,0.0
2026-01-01 14:00:00-03:00,,0.0
2026-01-01 15:00:00-03:00,,0.0
2026-01-01 16:00:00-03:00,,0.0
2026-01-01 17:00:00-03:00,,0.0
2026-01-01 18:00:00-03:00,,0.0
2026-01-01 19:00:00-03:00,,0.0
2026-01-01 20:00:00-03:00,,0.0
2026-01-01 21:00:00-03:00,,4.8
2026-01-01 22:00:00-03:00,,1.4
2026-01-01 23:00:00-03:00,,0.0
2026-01-02 00:00:00-03:00,,0.0
2026-01-02 01:00:00-03:00,,0.2
2026-01-02 02:00:00-03:00,,0.0
2026-01-02 03:00:00-03:00,,6.4
2026-01-02 04:00:00-03:00,,0.0
2026-01-02 05:00:00-03:00,,1.6
2026-01-02 06:00:00-03:00,,0.2
2026-01-02 07:00:00-03:00,,0.2
2026-01-02 08:00:00-03:00,,0.0
2026-01-02 09:00:00-03:00,,0.0
2026-01-02 10:00:00-03:00,,0.0
2026-01-02 11:00:00-03:00,,0.2
2026-01-02 12:00:00-03:00,,0.0
2026-01-02 13:00:00-03:00,,0.0
2026-01-02 14:00:00-03:00,,0.0
2026-01-02 15:00:00-03:00,,0.0
2026-01-02 16:00:00-03:00,,0.0
2026-01-02 17:00:00-03:00,,31.0
2026-01-02 18:00:00-03:00,,3.6
2026-01-02 19:00:00-03:00,,1.2
2026-01-02 20:00:00-03:00,,0.0
2026-01-02 21:00:00-03:00,,0.0
2026-01-02 22:00:00-03:00,,0.0
2026-01-02 23:00:00-03:00,,0.2
2026-01-03 00:00:00-03:00,,0.0
2026-01-03 01:00:00-03:00,,0.0
2026-01-03 02:00:00-03:00,,0.0
2026-01-03 03:00:00-03:00,,0.0
2026-01-03 04:00:00-03:00,,0.0
2026-01-03 05:00:00-03:00,,0.0
2026-01-03 06:00:00-03:00,,0.0
2026-01-03 07:00:00-03:00,,0.0
2026-01-03 08:00:00-03:00,,0.0
2026-01-03 09:00:00-03:00,,0.0
2026-01-03 10:00:00-03:00,,0.0
2026-01-03 11:00:00-03:00,,0.0
2026-01-03 12:00:00-03:00,,0.2
2026-01-03 13:00:00-03:00,,0.0
2026-01-03 14:00:00-03:00,,0.0
2026-01-03 15:00:00-03:00,,0.0
2026-01-03 16:00:00-03:00,,0.0
2026-01-03 17:00:00-03:00,,0.0
2026-01-03 18:00:00-03:00,,3.8
2026-01-03 19:00:00-03:00,,9.6
2026-01-03 20:00:00-03:00,,0.0
2026-01-03 21:00:00-03:00,,0.0
2026-01-03 22:00:00-03:00,,0.2
2026-01-03 23:00:00-03:00,,0.0
2026-01-04 00:00:00-03:00,,0.0
2026-01-04 01:00:00-03:00,,0.0
2026-01-04 02:00:00-03:00,,0.0
2026-01-04 03:00:00-03:00,,0.0
2026-01-04 04:00:00-03:00,,0.0
2026-01-04 05:00:00-03:00,,0.0
2026-01-04 06:00:00-03:00,,0.2
2026-01-04 07:00:00-03:00,,0.0
2026-01-04 08:00:00-03:00,,0.0
2026-01-04 09:00:00-03:00,,0.0
2026-01-04 10:00:00-03:00,,0.0
2026-01-04 11:00:00-03:00,,0.0
2026-01-04 12:00:00-03:00,,0.0
2026-01-04 13:00:00-03:00,,0.0
2026-01-04 14:00:00-03:00,,0.0
2026-01-04 15:00:00-03:00,,0.0
2026-01-04 16:00:00-03:00,,0.0
2026-01-04 17:00:00-03:00,,0.0
2026-01-04 18:00:00-03:00,,0.0
2026-01-04 19:00:00-03:00,,0.0
2026-01-04 20:00:00-03:00,,0.0
2026-01-04 21:00:00-03:00,,0.0
2026-01-04 22:00:00-03:00,,0.0
2026-01-04 23:00:00-03:00,,0.0
2026-01-05 00:00:00-03:00,,0.0
2026-01-05 01:00:00-03:00,,0.0
2026-01-05 02:00:00-03:00,,0.0
2026-01-05 03:00:00-03:00,,0.0
2026-01-05 04:00:00-03:00,,0.0
2026-01-05 05:00:00-03:00,,0.0
2026-01-05 06:00:00-03:00,,0.0
2026-01-05 07:00:00-03:00,,0.0
2026-01-05 08:00:00-03:00,,0.0
2026-01-05 09:00:00-03:00,,0.0
2026-01-05 10:00:00-03:00,,0.0
2026-01-05 11:00:00-03:00,,0.0
2026-01-05 12:00:00-03:00,,0.0
2026-01-05 13:00:00-03:00,,0.0
2026-01-05 14:00:00-03:00,,0.0
2026-01-05 15:00:00-03:00,,0.0
2026-01-05 16:00:00-03:00,,0.0
2026-01-05 17:00:00-03:00,,0.0
2026-01-05 18:00:00-03:00,,0.0
2026-01-05 19:00:00-03:00,,0.0
2026-01-05 20:00:00-03:00,,0.0
2026-01-05 21:00:00-03:00,,0.0
2026-01-05 22:00:00-03:00,,0.0
2026-01-05 23:00:00-03:00,,0.0
2026-01-06 00:00:00-03:00,,0.0
2026-01-06 01:00:00-03:00,,0.0
2026-01-06 02:00:00-03:00,,0.0
2026-01-06 03:00:00-03:00,,0.0
2026-01-06 04:00:00-03:00,,0.0
2026-01-06 05:00:00-03:00,,0.0
2026-01-06 06:00:00-03:00,,0.0
2026-01-06 07:00:00-03:00,,0.0
2026-01-06 08:00:00-03:00,,0.0
2026-01-06 09:00:00-03:00,,0.0
2026-01-06 10:00:00-03:00,,0.0
2026-01-06 11:00:00-03:00,,0.0
2026-01-06 12:00:00-03:00,,0.0
2026-01-06 13:00:00-03:00,,0.0
2026-01-06 14:00:00-03:00,,0.0
2026-01-06 15:00:00-03:00,,0.0
2026-01-06 16:00:00-03:00,,0.0
2026-01-06 17:00:00-03:00,,0.0
2026-01-06 18:00:00-03:00,,0.0
2026-01-06 19:00:00-03:00,,0.0
2026-01-06 20:00:00-03:00,,0.0
2026-01-06 21:00:00-03:00,,0.0
2026-01-06 22:00:00-03:00,,0.0
2026-01-06 23:00:00-03:00,,0.0
2026-01-07 00:00:00-03:00,,0.0
2026-01-07 01:00:00-03:00,,0.0
2026-01-07 02:00:00-03:00,,0.0
2026-01-07 03:00:00-03:00,,0.0
2026-01-07 04:00:00-03:00,,0.0
2026-01-07 05:00:00-03:00,,0.2
2026-01-07 06:00:00-03:00,,0.0
2026-01-07 07:00:00-03:00,,0.0
2026-01-07 08:00:00-03:00,,0.0
2026-01-07 09:00:00-03:00,,0.0
2026-01-07 10:00:00-03:00,,0.0
2026-01-07 11:00:00-03:00,,0.0
2026-01-07 12:00:00-03:00,,0.0
2026-01-07 13:00:00-03:00,,0.0
2026-01-07 14:00:00-03:00,,0.0
2026-01-07 15:00:00-03:00,,2.0
2026-01-07 16:00:00-03:00,,0.0
2026-01-07 17:00:00-03:00,,0.0
2026-01-07 18:00:00-03:00,,0.0
2026-01-07 19:00:00-03:00,,0.0
2026-01-07 20:00:00-03:00,,0.0
2026-01-07 21:00:00-03:00,,0.0
2026-01-07 22:00:00-03:00,,0.0
2026-01-07 23:00:00-03:00,,0.0
2026-01-08 00:00:00-03:00,,0.0
2026-01-08 01:00:00-03:00,,0.0
2026-01-08 02:00:00-03:00,,0.0
2026-01-08 03:00:00-03:00,,0.0
2026-01-08 04:00:00-03:00,,0.0
2026-01-08 05:00:00-03:00,,0.0
2026-01-08 06:00:00-03:00,,0.0
2026-01-08 07:00:00-03:00,,0.2
2026-01-08 08:00:00-03:00,,0.0
2026-01-08 09:00:00-03:00,,0.0
2026-01-08 10:00:00-03:00,,0.0
2026-01-08 11:00:00-03:00,,0.0
2026-01-08 12:00:00-03:00,,0.0
2026-01-08 13:00:00-03:00,,0.0
2026-01-08 14:00:00-03:00,,0.0
2026-01-08 15:00:00-03:00,,0.0
2026-01-08 16:00:00-03:00,,0.0
2026-01-08 17:00:00-03:00,,0.0
2026-01-08 18:00:00-03:00,,0.0
2026-01-08 19:00:00-03:00,,0.0
2026-01-08 20:00:00-03:00,,0.0
2026-01-08 21:00:00-03:00,,0.0
2026-01-08 22:00:00-03:00,,0.0
2026-01-08 23:00:00-03:00,,0.0
2026-01-09 00:00:00-03:00,,0.0
2026-01-09 01:00:00-03:00,,0.0
2026-01-09 02:00:00-03:00,,0.0
2026-01-09 03:00:00-03:00,,0.2
2026-01-09 04:00:00-03:00,,0.0
2026-01-09 05:00:00-03:00,,0.0
2026-01-09 06:00:00-03:00,,0.0
2026-01-09 07:00:00-03:00,,0.0
2026-01-09 08:00:00-03:00,,0.0
2026-01-09 09:00:00-03:00,,0.0
2026-01-09 10:00:00-03:00,,0.0
2026-01-09 11:00:00-03:00,,0.0
2026-01-09 12:00:00-03:00,,0.0
2026-01-09 13:00:00-03:00,,0.0
2026-01-09 14:00:00-03:00,,0.0
2026-01-09 15:00:00-03:00,,0.0
2026-01-09 16:00:00-03:00,,0.0
2026-01-09 17:00:00-03:00,,0.0
2026-01-09 18:00:00-03:00,,0.0
2026-01-09 19:00:00-03:00,,0.0
2026-01-09 20:00:00-03:00,,0.0
2026-01-09 21:00:00-03:00,,0.0
2026-01-09 22:00:00-03:00,,0.0
2026-01-09 23:00:00-03:00,,0.0
2026-01-10 00:00:00-03:00,,0.0
2026-01-10 01:00:00-03:00,,0.0
2026-01-10 02:00:00-03:00,,0.0
2026-01-10 03:00:00-03:00,,0.0
2026-01-10 04:00:00-03:00,,0.0
2026-01-10 05:00:00-03:00,,0.0
2026-01-10 06:00:00-03:00,,0.0
2026-01-10 07:00:00-03:00,,0.0
2026-01-10 08:00:00-03:00,,0.0
2026-01-10 09:00:00-03:00,,0.0
2026-01-10 10:00:00-03:00,,0.0
2026-01-10 11:00:00-03:00,,0.0
2026-01-10 12:00:00-03:00,,0.0
2026-01-10 13:00:00-03:00,,0.0
2026-01-10 14:00:00-03:00,,0.0
2026-01-10 15:00:00-03:00,,0.0
2026-01-10 16:00:00-03:00,,0.0
2026-01-10 17:00:00-03:00,,0.0
2026-01-10 18:00:00-03:00,,0.0
2026-01-10 19:00:00-03:00,,0.0
2026-01-10 20:00:00-03:00,,0.0
2026-01-10 21:00:00-03:00,,0.0
2026-01-10 22:00:00-03:00,,0.0
2026-01-10 23:00:00-03:00,,0.0
2026-01-11 00:00:00-03:00,,0.0
2026-01-11 01:00:00-03:00,,0.0
2026-01-11 02:00:00-03:00,,0.0
2026-01-11 03:00:00-03:00,,0.0
2026-01-11 04:00:00-03:00,,0.0
2026-01-11 05:00:00-03:00,,0.0
2026-01-11 06:00:00-03:00,,0.0
2026-01-11 07:00:00-03:00,,0.0
2026-01-11 08:00:00-03:00,,0.0
2026-01-11 09:00:00-03:00,,0.0
2026-01-11 10:00:00-03:00,,0.0
2026-01-11 11:00:00-03:00,,0.0
2026-01-11 12:00:00-03:00,,0.0
2026-01-11 13:00:00-03:00,,0.0
2026-01-11 14:00:00-03:00,,0.0
2026-01-11 15:00:00-03:00,,0.0
2026-01-11 16:00:00-03:00,,0.0
2026-01-11 17:00:00-03:00,,0.0
2026-01-11 18:00:00-03:00,,0.0
2026-01-11 19:00:00-03:00,,0.0
2026-01-11 20:00:00-03:00,,0.0
2026-01-11 21:00:00-03:00,,0.0
2026-01-11 22:00:00-03:00,,0.0
2026-01-11 23:00:00-03:00,,0.0
2026-01-12 00:00:00-03:00,,0.0
2026-01-12 01:00:00-03:00,,0.0
2026-01-12 02:00:00-03:00,,0.0
2026-01-12 03:00:00-03:00,,0.0
2026-01-12 04:00:00-03:00,,0.0
2026-01-12 05:00:00-03:00,,0.0
2026-01-12 06:00:00-03:00,,0.0
2026-01-12 07:00:00-03:00,,0.0
2026-01-12 08:00:00-03:00,,0.0
2026-01-12 09:00:00-03:00,,0.0
2026-01-12 10:00:00-03:00,,0.0
2026-01-12 11:00:00-03:00,,0.0
2026-01-12 12:00:00-03:00,,0.0
2026-01-12 13:00:00-03:00,,0.0
2026-01-12 14:00:00-03:00,,0.0
2026-01-12 15:00:00-03:00,,0.0
2026-01-12 16:00:00-03:00,,0.0
2026-01-12 17:00:00-03:00,,0.0
2026-01-12 18:00:00-03:00,,0.0
2026-01-12 19:00:00-03:00,,0.0
2026-01-12 20:00:00-03:00,,0.0
2026-01-12 21:00:00-03:00,,0.0
2026-01-12 22:00:00-03:00,,0.0
2026-01-12 23:00:00-03:00,,0.0
2026-01-13 00:00:00-03:00,,0.0
2026-01-13 01:00:00-03:00,,0.0
2026-01-13 02:00:00-03:00,,0.0
2026-01-13 03:00:00-03:00,,0.0
2026-01-13 04:00:00-03:00,,0.0
2026-01-13 05:00:00-03:00,,0.0
2026-01-13 06:00:00-03:00,,0.0
2026-01-13 07:00:00-03:00,,0.0
2026-01-13 08:00:00-03:00,,0.0
2026-01-13 09:00:00-03:00,,0.0
2026-01-13 10:00:00-03:00,,0.0
2026-01-13 11:00:00-03:00,,0.0
2026-01-13 12:00:00-03:00,,0.0
2026-01-13 13:00:00-03:00,,0.0
2026-01-13 14:00:00-03:00,,0.0
2026-01-13 15:00:00-03:00,,4.2
2026-01-13 16:00:00-03:00,,0.4
2026-01-13 17:00:00-03:00,,0.0
2026-01-13 18:00:00-03:00,,0.2
2026-01-13 19:00:00-03:00,,1.4
2026-01-13 20:00:00-03:00,,1.4
2026-01-13 21:00:00-03:00,,0.6
2026-01-13 22:00:00-03:00,,0.0
2026-01-13 23:00:00-03:00,,0.0
2026-01-14 00:00:00-03:00,,0.0
2026-01-14 01:00:00-03:00,,0.0
2026-01-14 02:00:00-03:00,,0.0
2026-01-14 03:00:00-03:00,,0.0
2026-01-14 04:00:00-03:00,,0.0
2026-01-14 05:00:00-03:00,,0.0
2026-01-14 06:00:00-03:00,,0.2
2026-01-14 07:00:00-03:00,,0.0
2026-01-14 08:00:00-03:00,,0.0
2026-01-14 09:00:00-03:00,,0.0
2026-01-14 10:00:00-03:00,,0.0
2026-01-14 11:00:00-03:00,,0.0
2026-01-14 12:00:00-03:00,,0.0
2026-01-14 13:00:00-03:00,,0.0
2026-01-14 14:00:00-03:00,,0.0
2026-01-14 15:00:00-03:00,,0.0
2026-01-14 16:00:00-03:00,,0.0
2026-01-14 17:00:00-03:00,,0.0
2026-01-14 18:00:00-03:00,,0.0
2026-01-14 19:00:00-03:00,,0.0
2026-01-14 20:00:00-03:00,,0.0
2026-01-14 21:00:00-03:00,,4.2
2026-01-14 22:00:00-03:00,,4.8
2026-01-14 23:00:00-03:00,,1.6
2026-01-15 00:00:00-03:00,,0.4
2026-01-15 01:00:00-03:00,,0.2
2026-01-15 02:00:00-03:00,,0.0
2026-01-15 03:00:00-03:00,,0.0
2026-01-15 04:00:00-03:00,,0.0
2026-01-15 05:00:00-03:00,,0.0
2026-01-15 06:00:00-03:00,,0.0
2026-01-15 07:00:00-03:00,,0.0
2026-01-15 08:00:00-03:00,,0.0
2026-01-15 09:00:00-03:00,,0.0
2026-01-15 10:00:00-03:00,,0.0
2026-01-15 11:00:00-03:00,,0.0
2026-01-15 12:00:00-03:00,,0.0
2026-01-15 13:00:00-03:00,,0.0
2026-01-15 14:00:00-03:00,,0.0
2026-01-15 15:00:00-03:00,,0.0
2026-01-15 16:00:00-03:00,,0.0
2026-01-15 17:00:00-03:00,,5.0
2026-01-15 18:00:00-03:00,,3.2
2026-01-15 19:00:00-03:00,,3.2
2026-01-15 20:00:00-03:00,,0.8
2026-01-15 21:00:00-03:00,,0.0
2026-01-15 22:00:00-03:00,,0.0
2026-01-15 23:00:00-03:00,,0.0
2026-01-16 00:00:00-03:00,,0.2
2026-01-16 01:00:00-03:00,,0.0
2026-01-16 02:00:00-03:00,,0.0
2026-01-16 03:00:00-03:00,,0.0
2026-01-16 04:00:00-03:00,,0.0
2026-01-16 05:00:00-03:00,,0.0
2026-01-16 06:00:00-03:00,,0.0
2026-01-16 07:00:00-03:00,,0.0
2026-01-16 08:00:00-03:00,,0.0
2026-01-16 09:00:00-03:00,,0.0
2026-01-16 10:00:00-03:00,,0.0
2026-01-16 11:00:00-03:00,,0.0
2026-01-16 12:00:00-03:00,,0.0
2026-01-16 13:00:00-03:00,,0.0
2026-01-16 14:00:00-03:00,,0.0
2026-01-16 15:00:00-03:00,,0.0
2026-01-16 16:00:00-03:00,,0.0
2026-01-16 17:00:00-03:00,,0.0
2026-01-16 18:00:00-03:00,,0.0
2026-01-16 19:00:00-03:00,,0.0
2026-01-16 20:00:00-03:00,,0.0
2026-01-16 21:00:00-03:00,,0.0
2026-01-16 22:00:00-03:00,,0.0
2026-01-16 23:00:00-03:00,,0.0
2026-01-17 00:00:00-03:00,,0.0
2026-01-17 01:00:00-03:00,,0.0
2026-01-17 02:00:00-03:00,,0.0
2026-01-17 03:00:00-03:00,,0.0
2026-01-17 04:00:00-03:00,,0.0
2026-01-17 05:00:00-03:00,,0.8
2026-01-17 06:00:00-03:00,,0.2
2026-01-17 07:00:00-03:00,,0.0
2026-01-17 08:00:00-03:00,,0.0
2026-01-17 09:00:00-03:00,,0.0
2026-01-17 10:00:00-03:00,,0.0
2026-01-17 11:00:00-03:00,,0.0
2026-01-17 12:00:00-03:00,,0.0
2026-01-17 13:00:00-03:00,,0.0
2026-01-17 14:00:00-03:00,,0.2
2026-01-17 15:00:00-03:00,,0.0
2026-01-17 16:00:00-03:00,,0.8
2026-01-17 17:00:00-03:00,,0.0
2026-01-17 18:00:00-03:00,,0.0
2026-01-17 19:00:00-03:00,,0.0
2026-01-17 20:00:00-03:00,,0.0
2026-01-17 21:00:00-03:00,,0.0
2026-01-17 22:00:00-03:00,,0.0
2026-01-17 23:00:00-03:00,,1.8
2026-01-18 00:00:00-03:00,,1.4
2026-01-18 01:00:00-03:00,,0.4
2026-01-18 02:00:00-03:00,,0.0
2026-01-18 03:00:00-03:00,,2.6
2026-01-18 04:00:00-03:00,,4.4
2026-01-18 05:00:00-03:00,,1.8
2026-01-18 06:00:00-03:00,,1.4
2026-01-18 07:00:00-03:00,,1.0
2026-01-18 08:00:00-03:00,,0.4
2026-01-18 09:00:00-03:00,,1.0
2026-01-18 10:00:00-03:00,,3.6
2026-01-18 11:00:00-03:00,,0.0
2026-01-18 12:00:00-03:00,,0.2
2026-01-18 13:00:00-03:00,,0.4
2026-01-18 14:00:00-03:00,,0.0
2026-01-18 15:00:00-03:00,,0.0
2026-01-18 16:00:00-03:00,,0.0
2026-01-18 17:00:00-03:00,,0.0
2026-01-18 18:00:00-03:00,,0.4
2026-01-18 19:00:00-03:00,,0.2
2026-01-18 20:00:00-03:00,,0.0
2026-01-18 21:00:00-03:00,,0.0
2026-01-18 22:00:00-03:00,,0.0
2026-01-18 23:00:00-03:00,,0.0
2026-01-19 00:00:00-03:00,,0.0
2026-01-19 01:00:00-03:00,,0.0
2026-01-19 02:00:00-03:00,,0.0
2026-01-19 03:00:00-03:00,,0.0
2026-01-19 04:00:00-03:00,,0.0
2026-01-19 05:00:00-03:00,,0.0
2026-01-19 06:00:00-03:00,,0.4
2026-01-19 07:00:00-03:00,,0.0
2026-01-19 08:00:00-03:00,,0.0
2026-01-19 09:00:00-03:00,,0.0
2026-01-19 10:00:00-03:00,,0.0
2026-01-19 11:00:00-03:00,,0.0
2026-01-19 12:00:00-03:00,,0.0
2026-01-19 13:00:00-03:00,,0.0
2026-01-19 14:00:00-03:00,,0.0
2026-01-19 15:00:00-03:00,,0.0
2026-01-19 16:00:00-03:00,,7.2
2026-01-19 17:00:00-03:00,,3.8
2026-01-19 18:00:00-03:00,,0.2
2026-01-19 19:00:00-03:00,,0.2
2026-01-19 20:00:00-03:00,,5.8
2026-01-19 21:00:00-03:00,,0.8
2026-01-19 22:00:00-03:00,,0.0
2026-01-19 23:00:00-03:00,,0.2
2026-01-20 00:00:00-03:00,,0.6
2026-01-20 01:00:00-03:00,,0.2
2026-01-20 02:00:00-03:00,,0.0
2026-01-20 03:00:00-03:00,,0.0
2026-01-20 04:00:00-03:00,,0.0
2026-01-20 05:00:00-03:00,,0.0
2026-01-20 06:00:00-03:00,,0.0
2026-01-20 07:00:00-03:00,,0.0
2026-01-20 08:00:00-03:00,,0.2
2026-01-20 09:00:00-03:00,,0.0
2026-01-20 10:00:00-03:00,,0.2
2026-01-20 11:00:00-03:00,,0.2
2026-01-20 12:00:00-03:00,,0.4
2026-01-20 13:00:00-03:00,,0.0
2026-01-20 14:00:00-03:00,,0.0
2026-01-20 15:00:00-03:00,,0.0
2026-01-20 16:00:00-03:00,,0.2
2026-01-20 17:00:00-03:00,,0.4
2026-01-20 18:00:00-03:00,,0.0
2026-01-20 19:00:00-03:00,,0.0
2026-01-20 20:00:00-03:00,,0.0
2026-01-20 21:00:00-03:00,,0.0
2026-01-20 22:00:00-03:00,,0.0
2026-01-20 23:00:00-03:00,,0.0
2026-01-21 00:00:00-03:00,,0.0
2026-01-21 01:00:00-03:00,,0.0
2026-01-21 02:00:00-03:00,,0.0
2026-01-21 03:00:00-03:00,,0.0
2026-01-21 04:00:00-03:00,,0.0
2026-01-21 05:00:00-03:00,,0.0
2026-01-21 06:00:00-03:00,,0.0
2026-01-21 07:00:00-03:00,,0.0
2026-01-21 08:00:00-03:00,,0.0
2026-01-21 09:00:00-03:00,,0.0
2026-01-21 10:00:00-03:00,,0.0
2026-01-21 11:00:00-03:00,,0.0
2026-01-21 12:00:00-03:00,,0.0
2026-01-21 13:00:00-03:00,,0.0
2026-01-21 14:00:00-03:00,,0.0
2026-01-21 15:00:00-03:00,,0.0
2026-01-21 16:00:00-03:00,,0.0
2026-01-21 17:00:00-03:00,,0.0
2026-01-21 18:00:00-03:00,,0.0
2026-01-21 19:00:00-03:00,,0.0
2026-01-21 20:00:00-03:00,,0.8
2026-01-21 21:00:00-03:00,,0.0
2026-01-21 22:00:00-03:00,,0.0
2026-01-21 23:00:00-03:00,,0.0
2026-01-22 00:00:00-03:00,,0.0
2026-01-22 01:00:00-03:00,,0.0
2026-01-22 02:00:00-03:00,,0.0
2026-01-22 03:00:00-03:00,,0.0
2026-01-22 04:00:00-03:00,,0.0
2026-01-22 05:00:00-03:00,,0.0
2026-01-22 06:00:00-03:00,,0.0
2026-01-22 07:00:00-03:00,,0.0
2026-01-22 08:00:00-03:00,,0.0
2026-01-22 09:00:00-03:00,,0.0
2026-01-22 10:00:00-03:00,,0.0
2026-01-22 11:00:00-03:00,,0.0
2026-01-22 12:00:00-03:00,,0.0
2026-01-22 13:00:00-03:00,,0.0
2026-01-22 14:00:00-03:00,,0.2
2026-01-22 15:00:00-03:00,,0.0
2026-01-22 16:00:00-03:00,,0.0
2026-01-22 17:00:00-03:00,,0.2
2026-01-22 18:00:00-03:00,,0.0
2026-01-22 19:00:00-03:00,,0.2
2026-01-22 20:00:00-03:00,,0.6
2026-01-22 21:00:00-03:00,,1.4
2026-01-22 22:00:00-03:00,,2.6
2026-01-22 23:00:00-03:00,,0.0
2026-01-23 00:00:00-03:00,,0.0
2026-01-23 01:00:00-03:00,,0.0
2026-01-23 02:00:00-03:00,,0.0
2026-01-23 03:00:00-03:00,,1.4
2026-01-23 04:00:00-03:00,,0.8
2026-01-23 05:00:00-03:00,,0.2
2026-01-23 06:00:00-03:00,,0.8
2026-01-23 07:00:00-03:00,,0.6
2026-01-23 08:00:00-03:00,,0.2
2026-01-23 09:00:00-03:00,,0.0
2026-01-23 10:00:00-03:00,,0.0
2026-01-23 11:00:00-03:00,,1.0
2026-01-23 12:00:00-03:00,,0.2
2026-01-23 13:00:00-03:00,,4.4
2026-01-23 14:00:00-03:00,,5.6
2026-01-23 15:00:00-03:00,,1.0
2026-01-23 16:00:00-03:00,,0.0
2026-01-23 17:00:00-03:00,,0.6
2026-01-23 18:00:00-03:00,,0.0
2026-01-23 19:00:00-03:00,,0.0
2026-01-23 20:00:00-03:00,,0.0
2026-01-23 21:00:00-03:00,,0.0
2026-01-23 22:00:00-03:00,,0.0
2026-01-23 23:00:00-03:00,,0.0
2026-01-24 00:00:00-03:00,,0.0
2026-01-24 01:00:00-03:00,,0.0
2026-01-24 02:00:00-03:00,,0.0
2026-01-24 03:00:00-03:00,,0.4
2026-01-24 04:00:00-03:00,,2.0
2026-01-24 05:00:00-03:00,,2.2
2026-01-24 06:00:00-03:00,,1.2
2026-01-24 07:00:00-03:00,,0.2
2026-01-24 08:00:00-03:00,,0.0
2026-01-24 09:00:00-03:00,,0.2
2026-01-24 10:00:00-03:00,,0.0
2026-01-24 11:00:00-03:00,,0.0
2026-01-24 12:00:00-03:00,,0.0
2026-01-24 13:00:00-03:00,,0.0
2026-01-24 14:00:00-03:00,,0.0
2026-01-24 15:00:00-03:00,,0.6
2026-01-24 16:00:00-03:00,,0.4
2026-01-24 17:00:00-03:00,,0.6
2026-01-24 18:00:00-03:00,,0.0
2026-01-24 19:00:00-03:00,,0.0
2026-01-24 20:00:00-03:00,,0.4
2026-01-24 21:00:00-03:00,,20.4
2026-01-24 22:00:00-03:00,,0.8
2026-01-24 23:00:00-03:00,,2.6
2026-01-25 00:00:00-03:00,,2.0
2026-01-25 01:00:00-03:00,,0.0
2026-01-25 02:00:00-03:00,,0.0
2026-01-25 03:00:00-03:00,,0.0
2026-01-25 04:00:00-03:00,,0.0
2026-01-25 05:00:00-03:00,,0.0
2026-01-25 06:00:00-03:00,,0.0
2026-01-25 07:00:00-03:00,,0.0
2026-01-25 08:00:00-03:00,,0.0
2026-01-25 09:00:00-03:00,,0.0
2026-01-25 10:00:00-03:00,,0.0
2026-01-25 11:00:00-03:00,,0.2
2026-01-25 12:00:00-03:00,,0.0
2026-01-25 13:00:00-03:00,,0.0
2026-01-25 14:00:00-03:00,,0.0
2026-01-25 15:00:00-03:00,,0.2
2026-01-25 16:00:00-03:00,,0.0
2026-01-25 17:00:00-03:00,,0.0
2026-01-25 18:00:00-03:00,,5.2
2026-01-25 19:00:00-03:00,,0.8
2026-01-25 20:00:00-03:00,,0.8
2026-01-25 21:00:00-03:00,,1.0
2026-01-25 22:00:00-03:00,,8.6
2026-01-25 23:00:00-03:00,,0.2
2026-01-26 00:00:00-03:00,,0.0
2026-01-26 01:00:00-03:00,,0.0
2026-01-26 02:00:00-03:00,,0.0
2026-01-26 03:00:00-03:00,,0.0
2026-01-26 04:00:00-03:00,,0.0
2026-01-26 05:00:00-03:00,,0.0
2026-01-26 06:00:00-03:00,,0.0
2026-01-26 07:00:00-03:00,,0.2
2026-01-26 08:00:00-03:00,,0.0
2026-01-26 09:00:00-03:00,,0.0
2026-01-26 10:00:00-03:00,,0.0
2026-01-26 11:00:00-03:00,,0.0
2026-01-26 12:00:00-03:00,,0.0
2026-01-26 13:00:00-03:00,,0.0
2026-01-26 14:00:00-03:00,,0.0
2026-01-26 15:00:00-03:00,,0.0
2026-01-26 16:00:00-03:00,,0.0
2026-01-26 17:00:00-03:00,,0.0
2026-01-26 18:00:00-03:00,,0.0
2026-01-26 19:00:00-03:00,,0.0
2026-01-26 20:00:00-03:00,,0.0
2026-01-26 21:00:00-03:00,,8.2
2026-01-26 22:00:00-03:00,,0.0
2026-01-26 23:00:00-03:00,,0.0
2026-01-27 00:00:00-03:00,,0.0
2026-01-27 01:00:00-03:00,,0.0
2026-01-27 02:00:00-03:00,,0.2
2026-01-27 03:00:00-03:00,,0.0
2026-01-27 04:00:00-03:00,,0.0
2026-01-27 05:00:00-03:00,,0.0
2026-01-27 06:00:00-03:00,,0.0
2026-01-27 07:00:00-03:00,,0.0
2026-01-27 08:00:00-03:00,,0.0
2026-01-27 09:00:00-03:00,,0.0
2026-01-27 10:00:00-03:00,,0.0
2026-01-27 11:00:00-03:00,,0.0
2026-01-27 12:00:00-03:00,,1.8
2026-01-27 13:00:00-03:00,,0.2
2026-01-27 14:00:00-03:00,,0.0
2026-01-27 15:00:00-03:00,,0.0
2026-01-27 16:00:00-03:00,,0.0
2026-01-27 17:00:00-03:00,,0.0
2026-01-27 18:00:00-03:00,,0.0
2026-01-27 19:00:00-03:00,,0.0
2026-01-27 20:00:00-03:00,,0.0
2026-01-27 21:00:00-03:00,,0.0
2026-01-27 22:00:00-03:00,,0.0
2026-01-27 23:00:00-03:00,,0.0
2026-01-28 00:00:00-03:00,,0.0
2026-01-28 01:00:00-03:00,,0.0
2026-01-28 02:00:00-03:00,,0.0
2026-01-28 03:00:00-03:00,,0.0
2026-01-28 04:00:00-03:00,,0.0
2026-01-28 05:00:00-03:00,,0.0
2026-01-28 06:00:00-03:00,,0.0
2026-01-28 07:00:00-03:00,,0.0
2026-01-28 08:00:00-03:00,,0.0
2026-01-28 09:00:00-03:00,,0.0
2026-01-28 10:00:00-03:00,,0.0
2026-01-28 11:00:00-03:00,,0.0
2026-01-28 12:00:00-03:00,,0.0
2026-01-28 13:00:00-03:00,,0.0
2026-01-28 14:00:00-03:00,,0.0
2026-01-28 15:00:00-03:00,,0.0
2026-01-28 16:00:00-03:00,,1.2
2026-01-28 17:00:00-03:00,,10.0
2026-01-28 18:00:00-03:00,,0.0
2026-01-28 19:00:00-03:00,,0.0
2026-01-28 20:00:00-03:00,,0.0
2026-01-28 21:00:00-03:00,,0.0
2026-01-28 22:00:00-03:00,,0.0
2026-01-28 23:00:00-03:00,,0.2
2026-01-29 00:00:00-03:00,,0.0
2026-01-29 01:00:00-03:00,,0.0
2026-01-29 02:00:00-03:00,,0.0
2026-01-29 03:00:00-03:00,,0.0
2026-01-29 04:00:00-03:00,,0.0
2026-01-29 05:00:00-03:00,,0.0
2026-01-29 06:00:00-03:00,,0.0
2026-01-29 07:00:00-03:00,,0.0
2026-01-29 08:00:00-03:00,,0.0
2026-01-29 09:00:00-03:00,,0.0
2026-01-29 10:00:00-03:00,,0.0
2026-01-29 11:00:00-03:00,,0.0
2026-01-29 12:00:00-03:00,,0.0
2026-01-29 13:00:00-03:00,,0.0
2026-01-29 14:00:00-03:00,,0.0
2026-01-29 15:00:00-03:00,,1.8
2026-01-29 16:00:00-03:00,,0.0
2026-01-29 17:00:00-03:00,,0.0
2026-01-29 18:00:00-03:00,,0.0
2026-01-29 19:00:00-03:00,,0.0
2026-01-29 20:00:00-03:00,,0.0
2026-01-29 21:00:00-03:00,,0.0
2026-01-29 22:00:00-03:00,,0.0
2026-01-29 23:00:00-03:00,,0.0
2026-01-30 00:00:00-03:00,,0.0
2026-01-30 01:00:00-03:00,,0.0
2026-01-30 02:00:00-03:00,,0.0
2026-01-30 03:00:00-03:00,,7.0
2026-01-30 04:00:00-03:00,,0.8
2026-01-30 05:00:00-03:00,,19.0
2026-01-30 06:00:00-03:00,,4.2
2026-01-30 07:00:00-03:00,,0.2
2026-01-30 08:00:00-03:00,,0.0
2026-01-30 09:00:00-03:00,,0.0
2026-01-30 10:00:00-03:00,,0.0
2026-01-30 11:00:00-03:00,,0.0
2026-01-30 12:00:00-03:00,,1.2
2026-01-30 13:00:00-03:00,,0.4
2026-01-30 14:00:00-03:00,,0.0
2026-01-30 15:00:00-03:00,,4.0
2026-01-30 16:00:00-03:00,,0.2
2026-01-30 17:00:00-03:00,,0.0
2026-01-30 18:00:00-03:00,,0.0
2026-01-30 19:00:00-03:00,,0.0
2026-01-30 20:00:00-03:00,,0.0
2026-01-30 21:00:00-03:00,,0.0
2026-01-30 22:00:00-03:00,,0.0
2026-01-30 23:00:00-03:00,,0.0
2026-01-31 00:00:00-03:00,,0.0
2026-01-31 01:00:00-03:00,,0.0
2026-01-31 02:00:00-03:00,,0.0
2026-01-31 03:00:00-03:00,,0.0
2026-01-31 04:00:00-03:00,,0.0
2026-01-31 05:00:00-03:00,,0.0
2026-01-31 06:00:00-03:00,,0.0
2026-01-31 07:00:00-03:00,,0.0
2026-01-31 08:00:00-03:00,,0.0
2026-01-31 09:00:00-03:00,,0.0
2026-01-31 10:00:00-03:00,,0.0
2026-01-31 11:00:00-03:00,,0.0
2026-01-31 12:00:00-03:00,,0.0
2026-01-31 13:00:00-03:00,,0.0
2026-01-31 14:00:00-03:00,,3.8
2026-01-31 15:00:00-03:00,,0.0
2026-01-31 16:00:00-03:00,,0.0
2026-01-31 17:00:00-03:00,,0.0
2026-01-31 18:00:00-03:00,,0.0
2026-01-31 19:00:00-03:00,,0.0
2026-01-31 20:00:00-03:00,,0.0
2026-01-31 21:00:00-03:00,,0.0
2026-01-31 22:00:00-03:00,,0.0
2026-01-31 23:00:00-03:00,,0.0
2026-02-01 00:00:00-03:00,,0.0
2026-02-01 01:00:00-03:00,,0.0
2026-02-01 02:00:00-03:00,,0.0
2026-02-01 03:00:00-03:00,,0.0
2026-02-01 04:00:00-03:00,,0.0
2026-02-01 05:00:00-03:00,,0.0
2026-02-01 06:00:00-03:00,,0.0
2026-02-01 07:00:00-03:00,,0.0
2026-02-01 08:00:00-03:00,,0.0
2026-02-01 09:00:00-03:00,,0.0
2026-02-01 10:00:00-03:00,,0.0
2026-02-01 11:00:00-03:00,,0.0
2026-02-01 12:00:00-03:00,,0.0
2026-02-01 13:00:00-03:00,,0.0
2026-02-01 14:00:00-03:00,,0.6
2026-02-01 15:00:00-03:00,,4.6
2026-02-01 16:00:00-03:00,,9.6
2026-02-01 17:00:00-03:00,,3.8
2026-02-01 18:00:00-03:00,,0.2
2026-02-01 19:00:00-03:00,,0.0
2026-02-01 20:00:00-03:00,,0.0
2026-02-01 21:00:00-03:00,,0.0
2026-02-01 22:00:00-03:00,,0.0
2026-02-01 23:00:00-03:00,,0.0
2026-02-02 00:00:00-03:00,,0.0
2026-02-02 01:00:00-03:00,,0.0
2026-02-02 02:00:00-03:00,,0.0
2026-02-02 03:00:00-03:00,,0.0
2026-02-02 04:00:00-03:00,,0.0
2026-02-02 05:00:00-03:00,,0.0
2026-02-02 06:00:00-03:00,,0.2
2026-02-02 07:00:00-03:00,,0.0
2026-02-02 08:00:00-03:00,,0.0
2026-02-02 09:00:00-03:00,,0.0
2026-02-02 10:00:00-03:00,,0.2
2026-02-02 11:00:00-03:00,,0.0
2026-02-02 12:00:00-03:00,,0.0
2026-02-02 13:00:00-03:00,,0.0
2026-02-02 14:00:00-03:00,,0.0
2026-02-02 15:00:00-03:00,,0.0
2026-02-02 16:00:00-03:00,,0.0
2026-02-02 17:00:00-03:00,,0.6
2026-02-02 18:00:00-03:00,,0.0
2026-02-02 19:00:00-03:00,,0.0
2026-02-02 20:00:00-03:00,,0.0
2026-02-02 21:00:00-03:00,,0.0
2026-02-02 22:00:00-03:00,,0.0
2026-02-02 23:00:00-03:00,,0.0
2026-02-03 00:00:00-03:00,,0.0
2026-02-03 01:00:00-03:00,,0.0
2026-02-03 02:00:00-03:00,,0.0
2026-02-03 03:00:00-03:00,,0.0
2026-02-03 04:00:00-03:00,,0.0
2026-02-03 05:00:00-03:00,,0.0
2026-02-03 06:00:00-03:00,,0.0
2026-02-03 07:00:00-03:00,,0.0
2026-02-03 08:00:00-03:00,,0.0
2026-02-03 09:00:00-03:00,,0.0
2026-02-03 10:00:00-03:00,,0.0
2026-02-03 11:00:00-03:00,,0.0
2026-02-03 12:00:00-03:00,,9.0
2026-02-03 13:00:00-03:00,,0.0
2026-02-03 14:00:00-03:00,,0.0
2026-02-03 15:00:00-03:00,,0.8
2026-02-03 16:00:00-03:00,,0.2
2026-02-03 17:00:00-03:00,,0.0
2026-02-03 18:00:00-03:00,,0.0
2026-02-03 19:00:00-03:00,,0.0
2026-02-03 20:00:00-03:00,,0.0
2026-02-03 21:00:00-03:00,,0.2
2026-02-03 22:00:00-03:00,264.0,0.0
2026-02-03 23:00:00-03:00,261.75,0.0
2026-02-04 00:00:00-03:00,258.75,0.0
2026-02-04 01:00:00-03:00,255.75,0.0
2026-02-04 02:00:00-03:00,253.25,0.0
2026-02-04 03:00:00-03:00,251.25,1.4
2026-02-04 04:00:00-03:00,248.25,2.2
2026-02-04 05:00:00-03:00,246.0,0.0
2026-02-04 06:00:00-03:00,242.5,0.0
2026-02-04 07:00:00-03:00,240.75,0.6
2026-02-04 08:00:00-03:00,238.5,0.0
2026-02-04 09:00:00-03:00,236.0,0.0
2026-02-04 10:00:00-03:00,234.0,0.0
2026-02-04 11:00:00-03:00,232.75,0.0
2026-02-04 12:00:00-03:00,230.75,0.2
2026-02-04 13:00:00-03:00,229.25,0.0
2026-02-04 14:00:00-03:00,228.25,6.4
2026-02-04 15:00:00-03:00,228.0,0.0
2026-02-04 16:00:00-03:00,228.0,0.0
2026-02-04 17:00:00-03:00,228.0,7.6
2026-02-04 18:00:00-03:00,228.0,0.6
2026-02-04 19:00:00-03:00,228.0,0.0
2026-02-04 20:00:00-03:00,228.0,3.4
2026-02-04 21:00:00-03:00,228.0,2.0
2026-02-04 22:00:00-03:00,234.25,0.0
2026-02-04 23:00:00-03:00,242.0,0.0
2026-02-05 00:00:00-03:00,242.0,0.0
2026-02-05 01:00:00-03:00,241.25,0.0
2026-02-05 02:00:00-03:00,240.75,0.0
2026-02-05 03:00:00-03:00,240.0,0.0
2026-02-05 04:00:00-03:00,239.0,0.0
2026-02-05 05:00:00-03:00,239.0,0.0
2026-02-05 06:00:00-03:00,237.5,0.0
2026-02-05 07:00:00-03:00,237.25,0.0
2026-02-05 08:00:00-03:00,237.0,0.0
2026-02-05 09:00:00-03:00,236.5,0.0
2026-02-05 10:00:00-03:00,236.0,0.0
2026-02-05 11:00:00-03:00,236.0,1.4
2026-02-05 12:00:00-03:00,236.5,8.6
2026-02-05 13:00:00-03:00,236.0,0.0
2026-02-05 14:00:00-03:00,236.0,0.0
2026-02-05 15:00:00-03:00,235.75,1.2
2026-02-05 16:00:00-03:00,235.75,0.0
2026-02-05 17:00:00-03:00,235.75,0.0
2026-02-05 18:00:00-03:00,235.75,0.0
2026-02-05 19:00:00-03:00,235.75,0.0
2026-02-05 20:00:00-03:00,235.75,0.0
2026-02-05 21:00:00-03:00,235.75,0.0
2026-02-05 22:00:00-03:00,234.75,0.0
2026-02-05 23:00:00-03:00,234.0,0.0
2026-02-06 00:00:00-03:00,234.0,0.0
2026-02-06 01:00:00-03:00,233.0,0.0
2026-02-06 02:00:00-03:00,233.0,0.0
2026-02-06 03:00:00-03:00,232.0,0.0
2026-02-06 04:00:00-03:00,231.75,0.0
2026-02-06 05:00:00-03:00,231.0,0.0
2026-02-06 06:00:00-03:00,230.5,0.0
2026-02-06 07:00:00-03:00,229.75,0.0
2026-02-06 08:00:00-03:00,229.0,0.0
2026-02-06 09:00:00-03:00,228.0,0.0
2026-02-06 10:00:00-03:00,227.25,0.0
2026-02-06 11:00:00-03:00,227.25,0.0
2026-02-06 12:00:00-03:00,226.0,0.0
2026-02-06 13:00:00-03:00,225.0,0.0
2026-02-06 14:00:00-03:00,224.25,0.0
2026-02-06 15:00:00-03:00,223.25,0.0
2026-02-06 16:00:00-03:00,223.0,0.0
2026-02-06 17:00:00-03:00,223.0,8.6
2026-02-06 18:00:00-03:00,223.0,2.4
2026-02-06 19:00:00-03:00,223.0,0.0
2026-02-06 20:00:00-03:00,223.0,0.0
2026-02-06 21:00:00-03:00,223.0,0.0
2026-02-06 22:00:00-03:00,224.5,3.0
2026-02-06 23:00:00-03:00,226.75,0.4
2026-02-07 00:00:00-03:00,228.0,0.0
2026-02-07 01:00:00-03:00,230.25,0.0
2026-02-07 02:00:00-03:00,234.25,0.0
2026-02-07 03:00:00-03:00,237.25,0.0
2026-02-07 04:00:00-03:00,240.0,0.2
2026-02-07 05:00:00-03:00,242.0,0.0
2026-02-07 06:00:00-03:00,243.25,0.0
2026-02-07 07:00:00-03:00,244.25,0.0
2026-02-07 08:00:00-03:00,244.75,0.0
2026-02-07 09:00:00-03:00,245.0,0.0
2026-02-07 10:00:00-03:00,245.25,0.0
2026-02-07 11:00:00-03:00,245.25,0.0
2026-02-07 12:00:00-03:00,246.0,0.0
2026-02-07 13:00:00-03:00,246.0,0.0
2026-02-07 14:00:00-03:00,248.5,1.0
2026-02-07 15:00:00-03:00,249.5,1.0
2026-02-07 16:00:00-03:00,249.25,2.2
2026-02-07 17:00:00-03:00,249.25,0.8
2026-02-07 18:00:00-03:00,249.25,1.0
2026-02-07 19:00:00-03:00,248.75,0.0
2026-02-07 20:00:00-03:00,249.75,0.0
2026-02-07 21:00:00-03:00,249.0,0.2
2026-02-07 22:00:00-03:00,251.25,0.4
2026-02-07 23:00:00-03:00,253.0,0.8
2026-02-08 00:00:00-03:00,253.0,0.4
2026-02-08 01:00:00-03:00,253.75,0.0
2026-02-08 02:00:00-03:00,253.75,0.0
2026-02-08 03:00:00-03:00,253.25,0.0
2026-02-08 04:00:00-03:00,253.0,0.0
2026-02-08 05:00:00-03:00,253.0,0.0
2026-02-08 06:00:00-03:00,253.0,0.0
2026-02-08 07:00:00-03:00,252.25,0.2
2026-02-08 08:00:00-03:00,252.0,1.0
2026-02-08 09:00:00-03:00,251.5,0.2
2026-02-08 10:00:00-03:00,250.75,0.0
2026-02-08 11:00:00-03:00,250.25,0.6
2026-02-08 12:00:00-03:00,250.0,2.0
2026-02-08 13:00:00-03:00,249.0,2.4
2026-02-08 14:00:00-03:00,249.0,0.2
2026-02-08 15:00:00-03:00,248.5,0.0
2026-02-08 16:00:00-03:00,249.0,0.0
2026-02-08 17:00:00-03:00,248.75,0.2
2026-02-08 18:00:00-03:00,249.0,0.0
2026-02-08 19:00:00-03:00,249.5,0.0
2026-02-08 20:00:00-03:00,250.25,0.0
2026-02-08 21:00:00-03:00,250.75,0.8
2026-02-08 22:00:00-03:00,251.75,5.8
2026-02-08 23:00:00-03:00,253.5,7.4
2026-02-09 00:00:00-03:00,254.5,2.6
2026-02-09 01:00:00-03:00,255.75,1.8
2026-02-09 02:00:00-03:00,257.5,0.4
2026-02-09 03:00:00-03:00,258.5,0.0
2026-02-09 04:00:00-03:00,260.0,0.0
2026-02-09 05:00:00-03:00,261.5,0.2
2026-02-09 06:00:00-03:00,262.75,0.2
2026-02-09 07:00:00-03:00,264.5,0.0
2026-02-09 08:00:00-03:00,265.5,0.2
2026-02-09 09:00:00-03:00,267.0,0.0
2026-02-09 10:00:00-03:00,267.75,0.4
2026-02-09 11:00:00-03:00,269.0,1.6
2026-02-09 12:00:00-03:00,271.0,6.2
2026-02-09 13:00:00-03:00,272.25,3.4
2026-02-09 14:00:00-03:00,273.5,2.0
2026-02-09 15:00:00-03:00,279.5,2.4
2026-02-09 16:00:00-03:00,281.75,0.6
2026-02-09 17:00:00-03:00,281.75,1.6
2026-02-09 18:00:00-03:00,281.75,0.2
2026-02-09 19:00:00-03:00,281.75,0.6
2026-02-09 20:00:00-03:00,281.75,0.6
2026-02-09 21:00:00-03:00,281.75,2.0
2026-02-09 22:00:00-03:00,286.6666666666667,1.0
2026-02-09 23:00:00-03:00,296.0,0.2
2026-02-10 00:00:00-03:00,298.0,0.2
2026-02-10 01:00:00-03:00,299.75,0.0
2026-02-10 02:00:00-03:00,301.25,0.0
2026-02-10 03:00:00-03:00,303.5,0.4
2026-02-10 04:00:00-03:00,305.75,2.6
2026-02-10 05:00:00-03:00,308.0,2.0
2026-02-10 06:00:00-03:00,310.5,0.4
2026-02-10 07:00:00-03:00,311.75,0.2
2026-02-10 08:00:00-03:00,313.0,0.0
2026-02-10 09:00:00-03:00,315.0,0.0
2026-02-10 10:00:00-03:00,316.75,0.6
2026-02-10 11:00:00-03:00,318.25,0.2
2026-02-10 12:00:00-03:00,320.25,1.0
2026-02-10 13:00:00-03:00,321.25,0.0
2026-02-10 14:00:00-03:00,323.0,0.0
2026-02-10 15:00:00-03:00,323.75,0.2
2026-02-10 16:00:00-03:00,324.75,0.0
2026-02-10 17:00:00-03:00,325.75,0.0
2026-02-10 18:00:00-03:00,326.0,0.0
2026-02-10 19:00:00-03:00,326.0,0.0
2026-02-10 20:00:00-03:00,326.0,0.0
2026-02-10 21:00:00-03:00,326.0,0.0
2026-02-10 22:00:00-03:00,330.0,0.0
2026-02-10 23:00:00-03:00,332.25,0.0
2026-02-11 00:00:00-03:00,333.25,0.0
2026-02-11 01:00:00-03:00,334.5,0.0
2026-02-11 02:00:00-03:00,336.0,0.0
2026-02-11 03:00:00-03:00,336.5,0.0
2026-02-11 04:00:00-03:00,338.0,0.0
2026-02-11 05:00:00-03:00,339.5,0.0
2026-02-11 06:00:00-03:00,341.5,2.2
2026-02-11 07:00:00-03:00,345.5,2.2
2026-02-11 08:00:00-03:00,346.25,0.4
2026-02-11 09:00:00-03:00,348.0,0.0
2026-02-11 10:00:00-03:00,349.75,0.0
2026-02-11 11:00:00-03:00,352.0,0.0
2026-02-11 12:00:00-03:00,354.0,0.0
2026-02-11 13:00:00-03:00,356.0,0.0
2026-02-11 14:00:00-03:00,358.25,0.0
2026-02-11 15:00:00-03:00,359.75,0.0
2026-02-11 16:00:00-03:00,360.5,0.0
2026-02-11 17:00:00-03:00,360.5,0.0
2026-02-11 18:00:00-03:00,360.5,0.0
2026-02-11 19:00:00-03:00,360.5,0.0
2026-02-11 20:00:00-03:00,360.5,0.0
2026-02-11 21:00:00-03:00,360.5,0.2
2026-02-11 22:00:00-03:00,364.6666666666667,0.2
2026-02-11 23:00:00-03:00,373.25,0.0
2026-02-12 00:00:00-03:00,375.0,0.0
2026-02-12 01:00:00-03:00,377.0,0.0
2026-02-12 02:00:00-03:00,378.5,0.0
2026-02-12 03:00:00-03:00,380.5,0.0
2026-02-12 04:00:00-03:00,382.0,0.0
2026-02-12 05:00:00-03:00,383.0,0.0
2026-02-12 06:00:00-03:00,385.5,0.0
2026-02-12 07:00:00-03:00,387.0,0.0
2026-02-12 08:00:00-03:00,388.75,0.0
2026-02-12 09:00:00-03:00,390.0,0.0
2026-02-12 10:00:00-03:00,392.0,0.0
2026-02-12 11:00:00-03:00,393.25,0.0
2026-02-12 12:00:00-03:00,395.0,0.2
2026-02-12 13:00:00-03:00,396.75,0.0
2026-02-12 14:00:00-03:00,398.5,0.0
2026-02-12 15:00:00-03:00,399.75,0.0
2026-02-12 16:00:00-03:00,401.5,0.0
2026-02-12 17:00:00-03:00,402.5,0.0
2026-02-12 18:00:00-03:00,404.0,0.0
2026-02-12 19:00:00-03:00,405.0,0.0
2026-02-12 20:00:00-03:00,405.75,0.0
2026-02-12 21:00:00-03:00,406.5,0.0
2026-02-12 22:00:00-03:00,408.25,0.0
2026-02-12 23:00:00-03:00,409.25,0.0
2026-02-13 00:00:00-03:00,410.75,0.0
2026-02-13 01:00:00-03:00,411.75,0.0
2026-02-13 02:00:00-03:00,412.5,0.0
2026-02-13 03:00:00-03:00,413.5,0.0
2026-02-13 04:00:00-03:00,414.75,0.0
2026-02-13 05:00:00-03:00,415.0,0.0
2026-02-13 06:00:00-03:00,416.0,0.0
2026-02-13 07:00:00-03:00,416.75,0.2
2026-02-13 08:00:00-03:00,417.25,0.0
2026-02-13 09:00:00-03:00,417.75,0.0
2026-02-13 10:00:00-03:00,418.75,0.0
2026-02-13 11:00:00-03:00,419.5,0.0
2026-02-13 12:00:00-03:00,420.0,0.0
2026-02-13 13:00:00-03:00,420.0,0.0
2026-02-13 14:00:00-03:00,420.75,0.0
2026-02-13 15:00:00-03:00,420.5,0.0
2026-02-13 16:00:00-03:00,421.0,0.0
2026-02-13 17:00:00-03:00,420.75,0.0
2026-02-13 18:00:00-03:00,420.5,0.0
2026-02-13 19:00:00-03:00,420.0,0.0
2026-02-13 20:00:00-03:00,420.0,0.0
2026-02-13 21:00:00-03:00,420.0,0.0
2026-02-13 22:00:00-03:00,419.5,0.0
2026-02-13 23:00:00-03:00,418.25,0.0
2026-02-14 00:00:00-03:00,418.0,0.0
2026-02-14 01:00:00-03:00,417.5,0.0
2026-02-14 02:00:00-03:00,416.75,0.0
2026-02-14 03:00:00-03:00,416.0,0.0
2026-02-14 04:00:00-03:00,415.25,0.0
2026-02-14 05:00:00-03:00,414.25,0.0
2026-02-14 06:00:00-03:00,413.5,0.0
2026-02-14 07:00:00-03:00,412.75,0.0
2026-02-14 08:00:00-03:00,411.5,0.0
2026-02-14 09:00:00-03:00,410.75,0.0
2026-02-14 10:00:00-03:00,409.75,0.0
2026-02-14 11:00:00-03:00,408.5,0.0
2026-02-14 12:00:00-03:00,407.25,0.0
2026-02-14 13:00:00-03:00,406.25,0.0
2026-02-14 14:00:00-03:00,404.75,0.0
2026-02-14 15:00:00-03:00,403.25,0.0
2026-02-14 16:00:00-03:00,401.5,0.0
2026-02-14 17:00:00-03:00,399.5,0.0
2026-02-14 18:00:00-03:00,397.5,0.0
2026-02-14 19:00:00-03:00,395.75,0.0
2026-02-14 20:00:00-03:00,393.25,0.0
2026-02-14 21:00:00-03:00,392.25,0.0
2026-02-14 22:00:00-03:00,390.25,0.0
2026-02-14 23:00:00-03:00,386.75,0.0
2026-02-15 00:00:00-03:00,384.0,0.0
2026-02-15 01:00:00-03:00,381.75,0.0
2026-02-15 02:00:00-03:00,379.0,0.0
2026-02-15 03:00:00-03:00,376.75,0.0
2026-02-15 04:00:00-03:00,374.0,0.0
2026-02-15 05:00:00-03:00,371.0,0.0
2026-02-15 06:00:00-03:00,368.25,0.0
2026-02-15 07:00:00-03:00,365.5,0.0
2026-02-15 08:00:00-03:00,362.0,0.0
2026-02-15 09:00:00-03:00,359.25,0.0
2026-02-15 10:00:00-03:00,356.25,0.0
2026-02-15 11:00:00-03:00,353.25,0.0
2026-02-15 12:00:00-03:00,349.5,0.0
2026-02-15 13:00:00-03:00,346.5,0.0
2026-02-15 14:00:00-03:00,342.5,0.0
2026-02-15 15:00:00-03:00,338.75,0.0
2026-02-15 16:00:00-03:00,334.5,0.0
2026-02-15 17:00:00-03:00,330.5,0.0
2026-02-15 18:00:00-03:00,326.5,0.0
2026-02-15 19:00:00-03:00,321.75,0.0
2026-02-15 20:00:00-03:00,317.0,0.0
2026-02-15 21:00:00-03:00,314.5,0.0
2026-02-15 22:00:00-03:00,308.75,0.0
2026-02-15 23:00:00-03:00,303.5,0.0
2026-02-16 00:00:00-03:00,298.5,0.0
2026-02-16 01:00:00-03:00,294.0,0.0
2026-02-16 02:00:00-03:00,289.5,0.0
2026-02-16 03:00:00-03:00,284.5,0.0
2026-02-16 04:00:00-03:00,279.5,0.0
2026-02-16 05:00:00-03:00,275.0,0.0
2026-02-16 06:00:00-03:00,270.5,0.0
2026-02-16 07:00:00-03:00,266.25,0.0
2026-02-16 08:00:00-03:00,261.5,0.0
2026-02-16 09:00:00-03:00,257.0,0.0
2026-02-16 10:00:00-03:00,253.0,0.0
2026-02-16 11:00:00-03:00,249.0,0.0
2026-02-16 12:00:00-03:00,245.0,0.0
2026-02-16 13:00:00-03:00,241.25,0.0
2026-02-16 14:00:00-03:00,237.5,0.0
2026-02-16 15:00:00-03:00,233.5,0.0
2026-02-16 16:00:00-03:00,229.5,3.8
2026-02-16 17:00:00-03:00,225.75,8.8
2026-02-16 18:00:00-03:00,222.5,0.0
2026-02-16 19:00:00-03:00,219.0,0.0
2026-02-16 20:00:00-03:00,215.75,0.0
2026-02-16 21:00:00-03:00,214.25,0.0
2026-02-16 22:00:00-03:00,211.0,0.0
2026-02-16 23:00:00-03:00,206.5,0.0
2026-02-17 00:00:00-03:00,203.75,0.0
2026-02-17 01:00:00-03:00,201.0,0.0
2026-02-17 02:00:00-03:00,199.0,0.0
2026-02-17 03:00:00-03:00,196.25,0.0
2026-02-17 04:00:00-03:00,194.5,0.0
2026-02-17 05:00:00-03:00,193.0,0.0
2026-02-17 06:00:00-03:00,190.0,0.2
2026-02-17 07:00:00-03:00,188.75,0.0
2026-02-17 08:00:00-03:00,187.25,0.0
2026-02-17 09:00:00-03:00,185.5,0.0
2026-02-17 10:00:00-03:00,184.25,0.0
2026-02-17 11:00:00-03:00,183.25,0.0
2026-02-17 12:00:00-03:00,182.25,0.0
2026-02-17 13:00:00-03:00,181.0,0.0
2026-02-17 14:00:00-03:00,179.75,0.0
2026-02-17 15:00:00-03:00,178.75,0.0
2026-02-17 16:00:00-03:00,177.75,0.0
2026-02-17 17:00:00-03:00,176.25,0.0
2026-02-17 18:00:00-03:00,175.25,0.0
2026-02-17 19:00:00-03:00,174.0,0.0
2026-02-17 20:00:00-03:00,173.0,0.0
2026-02-17 21:00:00-03:00,172.5,0.0
2026-02-17 22:00:00-03:00,171.5,0.0
2026-02-17 23:00:00-03:00,170.5,0.0
2026-02-18 00:00:00-03:00,170.0,0.0
2026-02-18 01:00:00-03:00,169.0,0.0
2026-02-18 02:00:00-03:00,168.25,0.0
2026-02-18 03:00:00-03:00,167.5,0.0
2026-02-18 04:00:00-03:00,166.75,0.0
2026-02-18 05:00:00-03:00,166.0,0.0
2026-02-18 06:00:00-03:00,165.25,0.0
2026-02-18 07:00:00-03:00,164.75,0.0
2026-02-18 08:00:00-03:00,163.75,0.0
2026-02-18 09:00:00-03:00,163.0,0.0
2026-02-18 10:00:00-03:00,162.5,0.0
2026-02-18 11:00:00-03:00,162.0,0.0
2026-02-18 12:00:00-03:00,162.0,0.0
2026-02-18 13:00:00-03:00,161.75,0.0
2026-02-18 14:00:00-03:00,161.0,0.0
2026-02-18 15:00:00-03:00,160.75,0.0
2026-02-18 16:00:00-03:00,160.0,0.0
2026-02-18 17:00:00-03:00,161.0,4.2
2026-02-18 18:00:00-03:00,162.25,3.4
2026-02-18 19:00:00-03:00,162.25,0.4
2026-02-18 20:00:00-03:00,162.25,0.0
2026-02-18 21:00:00-03:00,162.25,0.2
2026-02-18 22:00:00-03:00,160.5,0.0
2026-02-18 23:00:00-03:00,159.0,0.0
2026-02-19 00:00:00-03:00,159.0,0.0
2026-02-19 01:00:00-03:00,159.5,0.0
2026-02-19 02:00:00-03:00,160.25,0.0
2026-02-19 03:00:00-03:00,160.75,0.0
2026-02-19 04:00:00-03:00,161.0,0.0
2026-02-19 05:00:00-03:00,162.0,0.0
2026-02-19 06:00:00-03:00,162.0,0.0
2026-02-19 07:00:00-03:00,162.5,0.0
2026-02-19 08:00:00-03:00,163.0,0.0
2026-02-19 09:00:00-03:00,163.0,0.0
2026-02-19 10:00:00-03:00,164.0,0.0
2026-02-19 11:00:00-03:00,164.75,0.0
2026-02-19 12:00:00-03:00,165.25,0.2
2026-02-19 13:00:00-03:00,166.0,0.0
2026-02-19 14:00:00-03:00,166.25,0.0
2026-02-19 15:00:00-03:00,167.0,0.0
2026-02-19 16:00:00-03:00,167.25,0.0
2026-02-19 17:00:00-03:00,167.25,0.0
2026-02-19 18:00:00-03:00,167.75,0.0
2026-02-19 19:00:00-03:00,168.0,0.0
2026-02-19 20:00:00-03:00,168.25,0.0
2026-02-19 21:00:00-03:00,168.25,0.0
2026-02-19 22:00:00-03:00,168.5,0.0
2026-02-19 23:00:00-03:00,168.25,0.0
2026-02-20 00:00:00-03:00,168.0,0.0
2026-02-20 01:00:00-03:00,167.75,0.0
2026-02-20 02:00:00-03:00,167.25,0.0
2026-02-20 03:00:00-03:00,167.25,0.0
2026-02-20 04:00:00-03:00,166.5,0.0
2026-02-20 05:00:00-03:00,166.0,0.0
2026-02-20 06:00:00-03:00,165.25,0.0
2026-02-20 07:00:00-03:00,165.0,0.0
2026-02-20 08:00:00-03:00,163.5,0.0
2026-02-20 09:00:00-03:00,162.75,0.0
2026-02-20 10:00:00-03:00,162.25,0.0
2026-02-20 11:00:00-03:00,161.25,0.0
2026-02-20 12:00:00-03:00,160.75,0.0
2026-02-20 13:00:00-03:00,159.75,0.0
2026-02-20 14:00:00-03:00,159.0,0.0
2026-02-20 15:00:00-03:00,158.25,0.0
2026-02-20 16:00:00-03:00,157.5,0.0
2026-02-20 17:00:00-03:00,156.25,0.0
2026-02-20 18:00:00-03:00,155.25,0.0
2026-02-20 19:00:00-03:00,154.5,0.0
2026-02-20 20:00:00-03:00,153.5,0.0
2026-02-20 21:00:00-03:00,152.75,0.0
2026-02-20 22:00:00-03:00,152.0,0.0
2026-02-20 23:00:00-03:00,151.5,0.0
2026-02-21 00:00:00-03:00,151.25,0.0
2026-02-21 01:00:00-03:00,151.75,0.0
2026-02-21 02:00:00-03:00,152.0,0.0
2026-02-21 03:00:00-03:00,152.0,0.0
2026-02-21 04:00:00-03:00,153.0,0.0
2026-02-21 05:00:00-03:00,153.75,0.0
2026-02-21 06:00:00-03:00,154.0,0.0
2026-02-21 07:00:00-03:00,155.0,0.0
2026-02-21 08:00:00-03:00,156.0,0.0
2026-02-21 09:00:00-03:00,156.25,0.0
2026-02-21 10:00:00-03:00,157.0,0.0
2026-02-21 11:00:00-03:00,157.0,0.0
2026-02-21 12:00:00-03:00,157.25,0.0
2026-02-21 13:00:00-03:00,157.25,0.0
2026-02-21 14:00:00-03:00,157.0,0.0
2026-02-21 15:00:00-03:00,156.25,0.0
2026-02-21 16:00:00-03:00,156.0,0.0
2026-02-21 17:00:00-03:00,155.0,0.0
2026-02-21 18:00:00-03:00,153.75,0.0
2026-02-21 19:00:00-03:00,152.75,0.0
2026-02-21 20:00:00-03:00,151.75,0.0
2026-02-21 21:00:00-03:00,151.5,0.0
2026-02-21 22:00:00-03:00,150.75,0.0
2026-02-21 23:00:00-03:00,149.25,0.0
2026-02-22 00:00:00-03:00,148.5,0.0
2026-02-22 01:00:00-03:00,148.0,0.0
2026-02-22 02:00:00-03:00,147.0,0.0
2026-02-22 03:00:00-03:00,146.0,0.0
2026-02-22 04:00:00-03:00,145.75,0.0
2026-02-22 05:00:00-03:00,145.0,0.0
2026-02-22 06:00:00-03:00,144.75,0.0
2026-02-22 07:00:00-03:00,144.25,0.0
2026-02-22 08:00:00-03:00,143.75,0.0
2026-02-22 09:00:00-03:00,143.5,0.0
2026-02-22 10:00:00-03:00,143.25,0.0
2026-02-22 11:00:00-03:00,143.0,0.0
2026-02-22 12:00:00-03:00,143.0,0.0
2026-02-22 13:00:00-03:00,142.75,3.2
2026-02-22 14:00:00-03:00,143.25,0.0
2026-02-22 15:00:00-03:00,142.75,0.0
2026-02-22 16:00:00-03:00,142.25,0.6
2026-02-22 17:00:00-03:00,141.75,0.2
2026-02-22 18:00:00-03:00,141.66666666666666,0.0
2026-02-22 19:00:00-03:00,141.66666666666666,0.0
2026-02-22 20:00:00-03:00,141.66666666666666,0.0
2026-02-22 21:00:00-03:00,141.66666666666666,0.0
2026-02-22 22:00:00-03:00,141.66666666666666,0.0
2026-02-22 23:00:00-03:00,141.25,0.0
2026-02-23 00:00:00-03:00,141.0,0.0
2026-02-23 01:00:00-03:00,140.5,0.0
2026-02-23 02:00:00-03:00,140.0,0.0
2026-02-23 03:00:00-03:00,139.75,0.0
2026-02-23 04:00:00-03:00,139.25,0.0
2026-02-23 05:00:00-03:00,139.0,0.0
2026-02-23 06:00:00-03:00,139.0,0.0
2026-02-23 07:00:00-03:00,138.5,0.0
2026-02-23 08:00:00-03:00,138.0,0.0
2026-02-23 09:00:00-03:00,138.0,0.0
2026-02-23 10:00:00-03:00,138.0,0.0
2026-02-23 11:00:00-03:00,137.25,0.0
2026-02-23 12:00:00-03:00,137.25,0.0
2026-02-23 13:00:00-03:00,137.0,0.0
2026-02-23 14:00:00-03:00,137.0,0.0
2026-02-23 15:00:00-03:00,137.0,0.0
2026-02-23 16:00:00-03:00,139.75,0.0
2026-02-23 17:00:00-03:00,138.75,15.6
2026-02-23 18:00:00-03:00,138.33333333333334,11.0
2026-02-23 19:00:00-03:00,138.33333333333334,4.0
2026-02-23 20:00:00-03:00,138.33333333333334,0.4
2026-02-23 21:00:00-03:00,138.0,0.0
2026-02-23 22:00:00-03:00,140.0,0.0
2026-02-23 23:00:00-03:00,140.25,0.2
2026-02-24 00:00:00-03:00,140.75,0.0
2026-02-24 01:00:00-03:00,142.0,1.0
2026-02-24 02:00:00-03:00,143.25,6.8
2026-02-24 03:00:00-03:00,144.0,3.8
2026-02-24 04:00:00-03:00,145.0,1.6
2026-02-24 05:00:00-03:00,144.75,0.2
2026-02-24 06:00:00-03:00,144.75,0.0
2026-02-24 07:00:00-03:00,144.25,0.0
2026-02-24 08:00:00-03:00,144.5,0.0
2026-02-24 09:00:00-03:00,144.0,0.0
2026-02-24 10:00:00-03:00,145.0,0.0
2026-02-24 11:00:00-03:00,145.0,0.0
2026-02-24 12:00:00-03:00,146.0,0.6
2026-02-24 13:00:00-03:00,146.75,0.0
2026-02-24 14:00:00-03:00,147.25,0.0
2026-02-24 15:00:00-03:00,148.5,0.0
2026-02-24 16:00:00-03:00,149.75,0.0
2026-02-24 17:00:00-03:00,150.5,0.0
2026-02-24 18:00:00-03:00,151.75,0.0
2026-02-24 19:00:00-03:00,153.25,0.0
2026-02-24 20:00:00-03:00,155.0,0.0
2026-02-24 21:00:00-03:00,156.0,0.0
2026-02-24 22:00:00-03:00,157.75,0.0
2026-02-24 23:00:00-03:00,160.25,0.0
2026-02-25 00:00:00-03:00,162.5,0.0
2026-02-25 01:00:00-03:00,164.0,0.0
2026-02-25 02:00:00-03:00,165.75,0.0
2026-02-25 03:00:00-03:00,167.5,0.0
2026-02-25 04:00:00-03:00,169.25,0.0
2026-02-25 05:00:00-03:00,170.5,0.0
2026-02-25 06:00:00-03:00,172.0,0.4
2026-02-25 07:00:00-03:00,172.75,0.0
2026-02-25 08:00:00-03:00,173.5,0.0
2026-02-25 09:00:00-03:00,174.0,0.0
2026-02-25 10:00:00-03:00,175.0,0.0
2026-02-25 11:00:00-03:00,175.25,0.0
2026-02-25 12:00:00-03:00,175.25,0.0
2026-02-25 13:00:00-03:00,175.75,0.0
2026-02-25 14:00:00-03:00,175.5,0.0
2026-02-25 15:00:00-03:00,175.0,0.0
2026-02-25 16:00:00-03:00,174.75,0.0
2026-02-25 17:00:00-03:00,174.0,0.0
2026-02-25 18:00:00-03:00,173.0,0.0
2026-02-25 19:00:00-03:00,172.0,0.0
2026-02-25 20:00:00-03:00,170.75,0.0
2026-02-25 21:00:00-03:00,170.25,0.0
2026-02-25 22:00:00-03:00,169.0,0.0
2026-02-25 23:00:00-03:00,167.5,0.2
2026-02-26 00:00:00-03:00,165.75,5.8
2026-02-26 01:00:00-03:00,164.5,0.2
2026-02-26 02:00:00-03:00,163.25,0.0
2026-02-26 03:00:00-03:00,162.25,1.2
2026-02-26 04:00:00-03:00,161.0,0.0
2026-02-26 05:00:00-03:00,160.0,0.6
2026-02-26 06:00:00-03:00,158.0,0.0
2026-02-26 07:00:00-03:00,157.25,0.0
2026-02-26 08:00:00-03:00,156.5,0.4
2026-02-26 09:00:00-03:00,155.0,0.0
2026-02-26 10:00:00-03:00,154.5,0.0
2026-02-26 11:00:00-03:00,154.0,6.2
2026-02-26 12:00:00-03:00,153.75,0.0
2026-02-26 13:00:00-03:00,153.0,0.0
2026-02-26 14:00:00-03:00,152.5,7.6
2026-02-26 15:00:00-03:00,152.0,0.0
2026-02-26 16:00:00-03:00,151.75,2.0
2026-02-26 17:00:00-03:00,154.5,0.8
2026-02-26 18:00:00-03:00,154.5,0.0
2026-02-26 19:00:00-03:00,154.5,0.0
2026-02-26 20:00:00-03:00,154.5,0.4
2026-02-26 21:00:00-03:00,154.5,0.0
2026-02-26 22:00:00-03:00,157.66666666666666,0.0
2026-02-26 23:00:00-03:00,164.25,0.0
2026-02-27 00:00:00-03:00,168.5,0.0
2026-02-27 01:00:00-03:00,173.0,0.0
2026-02-27 02:00:00-03:00,177.25,0.0
2026-02-27 03:00:00-03:00,181.0,0.0
2026-02-27 04:00:00-03:00,185.5,0.0
2026-02-27 05:00:00-03:00,187.5,0.0
2026-02-27 06:00:00-03:00,193.5,0.0
2026-02-27 07:00:00-03:00,195.75,0.0
2026-02-27 08:00:00-03:00,199.5,0.0
2026-02-27 09:00:00-03:00,202.75,0.0
2026-02-27 10:00:00-03:00,206.5,0.0
2026-02-27 11:00:00-03:00,209.25,0.0
2026-02-27 12:00:00-03:00,211.75,0.0
2026-02-27 13:00:00-03:00,213.75,0.2
2026-02-27 14:00:00-03:00,215.5,0.0
2026-02-27 15:00:00-03:00,217.5,0.0
2026-02-27 16:00:00-03:00,218.5,0.0
2026-02-27 17:00:00-03:00,219.25,0.0
2026-02-27 18:00:00-03:00,220.25,0.0
2026-02-27 19:00:00-03:00,221.25,0.0
2026-02-27 20:00:00-03:00,222.0,0.0
2026-02-27 21:00:00-03:00,222.5,0.0
2026-02-27 22:00:00-03:00,222.25,0.0
2026-02-27 23:00:00-03:00,222.75,0.0
2026-02-28 00:00:00-03:00,222.5,0.0
2026-02-28 01:00:00-03:00,222.75,0.0
2026-02-28 02:00:00-03:00,222.5,0.0
2026-02-28 03:00:00-03:00,222.25,0.0
2026-02-28 04:00:00-03:00,222.0,0.0
2026-02-28 05:00:00-03:00,221.75,0.0
2026-02-28 06:00:00-03:00,221.0,0.0
2026-02-28 07:00:00-03:00,220.75,0.0
2026-02-28 08:00:00-03:00,220.0,0.0
2026-02-28 09:00:00-03:00,219.5,0.0
2026-02-28 10:00:00-03:00,218.75,0.0
2026-02-28 11:00:00-03:00,218.5,0.0
2026-02-28 12:00:00-03:00,218.25,0.0
2026-02-28 13:00:00-03:00,217.5,0.0
2026-02-28 14:00:00-03:00,216.25,0.0
2026-02-28 15:00:00-03:00,215.0,0.0
2026-02-28 16:00:00-03:00,213.5,0.0
2026-02-28 17:00:00-03:00,212.75,0.0
2026-02-28 18:00:00-03:00,210.5,0.0
2026-02-28 19:00:00-03:00,209.0,0.0
2026-02-28 20:00:00-03:00,207.5,0.0
2026-02-28 21:00:00-03:00,206.5,0.0
2026-02-28 22:00:00-03:00,204.5,0.0
2026-02-28 23:00:00-03:00,201.0,0.0
2026-03-01 00:00:00-03:00,198.75,0.0
2026-03-01 01:00:00-03:00,196.75,0.0
2026-03-01 02:00:00-03:00,194.25,0.0
2026-03-01 03:00:00-03:00,192.25,0.0
2026-03-01 04:00:00-03:00,190.0,0.0
2026-03-01 05:00:00-03:00,188.0,0.0
2026-03-01 06:00:00-03:00,186.0,0.0
2026-03-01 07:00:00-03:00,184.0,0.0
2026-03-01 08:00:00-03:00,182.25,0.0
2026-03-01 09:00:00-03:00,180.5,0.0
2026-03-01 10:00:00-03:00,179.0,0.0
2026-03-01 11:00:00-03:00,177.0,0.0
2026-03-01 12:00:00-03:00,175.75,0.0
2026-03-01 13:00:00-03:00,174.5,0.0
2026-03-01 14:00:00-03:00,173.0,0.0
2026-03-01 15:00:00-03:00,171.75,0.0
2026-03-01 16:00:00-03:00,170.25,0.0
2026-03-01 17:00:00-03:00,168.75,0.0
2026-03-01 18:00:00-03:00,167.25,0.0
2026-03-01 19:00:00-03:00,166.0,0.0
2026-03-01 20:00:00-03:00,164.5,0.0
2026-03-01 21:00:00-03:00,163.75,0.0
2026-03-01 22:00:00-03:00,162.5,0.0
2026-03-01 23:00:00-03:00,160.5,0.0
2026-03-02 00:00:00-03:00,159.5,0.0
2026-03-02 01:00:00-03:00,158.0,0.0
2026-03-02 02:00:00-03:00,157.5,0.0
2026-03-02 03:00:00-03:00,156.0,0.0
2026-03-02 04:00:00-03:00,155.0,0.0
2026-03-02 05:00:00-03:00,154.5,0.0
2026-03-02 06:00:00-03:00,153.0,0.0
2026-03-02 07:00:00-03:00,152.5,0.0
2026-03-02 08:00:00-03:00,151.5,0.0
2026-03-02 09:00:00-03:00,151.0,0.0
2026-03-02 10:00:00-03:00,150.25,0.0
2026-03-02 11:00:00-03:00,149.25,0.0
2026-03-02 12:00:00-03:00,149.0,0.0
2026-03-02 13:00:00-03:00,148.25,0.0
2026-03-02 14:00:00-03:00,147.75,0.0
2026-03-02 15:00:00-03:00,147.0,0.0
2026-03-02 16:00:00-03:00,146.25,0.0
2026-03-02 17:00:00-03:00,145.25,0.0
2026-03-02 18:00:00-03:00,144.5,0.0
2026-03-02 19:00:00-03:00,143.5,0.0
2026-03-02 20:00:00-03:00,142.75,0.0
2026-03-02 21:00:00-03:00,142.25,0.0
2026-03-02 22:00:00-03:00,141.5,0.0
2026-03-02 23:00:00-03:00,140.5,0.0
2026-03-03 00:00:00-03:00,140.0,0.0
2026-03-03 01:00:00-03:00,139.0,0.0
2026-03-03 02:00:00-03:00,139.0,0.0
2026-03-03 03:00:00-03:00,138.0,0.0
2026-03-03 04:00:00-03:00,137.5,0.0
2026-03-03 05:00:00-03:00,137.0,0.0
2026-03-03 06:00:00-03:00,136.5,0.0
2026-03-03 07:00:00-03:00,136.0,0.0
2026-03-03 08:00:00-03:00,135.25,0.0
2026-03-03 09:00:00-03:00,135.0,0.0
2026-03-03 10:00:00-03:00,134.75,0.0
2026-03-03 11:00:00-03:00,134.25,0.0
2026-03-03 12:00:00-03:00,134.0,0.0
2026-03-03 13:00:00-03:00,134.0,0.0
2026-03-03 14:00:00-03:00,133.25,0.0
2026-03-03 15:00:00-03:00,133.25,0.0
2026-03-03 16:00:00-03:00,132.75,0.0
2026-03-03 17:00:00-03:00,132.0,0.0
2026-03-03 18:00:00-03:00,131.5,0.0
2026-03-03 19:00:00-03:00,131.0,0.0
2026-03-03 20:00:00-03:00,131.0,0.0
2026-03-03 21:00:00-03:00,131.0,0.0
2026-03-03 22:00:00-03:00,130.0,0.0
2026-03-03 23:00:00-03:00,129.25,0.0
2026-03-04 00:00:00-03:00,129.0,0.0
2026-03-04 01:00:00-03:00,128.25,0.0
2026-03-04 02:00:00-03:00,128.0,0.0
2026-03-04 03:00:00-03:00,128.0,0.0
2026-03-04 04:00:00-03:00,127.5,0.0
2026-03-04 05:00:00-03:00,127.0,0.0
2026-03-04 06:00:00-03:00,126.5,0.0
2026-03-04 07:00:00-03:00,126.25,0.2
2026-03-04 08:00:00-03:00,126.0,0.0
2026-03-04 09:00:00-03:00,126.0,0.0
2026-03-04 10:00:00-03:00,125.75,0.0
2026-03-04 11:00:00-03:00,125.0,0.0
2026-03-04 12:00:00-03:00,124.5,0.0
2026-03-04 13:00:00-03:00,124.75,0.0
2026-03-04 14:00:00-03:00,125.0,0.0
2026-03-04 15:00:00-03:00,124.0,0.0
2026-03-04 16:00:00-03:00,123.5,0.0
2026-03-04 17:00:00-03:00,123.0,0.0
2026-03-04 18:00:00-03:00,123.0,0.0
2026-03-04 19:00:00-03:00,122.25,0.0
2026-03-04 20:00:00-03:00,122.0,0.0
2026-03-04 21:00:00-03:00,122.0,0.0
2026-03-04 22:00:00-03:00,121.75,0.0
2026-03-04 23:00:00-03:00,121.0,0.0
2026-03-05 00:00:00-03:00,120.75,0.0
2026-03-05 01:00:00-03:00,120.25,0.0
2026-03-05 02:00:00-03:00,120.0,0.0
2026-03-05 03:00:00-03:00,119.25,0.0
2026-03-05 04:00:00-03:00,119.25,0.0
2026-03-05 05:00:00-03:00,119.25,0.0
2026-03-05 06:00:00-03:00,119.0,0.0
2026-03-05 07:00:00-03:00,118.5,0.0
2026-03-05 08:00:00-03:00,118.0,0.0
2026-03-05 09:00:00-03:00,118.0,0.0
2026-03-05 10:00:00-03:00,118.0,0.0
2026-03-05 11:00:00-03:00,118.0,0.0
2026-03-05 12:00:00-03:00,117.75,0.0
2026-03-05 13:00:00-03:00,118.0,0.0
2026-03-05 14:00:00-03:00,117.5,0.0
2026-03-05 15:00:00-03:00,117.0,0.0
2026-03-05 16:00:00-03:00,117.0,0.0
2026-03-05 17:00:00-03:00,116.75,0.0
2026-03-05 18:00:00-03:00,116.0,0.0
2026-03-05 19:00:00-03:00,115.75,0.0
2026-03-05 20:00:00-03:00,115.25,0.0
2026-03-05 21:00:00-03:00,115.0,0.0
2026-03-05 22:00:00-03:00,114.5,0.0
2026-03-05 23:00:00-03:00,114.0,0.0
2026-03-06 00:00:00-03:00,113.5,0.0
2026-03-06 01:00:00-03:00,113.0,0.0
2026-03-06 02:00:00-03:00,113.0,0.0
2026-03-06 03:00:00-03:00,113.0,0.0
2026-03-06 04:00:00-03:00,113.25,0.0
2026-03-06 05:00:00-03:00,113.0,0.0
2026-03-06 06:00:00-03:00,113.0,0.0
2026-03-06 07:00:00-03:00,112.75,0.0
2026-03-06 08:00:00-03:00,112.25,0.0
2026-03-06 09:00:00-03:00,112.25,0.0
2026-03-06 10:00:00-03:00,112.0,0.0
2026-03-06 11:00:00-03:00,112.0,0.0
2026-03-06 12:00:00-03:00,112.25,0.0
2026-03-06 13:00:00-03:00,112.0,0.0
2026-03-06 14:00:00-03:00,112.25,0.0
2026-03-06 15:00:00-03:00,112.0,0.0
2026-03-06 16:00:00-03:00,112.0,0.0
2026-03-06 17:00:00-03:00,111.5,0.0
2026-03-06 18:00:00-03:00,111.0,0.0
2026-03-06 19:00:00-03:00,111.0,0.0
2026-03-06 20:00:00-03:00,110.5,0.0
2026-03-06 21:00:00-03:00,110.0,0.0
2026-03-06 22:00:00-03:00,109.75,0.0
2026-03-06 23:00:00-03:00,109.5,0.0
2026-03-07 00:00:00-03:00,109.25,0.0
2026-03-07 01:00:00-03:00,109.0,0.0
2026-03-07 02:00:00-03:00,109.5,0.0
2026-03-07 03:00:00-03:00,110.0,0.0
2026-03-07 04:00:00-03:00,111.25,0.0
2026-03-07 05:00:00-03:00,113.25,0.2
2026-03-07 06:00:00-03:00,115.0,0.0
2026-03-07 07:00:00-03:00,118.0,0.0
2026-03-07 08:00:00-03:00,121.25,0.0
2026-03-07 09:00:00-03:00,125.25,0.0
2026-03-07 10:00:00-03:00,128.5,0.0
2026-03-07 11:00:00-03:00,132.5,0.0
2026-03-07 12:00:00-03:00,135.25,0.2
2026-03-07 13:00:00-03:00,138.0,0.0
2026-03-07 14:00:00-03:00,140.0,0.0
2026-03-07 15:00:00-03:00,141.75,0.0
2026-03-07 16:00:00-03:00,143.0,0.0
2026-03-07 17:00:00-03:00,144.0,0.6
2026-03-07 18:00:00-03:00,145.0,1.2
2026-03-07 19:00:00-03:00,145.0,0.0
2026-03-07 20:00:00-03:00,145.0,0.0
2026-03-07 21:00:00-03:00,145.0,0.0
2026-03-07 22:00:00-03:00,144.75,0.0
2026-03-07 23:00:00-03:00,143.0,0.0
2026-03-08 00:00:00-03:00,142.0,0.0
2026-03-08 01:00:00-03:00,141.25,0.0
2026-03-08 02:00:00-03:00,140.5,0.0
2026-03-08 03:00:00-03:00,139.5,0.0
2026-03-08 04:00:00-03:00,138.5,0.0
2026-03-08 05:00:00-03:00,138.0,0.0
2026-03-08 06:00:00-03:00,137.0,0.2
2026-03-08 07:00:00-03:00,136.0,0.0
2026-03-08 08:00:00-03:00,135.25,0.0
2026-03-08 09:00:00-03:00,134.75,0.0
2026-03-08 10:00:00-03:00,134.25,0.0
2026-03-08 11:00:00-03:00,134.0,0.0
2026-03-08 12:00:00-03:00,133.75,0.0
2026-03-08 13:00:00-03:00,133.75,0.0
2026-03-08 14:00:00-03:00,133.5,0.0
2026-03-08 15:00:00-03:00,133.0,1.6
2026-03-08 16:00:00-03:00,133.0,0.0
2026-03-08 17:00:00-03:00,133.0,0.0
2026-03-08 18:00:00-03:00,132.5,0.0
2026-03-08 19:00:00-03:00,133.0,0.0
2026-03-08 20:00:00-03:00,132.5,0.0
2026-03-08 21:00:00-03:00,132.5,0.0
2026-03-08 22:00:00-03:00,132.75,0.0
2026-03-08 23:00:00-03:00,132.75,0.0
2026-03-09 00:00:00-03:00,133.0,0.0
2026-03-09 01:00:00-03:00,132.0,0.0
2026-03-09 02:00:00-03:00,132.0,0.0
2026-03-09 03:00:00-03:00,131.75,0.0
2026-03-09 04:00:00-03:00,131.5,0.0
2026-03-09 05:00:00-03:00,131.0,0.0
2026-03-09 06:00:00-03:00,131.0,0.0
2026-03-09 07:00:00-03:00,130.5,0.0
2026-03-09 08:00:00-03:00,130.0,0.2
2026-03-09 09:00:00-03:00,130.0,0.0
2026-03-09 10:00:00-03:00,129.25,0.0
2026-03-09 11:00:00-03:00,129.0,0.0
2026-03-09 12:00:00-03:00,128.75,0.0
2026-03-09 13:00:00-03:00,128.25,2.2
2026-03-09 14:00:00-03:00,128.0,0.2
2026-03-09 15:00:00-03:00,127.5,0.0
2026-03-09 16:00:00-03:00,127.0,0.0
2026-03-09 17:00:00-03:00,127.0,0.0
2026-03-09 18:00:00-03:00,126.0,0.0
2026-03-09 19:00:00-03:00,126.0,0.0
2026-03-09 20:00:00-03:00,125.5,0.0
2026-03-09 21:00:00-03:00,125.0,0.0
2026-03-09 22:00:00-03:00,125.0,0.0
2026-03-09 23:00:00-03:00,125.0,0.0
2026-03-10 00:00:00-03:00,125.0,0.0
2026-03-10 01:00:00-03:00,129.25,0.4
2026-03-10 02:00:00-03:00,129.0,0.0
2026-03-10 03:00:00-03:00,128.0,0.0
2026-03-10 04:00:00-03:00,127.75,0.0
2026-03-10 05:00:00-03:00,127.5,0.0
2026-03-10 06:00:00-03:00,127.0,0.0
2026-03-10 07:00:00-03:00,127.0,0.0
2026-03-10 08:00:00-03:00,127.0,0.0
2026-03-10 09:00:00-03:00,126.75,0.0
2026-03-10 10:00:00-03:00,126.5,0.2
2026-03-10 11:00:00-03:00,126.5,1.8
2026-03-10 12:00:00-03:00,126.75,1.4
2026-03-10 13:00:00-03:00,126.5,0.4
2026-03-10 14:00:00-03:00,126.0,0.0
2026-03-10 15:00:00-03:00,126.0,0.0
2026-03-10 16:00:00-03:00,126.0,0.0
2026-03-10 17:00:00-03:00,126.0,0.0
2026-03-10 18:00:00-03:00,126.0,0.0
2026-03-10 19:00:00-03:00,126.0,0.0
2026-03-10 20:00:00-03:00,126.0,0.4
2026-03-10 21:00:00-03:00,126.0,0.2
2026-03-10 22:00:00-03:00,128.25,0.4
2026-03-10 23:00:00-03:00,129.5,0.0
2026-03-11 00:00:00-03:00,130.25,0.0
2026-03-11 01:00:00-03:00,131.5,0.0
2026-03-11 02:00:00-03:00,132.0,9.6
2026-03-11 03:00:00-03:00,133.0,0.0
2026-03-11 04:00:00-03:00,133.75,0.0
2026-03-11 05:00:00-03:00,134.0,0.0
2026-03-11 06:00:00-03:00,134.75,0.0
2026-03-11 07:00:00-03:00,135.5,0.0
2026-03-11 08:00:00-03:00,136.5,5.8
2026-03-11 09:00:00-03:00,138.25,8.8
2026-03-11 10:00:00-03:00,140.25,12.0
2026-03-11 11:00:00-03:00,142.5,4.4
2026-03-11 12:00:00-03:00,146.75,2.2
2026-03-11 13:00:00-03:00,149.66666666666666,2.4
2026-03-11 14:00:00-03:00,160.0,8.0
2026-03-11 15:00:00-03:00,164.875,4.4
2026-03-11 16:00:00-03:00,169.75,1.6
2026-03-11 17:00:00-03:00,174.625,1.2
2026-03-11 18:00:00-03:00,,0.4
2026-03-11 19:00:00-03:00,,0.0
2026-03-11 20:00:00-03:00,,0.4
2026-03-11 21:00:00-03:00,,0.0
2026-03-11 22:00:00-03:00,199.0,0.2
2026-03-11 23:00:00-03:00,203.25,0.0
2026-03-12 00:00:00-03:00,209.0,0.0
2026-03-12 01:00:00-03:00,213.75,0.0
2026-03-12 02:00:00-03:00,218.5,0.0
2026-03-12 03:00:00-03:00,221.5,0.0
2026-03-12 04:00:00-03:00,225.0,1.4
2026-03-12 05:00:00-03:00,228.25,1.2
2026-03-12 06:00:00-03:00,231.0,0.8
2026-03-12 07:00:00-03:00,234.0,0.8
2026-03-12 08:00:00-03:00,236.75,0.4
2026-03-12 09:00:00-03:00,239.5,1.0
2026-03-12 10:00:00-03:00,242.5,0.8
2026-03-12 11:00:00-03:00,244.25,0.0
2026-03-12 12:00:00-03:00,250.75,18.4
2026-03-12 13:00:00-03:00,250.75,3.8
2026-03-12 14:00:00-03:00,252.25,0.0
2026-03-12 15:00:00-03:00,254.25,0.0
2026-03-12 16:00:00-03:00,255.75,6.8
2026-03-12 17:00:00-03:00,257.5,0.2
2026-03-12 18:00:00-03:00,258.5,0.2
2026-03-12 19:00:00-03:00,258.5,0.0
2026-03-12 20:00:00-03:00,258.5,0.0
2026-03-12 21:00:00-03:00,258.5,0.0
2026-03-12 22:00:00-03:00,262.3333333333333,0.0
2026-03-12 23:00:00-03:00,270.0,0.0
2026-03-13 00:00:00-03:00,271.5,0.0
2026-03-13 01:00:00-03:00,273.0,0.0
2026-03-13 02:00:00-03:00,274.5,0.0
2026-03-13 03:00:00-03:00,276.25,4.4
2026-03-13 04:00:00-03:00,278.75,0.2
2026-03-13 05:00:00-03:00,279.5,1.2
2026-03-13 06:00:00-03:00,281.0,8.6
2026-03-13 07:00:00-03:00,283.25,0.8
2026-03-13 08:00:00-03:00,284.5,0.4
2026-03-13 09:00:00-03:00,285.25,0.4
2026-03-13 10:00:00-03:00,286.25,0.2
2026-03-13 11:00:00-03:00,287.25,0.0
2026-03-13 12:00:00-03:00,288.25,0.4
2026-03-13 13:00:00-03:00,289.0,0.0
2026-03-13 14:00:00-03:00,289.5,0.0
2026-03-13 15:00:00-03:00,291.5625,0.0
2026-03-13 16:00:00-03:00,293.625,2.8
2026-03-13 17:00:00-03:00,295.6875,0.8
2026-03-13 18:00:00-03:00,,6.6
2026-03-13 19:00:00-03:00,,1.4
2026-03-13 20:00:00-03:00,,0.0
2026-03-13 21:00:00-03:00,,0.0
2026-03-13 22:00:00-03:00,306.0,0.0
2026-03-13 23:00:00-03:00,307.5,0.0
2026-03-14 00:00:00-03:00,309.25,0.0
2026-03-14 01:00:00-03:00,310.5,0.0
2026-03-14 02:00:00-03:00,311.5,0.0
2026-03-14 03:00:00-03:00,312.75,0.0
2026-03-14 04:00:00-03:00,313.5,0.0
2026-03-14 05:00:00-03:00,314.75,0.0
2026-03-14 06:00:00-03:00,315.5,0.0
2026-03-14 07:00:00-03:00,316.5,0.0
2026-03-14 08:00:00-03:00,317.25,0.0
2026-03-14 09:00:00-03:00,317.75,0.0
2026-03-14 10:00:00-03:00,318.25,0.0
2026-03-14 11:00:00-03:00,319.0,0.0
2026-03-14 12:00:00-03:00,320.0,0.2
2026-03-14 13:00:00-03:00,320.5,0.0
2026-03-14 14:00:00-03:00,321.0,0.0
2026-03-14 15:00:00-03:00,321.0,0.0
2026-03-14 16:00:00-03:00,321.0,0.0
2026-03-14 17:00:00-03:00,321.0,0.0
2026-03-14 18:00:00-03:00,320.75,0.0
2026-03-14 19:00:00-03:00,321.0,0.0
2026-03-14 20:00:00-03:00,321.0,0.0
2026-03-14 21:00:00-03:00,321.25,0.0
2026-03-14 22:00:00-03:00,321.5,0.0
2026-03-14 23:00:00-03:00,321.5,0.0
2026-03-15 00:00:00-03:00,322.0,0.0
2026-03-15 01:00:00-03:00,322.0,0.0
2026-03-15 02:00:00-03:00,322.25,0.0
2026-03-15 03:00:00-03:00,322.75,0.0
2026-03-15 04:00:00-03:00,322.75,0.0
2026-03-15 05:00:00-03:00,323.0,0.0
2026-03-15 06:00:00-03:00,323.5,0.0
2026-03-15 07:00:00-03:00,324.0,0.2
2026-03-15 08:00:00-03:00,324.75,0.0
2026-03-15 09:00:00-03:00,324.75,0.0
2026-03-15 10:00:00-03:00,325.5,0.0
2026-03-15 11:00:00-03:00,326.5,0.0
2026-03-15 12:00:00-03:00,327.0,0.0
2026-03-15 13:00:00-03:00,327.75,0.0
2026-03-15 14:00:00-03:00,328.5,0.0
2026-03-15 15:00:00-03:00,329.0,0.0
2026-03-15 16:00:00-03:00,329.5,0.0
2026-03-15 17:00:00-03:00,330.0,0.0
2026-03-15 18:00:00-03:00,330.0,0.0
2026-03-15 19:00:00-03:00,330.0,0.0
2026-03-15 20:00:00-03:00,330.0,0.0
2026-03-15 21:00:00-03:00,330.0,0.0
2026-03-15 22:00:00-03:00,331.25,0.0
2026-03-15 23:00:00-03:00,332.0,0.0
2026-03-16 00:00:00-03:00,332.0,0.0
2026-03-16 01:00:00-03:00,332.5,0.0
2026-03-16 02:00:00-03:00,332.75,0.0
2026-03-16 03:00:00-03:00,333.0,0.0
2026-03-16 04:00:00-03:00,333.0,0.0
2026-03-16 05:00:00-03:00,333.0,0.0
2026-03-16 06:00:00-03:00,333.0,0.0
2026-03-16 07:00:00-03:00,333.0,0.0
2026-03-16 08:00:00-03:00,332.75,0.0
2026-03-16 09:00:00-03:00,332.5,0.0
2026-03-16 10:00:00-03:00,332.0,0.0
2026-03-16 11:00:00-03:00,331.75,0.0
2026-03-16 12:00:00-03:00,331.5,0.0
2026-03-16 13:00:00-03:00,330.5,0.0
2026-03-16 14:00:00-03:00,329.75,0.0
2026-03-16 15:00:00-03:00,328.75,0.0
2026-03-16 16:00:00-03:00,327.5,0.0
2026-03-16 17:00:00-03:00,325.75,0.0
2026-03-16 18:00:00-03:00,324.5,0.0
2026-03-16 19:00:00-03:00,322.75,0.0
2026-03-16 20:00:00-03:00,322.0,0.0
2026-03-16 21:00:00-03:00,321.0,0.0
2026-03-16 22:00:00-03:00,317.75,0.0
2026-03-16 23:00:00-03:00,314.0,0.0
2026-03-17 00:00:00-03:00,312.0,0.0
2026-03-17 01:00:00-03:00,309.25,0.0
2026-03-17 02:00:00-03:00,306.5,0.0
2026-03-17 03:00:00-03:00,304.25,0.0
2026-03-17 04:00:00-03:00,301.25,0.0
2026-03-17 05:00:00-03:00,298.25,0.0
2026-03-17 06:00:00-03:00,295.25,0.0
2026-03-17 07:00:00-03:00,292.0,0.0
2026-03-17 08:00:00-03:00,288.5,0.0
2026-03-17 09:00:00-03:00,285.25,0.2
2026-03-17 10:00:00-03:00,281.5,0.0
2026-03-17 11:00:00-03:00,278.25,0.0
2026-03-17 12:00:00-03:00,275.0,0.0
2026-03-17 13:00:00-03:00,271.5,0.0
2026-03-17 14:00:00-03:00,267.5,0.0
2026-03-17 15:00:00-03:00,264.25,0.0
2026-03-17 16:00:00-03:00,260.5,0.0
2026-03-17 17:00:00-03:00,256.5,0.0
2026-03-17 18:00:00-03:00,252.5,0.0
2026-03-17 19:00:00-03:00,248.5,0.0
2026-03-17 20:00:00-03:00,245.5,0.0
2026-03-17 21:00:00-03:00,243.5,0.0
2026-03-17 22:00:00-03:00,239.75,0.0
2026-03-17 23:00:00-03:00,234.5,0.0
2026-03-18 00:00:00-03:00,231.25,0.0
2026-03-18 01:00:00-03:00,227.5,0.0
2026-03-18 02:00:00-03:00,224.75,0.0
2026-03-18 03:00:00-03:00,222.5,0.0
2026-03-18 04:00:00-03:00,219.75,0.0
2026-03-18 05:00:00-03:00,217.5,0.0
2026-03-18 06:00:00-03:00,213.5,0.0
2026-03-18 07:00:00-03:00,211.5,0.0
2026-03-18 08:00:00-03:00,209.25,0.0
2026-03-18 09:00:00-03:00,206.75,0.0
2026-03-18 10:00:00-03:00,205.0,0.0
2026-03-18 11:00:00-03:00,203.5,0.0
2026-03-18 12:00:00-03:00,201.5,0.0
2026-03-18 13:00:00-03:00,200.0,0.0
2026-03-18 14:00:00-03:00,197.75,0.0
2026-03-18 15:00:00-03:00,196.5,0.0
2026-03-18 16:00:00-03:00,194.75,0.0
2026-03-18 17:00:00-03:00,193.25,0.0
2026-03-18 18:00:00-03:00,191.5,0.0
2026-03-18 19:00:00-03:00,190.0,14.8
2026-03-18 20:00:00-03:00,188.25,5.6
2026-03-18 21:00:00-03:00,187.75,0.0
2026-03-18 22:00:00-03:00,186.25,0.0
2026-03-18 23:00:00-03:00,184.0,0.0
2026-03-19 00:00:00-03:00,184.5,0.0
2026-03-19 01:00:00-03:00,189.25,2.2
2026-03-19 02:00:00-03:00,188.0,1.4
2026-03-19 03:00:00-03:00,187.75,0.2
2026-03-19 04:00:00-03:00,187.0,0.0
2026-03-19 05:00:00-03:00,187.75,0.0
2026-03-19 06:00:00-03:00,188.0,0.2
2026-03-19 07:00:00-03:00,188.0,0.0
2026-03-19 08:00:00-03:00,187.75,0.0
2026-03-19 09:00:00-03:00,187.75,0.0
2026-03-19 10:00:00-03:00,187.0,0.8
2026-03-19 11:00:00-03:00,186.5,4.0
2026-03-19 12:00:00-03:00,186.0,0.0
2026-03-19 13:00:00-03:00,186.0,0.0
2026-03-19 14:00:00-03:00,186.0,1.0
2026-03-19 15:00:00-03:00,186.75,1.2
2026-03-19 16:00:00-03:00,187.0,0.8
2026-03-19 17:00:00-03:00,188.33333333333334,0.0
2026-03-19 18:00:00-03:00,189.66666666666666,0.8
2026-03-19 19:00:00-03:00,191.0,0.0
2026-03-19 20:00:00-03:00,,0.0
2026-03-19 21:00:00-03:00,,0.0
2026-03-19 22:00:00-03:00,195.0,1.0
2026-03-19 23:00:00-03:00,195.75,3.2
2026-03-20 00:00:00-03:00,197.25,2.0
2026-03-20 01:00:00-03:00,202.25,0.2
2026-03-20 02:00:00-03:00,204.75,1.0
2026-03-20 03:00:00-03:00,205.0,1.8
2026-03-20 04:00:00-03:00,205.25,0.0
2026-03-20 05:00:00-03:00,205.75,0.2
2026-03-20 06:00:00-03:00,206.5,0.0
2026-03-20 07:00:00-03:00,207.5,0.2
2026-03-20 08:00:00-03:00,208.0,0.0
2026-03-20 09:00:00-03:00,209.0,0.0
2026-03-20 10:00:00-03:00,209.25,0.0
2026-03-20 11:00:00-03:00,210.0,0.0
2026-03-20 12:00:00-03:00,210.5,0.2
2026-03-20 13:00:00-03:00,210.25,0.0
2026-03-20 14:00:00-03:00,210.5,0.0
2026-03-20 15:00:00-03:00,210.25,0.0
2026-03-20 16:00:00-03:00,210.0,0.0
2026-03-20 17:00:00-03:00,210.0,0.0
2026-03-20 18:00:00-03:00,209.25,0.0
2026-03-20 19:00:00-03:00,209.0,0.0
2026-03-20 20:00:00-03:00,208.5,0.0
2026-03-20 21:00:00-03:00,208.5,0.0
2026-03-20 22:00:00-03:00,207.75,0.0
2026-03-20 23:00:00-03:00,207.0,0.0
2026-03-21 00:00:00-03:00,207.0,0.0
2026-03-21 01:00:00-03:00,207.0,0.0
2026-03-21 02:00:00-03:00,206.5,0.0
2026-03-21 03:00:00-03:00,206.25,0.0
2026-03-21 04:00:00-03:00,206.0,0.0
2026-03-21 05:00:00-03:00,206.0,0.0
2026-03-21 06:00:00-03:00,205.5,0.0
2026-03-21 07:00:00-03:00,205.25,0.0
2026-03-21 08:00:00-03:00,204.5,0.0
2026-03-21 09:00:00-03:00,204.5,0.0
2026-03-21 10:00:00-03:00,204.0,0.0
2026-03-21 11:00:00-03:00,204.0,0.0
2026-03-21 12:00:00-03:00,203.5,0.0
2026-03-21 13:00:00-03:00,202.75,0.0
2026-03-21 14:00:00-03:00,202.0,0.0
2026-03-21 15:00:00-03:00,201.0,0.0
2026-03-21 16:00:00-03:00,199.5,0.0
2026-03-21 17:00:00-03:00,198.5,0.0
2026-03-21 18:00:00-03:00,196.75,0.0
2026-03-21 19:00:00-03:00,194.75,0.0
2026-03-21 20:00:00-03:00,193.25,0.0
2026-03-21 21:00:00-03:00,192.25,0.0
2026-03-21 22:00:00-03:00,190.5,0.0
2026-03-21 23:00:00-03:00,188.25,0.0
2026-03-22 00:00:00-03:00,187.25,0.0
2026-03-22 01:00:00-03:00,184.75,0.0
2026-03-22 02:00:00-03:00,183.25,0.0
2026-03-22 03:00:00-03:00,181.0,0.0
2026-03-22 04:00:00-03:00,179.75,0.0
2026-03-22 05:00:00-03:00,178.25,0.0
2026-03-22 06:00:00-03:00,176.5,0.0
2026-03-22 07:00:00-03:00,175.0,0.0
2026-03-22 08:00:00-03:00,173.25,0.2
2026-03-22 09:00:00-03:00,172.0,0.0
2026-03-22 10:00:00-03:00,171.0,0.0
2026-03-22 11:00:00-03:00,170.25,0.0
2026-03-22 12:00:00-03:00,169.0,0.0
2026-03-22 13:00:00-03:00,167.75,0.0
2026-03-22 14:00:00-03:00,166.75,0.0
2026-03-22 15:00:00-03:00,165.75,0.0
2026-03-22 16:00:00-03:00,164.75,0.0
2026-03-22 17:00:00-03:00,163.25,0.0
2026-03-22 18:00:00-03:00,162.5,0.0
2026-03-22 19:00:00-03:00,161.0,0.0
2026-03-22 20:00:00-03:00,160.25,0.0
2026-03-22 21:00:00-03:00,159.25,0.0
2026-03-22 22:00:00-03:00,158.0,0.0
2026-03-22 23:00:00-03:00,157.25,0.0
2026-03-23 00:00:00-03:00,156.0,0.0
2026-03-23 01:00:00-03:00,155.25,0.0
2026-03-23 02:00:00-03:00,154.75,0.0
2026-03-23 03:00:00-03:00,154.0,0.0
2026-03-23 04:00:00-03:00,153.0,0.0
2026-03-23 05:00:00-03:00,152.5,0.0
2026-03-23 06:00:00-03:00,152.0,0.0
2026-03-23 07:00:00-03:00,151.25,0.0
2026-03-23 08:00:00-03:00,150.5,0.0
2026-03-23 09:00:00-03:00,150.0,0.0
2026-03-23 10:00:00-03:00,149.75,0.0
2026-03-23 11:00:00-03:00,149.75,0.0
2026-03-23 12:00:00-03:00,149.0,0.0
2026-03-23 13:00:00-03:00,148.75,0.0
2026-03-23 14:00:00-03:00,148.25,0.0
2026-03-23 15:00:00-03:00,148.25,0.0
2026-03-23 16:00:00-03:00,147.5,0.0
2026-03-23 17:00:00-03:00,147.0,0.0
2026-03-23 18:00:00-03:00,146.75,0.0
2026-03-23 19:00:00-03:00,146.0,0.0
2026-03-23 20:00:00-03:00,145.5,0.0
2026-03-23 21:00:00-03:00,145.0,0.0
2026-03-23 22:00:00-03:00,144.5,0.0
2026-03-23 23:00:00-03:00,143.75,0.0
2026-03-24 00:00:00-03:00,143.0,0.0
2026-03-24 01:00:00-03:00,142.75,0.0
2026-03-24 02:00:00-03:00,142.0,0.0
2026-03-24 03:00:00-03:00,142.0,0.0
2026-03-24 04:00:00-03:00,141.75,0.2
2026-03-24 05:00:00-03:00,141.0,0.0
2026-03-24 06:00:00-03:00,140.75,0.0
2026-03-24 07:00:00-03:00,140.0,0.0
2026-03-24 08:00:00-03:00,139.75,0.0
2026-03-24 09:00:00-03:00,139.75,0.0
2026-03-24 10:00:00-03:00,139.25,0.0
2026-03-24 11:00:00-03:00,138.75,0.0
2026-03-24 12:00:00-03:00,139.0,0.0
2026-03-24 13:00:00-03:00,139.0,0.0
2026-03-24 14:00:00-03:00,139.0,0.0
2026-03-24 15:00:00-03:00,138.25,0.0
2026-03-24 16:00:00-03:00,138.0,0.0
2026-03-24 17:00:00-03:00,137.5,0.0
2026-03-24 18:00:00-03:00,137.0,0.0
2026-03-24 19:00:00-03:00,136.25,0.0
2026-03-24 20:00:00-03:00,136.0,0.0
2026-03-24 21:00:00-03:00,135.75,0.0
2026-03-24 22:00:00-03:00,135.75,0.0
2026-03-24 23:00:00-03:00,135.0,0.8
2026-03-25 00:00:00-03:00,134.5,0.8
2026-03-25 01:00:00-03:00,134.0,0.0
2026-03-25 02:00:00-03:00,133.75,0.0
2026-03-25 03:00:00-03:00,133.25,0.2
2026-03-25 04:00:00-03:00,133.25,0.0
2026-03-25 05:00:00-03:00,133.0,0.0
2026-03-25 06:00:00-03:00,132.75,0.0
2026-03-25 07:00:00-03:00,132.5,0.0
2026-03-25 08:00:00-03:00,132.0,0.0
2026-03-25 09:00:00-03:00,132.0,0.0
2026-03-25 10:00:00-03:00,131.75,0.0
2026-03-25 11:00:00-03:00,131.5,0.0
2026-03-25 12:00:00-03:00,131.5,0.0
2026-03-25 13:00:00-03:00,131.0,0.0
2026-03-25 14:00:00-03:00,131.0,0.0
2026-03-25 15:00:00-03:00,130.5,0.0
2026-03-25 16:00:00-03:00,130.5,0.0
2026-03-25 17:00:00-03:00,130.25,0.0
2026-03-25 18:00:00-03:00,130.0,0.0
2026-03-25 19:00:00-03:00,129.25,0.0
2026-03-25 20:00:00-03:00,129.0,0.0
2026-03-25 21:00:00-03:00,129.0,0.0
2026-03-25 22:00:00-03:00,128.5,0.4
2026-03-25 23:00:00-03:00,128.0,0.0
2026-03-26 00:00:00-03:00,128.0,0.0
2026-03-26 01:00:00-03:00,128.0,0.0
2026-03-26 02:00:00-03:00,127.25,0.0
2026-03-26 03:00:00-03:00,127.0,0.0
2026-03-26 04:00:00-03:00,126.75,0.0
2026-03-26 05:00:00-03:00,127.0,0.0
2026-03-26 06:00:00-03:00,126.75,0.0
2026-03-26 07:00:00-03:00,126.25,0.2
2026-03-26 08:00:00-03:00,126.0,0.0
2026-03-26 09:00:00-03:00,126.0,0.0
2026-03-26 10:00:00-03:00,126.0,0.0
2026-03-26 11:00:00-03:00,126.0,0.0
2026-03-26 12:00:00-03:00,126.0,0.0
2026-03-26 13:00:00-03:00,126.0,0.0
2026-03-26 14:00:00-03:00,125.5,0.0
2026-03-26 15:00:00-03:00,125.5,0.0
2026-03-26 16:00:00-03:00,125.0,0.0
2026-03-26 17:00:00-03:00,125.0,0.0
2026-03-26 18:00:00-03:00,124.5,0.0
2026-03-26 19:00:00-03:00,124.25,0.0
2026-03-26 20:00:00-03:00,124.0,0.0
2026-03-26 21:00:00-03:00,124.0,0.0
2026-03-26 22:00:00-03:00,123.5,0.0
2026-03-26 23:00:00-03:00,123.25,0.0
2026-03-27 00:00:00-03:00,123.0,0.0
2026-03-27 01:00:00-03:00,123.0,0.0
2026-03-27 02:00:00-03:00,122.25,0.0
2026-03-27 03:00:00-03:00,121.75,0.0
2026-03-27 04:00:00-03:00,122.0,0.2
2026-03-27 05:00:00-03:00,121.75,0.0
2026-03-27 06:00:00-03:00,121.25,0.0
2026-03-27 07:00:00-03:00,121.0,0.0
2026-03-27 08:00:00-03:00,121.0,0.0
2026-03-27 09:00:00-03:00,120.75,0.0
2026-03-27 10:00:00-03:00,120.75,0.0
2026-03-27 11:00:00-03:00,120.5,0.0
2026-03-27 12:00:00-03:00,120.5,0.0
2026-03-27 13:00:00-03:00,120.5,0.0
2026-03-27 14:00:00-03:00,120.0,0.0
2026-03-27 15:00:00-03:00,120.0,0.0
2026-03-27 16:00:00-03:00,120.0,0.0
2026-03-27 17:00:00-03:00,120.0,0.0
2026-03-27 18:00:00-03:00,119.5,0.0
2026-03-27 19:00:00-03:00,119.0,0.0
2026-03-27 20:00:00-03:00,119.0,0.0
2026-03-27 21:00:00-03:00,119.0,0.0
2026-03-27 22:00:00-03:00,118.25,0.0
2026-03-27 23:00:00-03:00,118.0,0.0
2026-03-28 00:00:00-03:00,117.75,0.0
2026-03-28 01:00:00-03:00,117.5,0.0
2026-03-28 02:00:00-03:00,117.75,0.0
2026-03-28 03:00:00-03:00,117.25,0.0
2026-03-28 04:00:00-03:00,116.75,0.0
2026-03-28 05:00:00-03:00,117.0,0.0
2026-03-28 06:00:00-03:00,116.75,0.0
2026-03-28 07:00:00-03:00,116.5,0.0
2026-03-28 08:00:00-03:00,116.0,0.0
2026-03-28 09:00:00-03:00,116.0,0.0
2026-03-28 10:00:00-03:00,116.0,0.0
2026-03-28 11:00:00-03:00,116.5,0.0
2026-03-28 12:00:00-03:00,116.25,0.0
2026-03-28 13:00:00-03:00,116.0,0.0
2026-03-28 14:00:00-03:00,116.0,0.0
2026-03-28 15:00:00-03:00,116.0,0.0
2026-03-28 16:00:00-03:00,115.75,0.0
2026-03-28 17:00:00-03:00,115.25,0.0
2026-03-28 18:00:00-03:00,114.75,0.0
2026-03-28 19:00:00-03:00,114.25,0.0
2026-03-28 20:00:00-03:00,114.0,0.0
2026-03-28 21:00:00-03:00,113.5,0.0
2026-03-28 22:00:00-03:00,113.5,0.0
2026-03-28 23:00:00-03:00,113.25,0.0
2026-03-29 00:00:00-03:00,112.75,0.0
2026-03-29 01:00:00-03:00,112.5,0.0
2026-03-29 02:00:00-03:00,112.5,0.0
2026-03-29 03:00:00-03:00,112.25,0.0
2026-03-29 04:00:00-03:00,111.75,0.0
2026-03-29 05:00:00-03:00,112.0,0.0
2026-03-29 06:00:00-03:00,111.25,0.0
2026-03-29 07:00:00-03:00,111.25,0.0
2026-03-29 08:00:00-03:00,111.0,0.2
2026-03-29 09:00:00-03:00,110.75,0.0
2026-03-29 10:00:00-03:00,110.75,0.0
2026-03-29 11:00:00-03:00,110.75,0.0
2026-03-29 12:00:00-03:00,111.0,0.0
2026-03-29 13:00:00-03:00,111.0,0.0
2026-03-29 14:00:00-03:00,111.0,0.0
2026-03-29 15:00:00-03:00,110.75,0.0
2026-03-29 16:00:00-03:00,110.0,0.0
2026-03-29 17:00:00-03:00,110.0,0.0
2026-03-29 18:00:00-03:00,109.75,0.0
2026-03-29 19:00:00-03:00,109.0,0.0
2026-03-29 20:00:00-03:00,109.0,0.0
2026-03-29 21:00:00-03:00,109.0,0.0
2026-03-29 22:00:00-03:00,108.5,0.0
2026-03-29 23:00:00-03:00,108.0,0.0
2026-03-30 00:00:00-03:00,108.0,0.0
2026-03-30 01:00:00-03:00,108.0,0.0
2026-03-30 02:00:00-03:00,107.5,0.0
2026-03-30 03:00:00-03:00,107.0,0.0
2026-03-30 04:00:00-03:00,107.0,0.0
2026-03-30 05:00:00-03:00,106.75,0.0
2026-03-30 06:00:00-03:00,106.5,0.0
2026-03-30 07:00:00-03:00,106.75,0.0
2026-03-30 08:00:00-03:00,106.25,0.0
2026-03-30 09:00:00-03:00,106.25,0.0
2026-03-30 10:00:00-03:00,106.0,0.0
2026-03-30 11:00:00-03:00,106.5,0.0
2026-03-30 12:00:00-03:00,106.75,0.0
2026-03-30 13:00:00-03:00,107.0,0.0
2026-03-30 14:00:00-03:00,106.0,0.2
2026-03-30 15:00:00-03:00,106.25,0.0
2026-03-30 16:00:00-03:00,106.0,0.0
2026-03-30 17:00:00-03:00,106.0,0.0
2026-03-30 18:00:00-03:00,105.25,0.0
2026-03-30 19:00:00-03:00,105.0,0.0
2026-03-30 20:00:00-03:00,105.0,0.0
2026-03-30 21:00:00-03:00,104.5,0.0
2026-03-30 22:00:00-03:00,104.25,0.0
2026-03-30 23:00:00-03:00,104.0,0.0
2026-03-31 00:00:00-03:00,103.5,0.0
2026-03-31 01:00:00-03:00,103.75,0.0
2026-03-31 02:00:00-03:00,103.0,0.0
2026-03-31 03:00:00-03:00,103.0,0.0
2026-03-31 04:00:00-03:00,103.0,0.0
2026-03-31 05:00:00-03:00,103.0,0.0
2026-03-31 06:00:00-03:00,103.0,0.0
2026-03-31 07:00:00-03:00,102.75,0.0
2026-03-31 08:00:00-03:00,102.25,0.0
2026-03-31 09:00:00-03:00,102.25,0.0
2026-03-31 10:00:00-03:00,103.0,0.0
2026-03-31 11:00:00-03:00,103.0,11.8
2026-03-31 12:00:00-03:00,103.0,1.6
2026-03-31 13:00:00-03:00,102.75,0.0
2026-03-31 14:00:00-03:00,103.0,0.0
2026-03-31 15:00:00-03:00,102.25,0.2
2026-03-31 16:00:00-03:00,103.0,0.0
2026-03-31 17:00:00-03:00,102.5,1.2
2026-03-31 18:00:00-03:00,102.75,1.0
2026-03-31 19:00:00-03:00,103.25,0.2
2026-03-31 20:00:00-03:00,103.25,0.0
2026-03-31 21:00:00-03:00,103.25,0.0
2026-03-31 22:00:00-03:00,104.0,0.0
2026-03-31 23:00:00-03:00,104.0,0.0
2026-04-01 00:00:00-03:00,104.25,0.0
2026-04-01 01:00:00-03:00,104.5,0.0
2026-04-01 02:00:00-03:00,105.0,0.0
2026-04-01 03:00:00-03:00,105.0,0.0
2026-04-01 04:00:00-03:00,105.5,0.0
2026-04-01 05:00:00-03:00,105.75,0.2
2026-04-01 06:00:00-03:00,106.0,0.0
2026-04-01 07:00:00-03:00,106.75,0.0
2026-04-01 08:00:00-03:00,107.0,0.0
2026-04-01 09:00:00-03:00,107.5,0.0
2026-04-01 10:00:00-03:00,108.0,0.0
2026-04-01 11:00:00-03:00,109.25,0.4
2026-04-01 12:00:00-03:00,110.25,0.0
2026-04-01 13:00:00-03:00,111.0,0.0
2026-04-01 14:00:00-03:00,112.75,0.2
2026-04-01 15:00:00-03:00,114.75,0.0
2026-04-01 16:00:00-03:00,116.75,0.0
2026-04-01 17:00:00-03:00,118.75,0.0
2026-04-01 18:00:00-03:00,121.0,0.0
2026-04-01 19:00:00-03:00,123.25,0.0
2026-04-01 20:00:00-03:00,125.5,0.0
2026-04-01 21:00:00-03:00,127.5,0.0
2026-04-01 22:00:00-03:00,129.75,0.0
2026-04-01 23:00:00-03:00,132.0,0.0
2026-04-02 00:00:00-03:00,134.0,0.0
2026-04-02 01:00:00-03:00,136.0,0.0
2026-04-02 02:00:00-03:00,137.75,0.0
2026-04-02 03:00:00-03:00,139.0,0.0
2026-04-02 04:00:00-03:00,140.0,0.0
2026-04-02 05:00:00-03:00,141.5,0.0
2026-04-02 06:00:00-03:00,142.0,0.0
2026-04-02 07:00:00-03:00,143.0,0.0
2026-04-02 08:00:00-03:00,143.0,0.0
2026-04-02 09:00:00-03:00,143.0,0.0
2026-04-02 10:00:00-03:00,143.0,0.0
2026-04-02 11:00:00-03:00,143.0,0.0
2026-04-02 12:00:00-03:00,142.5,0.0
2026-04-02 13:00:00-03:00,142.0,0.0
2026-04-02 14:00:00-03:00,140.75,0.0
2026-04-02 15:00:00-03:00,140.0,0.0
2026-04-02 16:00:00-03:00,138.5,0.0
2026-04-02 17:00:00-03:00,137.25,0.0
2026-04-02 18:00:00-03:00,135.5,0.0
2026-04-02 19:00:00-03:00,134.25,0.0
2026-04-02 20:00:00-03:00,132.75,0.0
2026-04-02 21:00:00-03:00,131.5,0.0
2026-04-02 22:00:00-03:00,130.25,13.0
2026-04-02 23:00:00-03:00,128.75,0.4
2026-04-03 00:00:00-03:00,128.5,0.0
2026-04-03 01:00:00-03:00,128.0,0.0
2026-04-03 02:00:00-03:00,127.0,0.0
2026-04-03 03:00:00-03:00,127.0,1.2
2026-04-03 04:00:00-03:00,126.0,0.0
2026-04-03 05:00:00-03:00,126.0,0.0
2026-04-03 06:00:00-03:00,126.0,0.2
2026-04-03 07:00:00-03:00,126.0,0.0
2026-04-03 08:00:00-03:00,126.0,0.0
2026-04-03 09:00:00-03:00,126.0,0.0
2026-04-03 10:00:00-03:00,126.5,0.0
2026-04-03 11:00:00-03:00,127.5,0.0
2026-04-03 12:00:00-03:00,128.25,0.0
2026-04-03 13:00:00-03:00,130.25,0.0
2026-04-03 14:00:00-03:00,132.0,0.0
2026-04-03 15:00:00-03:00,133.5,0.0
2026-04-03 16:00:00-03:00,136.0,2.4
2026-04-03 17:00:00-03:00,140.5,9.2
2026-04-03 18:00:00-03:00,142.25,2.4
2026-04-03 19:00:00-03:00,145.0,0.0
2026-04-03 20:00:00-03:00,147.0,0.0
2026-04-03 21:00:00-03:00,150.0,0.2
2026-04-03 22:00:00-03:00,152.25,0.0
2026-04-03 23:00:00-03:00,154.25,0.2
2026-04-04 00:00:00-03:00,156.25,0.0
2026-04-04 01:00:00-03:00,157.25,0.2
2026-04-04 02:00:00-03:00,158.0,0.0
2026-04-04 03:00:00-03:00,159.0,0.0
2026-04-04 04:00:00-03:00,159.0,0.0
2026-04-04 05:00:00-03:00,159.0,0.0
2026-04-04 06:00:00-03:00,158.5,0.0
2026-04-04 07:00:00-03:00,158.0,0.0
2026-04-04 08:00:00-03:00,157.25,0.0
2026-04-04 09:00:00-03:00,156.0,0.2
2026-04-04 10:00:00-03:00,155.0,0.0
2026-04-04 11:00:00-03:00,153.75,0.0
2026-04-04 12:00:00-03:00,152.75,0.0
2026-04-04 13:00:00-03:00,151.5,0.0
2026-04-04 14:00:00-03:00,150.75,0.0
2026-04-04 15:00:00-03:00,148.75,0.0
2026-04-04 16:00:00-03:00,147.75,0.0
2026-04-04 17:00:00-03:00,146.5,0.0
2026-04-04 18:00:00-03:00,145.5,0.0
2026-04-04 19:00:00-03:00,144.5,0.0
2026-04-04 20:00:00-03:00,144.25,0.0
2026-04-04 21:00:00-03:00,144.5,0.0
2026-04-04 22:00:00-03:00,144.75,0.0
2026-04-04 23:00:00-03:00,145.0,0.0
2026-04-05 00:00:00-03:00,146.25,0.0
2026-04-05 01:00:00-03:00,147.0,0.0
2026-04-05 02:00:00-03:00,147.75,0.0
2026-04-05 03:00:00-03:00,148.75,0.0
2026-04-05 04:00:00-03:00,149.5,0.0
2026-04-05 05:00:00-03:00,150.25,0.0
2026-04-05 06:00:00-03:00,150.75,0.0
2026-04-05 07:00:00-03:00,151.0,0.0
2026-04-05 08:00:00-03:00,151.25,0.0
2026-04-05 09:00:00-03:00,151.0,0.0
2026-04-05 10:00:00-03:00,151.0,0.0
2026-04-05 11:00:00-03:00,150.5,0.0
2026-04-05 12:00:00-03:00,150.5,0.0
2026-04-05 13:00:00-03:00,149.75,0.0
2026-04-05 14:00:00-03:00,148.5,0.0
2026-04-05 15:00:00-03:00,147.75,0.0
2026-04-05 16:00:00-03:00,146.0,0.0
2026-04-05 17:00:00-03:00,144.5,0.0
2026-04-05 18:00:00-03:00,143.25,0.0
2026-04-05 19:00:00-03:00,141.75,0.0
2026-04-05 20:00:00-03:00,140.25,0.0
2026-04-05 21:00:00-03:00,139.0,0.0
2026-04-05 22:00:00-03:00,137.75,0.0
2026-04-05 23:00:00-03:00,136.75,0.0
2026-04-06 00:00:00-03:00,135.5,0.0
2026-04-06 01:00:00-03:00,134.5,0.0
2026-04-06 02:00:00-03:00,133.5,0.0
2026-04-06 03:00:00-03:00,133.0,0.0
2026-04-06 04:00:00-03:00,132.5,0.0
2026-04-06 05:00:00-03:00,132.0,0.0
2026-04-06 06:00:00-03:00,132.0,0.0
2026-04-06 07:00:00-03:00,132.0,0.0
2026-04-06 08:00:00-03:00,132.0,0.0
2026-04-06 09:00:00-03:00,132.0,0.0
2026-04-06 10:00:00-03:00,132.0,0.0
2026-04-06 11:00:00-03:00,132.0,0.0
2026-04-06 12:00:00-03:00,132.0,0.0
2026-04-06 13:00:00-03:00,132.25,0.0
2026-04-06 14:00:00-03:00,132.25,0.0
2026-04-06 15:00:00-03:00,132.0,0.0
2026-04-06 16:00:00-03:00,131.5,0.4
2026-04-06 17:00:00-03:00,131.0,1.0
2026-04-06 18:00:00-03:00,130.5,0.2
2026-04-06 19:00:00-03:00,130.0,0.0
2026-04-06 20:00:00-03:00,129.75,0.0
2026-04-06 21:00:00-03:00,130.0,0.0
2026-04-06 22:00:00-03:00,129.5,0.0
2026-04-06 23:00:00-03:00,130.0,0.0
2026-04-07 00:00:00-03:00,129.25,0.0
2026-04-07 01:00:00-03:00,129.5,0.0
2026-04-07 02:00:00-03:00,129.0,0.0
2026-04-07 03:00:00-03:00,129.75,0.0
2026-04-07 04:00:00-03:00,130.0,0.0
2026-04-07 05:00:00-03:00,130.0,0.0
2026-04-07 06:00:00-03:00,130.75,0.0
2026-04-07 07:00:00-03:00,130.75,0.0
2026-04-07 08:00:00-03:00,130.75,0.0
2026-04-07 09:00:00-03:00,130.75,0.2
2026-04-07 10:00:00-03:00,130.75,0.0
2026-04-07 11:00:00-03:00,130.75,0.0
2026-04-07 12:00:00-03:00,131.0,0.0
2026-04-07 13:00:00-03:00,130.75,0.0
2026-04-07 14:00:00-03:00,130.5,0.0
2026-04-07 15:00:00-03:00,130.25,0.0
2026-04-07 16:00:00-03:00,130.0,0.0
2026-04-07 17:00:00-03:00,129.75,0.0
2026-04-07 18:00:00-03:00,129.0,0.0
2026-04-07 19:00:00-03:00,129.0,0.0
2026-04-07 20:00:00-03:00,129.0,0.0
2026-04-07 21:00:00-03:00,129.0,0.0
2026-04-07 22:00:00-03:00,129.0,1.0
2026-04-07 23:00:00-03:00,133.66666666666666,2.2
2026-04-08 00:00:00-03:00,132.75,0.8
2026-04-08 01:00:00-03:00,131.25,0.0
2026-04-08 02:00:00-03:00,135.0,0.2
2026-04-08 03:00:00-03:00,132.75,0.0
2026-04-08 04:00:00-03:00,131.75,0.0
2026-04-08 05:00:00-03:00,131.0,0.0
2026-04-08 06:00:00-03:00,130.5,0.0
2026-04-08 07:00:00-03:00,131.25,0.0
2026-04-08 08:00:00-03:00,133.0,9.8
2026-04-08 09:00:00-03:00,132.0,0.4
2026-04-08 10:00:00-03:00,131.0,0.0
2026-04-08 11:00:00-03:00,131.75,0.0
2026-04-08 12:00:00-03:00,132.75,4.0
2026-04-08 13:00:00-03:00,132.0,2.4
2026-04-08 14:00:00-03:00,132.0,0.0
2026-04-08 15:00:00-03:00,132.0,0.0
2026-04-08 16:00:00-03:00,132.0,0.0
2026-04-08 17:00:00-03:00,132.0,0.4
2026-04-08 18:00:00-03:00,132.25,0.4
2026-04-08 19:00:00-03:00,132.25,0.0
2026-04-08 20:00:00-03:00,132.25,0.0
2026-04-08 21:00:00-03:00,132.25,0.0
2026-04-08 22:00:00-03:00,133.5,0.0
2026-04-08 23:00:00-03:00,134.25,0.0
2026-04-09 00:00:00-03:00,134.75,0.0
2026-04-09 01:00:00-03:00,135.5,0.0
2026-04-09 02:00:00-03:00,136.75,0.0
2026-04-09 03:00:00-03:00,137.75,0.0
2026-04-09 04:00:00-03:00,139.25,0.0
2026-04-09 05:00:00-03:00,141.5,0.0
2026-04-09 06:00:00-03:00,143.75,0.2
2026-04-09 07:00:00-03:00,145.5,0.0
2026-04-09 08:00:00-03:00,147.5,0.0
2026-04-09 09:00:00-03:00,150.25,0.0
2026-04-09 10:00:00-03:00,152.25,0.0
2026-04-09 11:00:00-03:00,154.0,0.0
2026-04-09 12:00:00-03:00,155.25,0.2
2026-04-09 13:00:00-03:00,156.75,0.0
2026-04-09 14:00:00-03:00,158.0,0.0
2026-04-09 15:00:00-03:00,159.0,0.0
2026-04-09 16:00:00-03:00,159.5,0.0
2026-04-09 17:00:00-03:00,159.25,0.0
2026-04-09 18:00:00-03:00,159.0,0.0
2026-04-09 19:00:00-03:00,159.0,0.0
2026-04-09 20:00:00-03:00,158.75,0.0
2026-04-09 21:00:00-03:00,158.25,0.0
2026-04-09 22:00:00-03:00,158.0,0.0
2026-04-09 23:00:00-03:00,156.75,0.0
2026-04-10 00:00:00-03:00,155.75,0.0
2026-04-10 01:00:00-03:00,154.5,0.0
2026-04-10 02:00:00-03:00,153.5,0.0
2026-04-10 03:00:00-03:00,152.25,0.0
2026-04-10 04:00:00-03:00,151.0,0.0
2026-04-10 05:00:00-03:00,149.75,0.0
2026-04-10 06:00:00-03:00,148.5,0.0
2026-04-10 07:00:00-03:00,147.25,0.0
2026-04-10 08:00:00-03:00,145.5,0.0
2026-04-10 09:00:00-03:00,144.0,0.0
2026-04-10 10:00:00-03:00,143.25,0.0
2026-04-10 11:00:00-03:00,142.25,0.8
2026-04-10 12:00:00-03:00,141.0,0.0
2026-04-10 13:00:00-03:00,139.75,0.0
2026-04-10 14:00:00-03:00,139.0,0.0
2026-04-10 15:00:00-03:00,139.5,0.2
2026-04-10 16:00:00-03:00,139.5,0.0
2026-04-10 17:00:00-03:00,138.0,1.2
2026-04-10 18:00:00-03:00,137.75,0.2
2026-04-10 19:00:00-03:00,137.75,0.0
2026-04-10 20:00:00-03:00,137.75,0.0
2026-04-10 21:00:00-03:00,137.75,0.0
2026-04-10 22:00:00-03:00,136.75,0.0
2026-04-10 23:00:00-03:00,135.5,0.0
2026-04-11 00:00:00-03:00,135.0,0.0
2026-04-11 01:00:00-03:00,134.0,0.0
2026-04-11 02:00:00-03:00,133.25,0.0
2026-04-11 03:00:00-03:00,132.0,0.0
2026-04-11 04:00:00-03:00,131.75,0.0
2026-04-11 05:00:00-03:00,131.0,0.0
2026-04-11 06:00:00-03:00,130.5,0.0
2026-04-11 07:00:00-03:00,130.25,0.0
2026-04-11 08:00:00-03:00,129.75,0.0
2026-04-11 09:00:00-03:00,129.0,0.0
2026-04-11 10:00:00-03:00,129.25,0.0
2026-04-11 11:00:00-03:00,129.75,0.0
2026-04-11 12:00:00-03:00,129.75,0.0
2026-04-11 13:00:00-03:00,131.25,0.0
2026-04-11 14:00:00-03:00,132.0,0.0
2026-04-11 15:00:00-03:00,133.0,0.0
2026-04-11 16:00:00-03:00,134.25,0.0
2026-04-11 17:00:00-03:00,135.25,0.0
2026-04-11 18:00:00-03:00,136.25,0.0
2026-04-11 19:00:00-03:00,137.25,0.0
2026-04-11 20:00:00-03:00,138.25,0.0
2026-04-11 21:00:00-03:00,138.5,0.0
2026-04-11 22:00:00-03:00,139.25,0.0
2026-04-11 23:00:00-03:00,140.25,0.0
2026-04-12 00:00:00-03:00,141.0,0.0
2026-04-12 01:00:00-03:00,141.0,0.0
2026-04-12 02:00:00-03:00,141.5,0.0
2026-04-12 03:00:00-03:00,142.0,0.2
2026-04-12 04:00:00-03:00,142.0,0.0
2026-04-12 05:00:00-03:00,142.0,0.0
2026-04-12 06:00:00-03:00,142.0,0.0
2026-04-12 07:00:00-03:00,141.5,0.2
2026-04-12 08:00:00-03:00,141.0,0.0
2026-04-12 09:00:00-03:00,140.75,0.0
2026-04-12 10:00:00-03:00,140.5,0.0
2026-04-12 11:00:00-03:00,140.0,0.0
2026-04-12 12:00:00-03:00,139.5,0.0
2026-04-12 13:00:00-03:00,139.0,0.0
2026-04-12 14:00:00-03:00,138.25,0.0
2026-04-12 15:00:00-03:00,137.5,0.0
2026-04-12 16:00:00-03:00,136.5,0.0
2026-04-12 17:00:00-03:00,135.75,0.0
2026-04-12 18:00:00-03:00,134.5,0.0
2026-04-12 19:00:00-03:00,133.5,0.0
2026-04-12 20:00:00-03:00,132.5,0.0
2026-04-12 21:00:00-03:00,131.5,0.0
2026-04-12 22:00:00-03:00,131.0,0.0
2026-04-12 23:00:00-03:00,129.75,0.0
2026-04-13 00:00:00-03:00,129.25,0.0
2026-04-13 01:00:00-03:00,128.0,0.0
2026-04-13 02:00:00-03:00,127.5,0.0
2026-04-13 03:00:00-03:00,126.25,0.0
2026-04-13 04:00:00-03:00,125.75,0.0
2026-04-13 05:00:00-03:00,125.25,0.0
2026-04-13 06:00:00-03:00,124.5,0.2
2026-04-13 07:00:00-03:00,124.0,0.0
2026-04-13 08:00:00-03:00,123.5,0.0
2026-04-13 09:00:00-03:00,122.75,0.0
2026-04-13 10:00:00-03:00,122.0,0.0
2026-04-13 11:00:00-03:00,122.0,0.0
2026-04-13 12:00:00-03:00,122.0,0.0
2026-04-13 13:00:00-03:00,121.25,0.0
2026-04-13 14:00:00-03:00,121.0,0.0
2026-04-13 15:00:00-03:00,120.0,0.0
2026-04-13 16:00:00-03:00,120.0,0.0
2026-04-13 17:00:00-03:00,119.25,0.0
2026-04-13 18:00:00-03:00,118.5,0.0
2026-04-13 19:00:00-03:00,118.0,0.0
2026-04-13 20:00:00-03:00,118.0,0.0
2026-04-13 21:00:00-03:00,118.0,0.0
2026-04-13 22:00:00-03:00,117.0,0.0
2026-04-13 23:00:00-03:00,116.75,0.0
2026-04-14 00:00:00-03:00,116.25,0.0
2026-04-14 01:00:00-03:00,115.25,0.0
2026-04-14 02:00:00-03:00,115.25,0.0
2026-04-14 03:00:00-03:00,114.5,0.0
2026-04-14 04:00:00-03:00,114.25,0.0
2026-04-14 05:00:00-03:00,114.25,0.0
2026-04-14 06:00:00-03:00,114.0,0.0
2026-04-14 07:00:00-03:00,113.25,0.0
2026-04-14 08:00:00-03:00,113.25,0.0
2026-04-14 09:00:00-03:00,113.0,0.0
2026-04-14 10:00:00-03:00,113.0,0.0
2026-04-14 11:00:00-03:00,112.5,0.0
2026-04-14 12:00:00-03:00,113.0,0.0
2026-04-14 13:00:00-03:00,112.25,0.0
2026-04-14 14:00:00-03:00,112.25,0.0
2026-04-14 15:00:00-03:00,111.75,0.0
2026-04-14 16:00:00-03:00,112.0,0.0
2026-04-14 17:00:00-03:00,111.25,0.0
2026-04-14 18:00:00-03:00,111.0,0.0
2026-04-14 19:00:00-03:00,111.0,0.0
2026-04-14 20:00:00-03:00,110.0,0.0
2026-04-14 21:00:00-03:00,110.0,0.0
2026-04-14 22:00:00-03:00,110.0,0.0
2026-04-14 23:00:00-03:00,109.25,0.0
2026-04-15 00:00:00-03:00,109.0,0.0
2026-04-15 01:00:00-03:00,108.75,0.0
2026-04-15 02:00:00-03:00,108.75,0.0
2026-04-15 03:00:00-03:00,108.25,0.0
2026-04-15 04:00:00-03:00,108.0,0.0
2026-04-15 05:00:00-03:00,108.0,0.2
2026-04-15 06:00:00-03:00,108.0,0.0
2026-04-15 07:00:00-03:00,107.75,0.0
2026-04-15 08:00:00-03:00,107.25,0.0
2026-04-15 09:00:00-03:00,107.0,0.0
2026-04-15 10:00:00-03:00,107.0,0.0
2026-04-15 11:00:00-03:00,106.75,0.0
2026-04-15 12:00:00-03:00,107.0,0.0
2026-04-15 13:00:00-03:00,107.0,0.0
2026-04-15 14:00:00-03:00,107.0,0.0
2026-04-15 15:00:00-03:00,107.0,0.0
2026-04-15 16:00:00-03:00,106.75,0.0
2026-04-15 17:00:00-03:00,106.0,0.0
2026-04-15 18:00:00-03:00,105.75,0.0
2026-04-15 19:00:00-03:00,105.25,0.0
2026-04-15 20:00:00-03:00,105.25,0.0
2026-04-15 21:00:00-03:00,105.0,0.0
2026-04-15 22:00:00-03:00,104.75,0.0
2026-04-15 23:00:00-03:00,104.25,0.0
2026-04-16 00:00:00-03:00,104.0,0.0
2026-04-16 01:00:00-03:00,103.25,0.0
2026-04-16 02:00:00-03:00,103.25,0.0
2026-04-16 03:00:00-03:00,103.25,0.0
2026-04-16 04:00:00-03:00,103.0,0.0
2026-04-16 05:00:00-03:00,102.75,0.0
2026-04-16 06:00:00-03:00,102.25,0.0
2026-04-16 07:00:00-03:00,102.25,0.0
2026-04-16 08:00:00-03:00,102.0,0.0
2026-04-16 09:00:00-03:00,102.0,0.0
2026-04-16 10:00:00-03:00,101.75,0.0
2026-04-16 11:00:00-03:00,102.0,0.0
2026-04-16 12:00:00-03:00,102.0,0.0
2026-04-16 13:00:00-03:00,102.0,0.0
2026-04-16 14:00:00-03:00,101.5,0.0
2026-04-16 15:00:00-03:00,101.0,0.0
2026-04-16 16:00:00-03:00,101.0,0.0
2026-04-16 17:00:00-03:00,101.0,0.0
2026-04-16 18:00:00-03:00,100.25,0.0
2026-04-16 19:00:00-03:00,100.0,0.0
2026-04-16 20:00:00-03:00,99.5,0.0
2026-04-16 21:00:00-03:00,99.25,0.0
2026-04-16 22:00:00-03:00,99.0,0.0
2026-04-16 23:00:00-03:00,98.75,0.0
2026-04-17 00:00:00-03:00,98.0,0.0
2026-04-17 01:00:00-03:00,98.25,0.0
2026-04-17 02:00:00-03:00,98.0,0.0
2026-04-17 03:00:00-03:00,98.0,0.0
2026-04-17 04:00:00-03:00,97.0,0.0
2026-04-17 05:00:00-03:00,97.0,0.0
2026-04-17 06:00:00-03:00,97.0,0.0
2026-04-17 07:00:00-03:00,97.0,0.0
2026-04-17 08:00:00-03:00,97.0,0.2
2026-04-17 09:00:00-03:00,96.5,0.0
2026-04-17 10:00:00-03:00,96.25,0.0
2026-04-17 11:00:00-03:00,97.0,0.0
2026-04-17 12:00:00-03:00,96.75,0.0
2026-04-17 13:00:00-03:00,97.0,0.0
2026-04-17 14:00:00-03:00,97.0,0.0
2026-04-17 15:00:00-03:00,97.0,0.0
2026-04-17 16:00:00-03:00,96.75,0.0
2026-04-17 17:00:00-03:00,96.0,0.0
2026-04-17 18:00:00-03:00,96.0,0.0
2026-04-17 19:00:00-03:00,96.0,0.0
2026-04-17 20:00:00-03:00,95.25,0.0
2026-04-17 21:00:00-03:00,95.0,0.0
2026-04-17 22:00:00-03:00,95.0,0.0
2026-04-17 23:00:00-03:00,95.0,0.0
2026-04-18 00:00:00-03:00,95.0,0.0
2026-04-18 01:00:00-03:00,94.5,0.0
2026-04-18 02:00:00-03:00,94.25,0.0
2026-04-18 03:00:00-03:00,94.25,0.0
2026-04-18 04:00:00-03:00,94.0,0.0
2026-04-18 05:00:00-03:00,93.75,0.0
2026-04-18 06:00:00-03:00,94.0,0.0
2026-04-18 07:00:00-03:00,94.0,0.0
2026-04-18 08:00:00-03:00,93.75,0.0
2026-04-18 09:00:00-03:00,93.0,0.0
2026-04-18 10:00:00-03:00,93.25,0.0
2026-04-18 11:00:00-03:00,93.5,0.0
2026-04-18 12:00:00-03:00,94.0,0.0
2026-04-18 13:00:00-03:00,94.0,0.0
2026-04-18 14:00:00-03:00,94.0,0.0
2026-04-18 15:00:00-03:00,94.0,0.0
2026-04-18 16:00:00-03:00,94.0,0.0
2026-04-18 17:00:00-03:00,93.75,0.0
2026-04-18 18:00:00-03:00,93.0,0.0
2026-04-18 19:00:00-03:00,93.25,0.0
2026-04-18 20:00:00-03:00,93.0,0.0
2026-04-18 21:00:00-03:00,93.0,0.0
2026-04-18 22:00:00-03:00,92.75,0.0
2026-04-18 23:00:00-03:00,92.25,0.0
2026-04-19 00:00:00-03:00,92.0,0.0
2026-04-19 01:00:00-03:00,92.0,0.0
2026-04-19 02:00:00-03:00,92.0,0.0
2026-04-19 03:00:00-03:00,92.0,0.0
2026-04-19 04:00:00-03:00,91.25,0.0
2026-04-19 05:00:00-03:00,91.0,0.0
2026-04-19 06:00:00-03:00,91.0,0.0
2026-04-19 07:00:00-03:00,91.25,0.0
2026-04-19 08:00:00-03:00,91.0,0.0
2026-04-19 09:00:00-03:00,91.0,0.0
2026-04-19 10:00:00-03:00,91.0,0.0
2026-04-19 11:00:00-03:00,91.0,0.0
2026-04-19 12:00:00-03:00,91.0,0.0
2026-04-19 13:00:00-03:00,91.25,0.0
2026-04-19 14:00:00-03:00,91.0,0.0
2026-04-19 15:00:00-03:00,91.0,0.0
2026-04-19 16:00:00-03:00,91.0,0.0
2026-04-19 17:00:00-03:00,91.0,0.0
2026-04-19 18:00:00-03:00,90.75,0.0
2026-04-19 19:00:00-03:00,91.0,0.0
2026-04-19 20:00:00-03:00,90.75,0.0
2026-04-19 21:00:00-03:00,90.0,0.0
2026-04-19 22:00:00-03:00,90.0,0.0
2026-04-19 23:00:00-03:00,90.0,0.0
2026-04-20 00:00:00-03:00,90.0,0.0
2026-04-20 01:00:00-03:00,90.0,0.0
2026-04-20 02:00:00-03:00,90.0,0.0
2026-04-20 03:00:00-03:00,89.75,0.0
2026-04-20 04:00:00-03:00,90.0,0.2
2026-04-20 05:00:00-03:00,89.0,0.0
2026-04-20 06:00:00-03:00,89.5,0.0
2026-04-20 07:00:00-03:00,89.25,0.0
2026-04-20 08:00:00-03:00,89.25,0.0
2026-04-20 09:00:00-03:00,89.0,0.0
2026-04-20 10:00:00-03:00,89.0,0.0
2026-04-20 11:00:00-03:00,89.0,0.0
2026-04-20 12:00:00-03:00,89.75,0.0
2026-04-20 13:00:00-03:00,89.5,0.0
2026-04-20 14:00:00-03:00,90.0,0.0
2026-04-20 15:00:00-03:00,89.5,0.0
2026-04-20 16:00:00-03:00,90.0,0.0
2026-04-20 17:00:00-03:00,89.25,0.0
2026-04-20 18:00:00-03:00,89.25,0.0
2026-04-20 19:00:00-03:00,89.0,0.0
2026-04-20 20:00:00-03:00,89.0,0.0
2026-04-20 21:00:00-03:00,88.75,0.0
2026-04-20 22:00:00-03:00,88.25,0.0
2026-04-20 23:00:00-03:00,88.25,0.0
2026-04-21 00:00:00-03:00,88.0,0.0
2026-04-21 01:00:00-03:00,88.0,0.0
2026-04-21 02:00:00-03:00,88.0,0.0
2026-04-21 03:00:00-03:00,87.75,0.0
2026-04-21 04:00:00-03:00,87.5,0.0
2026-04-21 05:00:00-03:00,87.25,0.0
2026-04-21 06:00:00-03:00,87.0,0.0
2026-04-21 07:00:00-03:00,87.0,0.0
2026-04-21 08:00:00-03:00,87.0,0.2
2026-04-21 09:00:00-03:00,87.0,0.0
2026-04-21 10:00:00-03:00,87.0,0.0
2026-04-21 11:00:00-03:00,87.0,0.0
2026-04-21 12:00:00-03:00,87.0,0.0
2026-04-21 13:00:00-03:00,87.0,0.0
2026-04-21 14:00:00-03:00,87.0,0.0
2026-04-21 15:00:00-03:00,87.25,0.0
2026-04-21 16:00:00-03:00,86.75,0.0
2026-04-21 17:00:00-03:00,87.0,0.0
2026-04-21 18:00:00-03:00,86.75,0.0
2026-04-21 19:00:00-03:00,86.5,0.0
2026-04-21 20:00:00-03:00,86.0,0.0
2026-04-21 21:00:00-03:00,86.0,0.0
2026-04-21 22:00:00-03:00,86.25,0.0
2026-04-21 23:00:00-03:00,85.5,0.0
2026-04-22 00:00:00-03:00,85.75,0.0
2026-04-22 01:00:00-03:00,85.0,0.0
2026-04-22 02:00:00-03:00,85.0,0.0
2026-04-22 03:00:00-03:00,85.0,0.0
2026-04-22 04:00:00-03:00,85.0,0.0
2026-04-22 05:00:00-03:00,85.0,0.0
2026-04-22 06:00:00-03:00,85.0,0.0
2026-04-22 07:00:00-03:00,84.75,0.0
2026-04-22 08:00:00-03:00,84.0,0.0
2026-04-22 09:00:00-03:00,84.0,0.0
2026-04-22 10:00:00-03:00,84.0,0.0
2026-04-22 11:00:00-03:00,84.75,0.0
2026-04-22 12:00:00-03:00,85.0,0.0
2026-04-22 13:00:00-03:00,84.75,0.0
2026-04-22 14:00:00-03:00,84.75,0.0
2026-04-22 15:00:00-03:00,84.75,0.0
2026-04-22 16:00:00-03:00,84.75,0.0
2026-04-22 17:00:00-03:00,84.25,0.0
2026-04-22 18:00:00-03:00,84.0,0.0
2026-04-22 19:00:00-03:00,84.0,0.0
2026-04-22 20:00:00-03:00,84.0,0.0
2026-04-22 21:00:00-03:00,84.0,0.0
2026-04-22 22:00:00-03:00,83.75,0.0
2026-04-22 23:00:00-03:00,83.75,0.0
2026-04-23 00:00:00-03:00,83.5,0.0
2026-04-23 01:00:00-03:00,83.0,0.0
2026-04-23 02:00:00-03:00,83.0,0.2
2026-04-23 03:00:00-03:00,83.0,0.0
2026-04-23 04:00:00-03:00,83.0,0.0
2026-04-23 05:00:00-03:00,83.0,0.0
2026-04-23 06:00:00-03:00,83.0,0.0
2026-04-23 07:00:00-03:00,83.0,0.0
2026-04-23 08:00:00-03:00,83.0,0.0
2026-04-23 09:00:00-03:00,83.0,0.0
2026-04-23 10:00:00-03:00,83.0,0.0
2026-04-23 11:00:00-03:00,83.0,0.0
2026-04-23 12:00:00-03:00,83.5,0.0
2026-04-23 13:00:00-03:00,84.0,0.0
2026-04-23 14:00:00-03:00,83.75,0.0
2026-04-23 15:00:00-03:00,84.0,0.0
2026-04-23 16:00:00-03:00,84.0,0.0
2026-04-23 17:00:00-03:00,84.0,0.0
2026-04-23 18:00:00-03:00,84.0,0.0
2026-04-23 19:00:00-03:00,83.75,0.0
2026-04-23 20:00:00-03:00,83.5,0.0
2026-04-23 21:00:00-03:00,84.0,0.0
2026-04-23 22:00:00-03:00,83.0,0.0
2026-04-23 23:00:00-03:00,83.0,0.0
2026-04-24 00:00:00-03:00,83.0,0.0
2026-04-24 01:00:00-03:00,83.0,0.0
2026-04-24 02:00:00-03:00,83.0,0.0
2026-04-24 03:00:00-03:00,83.0,0.2
2026-04-24 04:00:00-03:00,83.0,0.0
2026-04-24 05:00:00-03:00,82.5,0.0
2026-04-24 06:00:00-03:00,83.0,0.0
2026-04-24 07:00:00-03:00,82.75,0.0
2026-04-24 08:00:00-03:00,82.0,0.0
2026-04-24 09:00:00-03:00,82.5,0.0
2026-04-24 10:00:00-03:00,82.5,0.0
2026-04-24 11:00:00-03:00,83.0,0.0
2026-04-24 12:00:00-03:00,83.0,0.0
2026-04-24 13:00:00-03:00,82.75,0.0
2026-04-24 14:00:00-03:00,83.0,0.0
2026-04-24 15:00:00-03:00,83.0,0.0
2026-04-24 16:00:00-03:00,83.0,0.0
2026-04-24 17:00:00-03:00,83.0,0.0
2026-04-24 18:00:00-03:00,82.75,0.0
2026-04-24 19:00:00-03:00,82.25,0.0
2026-04-24 20:00:00-03:00,82.0,0.0
2026-04-24 21:00:00-03:00,82.0,0.0
2026-04-24 22:00:00-03:00,82.0,0.0
2026-04-24 23:00:00-03:00,82.0,0.0
2026-04-25 00:00:00-03:00,82.0,0.0
2026-04-25 01:00:00-03:00,81.5,0.0
2026-04-25 02:00:00-03:00,82.0,0.0
2026-04-25 03:00:00-03:00,81.0,0.0
2026-04-25 04:00:00-03:00,81.0,0.0
2026-04-25 05:00:00-03:00,81.0,0.0
2026-04-25 06:00:00-03:00,81.0,0.2
2026-04-25 07:00:00-03:00,81.0,0.0
2026-04-25 08:00:00-03:00,81.0,0.0
2026-04-25 09:00:00-03:00,81.0,0.0
2026-04-25 10:00:00-03:00,81.0,0.0
2026-04-25 11:00:00-03:00,81.0,0.0
2026-04-25 12:00:00-03:00,81.0,0.0
2026-04-25 13:00:00-03:00,81.5,0.0
2026-04-25 14:00:00-03:00,81.25,0.0
2026-04-25 15:00:00-03:00,81.25,0.0
2026-04-25 16:00:00-03:00,81.25,0.0
2026-04-25 17:00:00-03:00,81.25,0.0
2026-04-25 18:00:00-03:00,81.0,0.0
2026-04-25 19:00:00-03:00,81.0,0.0
2026-04-25 20:00:00-03:00,81.0,0.0
2026-04-25 21:00:00-03:00,81.0,0.0
2026-04-25 22:00:00-03:00,80.75,0.0
2026-04-25 23:00:00-03:00,81.0,0.0
2026-04-26 00:00:00-03:00,80.75,0.0
2026-04-26 01:00:00-03:00,80.0,0.0
2026-04-26 02:00:00-03:00,80.0,0.0
2026-04-26 03:00:00-03:00,80.0,0.0
2026-04-26 04:00:00-03:00,80.0,0.0
2026-04-26 05:00:00-03:00,80.0,0.0
2026-04-26 06:00:00-03:00,80.0,0.0
2026-04-26 07:00:00-03:00,79.75,0.0
2026-04-26 08:00:00-03:00,80.0,0.0
2026-04-26 09:00:00-03:00,79.75,0.0
2026-04-26 10:00:00-03:00,79.75,0.0
2026-04-26 11:00:00-03:00,80.0,0.0
2026-04-26 12:00:00-03:00,80.0,0.0
2026-04-26 13:00:00-03:00,80.0,0.0
2026-04-26 14:00:00-03:00,80.25,0.0
2026-04-26 15:00:00-03:00,80.25,0.0
2026-04-26 16:00:00-03:00,80.0,0.0
2026-04-26 17:00:00-03:00,80.0,0.0
2026-04-26 18:00:00-03:00,80.0,0.0
2026-04-26 19:00:00-03:00,80.0,0.0
2026-04-26 20:00:00-03:00,79.75,0.0
2026-04-26 21:00:00-03:00,79.5,0.0
2026-04-26 22:00:00-03:00,79.75,0.0
2026-04-26 23:00:00-03:00,79.25,0.0
2026-04-27 00:00:00-03:00,79.0,0.0
2026-04-27 01:00:00-03:00,79.0,0.0
2026-04-27 02:00:00-03:00,79.0,0.0
2026-04-27 03:00:00-03:00,78.75,0.0
2026-04-27 04:00:00-03:00,79.0,0.0
2026-04-27 05:00:00-03:00,79.0,0.0
2026-04-27 06:00:00-03:00,79.0,0.0
2026-04-27 07:00:00-03:00,78.75,0.0
2026-04-27 08:00:00-03:00,78.75,0.0
2026-04-27 09:00:00-03:00,78.5,0.0
2026-04-27 10:00:00-03:00,79.0,0.0
2026-04-27 11:00:00-03:00,79.0,0.0
2026-04-27 12:00:00-03:00,78.75,0.0
2026-04-27 13:00:00-03:00,79.25,0.0
2026-04-27 14:00:00-03:00,79.0,0.0
2026-04-27 15:00:00-03:00,79.0,0.0
2026-04-27 16:00:00-03:00,79.0,0.0
2026-04-27 17:00:00-03:00,79.0,0.0
2026-04-27 18:00:00-03:00,79.0,0.4
2026-04-27 19:00:00-03:00,79.0,0.0
2026-04-27 20:00:00-03:00,79.0,0.0
2026-04-27 21:00:00-03:00,79.0,0.0
2026-04-27 22:00:00-03:00,78.25,0.0
2026-04-27 23:00:00-03:00,78.25,0.0
2026-04-28 00:00:00-03:00,78.0,0.0
2026-04-28 01:00:00-03:00,78.0,0.0
2026-04-28 02:00:00-03:00,78.0,0.0
2026-04-28 03:00:00-03:00,78.0,0.0
2026-04-28 04:00:00-03:00,78.0,0.0
2026-04-28 05:00:00-03:00,78.0,0.0
2026-04-28 06:00:00-03:00,78.0,0.0
2026-04-28 07:00:00-03:00,78.0,0.0
2026-04-28 08:00:00-03:00,77.75,0.0
2026-04-28 09:00:00-03:00,77.75,0.0
2026-04-28 10:00:00-03:00,78.0,0.0
2026-04-28 11:00:00-03:00,78.0,0.0
2026-04-28 12:00:00-03:00,78.25,0.0
2026-04-28 13:00:00-03:00,78.5,0.0
2026-04-28 14:00:00-03:00,78.5,0.0
2026-04-28 15:00:00-03:00,78.75,0.0
2026-04-28 16:00:00-03:00,78.5,0.0
2026-04-28 17:00:00-03:00,78.0,0.0
2026-04-28 18:00:00-03:00,78.0,0.0
2026-04-28 19:00:00-03:00,78.0,0.0
2026-04-28 20:00:00-03:00,78.0,0.0
2026-04-28 21:00:00-03:00,78.0,0.0
2026-04-28 22:00:00-03:00,78.0,0.0
2026-04-28 23:00:00-03:00,77.75,0.0
2026-04-29 00:00:00-03:00,77.5,0.0
2026-04-29 01:00:00-03:00,77.75,0.0
2026-04-29 02:00:00-03:00,77.25,0.0
2026-04-29 03:00:00-03:00,77.0,0.0
2026-04-29 04:00:00-03:00,77.0,0.0
2026-04-29 05:00:00-03:00,77.0,0.0
2026-04-29 06:00:00-03:00,77.0,0.0
2026-04-29 07:00:00-03:00,77.0,0.0
2026-04-29 08:00:00-03:00,77.25,0.0
2026-04-29 09:00:00-03:00,77.0,0.0
2026-04-29 10:00:00-03:00,77.0,0.0
2026-04-29 11:00:00-03:00,77.75,0.0
2026-04-29 12:00:00-03:00,78.0,0.0
2026-04-29 13:00:00-03:00,78.0,0.0
2026-04-29 14:00:00-03:00,78.0,0.0
2026-04-29 15:00:00-03:00,78.0,0.0
2026-04-29 16:00:00-03:00,77.5,0.0
2026-04-29 17:00:00-03:00,77.0,0.0
2026-04-29 18:00:00-03:00,77.0,0.0
2026-04-29 19:00:00-03:00,77.0,0.0
2026-04-29 20:00:00-03:00,77.0,0.0
2026-04-29 21:00:00-03:00,77.0,0.0
2026-04-29 22:00:00-03:00,77.0,0.0
2026-04-29 23:00:00-03:00,77.0,0.0
2026-04-30 00:00:00-03:00,77.0,0.0
2026-04-30 01:00:00-03:00,76.75,0.0
2026-04-30 02:00:00-03:00,77.0,0.0
2026-04-30 03:00:00-03:00,77.0,0.0
2026-04-30 04:00:00-03:00,77.0,0.0
2026-04-30 05:00:00-03:00,77.0,0.0
2026-04-30 06:00:00-03:00,77.0,0.0
2026-04-30 07:00:00-03:00,77.25,0.0
2026-04-30 08:00:00-03:00,77.0,0.0
2026-04-30 09:00:00-03:00,77.25,0.0
2026-04-30 10:00:00-03:00,78.0,0.0
2026-04-30 11:00:00-03:00,78.0,0.0
2026-04-30 12:00:00-03:00,79.0,0.0
2026-04-30 13:00:00-03:00,79.0,0.0
2026-04-30 14:00:00-03:00,79.25,0.0
2026-04-30 15:00:00-03:00,80.0,0.0
2026-04-30 16:00:00-03:00,79.75,0.0
2026-04-30 17:00:00-03:00,79.25,0.0
2026-04-30 18:00:00-03:00,80.0,0.0
2026-04-30 19:00:00-03:00,80.0,0.0
2026-04-30 20:00:00-03:00,80.0,0.0
2026-04-30 21:00:00-03:00,80.0,0.0
2026-04-30 22:00:00-03:00,80.0,0.0
2026-04-30 23:00:00-03:00,79.25,0.0
2026-05-01 00:00:00-03:00,79.0,0.0
2026-05-01 01:00:00-03:00,79.0,0.0
2026-05-01 02:00:00-03:00,79.0,0.0
2026-05-01 03:00:00-03:00,79.0,0.0
2026-05-01 04:00:00-03:00,78.25,0.0
2026-05-01 05:00:00-03:00,78.0,0.0
2026-05-01 06:00:00-03:00,78.0,0.0
2026-05-01 07:00:00-03:00,78.0,0.0
2026-05-01 08:00:00-03:00,78.0,0.0
2026-05-01 09:00:00-03:00,78.0,0.0
2026-05-01 10:00:00-03:00,77.75,0.0
2026-05-01 11:00:00-03:00,77.5,0.0
2026-05-01 12:00:00-03:00,77.5,0.0
2026-05-01 13:00:00-03:00,77.75,0.0
2026-05-01 14:00:00-03:00,77.5,0.0
2026-05-01 15:00:00-03:00,77.0,0.0
2026-05-01 16:00:00-03:00,77.25,0.0
2026-05-01 17:00:00-03:00,77.0,0.0
2026-05-01 18:00:00-03:00,76.75,0.0
2026-05-01 19:00:00-03:00,76.75,0.0
2026-05-01 20:00:00-03:00,76.0,0.0
2026-05-01 21:00:00-03:00,76.0,0.0
2026-05-01 22:00:00-03:00,76.0,0.0
2026-05-01 23:00:00-03:00,76.0,0.0
2026-05-02 00:00:00-03:00,76.0,0.0
2026-05-02 01:00:00-03:00,76.0,0.0
2026-05-02 02:00:00-03:00,76.0,0.0
2026-05-02 03:00:00-03:00,76.0,0.0
2026-05-02 04:00:00-03:00,76.0,0.0
2026-05-02 05:00:00-03:00,75.75,0.2
2026-05-02 06:00:00-03:00,75.75,0.0
2026-05-02 07:00:00-03:00,76.0,0.0
2026-05-02 08:00:00-03:00,75.0,0.0
2026-05-02 09:00:00-03:00,75.25,0.0
2026-05-02 10:00:00-03:00,75.75,0.0
2026-05-02 11:00:00-03:00,76.0,0.0
2026-05-02 12:00:00-03:00,76.0,0.0
2026-05-02 13:00:00-03:00,76.0,0.0
2026-05-02 14:00:00-03:00,76.0,0.0
2026-05-02 15:00:00-03:00,76.0,0.0
2026-05-02 16:00:00-03:00,76.0,0.0
2026-05-02 17:00:00-03:00,76.0,0.0
2026-05-02 18:00:00-03:00,75.75,0.0
2026-05-02 19:00:00-03:00,75.75,0.0
2026-05-02 20:00:00-03:00,75.25,0.0
2026-05-02 21:00:00-03:00,75.0,0.0
2026-05-02 22:00:00-03:00,75.25,0.0
2026-05-02 23:00:00-03:00,75.0,0.0
2026-05-03 00:00:00-03:00,75.0,0.0
2026-05-03 01:00:00-03:00,75.0,0.0
2026-05-03 02:00:00-03:00,75.0,0.0
2026-05-03 03:00:00-03:00,75.0,0.0
2026-05-03 04:00:00-03:00,74.75,0.0
2026-05-03 05:00:00-03:00,74.0,0.0
2026-05-03 06:00:00-03:00,74.25,0.0
2026-05-03 07:00:00-03:00,74.25,0.0
2026-05-03 08:00:00-03:00,74.0,0.2
2026-05-03 09:00:00-03:00,73.75,0.0
2026-05-03 10:00:00-03:00,74.0,0.0
2026-05-03 11:00:00-03:00,74.0,0.0
2026-05-03 12:00:00-03:00,74.0,0.0
2026-05-03 13:00:00-03:00,74.0,0.0
2026-05-03 14:00:00-03:00,74.0,0.0
2026-05-03 15:00:00-03:00,74.0,0.0
2026-05-03 16:00:00-03:00,74.0,0.0
2026-05-03 17:00:00-03:00,74.0,0.0
2026-05-03 18:00:00-03:00,73.75,0.0
2026-05-03 19:00:00-03:00,73.5,0.0
2026-05-03 20:00:00-03:00,73.5,0.0
2026-05-03 21:00:00-03:00,73.0,0.0
2026-05-03 22:00:00-03:00,73.0,0.0
2026-05-03 23:00:00-03:00,73.0,0.0
2026-05-04 00:00:00-03:00,73.0,0.0
2026-05-04 01:00:00-03:00,73.0,0.0
2026-05-04 02:00:00-03:00,73.0,0.0
2026-05-04 03:00:00-03:00,73.0,0.0
2026-05-04 04:00:00-03:00,73.0,0.0
2026-05-04 05:00:00-03:00,73.0,0.0
2026-05-04 06:00:00-03:00,72.75,0.0
2026-05-04 07:00:00-03:00,72.25,0.0
2026-05-04 08:00:00-03:00,72.25,0.0
2026-05-04 09:00:00-03:00,72.0,0.0
2026-05-04 10:00:00-03:00,72.0,0.0
2026-05-04 11:00:00-03:00,72.5,0.0
2026-05-04 12:00:00-03:00,72.75,0.0
2026-05-04 13:00:00-03:00,72.75,0.0
2026-05-04 14:00:00-03:00,72.5,0.0
2026-05-04 15:00:00-03:00,72.5,0.0
2026-05-04 16:00:00-03:00,72.25,0.0
2026-05-04 17:00:00-03:00,72.0,0.0
2026-05-04 18:00:00-03:00,72.0,0.0
2026-05-04 19:00:00-03:00,72.0,0.0
2026-05-04 20:00:00-03:00,72.0,0.0
2026-05-04 21:00:00-03:00,72.0,0.0
2026-05-04 22:00:00-03:00,71.5,0.0
2026-05-04 23:00:00-03:00,71.75,0.0
2026-05-05 00:00:00-03:00,71.25,0.0
2026-05-05 01:00:00-03:00,71.5,0.0
2026-05-05 02:00:00-03:00,71.0,0.0
2026-05-05 03:00:00-03:00,71.0,0.0
2026-05-05 04:00:00-03:00,71.0,0.0
2026-05-05 05:00:00-03:00,71.0,0.0
2026-05-05 06:00:00-03:00,71.0,0.0
2026-05-05 07:00:00-03:00,71.0,0.0
2026-05-05 08:00:00-03:00,70.75,0.0
2026-05-05 09:00:00-03:00,70.5,0.0
2026-05-05 10:00:00-03:00,70.5,0.0
2026-05-05 11:00:00-03:00,71.0,0.0
2026-05-05 12:00:00-03:00,71.0,0.0
2026-05-05 13:00:00-03:00,71.0,0.0
2026-05-05 14:00:00-03:00,71.0,0.0
2026-05-05 15:00:00-03:00,71.5,0.0
2026-05-05 16:00:00-03:00,71.5,0.0
2026-05-05 17:00:00-03:00,71.0,0.0
2026-05-05 18:00:00-03:00,71.25,0.0
2026-05-05 19:00:00-03:00,72.0,0.2
2026-05-05 20:00:00-03:00,72.0,0.0
2026-05-05 21:00:00-03:00,71.5,0.0
2026-05-05 22:00:00-03:00,71.75,0.0
2026-05-05 23:00:00-03:00,72.0,0.2
2026-05-06 00:00:00-03:00,71.75,0.0
2026-05-06 01:00:00-03:00,71.75,0.0
2026-05-06 02:00:00-03:00,71.25,0.0
2026-05-06 03:00:00-03:00,72.0,0.0
2026-05-06 04:00:00-03:00,71.75,0.0
2026-05-06 05:00:00-03:00,72.0,0.0
2026-05-06 06:00:00-03:00,72.0,0.0
2026-05-06 07:00:00-03:00,72.0,0.0
2026-05-06 08:00:00-03:00,72.0,0.0
2026-05-06 09:00:00-03:00,72.0,0.0
2026-05-06 10:00:00-03:00,72.0,0.0
2026-05-06 11:00:00-03:00,72.5,0.0
2026-05-06 12:00:00-03:00,72.75,0.0
2026-05-06 13:00:00-03:00,73.0,0.0
2026-05-06 14:00:00-03:00,73.0,0.0
2026-05-06 15:00:00-03:00,73.0,0.0
2026-05-06 16:00:00-03:00,73.0,0.0
2026-05-06 17:00:00-03:00,73.0,0.0
2026-05-06 18:00:00-03:00,73.0,0.0
2026-05-06 19:00:00-03:00,73.0,0.0
2026-05-06 20:00:00-03:00,72.75,0.0
2026-05-06 21:00:00-03:00,72.75,0.0
2026-05-06 22:00:00-03:00,72.0,0.0
2026-05-06 23:00:00-03:00,72.25,0.0
2026-05-07 00:00:00-03:00,72.0,0.0
2026-05-07 01:00:00-03:00,72.0,0.0
2026-05-07 02:00:00-03:00,72.0,0.0
2026-05-07 03:00:00-03:00,72.0,0.2
2026-05-07 04:00:00-03:00,71.5,0.0
2026-05-07 05:00:00-03:00,71.5,0.0
2026-05-07 06:00:00-03:00,71.5,0.0
2026-05-07 07:00:00-03:00,71.5,0.0
2026-05-07 08:00:00-03:00,71.0,0.0
2026-05-07 09:00:00-03:00,71.0,0.2
2026-05-07 10:00:00-03:00,71.0,0.0
2026-05-07 11:00:00-03:00,71.5,0.0
2026-05-07 12:00:00-03:00,72.0,0.0
2026-05-07 13:00:00-03:00,72.0,0.0
2026-05-07 14:00:00-03:00,72.0,0.0
2026-05-07 15:00:00-03:00,72.0,0.0
2026-05-07 16:00:00-03:00,72.0,0.0
2026-05-07 17:00:00-03:00,71.75,0.0
2026-05-07 18:00:00-03:00,71.5,0.0
2026-05-07 19:00:00-03:00,71.0,0.0
2026-05-07 20:00:00-03:00,71.0,0.0
2026-05-07 21:00:00-03:00,71.0,0.0
2026-05-07 22:00:00-03:00,71.0,0.0
2026-05-07 23:00:00-03:00,71.0,0.0
2026-05-08 00:00:00-03:00,70.75,0.0
2026-05-08 01:00:00-03:00,70.0,0.0
2026-05-08 02:00:00-03:00,70.0,0.0
2026-05-08 03:00:00-03:00,70.0,0.0
2026-05-08 04:00:00-03:00,70.0,0.0
2026-05-08 05:00:00-03:00,70.0,0.0
2026-05-08 06:00:00-03:00,70.0,0.0
2026-05-08 07:00:00-03:00,70.0,0.0
2026-05-08 08:00:00-03:00,69.75,0.0
2026-05-08 09:00:00-03:00,70.0,0.0
2026-05-08 10:00:00-03:00,70.0,0.0
2026-05-08 11:00:00-03:00,70.0,0.0
2026-05-08 12:00:00-03:00,70.0,0.0
2026-05-08 13:00:00-03:00,70.0,0.0
2026-05-08 14:00:00-03:00,70.0,0.0
2026-05-08 15:00:00-03:00,70.0,0.0
2026-05-08 16:00:00-03:00,70.0,0.0
2026-05-08 17:00:00-03:00,69.75,0.0
2026-05-08 18:00:00-03:00,69.5,0.0
2026-05-08 19:00:00-03:00,69.75,0.0
2026-05-08 20:00:00-03:00,69.0,0.0
2026-05-08 21:00:00-03:00,69.0,0.0
2026-05-08 22:00:00-03:00,69.0,0.0
2026-05-08 23:00:00-03:00,69.0,0.0
2026-05-09 00:00:00-03:00,69.0,0.0
2026-05-09 01:00:00-03:00,69.0,0.0
2026-05-09 02:00:00-03:00,69.0,0.0
2026-05-09 03:00:00-03:00,69.0,0.0
2026-05-09 04:00:00-03:00,69.0,0.0
2026-05-09 05:00:00-03:00,69.0,0.0
2026-05-09 06:00:00-03:00,69.0,0.0
2026-05-09 07:00:00-03:00,69.0,0.0
2026-05-09 08:00:00-03:00,69.0,0.0
2026-05-09 09:00:00-03:00,68.75,0.0
2026-05-09 10:00:00-03:00,69.0,0.0
2026-05-09 11:00:00-03:00,69.0,0.0
2026-05-09 12:00:00-03:00,69.0,0.0
2026-05-09 13:00:00-03:00,69.25,0.0
2026-05-09 14:00:00-03:00,69.0,0.0
2026-05-09 15:00:00-03:00,69.0,0.0
2026-05-09 16:00:00-03:00,69.0,0.0
2026-05-09 17:00:00-03:00,69.0,0.0
2026-05-09 18:00:00-03:00,69.0,0.0
2026-05-09 19:00:00-03:00,69.0,0.0
2026-05-09 20:00:00-03:00,69.0,0.0
2026-05-09 21:00:00-03:00,68.25,0.0
2026-05-09 22:00:00-03:00,68.75,0.0
2026-05-09 23:00:00-03:00,68.0,0.0
2026-05-10 00:00:00-03:00,68.0,0.0
2026-05-10 01:00:00-03:00,68.0,0.0
2026-05-10 02:00:00-03:00,67.75,0.0
2026-05-10 03:00:00-03:00,68.0,0.0
2026-05-10 04:00:00-03:00,68.0,0.0
2026-05-10 05:00:00-03:00,68.0,0.0
2026-05-10 06:00:00-03:00,68.0,0.0
2026-05-10 07:00:00-03:00,68.0,0.0
2026-05-10 08:00:00-03:00,68.0,0.0
2026-05-10 09:00:00-03:00,68.0,0.0
2026-05-10 10:00:00-03:00,68.0,0.0
2026-05-10 11:00:00-03:00,68.0,0.0
2026-05-10 12:00:00-03:00,68.0,0.0
2026-05-10 13:00:00-03:00,68.0,0.0
2026-05-10 14:00:00-03:00,68.25,0.0
2026-05-10 15:00:00-03:00,68.0,0.0
2026-05-10 16:00:00-03:00,68.0,0.0
2026-05-10 17:00:00-03:00,68.0,0.0
2026-05-10 18:00:00-03:00,68.0,0.0
2026-05-10 19:00:00-03:00,68.0,0.0
2026-05-10 20:00:00-03:00,68.0,0.0
2026-05-10 21:00:00-03:00,67.75,0.0
2026-05-10 22:00:00-03:00,67.75,0.0
2026-05-10 23:00:00-03:00,67.5,0.0
2026-05-11 00:00:00-03:00,67.5,0.0
2026-05-11 01:00:00-03:00,67.0,0.0
2026-05-11 02:00:00-03:00,67.0,0.0
2026-05-11 03:00:00-03:00,67.0,0.0
2026-05-11 04:00:00-03:00,67.0,0.0
2026-05-11 05:00:00-03:00,67.0,0.0
2026-05-11 06:00:00-03:00,67.0,0.6
2026-05-11 07:00:00-03:00,67.0,0.6
2026-05-11 08:00:00-03:00,67.0,0.0
2026-05-11 09:00:00-03:00,67.0,0.0
2026-05-11 10:00:00-03:00,67.0,0.0
2026-05-11 11:00:00-03:00,67.0,0.0
2026-05-11 12:00:00-03:00,67.0,0.0
2026-05-11 13:00:00-03:00,67.0,0.0
2026-05-11 14:00:00-03:00,67.25,0.0
2026-05-11 15:00:00-03:00,67.0,0.0
2026-05-11 16:00:00-03:00,67.25,0.0
2026-05-11 17:00:00-03:00,67.5,0.0
2026-05-11 18:00:00-03:00,67.25,0.0
2026-05-11 19:00:00-03:00,67.0,0.0
2026-05-11 20:00:00-03:00,67.25,0.2
2026-05-11 21:00:00-03:00,67.0,0.0
2026-05-11 22:00:00-03:00,67.25,0.0
2026-05-11 23:00:00-03:00,67.0,0.0
2026-05-12 00:00:00-03:00,67.25,0.0
2026-05-12 01:00:00-03:00,67.5,0.0
2026-05-12 02:00:00-03:00,67.0,0.0
2026-05-12 03:00:00-03:00,67.5,0.0
2026-05-12 04:00:00-03:00,67.25,0.0
2026-05-12 05:00:00-03:00,67.0,0.0
2026-05-12 06:00:00-03:00,67.75,0.2
2026-05-12 07:00:00-03:00,67.75,0.0
2026-05-12 08:00:00-03:00,68.0,0.0
2026-05-12 09:00:00-03:00,68.0,0.0
2026-05-12 10:00:00-03:00,68.0,0.0
2026-05-12 11:00:00-03:00,68.5,0.0
2026-05-12 12:00:00-03:00,68.75,0.0
2026-05-12 13:00:00-03:00,69.25,0.0
2026-05-12 14:00:00-03:00,70.0,0.0
2026-05-12 15:00:00-03:00,70.0,0.0
2026-05-12 16:00:00-03:00,70.0,0.0
2026-05-12 17:00:00-03:00,70.0,0.0
2026-05-12 18:00:00-03:00,70.0,0.0
2026-05-12 19:00:00-03:00,70.0,0.0
2026-05-12 20:00:00-03:00,70.0,0.0
2026-05-12 21:00:00-03:00,70.0,0.0
2026-05-12 22:00:00-03:00,70.0,0.0
2026-05-12 23:00:00-03:00,70.0,0.0
2026-05-13 00:00:00-03:00,70.0,0.0
2026-05-13 01:00:00-03:00,70.0,0.0
2026-05-13 02:00:00-03:00,69.5,0.0
2026-05-13 03:00:00-03:00,69.0,0.0
2026-05-13 04:00:00-03:00,69.0,0.0
2026-05-13 05:00:00-03:00,69.0,0.0
2026-05-13 06:00:00-03:00,69.0,0.0
2026-05-13 07:00:00-03:00,69.0,0.0
2026-05-13 08:00:00-03:00,69.0,0.0
2026-05-13 09:00:00-03:00,69.0,0.0
2026-05-13 10:00:00-03:00,68.75,0.0
2026-05-13 11:00:00-03:00,68.75,0.0
2026-05-13 12:00:00-03:00,69.0,0.0
2026-05-13 13:00:00-03:00,68.5,0.0
2026-05-13 14:00:00-03:00,69.0,0.0
2026-05-13 15:00:00-03:00,68.5,0.0
2026-05-13 16:00:00-03:00,68.0,0.0
2026-05-13 17:00:00-03:00,68.0,0.0
2026-05-13 18:00:00-03:00,68.0,0.0
2026-05-13 19:00:00-03:00,68.0,0.0
2026-05-13 20:00:00-03:00,68.0,0.0
2026-05-13 21:00:00-03:00,68.0,0.0
2026-05-13 22:00:00-03:00,68.0,0.0
2026-05-13 23:00:00-03:00,67.5,0.0
2026-05-14 00:00:00-03:00,67.0,0.0
2026-05-14 01:00:00-03:00,67.0,0.0
2026-05-14 02:00:00-03:00,67.0,0.0
2026-05-14 03:00:00-03:00,67.0,0.0
2026-05-14 04:00:00-03:00,66.5,0.0
2026-05-14 05:00:00-03:00,66.5,0.0
2026-05-14 06:00:00-03:00,66.0,0.0
2026-05-14 07:00:00-03:00,66.0,0.2
2026-05-14 08:00:00-03:00,66.0,0.0
2026-05-14 09:00:00-03:00,66.0,0.0
2026-05-14 10:00:00-03:00,66.0,0.0
2026-05-14 11:00:00-03:00,66.0,0.0
2026-05-14 12:00:00-03:00,66.0,0.0
2026-05-14 13:00:00-03:00,66.0,0.0
2026-05-14 14:00:00-03:00,66.0,0.0
2026-05-14 15:00:00-03:00,66.0,0.0
2026-05-14 16:00:00-03:00,66.0,0.0
2026-05-14 17:00:00-03:00,66.0,0.0
2026-05-14 18:00:00-03:00,65.5,0.0
2026-05-14 19:00:00-03:00,65.75,0.0
2026-05-14 20:00:00-03:00,65.5,0.0
2026-05-14 21:00:00-03:00,65.25,0.0
2026-05-14 22:00:00-03:00,65.0,0.0
2026-05-14 23:00:00-03:00,65.0,0.0
2026-05-15 00:00:00-03:00,65.0,0.0
2026-05-15 01:00:00-03:00,65.0,0.0
2026-05-15 02:00:00-03:00,64.75,0.0
2026-05-15 03:00:00-03:00,65.0,0.0
2026-05-15 04:00:00-03:00,65.0,0.0
2026-05-15 05:00:00-03:00,64.5,0.0
2026-05-15 06:00:00-03:00,64.75,0.0
2026-05-15 07:00:00-03:00,64.75,0.0
2026-05-15 08:00:00-03:00,64.5,0.0
2026-05-15 09:00:00-03:00,64.5,0.0
2026-05-15 10:00:00-03:00,65.0,0.0
2026-05-15 11:00:00-03:00,65.0,0.0
2026-05-15 12:00:00-03:00,65.0,0.0
2026-05-15 13:00:00-03:00,65.25,0.0
2026-05-15 14:00:00-03:00,65.0,0.0
2026-05-15 15:00:00-03:00,65.25,0.0
2026-05-15 16:00:00-03:00,65.0,0.0
2026-05-15 17:00:00-03:00,65.0,0.0
2026-05-15 18:00:00-03:00,65.0,0.0
2026-05-15 19:00:00-03:00,65.0,0.0
2026-05-15 20:00:00-03:00,65.0,0.0
2026-05-15 21:00:00-03:00,65.0,0.0
2026-05-15 22:00:00-03:00,65.0,0.0
2026-05-15 23:00:00-03:00,65.0,0.0
2026-05-16 00:00:00-03:00,65.0,0.0
2026-05-16 01:00:00-03:00,65.0,0.2
2026-05-16 02:00:00-03:00,65.0,0.0
2026-05-16 03:00:00-03:00,64.75,0.0
2026-05-16 04:00:00-03:00,65.0,0.0
2026-05-16 05:00:00-03:00,65.0,0.0
2026-05-16 06:00:00-03:00,64.75,0.0
2026-05-16 07:00:00-03:00,65.0,0.0
2026-05-16 08:00:00-03:00,65.0,0.0
2026-05-16 09:00:00-03:00,65.0,0.0
2026-05-16 10:00:00-03:00,65.0,0.0
2026-05-16 11:00:00-03:00,65.25,0.0
2026-05-16 12:00:00-03:00,65.5,0.0
2026-05-16 13:00:00-03:00,65.75,0.0
2026-05-16 14:00:00-03:00,66.0,0.0
2026-05-16 15:00:00-03:00,66.0,0.0
2026-05-16 16:00:00-03:00,66.0,0.0
2026-05-16 17:00:00-03:00,66.0,0.0
2026-05-16 18:00:00-03:00,65.75,0.0
2026-05-16 19:00:00-03:00,66.0,0.0
2026-05-16 20:00:00-03:00,66.0,5.8
2026-05-16 21:00:00-03:00,65.75,0.2
2026-05-16 22:00:00-03:00,65.75,0.0
2026-05-16 23:00:00-03:00,65.75,0.0
2026-05-17 00:00:00-03:00,65.25,0.0
2026-05-17 01:00:00-03:00,65.5,0.2
2026-05-17 02:00:00-03:00,65.25,0.0
2026-05-17 03:00:00-03:00,65.25,0.0
2026-05-17 04:00:00-03:00,65.5,0.0
2026-05-17 05:00:00-03:00,65.75,0.0
2026-05-17 06:00:00-03:00,65.75,0.0
2026-05-17 07:00:00-03:00,66.0,0.2
2026-05-17 08:00:00-03:00,66.0,0.0
2026-05-17 09:00:00-03:00,66.0,0.0
2026-05-17 10:00:00-03:00,66.25,0.0
2026-05-17 11:00:00-03:00,66.75,0.0
2026-05-17 12:00:00-03:00,67.0,0.0
2026-05-17 13:00:00-03:00,68.0,0.0
2026-05-17 14:00:00-03:00,68.0,0.0
2026-05-17 15:00:00-03:00,68.25,0.0
2026-05-17 16:00:00-03:00,68.75,0.0
2026-05-17 17:00:00-03:00,69.0,0.0
2026-05-17 18:00:00-03:00,69.0,14.0
2026-05-17 19:00:00-03:00,70.0,8.8
2026-05-17 20:00:00-03:00,70.0,0.0
2026-05-17 21:00:00-03:00,70.5,0.0
2026-05-17 22:00:00-03:00,71.0,0.8
2026-05-17 23:00:00-03:00,71.0,1.0
2026-05-18 00:00:00-03:00,71.0,0.0
2026-05-18 01:00:00-03:00,71.0,0.0
2026-05-18 02:00:00-03:00,71.0,0.0
2026-05-18 03:00:00-03:00,71.0,0.0
2026-05-18 04:00:00-03:00,71.0,0.0
2026-05-18 05:00:00-03:00,72.0,0.2
2026-05-18 06:00:00-03:00,72.0,0.0
2026-05-18 07:00:00-03:00,72.0,0.0
2026-05-18 08:00:00-03:00,73.0,0.0
2026-05-18 09:00:00-03:00,73.0,0.0
2026-05-18 10:00:00-03:00,73.0,0.0
2026-05-18 11:00:00-03:00,73.0,0.0
2026-05-18 12:00:00-03:00,74.0,0.0
2026-05-18 13:00:00-03:00,74.0,0.0
2026-05-18 14:00:00-03:00,74.0,0.0
2026-05-18 15:00:00-03:00,74.25,0.0
2026-05-18 16:00:00-03:00,74.75,0.0
2026-05-18 17:00:00-03:00,75.0,0.0
2026-05-18 18:00:00-03:00,75.5,0.0
2026-05-18 19:00:00-03:00,76.25,0.0
2026-05-18 20:00:00-03:00,77.25,0.0
2026-05-18 21:00:00-03:00,78.0,0.0
2026-05-18 22:00:00-03:00,79.0,0.0
2026-05-18 23:00:00-03:00,80.0,0.0
2026-05-19 00:00:00-03:00,80.75,0.0
2026-05-19 01:00:00-03:00,81.75,0.0
2026-05-19 02:00:00-03:00,82.5,0.0
2026-05-19 03:00:00-03:00,83.25,0.0
2026-05-19 04:00:00-03:00,84.0,0.0
2026-05-19 05:00:00-03:00,84.75,0.0
2026-05-19 06:00:00-03:00,85.0,0.0
2026-05-19 07:00:00-03:00,85.25,0.0
2026-05-19 08:00:00-03:00,86.0,0.0
2026-05-19 09:00:00-03:00,86.0,0.0
2026-05-19 10:00:00-03:00,86.25,0.0
2026-05-19 11:00:00-03:00,86.25,0.0
2026-05-19 12:00:00-03:00,87.0,0.0
2026-05-19 13:00:00-03:00,87.0,0.0
2026-05-19 14:00:00-03:00,87.0,0.0
2026-05-19 15:00:00-03:00,86.5,0.0
2026-05-19 16:00:00-03:00,86.5,2.4
2026-05-19 17:00:00-03:00,86.25,0.0
2026-05-19 18:00:00-03:00,86.0,0.0
2026-05-19 19:00:00-03:00,85.75,0.0
2026-05-19 20:00:00-03:00,85.0,0.0
2026-05-19 21:00:00-03:00,84.75,0.0
2026-05-19 22:00:00-03:00,84.0,0.0
2026-05-19 23:00:00-03:00,83.5,0.0
2026-05-20 00:00:00-03:00,83.0,0.0
2026-05-20 01:00:00-03:00,82.25,0.0
2026-05-20 02:00:00-03:00,82.0,0.0
2026-05-20 03:00:00-03:00,81.0,0.2
2026-05-20 04:00:00-03:00,80.75,0.0
2026-05-20 05:00:00-03:00,80.0,0.0
2026-05-20 06:00:00-03:00,80.0,5.6
2026-05-20 07:00:00-03:00,80.5,2.2
2026-05-20 08:00:00-03:00,81.25,2.2
2026-05-20 09:00:00-03:00,81.0,1.0
2026-05-20 10:00:00-03:00,80.0,0.0
2026-05-20 11:00:00-03:00,80.0,0.0
2026-05-20 12:00:00-03:00,79.75,0.0
2026-05-20 13:00:00-03:00,79.0,0.0
2026-05-20 14:00:00-03:00,79.0,0.0
2026-05-20 15:00:00-03:00,79.0,0.0
2026-05-20 16:00:00-03:00,79.0,0.0
2026-05-20 17:00:00-03:00,79.5,0.0
2026-05-20 18:00:00-03:00,79.5,0.0
2026-05-20 19:00:00-03:00,80.0,0.0
2026-05-20 20:00:00-03:00,80.75,0.0
2026-05-20 21:00:00-03:00,81.25,0.0
2026-05-20 22:00:00-03:00,82.0,0.0
2026-05-20 23:00:00-03:00,82.25,0.0
2026-05-21 00:00:00-03:00,82.75,0.0
2026-05-21 01:00:00-03:00,83.0,0.0
2026-05-21 02:00:00-03:00,84.0,0.2
2026-05-21 03:00:00-03:00,84.75,0.0
2026-05-21 04:00:00-03:00,85.75,0.0
2026-05-21 05:00:00-03:00,86.75,0.0
2026-05-21 06:00:00-03:00,88.0,0.0
2026-05-21 07:00:00-03:00,89.5,0.0
2026-05-21 08:00:00-03:00,90.75,0.0
2026-05-21 09:00:00-03:00,92.0,0.0
2026-05-21 10:00:00-03:00,93.75,0.0
2026-05-21 11:00:00-03:00,95.75,0.0
2026-05-21 12:00:00-03:00,97.25,0.0
2026-05-21 13:00:00-03:00,98.5,0.0
2026-05-21 14:00:00-03:00,99.75,0.0
2026-05-21 15:00:00-03:00,101.0,0.0
2026-05-21 16:00:00-03:00,101.75,0.0
2026-05-21 17:00:00-03:00,102.25,0.0
2026-05-21 18:00:00-03:00,102.5,0.0
2026-05-21 19:00:00-03:00,103.0,0.0
2026-05-21 20:00:00-03:00,103.75,0.0
2026-05-21 21:00:00-03:00,103.5,0.0
2026-05-21 22:00:00-03:00,103.75,0.0
2026-05-21 23:00:00-03:00,103.5,0.0
2026-05-22 00:00:00-03:00,102.75,0.0
2026-05-22 01:00:00-03:00,102.5,0.0
2026-05-22 02:00:00-03:00,102.0,0.0
2026-05-22 03:00:00-03:00,101.75,0.0
2026-05-22 04:00:00-03:00,100.75,0.0
2026-05-22 05:00:00-03:00,99.75,0.0
2026-05-22 06:00:00-03:00,99.0,0.0
2026-05-22 07:00:00-03:00,98.5,0.0
2026-05-22 08:00:00-03:00,97.25,0.0
2026-05-22 09:00:00-03:00,95.75,0.0
2026-05-22 10:00:00-03:00,95.25,0.0
2026-05-22 11:00:00-03:00,94.25,0.0
2026-05-22 12:00:00-03:00,93.25,0.0
2026-05-22 13:00:00-03:00,92.5,0.0
2026-05-22 14:00:00-03:00,91.5,0.0
2026-05-22 15:00:00-03:00,90.75,0.0
2026-05-22 16:00:00-03:00,90.0,0.0
2026-05-22 17:00:00-03:00,89.0,0.0
2026-05-22 18:00:00-03:00,88.5,0.0
2026-05-22 19:00:00-03:00,87.5,0.0
2026-05-22 20:00:00-03:00,86.75,0.0
2026-05-22 21:00:00-03:00,86.25,0.0
2026-05-22 22:00:00-03:00,85.5,0.0
2026-05-22 23:00:00-03:00,84.75,0.0
2026-05-23 00:00:00-03:00,84.25,0.0
2026-05-23 01:00:00-03:00,83.5,0.0
2026-05-23 02:00:00-03:00,83.0,0.0
2026-05-23 03:00:00-03:00,82.75,0.0
2026-05-23 04:00:00-03:00,82.0,0.0
2026-05-23 05:00:00-03:00,82.0,0.0
2026-05-23 06:00:00-03:00,81.5,0.0
2026-05-23 07:00:00-03:00,81.0,0.0
2026-05-23 08:00:00-03:00,80.75,0.0
2026-05-23 09:00:00-03:00,80.25,0.0
2026-05-23 10:00:00-03:00,80.5,0.0
2026-05-23 11:00:00-03:00,80.0,0.0
2026-05-23 12:00:00-03:00,80.0,0.0
2026-05-23 13:00:00-03:00,80.0,0.0
2026-05-23 14:00:00-03:00,79.5,0.0
2026-05-23 15:00:00-03:00,79.5,0.0
2026-05-23 16:00:00-03:00,79.25,0.0
2026-05-23 17:00:00-03:00,79.0,0.0
2026-05-23 18:00:00-03:00,79.0,0.0
2026-05-23 19:00:00-03:00,79.0,0.0
2026-05-23 20:00:00-03:00,78.25,0.0
2026-05-23 21:00:00-03:00,78.5,0.0
2026-05-23 22:00:00-03:00,78.0,0.0
2026-05-23 23:00:00-03:00,78.0,0.0
2026-05-24 00:00:00-03:00,78.0,0.0
2026-05-24 01:00:00-03:00,77.25,0.0
2026-05-24 02:00:00-03:00,77.0,0.0
2026-05-24 03:00:00-03:00,77.0,0.0
2026-05-24 04:00:00-03:00,76.75,0.0
2026-05-24 05:00:00-03:00,76.75,0.0
2026-05-24 06:00:00-03:00,76.5,0.0
2026-05-24 07:00:00-03:00,76.0,0.0
2026-05-24 08:00:00-03:00,76.0,0.0
2026-05-24 09:00:00-03:00,76.0,0.0
2026-05-24 10:00:00-03:00,76.0,0.0
2026-05-24 11:00:00-03:00,76.0,0.0
2026-05-24 12:00:00-03:00,76.0,0.0
2026-05-24 13:00:00-03:00,75.75,0.0
2026-05-24 14:00:00-03:00,75.5,0.0
2026-05-24 15:00:00-03:00,75.5,0.0
2026-05-24 16:00:00-03:00,75.0,0.0
2026-05-24 17:00:00-03:00,74.5,0.0
2026-05-24 18:00:00-03:00,74.0,0.0
2026-05-24 19:00:00-03:00,74.0,0.0
2026-05-24 20:00:00-03:00,74.0,0.0
2026-05-24 21:00:00-03:00,74.0,0.0
2026-05-24 22:00:00-03:00,73.5,0.0
2026-05-24 23:00:00-03:00,73.5,0.0
2026-05-25 00:00:00-03:00,73.0,0.0
2026-05-25 01:00:00-03:00,73.0,0.0
2026-05-25 02:00:00-03:00,73.0,0.0
2026-05-25 03:00:00-03:00,73.0,0.0
2026-05-25 04:00:00-03:00,73.0,0.0
2026-05-25 05:00:00-03:00,73.0,0.0
2026-05-25 06:00:00-03:00,73.0,0.0
2026-05-25 07:00:00-03:00,73.0,0.0
2026-05-25 08:00:00-03:00,73.0,0.0
2026-05-25 09:00:00-03:00,73.0,0.0
2026-05-25 10:00:00-03:00,73.0,0.0
2026-05-25 11:00:00-03:00,73.0,0.0
2026-05-25 12:00:00-03:00,73.0,0.0
2026-05-25 13:00:00-03:00,73.0,0.0
2026-05-25 14:00:00-03:00,73.0,0.0
2026-05-25 15:00:00-03:00,73.0,0.0
2026-05-25 16:00:00-03:00,73.0,0.0
2026-05-25 17:00:00-03:00,73.0,0.0
2026-05-25 18:00:00-03:00,73.0,0.0
2026-05-25 19:00:00-03:00,73.0,0.0
2026-05-25 20:00:00-03:00,73.0,0.0
2026-05-25 21:00:00-03:00,73.0,0.0
2026-05-25 22:00:00-03:00,72.75,0.0
2026-05-25 23:00:00-03:00,72.5,0.0
2026-05-26 00:00:00-03:00,72.0,0.0
2026-05-26 01:00:00-03:00,72.25,0.0
2026-05-26 02:00:00-03:00,72.0,0.0
2026-05-26 03:00:00-03:00,72.0,0.0
2026-05-26 04:00:00-03:00,72.0,0.2
2026-05-26 05:00:00-03:00,71.75,0.0
2026-05-26 06:00:00-03:00,72.0,0.0
2026-05-26 07:00:00-03:00,71.75,0.0
2026-05-26 08:00:00-03:00,71.5,0.0
2026-05-26 09:00:00-03:00,71.25,0.0
2026-05-26 10:00:00-03:00,71.75,0.0
2026-05-26 11:00:00-03:00,72.0,0.0
2026-05-26 12:00:00-03:00,72.0,0.0
2026-05-26 13:00:00-03:00,73.0,0.0
2026-05-26 14:00:00-03:00,73.0,0.0
2026-05-26 15:00:00-03:00,73.0,0.0
2026-05-26 16:00:00-03:00,73.5,0.0
2026-05-26 17:00:00-03:00,73.5,0.0
2026-05-26 18:00:00-03:00,74.0,0.0
2026-05-26 19:00:00-03:00,74.0,0.0
2026-05-26 20:00:00-03:00,74.0,0.0
2026-05-26 21:00:00-03:00,74.0,0.0
2026-05-26 22:00:00-03:00,74.0,0.0
2026-05-26 23:00:00-03:00,73.75,0.0
2026-05-27 00:00:00-03:00,73.75,0.0
2026-05-27 01:00:00-03:00,73.0,0.0
2026-05-27 02:00:00-03:00,73.0,0.0
2026-05-27 03:00:00-03:00,73.0,0.0
2026-05-27 04:00:00-03:00,73.0,0.0
2026-05-27 05:00:00-03:00,72.25,0.0
2026-05-27 06:00:00-03:00,72.25,0.0
2026-05-27 07:00:00-03:00,72.0,0.0
2026-05-27 08:00:00-03:00,72.0,0.0
2026-05-27 09:00:00-03:00,71.5,0.0
2026-05-27 10:00:00-03:00,71.25,0.0
2026-05-27 11:00:00-03:00,71.0,0.0
2026-05-27 12:00:00-03:00,71.75,0.0
2026-05-27 13:00:00-03:00,72.0,0.0
2026-05-27 14:00:00-03:00,71.5,0.0
2026-05-27 15:00:00-03:00,71.5,0.0
2026-05-27 16:00:00-03:00,71.75,0.0
2026-05-27 17:00:00-03:00,71.25,0.0
2026-05-27 18:00:00-03:00,71.0,0.0
2026-05-27 19:00:00-03:00,71.0,0.0
2026-05-27 20:00:00-03:00,71.0,0.0
2026-05-27 21:00:00-03:00,71.0,0.0
2026-05-27 22:00:00-03:00,71.0,0.0
2026-05-27 23:00:00-03:00,70.75,0.0
2026-05-28 00:00:00-03:00,70.0,0.0
2026-05-28 01:00:00-03:00,70.0,0.0
2026-05-28 02:00:00-03:00,70.25,0.0
2026-05-28 03:00:00-03:00,70.0,0.2
2026-05-28 04:00:00-03:00,69.75,0.0
2026-05-28 05:00:00-03:00,70.0,0.0
2026-05-28 06:00:00-03:00,69.75,0.0
2026-05-28 07:00:00-03:00,70.0,0.2
2026-05-28 08:00:00-03:00,69.5,0.0
2026-05-28 09:00:00-03:00,69.0,0.0
2026-05-28 10:00:00-03:00,69.0,0.0
2026-05-28 11:00:00-03:00,69.0,0.0
2026-05-28 12:00:00-03:00,69.5,0.0
2026-05-28 13:00:00-03:00,69.75,0.0
2026-05-28 14:00:00-03:00,69.75,0.0
2026-05-28 15:00:00-03:00,69.5,0.0
2026-05-28 16:00:00-03:00,69.5,0.0
2026-05-28 17:00:00-03:00,69.0,0.0
2026-05-28 18:00:00-03:00,69.25,0.0
2026-05-28 19:00:00-03:00,69.0,0.0
2026-05-28 20:00:00-03:00,69.0,0.0
2026-05-28 21:00:00-03:00,69.0,0.0
2026-05-28 22:00:00-03:00,68.5,0.0
2026-05-28 23:00:00-03:00,68.0,0.0
2026-05-29 00:00:00-03:00,68.0,0.0
2026-05-29 01:00:00-03:00,68.0,0.0
2026-05-29 02:00:00-03:00,68.0,0.0
2026-05-29 03:00:00-03:00,68.0,0.0
2026-05-29 04:00:00-03:00,68.0,0.0
2026-05-29 05:00:00-03:00,67.75,0.0
2026-05-29 06:00:00-03:00,67.25,0.0
2026-05-29 07:00:00-03:00,67.0,0.0
2026-05-29 08:00:00-03:00,67.0,0.0
2026-05-29 09:00:00-03:00,67.0,0.0
2026-05-29 10:00:00-03:00,67.0,0.0
2026-05-29 11:00:00-03:00,67.0,0.0
2026-05-29 12:00:00-03:00,67.0,0.0
2026-05-29 13:00:00-03:00,67.0,0.0
2026-05-29 14:00:00-03:00,67.25,0.0
2026-05-29 15:00:00-03:00,67.25,0.0
2026-05-29 16:00:00-03:00,67.5,0.0
2026-05-29 17:00:00-03:00,67.0,0.0
2026-05-29 18:00:00-03:00,67.0,0.0
2026-05-29 19:00:00-03:00,67.0,0.0
2026-05-29 20:00:00-03:00,67.0,0.0
2026-05-29 21:00:00-03:00,67.0,0.0
2026-05-29 22:00:00-03:00,67.0,0.0
2026-05-29 23:00:00-03:00,67.0,0.0
2026-05-30 00:00:00-03:00,66.5,0.0
2026-05-30 01:00:00-03:00,66.75,0.0
2026-05-30 02:00:00-03:00,66.25,0.0
2026-05-30 03:00:00-03:00,66.0,0.0
2026-05-30 04:00:00-03:00,66.0,0.0
2026-05-30 05:00:00-03:00,66.0,0.0
2026-05-30 06:00:00-03:00,66.0,0.0
2026-05-30 07:00:00-03:00,66.0,0.0
2026-05-30 08:00:00-03:00,66.0,0.0
2026-05-30 09:00:00-03:00,66.0,0.0
2026-05-30 10:00:00-03:00,66.0,0.0
2026-05-30 11:00:00-03:00,66.0,0.0
2026-05-30 12:00:00-03:00,66.0,0.0
2026-05-30 13:00:00-03:00,66.0,0.0
2026-05-30 14:00:00-03:00,66.0,0.0
2026-05-30 15:00:00-03:00,66.0,0.0
2026-05-30 16:00:00-03:00,66.0,0.0
2026-05-30 17:00:00-03:00,66.0,0.0
2026-05-30 18:00:00-03:00,66.0,0.0
2026-05-30 19:00:00-03:00,66.0,0.0
2026-05-30 20:00:00-03:00,66.0,0.0
2026-05-30 21:00:00-03:00,66.0,0.0
2026-05-30 22:00:00-03:00,66.0,0.0
2026-05-30 23:00:00-03:00,66.0,0.0
2026-05-31 00:00:00-03:00,66.0,0.0
2026-05-31 01:00:00-03:00,65.75,0.0
2026-05-31 02:00:00-03:00,65.75,0.0
2026-05-31 03:00:00-03:00,65.75,0.0
2026-05-31 04:00:00-03:00,65.75,0.0
2026-05-31 05:00:00-03:00,65.5,0.2
2026-05-31 06:00:00-03:00,66.0,0.0
2026-05-31 07:00:00-03:00,65.75,0.0
2026-05-31 08:00:00-03:00,65.75,0.0
2026-05-31 09:00:00-03:00,65.5,0.0
2026-05-31 10:00:00-03:00,65.75,0.0
2026-05-31 11:00:00-03:00,66.0,0.0
2026-05-31 12:00:00-03:00,65.75,0.0
2026-05-31 13:00:00-03:00,66.0,0.0
2026-05-31 14:00:00-03:00,66.0,0.0
2026-05-31 15:00:00-03:00,65.75,0.0
2026-05-31 16:00:00-03:00,66.0,0.0
2026-05-31 17:00:00-03:00,65.75,0.0
2026-05-31 18:00:00-03:00,65.75,0.0
2026-05-31 19:00:00-03:00,65.25,0.0
2026-05-31 20:00:00-03:00,65.25,0.0
2026-05-31 21:00:00-03:00,65.0,0.0
2026-05-31 22:00:00-03:00,65.0,0.0
2026-05-31 23:00:00-03:00,65.0,0.0
2026-06-01 00:00:00-03:00,65.0,0.0
2026-06-01 01:00:00-03:00,64.75,0.0
2026-06-01 02:00:00-03:00,64.75,0.0
2026-06-01 03:00:00-03:00,64.25,0.0
2026-06-01 04:00:00-03:00,64.0,0.0
2026-06-01 05:00:00-03:00,64.0,0.0
2026-06-01 06:00:00-03:00,64.0,0.0
2026-06-01 07:00:00-03:00,64.0,0.0
2026-06-01 08:00:00-03:00,64.0,0.2
2026-06-01 09:00:00-03:00,64.0,0.0
2026-06-01 10:00:00-03:00,64.25,0.0
2026-06-01 11:00:00-03:00,64.0,0.0
2026-06-01 12:00:00-03:00,64.0,0.0
2026-06-01 13:00:00-03:00,64.5,0.0
2026-06-01 14:00:00-03:00,65.0,0.0
2026-06-01 15:00:00-03:00,65.0,0.0
2026-06-01 16:00:00-03:00,65.0,0.0
2026-06-01 17:00:00-03:00,64.5,0.0
2026-06-01 18:00:00-03:00,65.0,0.0
2026-06-01 19:00:00-03:00,65.0,0.0
2026-06-01 20:00:00-03:00,64.75,0.0
2026-06-01 21:00:00-03:00,64.25,0.0
2026-06-01 22:00:00-03:00,64.0,0.0
2026-06-01 23:00:00-03:00,64.25,0.0
2026-06-02 00:00:00-03:00,64.25,0.0
2026-06-02 01:00:00-03:00,64.0,0.0
2026-06-02 02:00:00-03:00,64.0,0.2
2026-06-02 03:00:00-03:00,64.0,0.0
2026-06-02 04:00:00-03:00,64.0,0.0
2026-06-02 05:00:00-03:00,64.0,0.0
2026-06-02 06:00:00-03:00,64.0,0.0
2026-06-02 07:00:00-03:00,64.0,0.0
2026-06-02 08:00:00-03:00,64.0,0.0
2026-06-02 09:00:00-03:00,64.0,0.0
2026-06-02 10:00:00-03:00,64.0,0.0
2026-06-02 11:00:00-03:00,64.0,0.0
2026-06-02 12:00:00-03:00,64.0,0.0
2026-06-02 13:00:00-03:00,64.0,0.0
2026-06-02 14:00:00-03:00,64.0,0.0
2026-06-02 15:00:00-03:00,64.0,0.0
2026-06-02 16:00:00-03:00,64.0,0.0
2026-06-02 17:00:00-03:00,64.0,0.0
2026-06-02 18:00:00-03:00,64.0,0.0
2026-06-02 19:00:00-03:00,64.0,0.0
2026-06-02 20:00:00-03:00,63.75,0.0
2026-06-02 21:00:00-03:00,64.0,0.0
2026-06-02 22:00:00-03:00,63.75,0.0
2026-06-02 23:00:00-03:00,64.0,0.0
2026-06-03 00:00:00-03:00,64.0,0.0
2026-06-03 01:00:00-03:00,64.0,0.0
2026-06-03 02:00:00-03:00,64.0,0.0
2026-06-03 03:00:00-03:00,64.0,0.0
2026-06-03 04:00:00-03:00,64.0,0.0
2026-06-03 05:00:00-03:00,64.0,0.0
2026-06-03 06:00:00-03:00,64.5,0.0
2026-06-03 07:00:00-03:00,64.0,0.0
2026-06-03 08:00:00-03:00,64.5,0.0
2026-06-03 09:00:00-03:00,64.0,0.2
2026-06-03 10:00:00-03:00,64.5,0.0
2026-06-03 11:00:00-03:00,65.0,0.0
2026-06-03 12:00:00-03:00,65.0,0.0
2026-06-03 13:00:00-03:00,65.0,0.0
2026-06-03 14:00:00-03:00,65.5,0.0
2026-06-03 15:00:00-03:00,65.0,0.0
2026-06-03 16:00:00-03:00,65.0,0.0
2026-06-03 17:00:00-03:00,65.75,0.0
2026-06-03 18:00:00-03:00,65.5,0.0
2026-06-03 19:00:00-03:00,65.25,0.0
2026-06-03 20:00:00-03:00,65.0,0.0
2026-06-03 21:00:00-03:00,65.0,0.0
2026-06-03 22:00:00-03:00,65.0,0.0
2026-06-03 23:00:00-03:00,64.75,0.0
2026-06-04 00:00:00-03:00,64.5,0.0
2026-06-04 01:00:00-03:00,64.25,0.0
2026-06-04 02:00:00-03:00,64.0,0.0
2026-06-04 03:00:00-03:00,64.0,0.0
2026-06-04 04:00:00-03:00,63.75,0.0
2026-06-04 05:00:00-03:00,64.0,0.0
2026-06-04 06:00:00-03:00,63.75,0.0
2026-06-04 07:00:00-03:00,63.75,0.0
2026-06-04 08:00:00-03:00,63.5,0.0
2026-06-04 09:00:00-03:00,63.0,0.0
2026-06-04 10:00:00-03:00,63.25,0.0
2026-06-04 11:00:00-03:00,63.25,0.0
2026-06-04 12:00:00-03:00,64.0,0.0
2026-06-04 13:00:00-03:00,63.5,0.0
2026-06-04 14:00:00-03:00,63.75,0.0
2026-06-04 15:00:00-03:00,63.0,0.0
2026-06-04 16:00:00-03:00,63.5,0.0
2026-06-04 17:00:00-03:00,63.0,0.0
2026-06-04 18:00:00-03:00,63.0,0.0
2026-06-04 19:00:00-03:00,63.0,0.0
2026-06-04 20:00:00-03:00,63.0,0.0
2026-06-04 21:00:00-03:00,62.5,0.0
2026-06-04 22:00:00-03:00,62.0,0.0
2026-06-04 23:00:00-03:00,62.5,0.0
2026-06-05 00:00:00-03:00,62.0,0.0
2026-06-05 01:00:00-03:00,62.0,0.0
2026-06-05 02:00:00-03:00,62.0,0.2
2026-06-05 03:00:00-03:00,62.0,0.0
2026-06-05 04:00:00-03:00,62.0,0.0
2026-06-05 05:00:00-03:00,62.0,0.0
2026-06-05 06:00:00-03:00,61.75,0.0
2026-06-05 07:00:00-03:00,61.5,0.2
2026-06-05 08:00:00-03:00,61.25,0.0
2026-06-05 09:00:00-03:00,61.0,0.0
2026-06-05 10:00:00-03:00,61.25,0.0
2026-06-05 11:00:00-03:00,61.25,0.0
2026-06-05 12:00:00-03:00,61.75,0.0
2026-06-05 13:00:00-03:00,62.0,0.0
2026-06-05 14:00:00-03:00,61.75,0.0
2026-06-05 15:00:00-03:00,61.75,0.0
2026-06-05 16:00:00-03:00,61.75,0.0
2026-06-05 17:00:00-03:00,61.25,0.0
2026-06-05 18:00:00-03:00,61.0,0.0
2026-06-05 19:00:00-03:00,61.5,0.0
2026-06-05 20:00:00-03:00,61.0,0.0
2026-06-05 21:00:00-03:00,61.0,0.0
2026-06-05 22:00:00-03:00,61.0,0.0
2026-06-05 23:00:00-03:00,61.0,0.0
2026-06-06 00:00:00-03:00,61.0,0.0
2026-06-06 01:00:00-03:00,61.0,0.0
2026-06-06 02:00:00-03:00,60.5,0.0
2026-06-06 03:00:00-03:00,60.0,0.0
2026-06-06 04:00:00-03:00,60.0,0.0
2026-06-06 05:00:00-03:00,60.0,0.0
2026-06-06 06:00:00-03:00,60.0,0.0
2026-06-06 07:00:00-03:00,60.0,0.0
2026-06-06 08:00:00-03:00,60.0,0.0
2026-06-06 09:00:00-03:00,59.5,0.0
2026-06-06 10:00:00-03:00,60.0,0.0
2026-06-06 11:00:00-03:00,60.0,0.0
2026-06-06 12:00:00-03:00,60.0,0.0
2026-06-06 13:00:00-03:00,60.25,0.0
2026-06-06 14:00:00-03:00,60.25,0.0
2026-06-06 15:00:00-03:00,60.0,0.0
2026-06-06 16:00:00-03:00,60.0,0.0
2026-06-06 17:00:00-03:00,60.0,0.0
2026-06-06 18:00:00-03:00,60.0,0.0
2026-06-06 19:00:00-03:00,60.0,0.0
2026-06-06 20:00:00-03:00,60.0,0.0
2026-06-06 21:00:00-03:00,59.5,0.0
2026-06-06 22:00:00-03:00,59.5,0.0
2026-06-06 23:00:00-03:00,59.0,0.0
2026-06-07 00:00:00-03:00,59.0,0.0
2026-06-07 01:00:00-03:00,59.0,0.0
2026-06-07 02:00:00-03:00,59.0,0.0
2026-06-07 03:00:00-03:00,59.0,0.0
2026-06-07 04:00:00-03:00,59.0,0.0
2026-06-07 05:00:00-03:00,58.75,0.2
2026-06-07 06:00:00-03:00,59.0,0.0
2026-06-07 07:00:00-03:00,59.0,0.0
2026-06-07 08:00:00-03:00,58.75,0.0
2026-06-07 09:00:00-03:00,58.25,0.0
2026-06-07 10:00:00-03:00,58.75,0.0
2026-06-07 11:00:00-03:00,58.75,0.0
2026-06-07 12:00:00-03:00,59.0,0.0
2026-06-07 13:00:00-03:00,59.0,0.0
2026-06-07 14:00:00-03:00,59.0,0.0
2026-06-07 15:00:00-03:00,59.0,0.0
2026-06-07 16:00:00-03:00,59.25,0.0
2026-06-07 17:00:00-03:00,59.0,0.0
2026-06-07 18:00:00-03:00,59.0,0.0
2026-06-07 19:00:00-03:00,59.0,0.0
2026-06-07 20:00:00-03:00,59.0,0.0
2026-06-07 21:00:00-03:00,59.0,0.0
2026-06-07 22:00:00-03:00,58.75,0.0
2026-06-07 23:00:00-03:00,58.25,0.0
2026-06-08 00:00:00-03:00,58.25,0.0
2026-06-08 01:00:00-03:00,58.0,0.0
2026-06-08 02:00:00-03:00,58.0,0.0
2026-06-08 03:00:00-03:00,58.0,0.0
2026-06-08 04:00:00-03:00,58.0,0.0
2026-06-08 05:00:00-03:00,58.0,0.0
2026-06-08 06:00:00-03:00,58.0,0.0
2026-06-08 07:00:00-03:00,58.0,0.0
2026-06-08 08:00:00-03:00,58.0,0.2
2026-06-08 09:00:00-03:00,57.0,0.0
2026-06-08 10:00:00-03:00,57.0,0.0
2026-06-08 11:00:00-03:00,57.5,0.0
2026-06-08 12:00:00-03:00,58.0,0.0
2026-06-08 13:00:00-03:00,58.0,0.0
2026-06-08 14:00:00-03:00,58.0,0.0
2026-06-08 15:00:00-03:00,58.0,0.0
2026-06-08 16:00:00-03:00,58.0,0.0
2026-06-08 17:00:00-03:00,57.75,0.0
2026-06-08 18:00:00-03:00,57.25,0.0
2026-06-08 19:00:00-03:00,57.0,0.0
2026-06-08 20:00:00-03:00,57.0,0.0
2026-06-08 21:00:00-03:00,57.0,0.0
2026-06-08 22:00:00-03:00,57.0,0.0
2026-06-08 23:00:00-03:00,57.0,0.0
2026-06-09 00:00:00-03:00,57.0,0.0
2026-06-09 01:00:00-03:00,57.0,0.0
2026-06-09 02:00:00-03:00,57.0,0.0
2026-06-09 03:00:00-03:00,57.0,0.0
2026-06-09 04:00:00-03:00,57.0,0.0
2026-06-09 05:00:00-03:00,56.75,0.0
2026-06-09 06:00:00-03:00,57.0,0.0
2026-06-09 07:00:00-03:00,57.0,0.0
2026-06-09 08:00:00-03:00,56.75,0.0
2026-06-09 09:00:00-03:00,56.75,0.0
2026-06-09 10:00:00-03:00,57.0,0.0
2026-06-09 11:00:00-03:00,57.0,0.0
2026-06-09 12:00:00-03:00,57.0,0.0
2026-06-09 13:00:00-03:00,57.25,0.0
2026-06-09 14:00:00-03:00,57.75,0.0
2026-06-09 15:00:00-03:00,58.0,0.0
2026-06-09 16:00:00-03:00,57.75,0.0
2026-06-09 17:00:00-03:00,57.75,0.0
2026-06-09 18:00:00-03:00,57.0,0.0
2026-06-09 19:00:00-03:00,57.75,0.0
2026-06-09 20:00:00-03:00,57.25,0.0
2026-06-09 21:00:00-03:00,57.0,0.0
2026-06-09 22:00:00-03:00,57.25,0.0
2026-06-09 23:00:00-03:00,57.0,0.0
2026-06-10 00:00:00-03:00,57.0,0.0
2026-06-10 01:00:00-03:00,57.0,0.0
2026-06-10 02:00:00-03:00,57.0,0.0
2026-06-10 03:00:00-03:00,57.0,0.0
2026-06-10 04:00:00-03:00,57.0,0.0
2026-06-10 05:00:00-03:00,57.0,0.0
2026-06-10 06:00:00-03:00,57.0,0.0
2026-06-10 07:00:00-03:00,57.0,0.0
2026-06-10 08:00:00-03:00,56.5,0.0
2026-06-10 09:00:00-03:00,56.5,0.0
2026-06-10 10:00:00-03:00,56.75,0.0
2026-06-10 11:00:00-03:00,56.75,0.0
2026-06-10 12:00:00-03:00,57.0,0.0
2026-06-10 13:00:00-03:00,57.0,0.0
2026-06-10 14:00:00-03:00,57.0,0.0
2026-06-10 15:00:00-03:00,57.0,0.0
2026-06-10 16:00:00-03:00,57.0,0.0
2026-06-10 17:00:00-03:00,57.0,0.0
2026-06-10 18:00:00-03:00,57.0,0.0
2026-06-10 19:00:00-03:00,57.0,0.0
2026-06-10 20:00:00-03:00,57.0,0.0
2026-06-10 21:00:00-03:00,57.0,0.0
2026-06-10 22:00:00-03:00,57.0,0.0
2026-06-10 23:00:00-03:00,57.0,0.0
2026-06-11 00:00:00-03:00,57.0,0.0
2026-06-11 01:00:00-03:00,57.0,0.0
2026-06-11 02:00:00-03:00,57.0,0.0
2026-06-11 03:00:00-03:00,57.0,0.0
2026-06-11 04:00:00-03:00,57.0,0.0
2026-06-11 05:00:00-03:00,57.0,0.0
2026-06-11 06:00:00-03:00,57.0,4.4
2026-06-11 07:00:00-03:00,57.25,1.4
2026-06-11 08:00:00-03:00,57.75,2.0
2026-06-11 09:00:00-03:00,58.0,1.4
2026-06-11 10:00:00-03:00,58.0,2.0
2026-06-11 11:00:00-03:00,58.75,0.6
2026-06-11 12:00:00-03:00,58.5,0.2
2026-06-11 13:00:00-03:00,58.75,0.8
2026-06-11 14:00:00-03:00,59.0,0.0
2026-06-11 15:00:00-03:00,59.0,0.0
2026-06-11 16:00:00-03:00,58.75,0.0
2026-06-11 17:00:00-03:00,58.75,0.0
2026-06-11 18:00:00-03:00,59.0,0.0
2026-06-11 19:00:00-03:00,59.0,0.2
2026-06-11 20:00:00-03:00,59.0,0.0
2026-06-11 21:00:00-03:00,59.0,0.0
2026-06-11 22:00:00-03:00,59.0,0.0
2026-06-11 23:00:00-03:00,59.0,0.0
2026-06-12 00:00:00-03:00,59.5,0.0
2026-06-12 01:00:00-03:00,59.5,0.0
2026-06-12 02:00:00-03:00,59.5,0.0
2026-06-12 03:00:00-03:00,60.0,0.2
2026-06-12 04:00:00-03:00,60.0,0.0
2026-06-12 05:00:00-03:00,60.0,0.0
2026-06-12 06:00:00-03:00,60.75,0.0
2026-06-12 07:00:00-03:00,61.0,0.0
2026-06-12 08:00:00-03:00,61.0,0.0
2026-06-12 09:00:00-03:00,61.25,0.0
2026-06-12 10:00:00-03:00,61.5,0.0
2026-06-12 11:00:00-03:00,62.25,0.0
2026-06-12 12:00:00-03:00,63.0,7.2
2026-06-12 13:00:00-03:00,64.75,2.4
2026-06-12 14:00:00-03:00,65.25,0.6
2026-06-12 15:00:00-03:00,65.0,0.0
2026-06-12 16:00:00-03:00,65.5,0.0
2026-06-12 17:00:00-03:00,66.0,0.0
2026-06-12 18:00:00-03:00,66.0,0.0
2026-06-12 19:00:00-03:00,66.25,0.0
2026-06-12 20:00:00-03:00,67.0,0.0
2026-06-12 21:00:00-03:00,67.5,0.0
2026-06-12 22:00:00-03:00,68.0,0.0
2026-06-12 23:00:00-03:00,68.5,0.0
2026-06-13 00:00:00-03:00,69.25,0.0
2026-06-13 01:00:00-03:00,70.0,0.0
2026-06-13 02:00:00-03:00,70.5,0.0
2026-06-13 03:00:00-03:00,71.0,0.0
2026-06-13 04:00:00-03:00,71.75,0.0
2026-06-13 05:00:00-03:00,72.0,0.0
2026-06-13 06:00:00-03:00,72.75,0.0
2026-06-13 07:00:00-03:00,73.25,0.0
2026-06-13 08:00:00-03:00,73.5,0.0
2026-06-13 09:00:00-03:00,74.0,0.0
2026-06-13 10:00:00-03:00,74.0,0.0
2026-06-13 11:00:00-03:00,75.0,0.0
2026-06-13 12:00:00-03:00,75.0,0.0
2026-06-13 13:00:00-03:00,75.75,0.0
2026-06-13 14:00:00-03:00,76.0,0.0
2026-06-13 15:00:00-03:00,76.0,0.0
2026-06-13 16:00:00-03:00,77.0,0.0
2026-06-13 17:00:00-03:00,77.0,0.0
2026-06-13 18:00:00-03:00,77.0,0.0
2026-06-13 19:00:00-03:00,77.25,0.0
2026-06-13 20:00:00-03:00,77.5,0.0
2026-06-13 21:00:00-03:00,77.75,0.0
2026-06-13 22:00:00-03:00,78.0,0.0
2026-06-13 23:00:00-03:00,77.75,0.0
2026-06-14 00:00:00-03:00,78.0,0.0
2026-06-14 01:00:00-03:00,77.75,0.0
2026-06-14 02:00:00-03:00,77.5,0.0
2026-06-14 03:00:00-03:00,77.25,0.0
2026-06-14 04:00:00-03:00,77.25,0.0
2026-06-14 05:00:00-03:00,77.25,0.0
2026-06-14 06:00:00-03:00,77.0,0.2
2026-06-14 07:00:00-03:00,77.0,0.0
2026-06-14 08:00:00-03:00,77.0,0.0
2026-06-14 09:00:00-03:00,77.0,0.0
2026-06-14 10:00:00-03:00,77.0,0.0
2026-06-14 11:00:00-03:00,76.75,0.0
2026-06-14 12:00:00-03:00,76.25,0.0
2026-06-14 13:00:00-03:00,76.75,0.0
2026-06-14 14:00:00-03:00,76.0,0.0
2026-06-14 15:00:00-03:00,76.0,0.0
2026-06-14 16:00:00-03:00,76.0,0.0
2026-06-14 17:00:00-03:00,75.75,0.0
2026-06-14 18:00:00-03:00,75.0,0.0
2026-06-14 19:00:00-03:00,75.0,0.0
2026-06-14 20:00:00-03:00,75.0,0.6
2026-06-14 21:00:00-03:00,75.0,0.0
2026-06-14 22:00:00-03:00,75.0,0.0
2026-06-14 23:00:00-03:00,74.25,0.0
2026-06-15 00:00:00-03:00,74.0,0.0
2026-06-15 01:00:00-03:00,74.25,0.2
2026-06-15 02:00:00-03:00,74.0,0.0
2026-06-15 03:00:00-03:00,74.0,0.0
2026-06-15 04:00:00-03:00,73.75,0.0
2026-06-15 05:00:00-03:00,73.0,0.0
2026-06-15 06:00:00-03:00,73.25,0.0
2026-06-15 07:00:00-03:00,73.0,0.0
2026-06-15 08:00:00-03:00,73.0,0.0
2026-06-15 09:00:00-03:00,72.25,0.0
2026-06-15 10:00:00-03:00,72.0,0.2
2026-06-15 11:00:00-03:00,72.0,0.0
2026-06-15 12:00:00-03:00,72.0,0.0
2026-06-15 13:00:00-03:00,71.75,0.0
2026-06-15 14:00:00-03:00,71.75,0.0
2026-06-15 15:00:00-03:00,71.25,0.0
2026-06-15 16:00:00-03:00,71.0,1.0
2026-06-15 17:00:00-03:00,71.0,0.4
2026-06-15 18:00:00-03:00,70.75,0.0
2026-06-15 19:00:00-03:00,70.5,5.2
2026-06-15 20:00:00-03:00,71.75,3.4
2026-06-15 21:00:00-03:00,71.75,1.0
2026-06-15 22:00:00-03:00,71.0,0.4
2026-06-15 23:00:00-03:00,70.25,0.0
2026-06-16 00:00:00-03:00,70.0,0.0
2026-06-16 01:00:00-03:00,70.0,0.0
2026-06-16 02:00:00-03:00,70.0,0.0
2026-06-16 03:00:00-03:00,70.0,1.2
2026-06-16 04:00:00-03:00,70.0,1.0
2026-06-16 05:00:00-03:00,70.0,0.2
2026-06-16 06:00:00-03:00,70.0,0.0
2026-06-16 07:00:00-03:00,70.0,0.0
2026-06-16 08:00:00-03:00,69.75,0.0
2026-06-16 09:00:00-03:00,70.0,0.0
2026-06-16 10:00:00-03:00,70.0,0.0
2026-06-16 11:00:00-03:00,70.0,0.0
2026-06-16 12:00:00-03:00,70.25,0.0
2026-06-16 13:00:00-03:00,70.25,0.0
2026-06-16 14:00:00-03:00,71.0,0.0
2026-06-16 15:00:00-03:00,71.0,0.0
2026-06-16 16:00:00-03:00,71.5,0.0
2026-06-16 17:00:00-03:00,71.25,0.0
2026-06-16 18:00:00-03:00,72.0,0.0
2026-06-16 19:00:00-03:00,72.0,0.0
2026-06-16 20:00:00-03:00,72.0,0.0
2026-06-16 21:00:00-03:00,72.25,0.0
2026-06-16 22:00:00-03:00,72.75,0.0
2026-06-16 23:00:00-03:00,73.0,0.0
2026-06-17 00:00:00-03:00,73.0,0.0
2026-06-17 01:00:00-03:00,73.5,0.2
2026-06-17 02:00:00-03:00,73.75,0.0
2026-06-17 03:00:00-03:00,74.0,0.0
2026-06-17 04:00:00-03:00,74.0,0.0
2026-06-17 05:00:00-03:00,74.25,0.2
2026-06-17 06:00:00-03:00,74.75,0.0
2026-06-17 07:00:00-03:00,75.0,0.0
2026-06-17 08:00:00-03:00,75.5,0.0
2026-06-17 09:00:00-03:00,76.0,0.0
2026-06-17 10:00:00-03:00,76.0,0.0
2026-06-17 11:00:00-03:00,76.75,0.0
2026-06-17 12:00:00-03:00,77.0,0.0
2026-06-17 13:00:00-03:00,77.0,0.0
2026-06-17 14:00:00-03:00,77.0,0.0
2026-06-17 15:00:00-03:00,77.25,0.0
2026-06-17 16:00:00-03:00,78.0,0.0
2026-06-17 17:00:00-03:00,78.0,0.0
2026-06-17 18:00:00-03:00,78.0,0.0
2026-06-17 19:00:00-03:00,77.5,0.0
2026-06-17 20:00:00-03:00,77.0,0.0
2026-06-17 21:00:00-03:00,77.0,0.0
2026-06-17 22:00:00-03:00,77.0,0.0
2026-06-17 23:00:00-03:00,76.5,0.0
2026-06-18 00:00:00-03:00,76.0,0.0
2026-06-18 01:00:00-03:00,76.0,0.2
2026-06-18 02:00:00-03:00,75.25,0.0
2026-06-18 03:00:00-03:00,75.0,0.0
2026-06-18 04:00:00-03:00,74.25,0.0
2026-06-18 05:00:00-03:00,74.0,0.0
2026-06-18 06:00:00-03:00,73.75,0.0
2026-06-18 07:00:00-03:00,73.25,0.0
2026-06-18 08:00:00-03:00,73.0,0.2
2026-06-18 09:00:00-03:00,72.0,0.0
2026-06-18 10:00:00-03:00,72.0,0.0
2026-06-18 11:00:00-03:00,72.0,0.0
2026-06-18 12:00:00-03:00,72.0,0.0
2026-06-18 13:00:00-03:00,71.75,0.0
2026-06-18 14:00:00-03:00,71.25,0.0
2026-06-18 15:00:00-03:00,71.0,0.0
2026-06-18 16:00:00-03:00,71.0,0.0
2026-06-18 17:00:00-03:00,70.5,0.0
2026-06-18 18:00:00-03:00,70.0,0.0
2026-06-18 19:00:00-03:00,69.75,0.0
2026-06-18 20:00:00-03:00,69.25,0.0
2026-06-18 21:00:00-03:00,68.75,0.0
2026-06-18 22:00:00-03:00,68.5,0.0
2026-06-18 23:00:00-03:00,68.0,0.0
2026-06-19 00:00:00-03:00,67.75,0.0
2026-06-19 01:00:00-03:00,67.25,0.0
2026-06-19 02:00:00-03:00,67.0,0.0
2026-06-19 03:00:00-03:00,67.0,0.0
2026-06-19 04:00:00-03:00,66.0,0.0
2026-06-19 05:00:00-03:00,66.0,0.0
2026-06-19 06:00:00-03:00,65.25,0.2
2026-06-19 07:00:00-03:00,65.0,0.0
2026-06-19 08:00:00-03:00,64.75,0.0
2026-06-19 09:00:00-03:00,64.0,0.0
2026-06-19 10:00:00-03:00,64.25,0.0
2026-06-19 11:00:00-03:00,64.5,0.0
2026-06-19 12:00:00-03:00,64.0,0.0
2026-06-19 13:00:00-03:00,64.25,0.0
2026-06-19 14:00:00-03:00,64.25,0.0
2026-06-19 15:00:00-03:00,64.0,0.0
2026-06-19 16:00:00-03:00,64.0,0.0
2026-06-19 17:00:00-03:00,64.0,0.0
2026-06-19 18:00:00-03:00,63.25,0.0
2026-06-19 19:00:00-03:00,63.0,0.0
2026-06-19 20:00:00-03:00,63.0,0.0
2026-06-19 21:00:00-03:00,63.0,0.0
2026-06-19 22:00:00-03:00,63.0,0.0
2026-06-19 23:00:00-03:00,62.75,0.0
2026-06-20 00:00:00-03:00,62.5,0.0
2026-06-20 01:00:00-03:00,62.0,0.0
2026-06-20 02:00:00-03:00,62.0,0.0
2026-06-20 03:00:00-03:00,62.0,0.0
2026-06-20 04:00:00-03:00,62.0,0.2
2026-06-20 05:00:00-03:00,62.0,0.0
2026-06-20 06:00:00-03:00,62.0,0.0
2026-06-20 07:00:00-03:00,61.75,0.0
2026-06-20 08:00:00-03:00,61.5,0.0
2026-06-20 09:00:00-03:00,61.0,0.0
2026-06-20 10:00:00-03:00,61.25,0.0
2026-06-20 11:00:00-03:00,61.0,0.0
2026-06-20 12:00:00-03:00,62.0,0.0
2026-06-20 13:00:00-03:00,62.0,0.0
2026-06-20 14:00:00-03:00,61.75,0.0
2026-06-20 15:00:00-03:00,61.0,0.0
2026-06-20 16:00:00-03:00,61.5,0.0
2026-06-20 17:00:00-03:00,61.25,0.0
2026-06-20 18:00:00-03:00,61.0,0.0
2026-06-20 19:00:00-03:00,61.0,0.0
2026-06-20 20:00:00-03:00,61.0,0.0
2026-06-20 21:00:00-03:00,61.0,0.0
2026-06-20 22:00:00-03:00,61.0,0.0
2026-06-20 23:00:00-03:00,61.0,0.0
2026-06-21 00:00:00-03:00,60.75,0.0
2026-06-21 01:00:00-03:00,60.75,0.0
2026-06-21 02:00:00-03:00,60.75,0.0
2026-06-21 03:00:00-03:00,60.25,0.0
2026-06-21 04:00:00-03:00,60.75,0.0
2026-06-21 05:00:00-03:00,60.5,0.0
2026-06-21 06:00:00-03:00,60.0,0.0
2026-06-21 07:00:00-03:00,60.25,0.0
2026-06-21 08:00:00-03:00,60.25,0.0
2026-06-21 09:00:00-03:00,60.0,0.0
2026-06-21 10:00:00-03:00,60.0,0.0
2026-06-21 11:00:00-03:00,60.0,0.0
2026-06-21 12:00:00-03:00,60.0,0.0
2026-06-21 13:00:00-03:00,60.0,0.0
2026-06-21 14:00:00-03:00,60.25,0.0
2026-06-21 15:00:00-03:00,60.25,0.0
2026-06-21 16:00:00-03:00,61.0,0.0
2026-06-21 17:00:00-03:00,60.0,0.0
2026-06-21 18:00:00-03:00,60.25,0.0
2026-06-21 19:00:00-03:00,60.0,0.0
2026-06-21 20:00:00-03:00,60.0,0.0
2026-06-21 21:00:00-03:00,60.0,0.0
2026-06-21 22:00:00-03:00,60.0,0.0
2026-06-21 23:00:00-03:00,60.0,0.0
2026-06-22 00:00:00-03:00,59.75,0.0
2026-06-22 01:00:00-03:00,60.0,0.0
2026-06-22 02:00:00-03:00,59.5,0.0
2026-06-22 03:00:00-03:00,60.0,0.0
2026-06-22 04:00:00-03:00,59.25,0.0
2026-06-22 05:00:00-03:00,59.25,0.0
2026-06-22 06:00:00-03:00,59.5,0.0
2026-06-22 07:00:00-03:00,59.5,0.0
2026-06-22 08:00:00-03:00,59.75,0.0
2026-06-22 09:00:00-03:00,59.0,0.0
2026-06-22 10:00:00-03:00,59.25,0.2
2026-06-22 11:00:00-03:00,59.75,0.0
2026-06-22 12:00:00-03:00,59.75,0.0
2026-06-22 13:00:00-03:00,60.0,0.0
2026-06-22 14:00:00-03:00,60.0,0.0
2026-06-22 15:00:00-03:00,60.0,0.0
2026-06-22 16:00:00-03:00,60.0,0.0
2026-06-22 17:00:00-03:00,60.0,0.0
2026-06-22 18:00:00-03:00,60.0,0.0
2026-06-22 19:00:00-03:00,59.75,0.0
2026-06-22 20:00:00-03:00,59.5,0.0
2026-06-22 21:00:00-03:00,59.25,0.0
2026-06-22 22:00:00-03:00,59.0,0.0
2026-06-22 23:00:00-03:00,59.0,0.0
2026-06-23 00:00:00-03:00,59.0,0.0
2026-06-23 01:00:00-03:00,59.0,0.0
2026-06-23 02:00:00-03:00,59.0,0.0
2026-06-23 03:00:00-03:00,59.0,0.0
2026-06-23 04:00:00-03:00,58.5,0.0
2026-06-23 05:00:00-03:00,58.0,0.0
2026-06-23 06:00:00-03:00,58.25,0.0
2026-06-23 07:00:00-03:00,58.0,0.0
2026-06-23 08:00:00-03:00,58.0,0.0
2026-06-23 09:00:00-03:00,57.25,0.0
2026-06-23 10:00:00-03:00,57.25,0.0
2026-06-23 11:00:00-03:00,57.25,0.0
2026-06-23 12:00:00-03:00,57.75,0.0
2026-06-23 13:00:00-03:00,57.5,0.0
2026-06-23 14:00:00-03:00,57.25,0.0
2026-06-23 15:00:00-03:00,57.0,0.0
2026-06-23 16:00:00-03:00,57.25,0.0
2026-06-23 17:00:00-03:00,57.0,0.2
2026-06-23 18:00:00-03:00,57.0,0.0
2026-06-23 19:00:00-03:00,57.25,0.0
2026-06-23 20:00:00-03:00,57.0,0.0
2026-06-23 21:00:00-03:00,57.0,0.0
2026-06-23 22:00:00-03:00,58.25,2.4
2026-06-23 23:00:00-03:00,60.0,2.4
2026-06-24 00:00:00-03:00,62.5,8.2
2026-06-24 01:00:00-03:00,62.5,0.6
2026-06-24 02:00:00-03:00,61.5,1.2
2026-06-24 03:00:00-03:00,61.0,0.8
2026-06-24 04:00:00-03:00,60.5,1.0
2026-06-24 05:00:00-03:00,60.75,0.4
2026-06-24 06:00:00-03:00,61.0,0.2
2026-06-24 07:00:00-03:00,61.0,0.0
2026-06-24 08:00:00-03:00,61.0,0.0
2026-06-24 09:00:00-03:00,61.0,0.0
2026-06-24 10:00:00-03:00,62.0,0.0
2026-06-24 11:00:00-03:00,62.25,1.0
2026-06-24 12:00:00-03:00,63.0,0.2
2026-06-24 13:00:00-03:00,64.75,4.8
2026-06-24 14:00:00-03:00,68.75,3.2
2026-06-24 15:00:00-03:00,69.0,2.6
2026-06-24 16:00:00-03:00,69.0,0.8
2026-06-24 17:00:00-03:00,70.0,1.0
2026-06-24 18:00:00-03:00,71.0,2.6
2026-06-24 19:00:00-03:00,72.0,0.6
2026-06-24 20:00:00-03:00,73.25,0.0
2026-06-24 21:00:00-03:00,74.25,0.0
2026-06-24 22:00:00-03:00,75.5,0.0
2026-06-24 23:00:00-03:00,77.0,0.0
2026-06-25 00:00:00-03:00,78.25,0.2
2026-06-25 01:00:00-03:00,79.5,0.0
2026-06-25 02:00:00-03:00,81.25,0.0
2026-06-25 03:00:00-03:00,82.75,0.0
2026-06-25 04:00:00-03:00,84.0,0.0
2026-06-25 05:00:00-03:00,85.25,0.0
2026-06-25 06:00:00-03:00,87.25,0.0
2026-06-25 07:00:00-03:00,88.75,0.0
2026-06-25 08:00:00-03:00,90.25,0.0
2026-06-25 09:00:00-03:00,91.75,0.0
2026-06-25 10:00:00-03:00,92.75,0.0
2026-06-25 11:00:00-03:00,94.5,0.0
2026-06-25 12:00:00-03:00,95.75,0.0
2026-06-25 13:00:00-03:00,97.0,0.0
2026-06-25 14:00:00-03:00,98.5,0.0
2026-06-25 15:00:00-03:00,100.5,0.0
2026-06-25 16:00:00-03:00,102.0,0.0
2026-06-25 17:00:00-03:00,103.5,0.0
2026-06-25 18:00:00-03:00,105.0,0.4
2026-06-25 19:00:00-03:00,110.0,5.8
2026-06-25 20:00:00-03:00,114.0,6.6
2026-06-25 21:00:00-03:00,114.0,1.4
2026-06-25 22:00:00-03:00,114.0,0.6
2026-06-25 23:00:00-03:00,114.5,1.6
2026-06-26 00:00:00-03:00,116.0,1.2
2026-06-26 01:00:00-03:00,117.0,0.8
2026-06-26 02:00:00-03:00,117.75,0.8
2026-06-26 03:00:00-03:00,118.5,1.4
2026-06-26 04:00:00-03:00,119.0,0.4
2026-06-26 05:00:00-03:00,119.5,0.4
2026-06-26 06:00:00-03:00,120.75,0.0
2026-06-26 07:00:00-03:00,121.0,0.0
2026-06-26 08:00:00-03:00,121.5,0.0
2026-06-26 09:00:00-03:00,122.0,0.0
2026-06-26 10:00:00-03:00,122.0,0.0
2026-06-26 11:00:00-03:00,122.75,0.0
2026-06-26 12:00:00-03:00,123.0,0.0
2026-06-26 13:00:00-03:00,123.0,0.0
2026-06-26 14:00:00-03:00,123.75,0.0
2026-06-26 15:00:00-03:00,124.0,0.0
2026-06-26 16:00:00-03:00,124.0,0.0
2026-06-26 17:00:00-03:00,124.0,0.0
2026-06-26 18:00:00-03:00,124.25,0.0
2026-06-26 19:00:00-03:00,124.5,0.0
2026-06-26 20:00:00-03:00,125.0,0.0
2026-06-26 21:00:00-03:00,125.0,0.0
2026-06-26 22:00:00-03:00,125.5,0.0
2026-06-26 23:00:00-03:00,126.0,0.0
2026-06-27 00:00:00-03:00,126.0,0.0
2026-06-27 01:00:00-03:00,126.75,0.2
2026-06-27 02:00:00-03:00,126.75,0.0
2026-06-27 03:00:00-03:00,127.0,0.0
2026-06-27 04:00:00-03:00,127.5,0.0
2026-06-27 05:00:00-03:00,127.25,0.0
2026-06-27 06:00:00-03:00,128.0,0.0
2026-06-27 07:00:00-03:00,127.75,0.2
2026-06-27 08:00:00-03:00,127.25,0.0
2026-06-27 09:00:00-03:00,127.0,0.0
2026-06-27 10:00:00-03:00,127.0,0.0
2026-06-27 11:00:00-03:00,126.25,0.0
2026-06-27 12:00:00-03:00,126.25,0.0
2026-06-27 13:00:00-03:00,126.0,0.0
2026-06-27 14:00:00-03:00,125.25,0.0
2026-06-27 15:00:00-03:00,124.5,0.0
2026-06-27 16:00:00-03:00,124.25,0.0
2026-06-27 17:00:00-03:00,123.5,0.0
2026-06-27 18:00:00-03:00,122.5,0.0
2026-06-27 19:00:00-03:00,121.75,0.0
2026-06-27 20:00:00-03:00,120.5,0.0
2026-06-27 21:00:00-03:00,119.5,0.0
2026-06-27 22:00:00-03:00,118.5,0.0
2026-06-27 23:00:00-03:00,117.0,0.0
2026-06-28 00:00:00-03:00,116.0,0.0
2026-06-28 01:00:00-03:00,114.75,0.2
2026-06-28 02:00:00-03:00,113.25,0.0
2026-06-28 03:00:00-03:00,112.0,0.0
2026-06-28 04:00:00-03:00,111.25,0.0
2026-06-28 05:00:00-03:00,109.75,0.0
2026-06-28 06:00:00-03:00,108.75,0.2
2026-06-28 07:00:00-03:00,107.0,0.0
2026-06-28 08:00:00-03:00,106.25,0.0
2026-06-28 09:00:00-03:00,105.25,0.0
2026-06-28 10:00:00-03:00,104.0,0.0
2026-06-28 11:00:00-03:00,103.25,0.0
2026-06-28 12:00:00-03:00,102.5,0.0
2026-06-28 13:00:00-03:00,101.75,0.0
2026-06-28 14:00:00-03:00,101.0,0.0
2026-06-28 15:00:00-03:00,99.75,0.0
2026-06-28 16:00:00-03:00,98.75,0.0
2026-06-28 17:00:00-03:00,97.5,0.0
2026-06-28 18:00:00-03:00,97.0,0.0
2026-06-28 19:00:00-03:00,96.0,0.0
2026-06-28 20:00:00-03:00,95.25,0.0
2026-06-28 21:00:00-03:00,94.75,0.0
2026-06-28 22:00:00-03:00,93.75,0.0
2026-06-28 23:00:00-03:00,93.25,0.0
2026-06-29 00:00:00-03:00,92.25,0.0
2026-06-29 01:00:00-03:00,91.75,0.0
2026-06-29 02:00:00-03:00,91.25,0.0
2026-06-29 03:00:00-03:00,90.5,0.0
2026-06-29 04:00:00-03:00,90.0,0.0
2026-06-29 05:00:00-03:00,89.25,0.0
2026-06-29 06:00:00-03:00,89.0,0.0
2026-06-29 07:00:00-03:00,88.25,0.2
2026-06-29 08:00:00-03:00,87.75,0.0
2026-06-29 09:00:00-03:00,87.0,0.0
2026-06-29 10:00:00-03:00,87.0,0.0
2026-06-29 11:00:00-03:00,86.75,0.0
2026-06-29 12:00:00-03:00,86.5,0.0
2026-06-29 13:00:00-03:00,86.25,0.0
2026-06-29 14:00:00-03:00,85.75,0.0
2026-06-29 15:00:00-03:00,85.5,0.0
2026-06-29 16:00:00-03:00,85.0,0.0
2026-06-29 17:00:00-03:00,84.75,0.0
2026-06-29 18:00:00-03:00,84.0,0.0
2026-06-29 19:00:00-03:00,83.75,0.0
2026-06-29 20:00:00-03:00,83.0,0.0
2026-06-29 21:00:00-03:00,82.75,0.0
2026-06-29 22:00:00-03:00,82.25,0.0
2026-06-29 23:00:00-03:00,82.0,0.0
2026-06-30 00:00:00-03:00,81.5,0.0
2026-06-30 01:00:00-03:00,81.25,0.0
2026-06-30 02:00:00-03:00,81.0,0.0
2026-06-30 03:00:00-03:00,80.75,0.0
2026-06-30 04:00:00-03:00,80.0,0.0
2026-06-30 05:00:00-03:00,80.0,0.0
2026-06-30 06:00:00-03:00,80.0,0.2
2026-06-30 07:00:00-03:00,79.5,0.0
2026-06-30 08:00:00-03:00,79.0,0.0
2026-06-30 09:00:00-03:00,78.75,0.0
2026-06-30 10:00:00-03:00,78.25,0.0
2026-06-30 11:00:00-03:00,78.0,0.0
2026-06-30 12:00:00-03:00,78.0,0.0
2026-06-30 13:00:00-03:00,78.25,0.0
2026-06-30 14:00:00-03:00,78.25,0.0
2026-06-30 15:00:00-03:00,77.75,0.0
2026-06-30 16:00:00-03:00,77.5,0.0
2026-06-30 17:00:00-03:00,77.25,0.0
2026-06-30 18:00:00-03:00,77.0,0.0
2026-06-30 19:00:00-03:00,76.0,0.0
2026-06-30 20:00:00-03:00,76.0,0.0
2026-06-30 21:00:00-03:00,76.0,0.0
2026-06-30 22:00:00-03:00,75.0,0.0
2026-06-30 23:00:00-03:00,75.0,0.0
2026-07-01 00:00:00-03:00,74.5,0.0
2026-07-01 01:00:00-03:00,74.0,0.0
2026-07-01 02:00:00-03:00,74.0,0.0
2026-07-01 03:00:00-03:00,73.5,0.0
2026-07-01 04:00:00-03:00,73.25,0.0
2026-07-01 05:00:00-03:00,73.0,0.2
2026-07-01 06:00:00-03:00,72.75,0.0
2026-07-01 07:00:00-03:00,72.75,0.0
2026-07-01 08:00:00-03:00,72.5,0.0
2026-07-01 09:00:00-03:00,72.0,0.0
2026-07-01 10:00:00-03:00,72.0,0.0
2026-07-01 11:00:00-03:00,71.75,0.0
2026-07-01 12:00:00-03:00,72.0,0.0
2026-07-01 13:00:00-03:00,72.0,0.0
2026-07-01 14:00:00-03:00,72.0,0.0
2026-07-01 15:00:00-03:00,71.25,0.0
2026-07-01 16:00:00-03:00,71.5,0.0
2026-07-01 17:00:00-03:00,71.25,0.0
2026-07-01 18:00:00-03:00,71.0,0.0
2026-07-01 19:00:00-03:00,71.0,0.0
2026-07-01 20:00:00-03:00,70.5,0.0
2026-07-01 21:00:00-03:00,70.0,0.0
2026-07-01 22:00:00-03:00,70.0,0.0
2026-07-01 23:00:00-03:00,70.0,0.0
2026-07-02 00:00:00-03:00,69.75,0.0
2026-07-02 01:00:00-03:00,69.0,0.0
2026-07-02 02:00:00-03:00,69.5,0.0
2026-07-02 03:00:00-03:00,69.0,0.2
2026-07-02 04:00:00-03:00,69.0,0.0
2026-07-02 05:00:00-03:00,69.0,0.0
2026-07-02 06:00:00-03:00,69.0,0.0
2026-07-02 07:00:00-03:00,68.75,0.0
2026-07-02 08:00:00-03:00,68.25,0.0
2026-07-02 09:00:00-03:00,68.0,0.0
2026-07-02 10:00:00-03:00,68.0,0.0
2026-07-02 11:00:00-03:00,68.0,0.0
2026-07-02 12:00:00-03:00,68.25,0.0
2026-07-02 13:00:00-03:00,68.0,0.0
2026-07-02 14:00:00-03:00,68.25,0.0
2026-07-02 15:00:00-03:00,68.0,0.0
2026-07-02 16:00:00-03:00,68.0,0.0
2026-07-02 17:00:00-03:00,68.0,0.0
2026-07-02 18:00:00-03:00,67.75,0.0
2026-07-02 19:00:00-03:00,67.5,0.0
2026-07-02 20:00:00-03:00,67.25,0.0
2026-07-02 21:00:00-03:00,67.0,0.0
2026-07-02 22:00:00-03:00,67.0,0.0
2026-07-02 23:00:00-03:00,67.0,0.0
2026-07-03 00:00:00-03:00,67.0,0.0
2026-07-03 01:00:00-03:00,66.5,0.0
2026-07-03 02:00:00-03:00,66.25,0.0
2026-07-03 03:00:00-03:00,66.0,0.2
2026-07-03 04:00:00-03:00,66.0,0.0
2026-07-03 05:00:00-03:00,66.0,0.0
2026-07-03 06:00:00-03:00,66.0,0.0
2026-07-03 07:00:00-03:00,65.75,0.0
2026-07-03 08:00:00-03:00,65.75,0.0
2026-07-03 09:00:00-03:00,65.0,0.0
2026-07-03 10:00:00-03:00,65.5,0.0
2026-07-03 11:00:00-03:00,65.0,0.0
2026-07-03 12:00:00-03:00,65.5,0.0
2026-07-03 13:00:00-03:00,66.0,0.0
2026-07-03 14:00:00-03:00,66.0,0.0
2026-07-03 15:00:00-03:00,66.0,0.0
2026-07-03 16:00:00-03:00,65.75,0.0
2026-07-03 17:00:00-03:00,65.25,0.0
2026-07-03 18:00:00-03:00,65.0,0.0
2026-07-03 19:00:00-03:00,65.0,0.0
2026-07-03 20:00:00-03:00,65.0,0.0
2026-07-03 21:00:00-03:00,65.0,0.0
2026-07-03 22:00:00-03:00,65.0,0.0
2026-07-03 23:00:00-03:00,64.25,0.0
2026-07-04 00:00:00-03:00,64.25,0.0
2026-07-04 01:00:00-03:00,64.5,0.0
2026-07-04 02:00:00-03:00,64.0,0.0
2026-07-04 03:00:00-03:00,64.0,0.2
2026-07-04 04:00:00-03:00,64.0,0.0
2026-07-04 05:00:00-03:00,64.0,0.0
2026-07-04 06:00:00-03:00,63.75,0.0
2026-07-04 07:00:00-03:00,63.5,0.0
2026-07-04 08:00:00-03:00,63.5,0.0
2026-07-04 09:00:00-03:00,63.0,0.0
2026-07-04 10:00:00-03:00,63.0,0.0
2026-07-04 11:00:00-03:00,63.25,0.0
2026-07-04 12:00:00-03:00,63.5,0.0
2026-07-04 13:00:00-03:00,64.0,0.0
2026-07-04 14:00:00-03:00,64.0,0.0
2026-07-04 15:00:00-03:00,63.5,0.0
2026-07-04 16:00:00-03:00,63.75,0.0
2026-07-04 17:00:00-03:00,63.25,0.0
2026-07-04 18:00:00-03:00,63.0,0.0
2026-07-04 19:00:00-03:00,63.0,0.0
2026-07-04 20:00:00-03:00,63.0,0.0
2026-07-04 21:00:00-03:00,63.0,0.0
2026-07-04 22:00:00-03:00,63.0,0.0
2026-07-04 23:00:00-03:00,63.0,0.0
2026-07-05 00:00:00-03:00,62.75,0.0
2026-07-05 01:00:00-03:00,62.5,0.0
2026-07-05 02:00:00-03:00,62.0,0.0
2026-07-05 03:00:00-03:00,62.0,0.0
2026-07-05 04:00:00-03:00,62.0,0.0
2026-07-05 05:00:00-03:00,62.0,0.0
2026-07-05 06:00:00-03:00,62.0,0.0
2026-07-05 07:00:00-03:00,62.0,0.0
2026-07-05 08:00:00-03:00,62.0,0.0
2026-07-05 09:00:00-03:00,62.0,0.2
2026-07-05 10:00:00-03:00,61.75,0.0
2026-07-05 11:00:00-03:00,61.75,0.0
2026-07-05 12:00:00-03:00,62.0,0.0
2026-07-05 13:00:00-03:00,62.0,0.0
2026-07-05 14:00:00-03:00,62.0,0.0
2026-07-05 15:00:00-03:00,62.0,0.0
2026-07-05 16:00:00-03:00,62.0,0.0
2026-07-05 17:00:00-03:00,62.0,0.0
2026-07-05 18:00:00-03:00,62.0,0.0
2026-07-05 19:00:00-03:00,61.75,0.0
2026-07-05 20:00:00-03:00,61.25,0.0
2026-07-05 21:00:00-03:00,61.25,0.0
2026-07-05 22:00:00-03:00,61.0,0.0
2026-07-05 23:00:00-03:00,61.0,0.0
2026-07-06 00:00:00-03:00,61.0,0.0
2026-07-06 01:00:00-03:00,61.0,0.0
2026-07-06 02:00:00-03:00,61.0,0.0
2026-07-06 03:00:00-03:00,61.0,0.0
2026-07-06 04:00:00-03:00,60.5,0.0
2026-07-06 05:00:00-03:00,60.25,0.0
2026-07-06 06:00:00-03:00,60.0,0.0
2026-07-06 07:00:00-03:00,60.0,0.0
2026-07-06 08:00:00-03:00,60.0,0.0
2026-07-06 09:00:00-03:00,60.0,0.0
2026-07-06 10:00:00-03:00,60.25,0.0
2026-07-06 11:00:00-03:00,60.0,0.0
2026-07-06 12:00:00-03:00,60.0,0.0
2026-07-06 13:00:00-03:00,60.5,0.0
2026-07-06 14:00:00-03:00,61.0,0.0
2026-07-06 15:00:00-03:00,60.5,0.0
2026-07-06 16:00:00-03:00,60.75,0.0
2026-07-06 17:00:00-03:00,61.0,0.0
2026-07-06 18:00:00-03:00,60.5,0.0
2026-07-06 19:00:00-03:00,60.25,0.0
2026-07-06 20:00:00-03:00,60.0,0.0
2026-07-06 21:00:00-03:00,60.0,0.0
2026-07-06 22:00:00-03:00,60.0,0.0
2026-07-06 23:00:00-03:00,60.0,0.0
2026-07-07 00:00:00-03:00,60.0,0.0
2026-07-07 01:00:00-03:00,60.0,0.0
2026-07-07 02:00:00-03:00,59.75,0.0
2026-07-07 03:00:00-03:00,60.0,0.0
2026-07-07 04:00:00-03:00,59.25,0.0
2026-07-07 05:00:00-03:00,59.25,0.2
2026-07-07 06:00:00-03:00,59.75,0.0
2026-07-07 07:00:00-03:00,59.5,0.0
2026-07-07 08:00:00-03:00,59.0,0.0
2026-07-07 09:00:00-03:00,59.0,0.0
2026-07-07 10:00:00-03:00,59.0,0.0
2026-07-07 11:00:00-03:00,59.0,0.0
2026-07-07 12:00:00-03:00,59.5,0.0
2026-07-07 13:00:00-03:00,60.0,0.0
2026-07-07 14:00:00-03:00,60.0,0.0
2026-07-07 15:00:00-03:00,59.75,0.0
2026-07-07 16:00:00-03:00,59.75,0.0
2026-07-07 17:00:00-03:00,59.5,0.0
2026-07-07 18:00:00-03:00,59.25,0.0
2026-07-07 19:00:00-03:00,59.25,0.0
2026-07-07 20:00:00-03:00,59.0,0.0
2026-07-07 21:00:00-03:00,59.0,0.0
2026-07-07 22:00:00-03:00,59.0,0.0
2026-07-07 23:00:00-03:00,59.0,0.0
2026-07-08 00:00:00-03:00,58.5,0.0
2026-07-08 01:00:00-03:00,58.5,0.0
2026-07-08 02:00:00-03:00,58.75,0.0
2026-07-08 03:00:00-03:00,58.0,0.0
2026-07-08 04:00:00-03:00,58.0,0.0
2026-07-08 05:00:00-03:00,58.0,0.0
2026-07-08 06:00:00-03:00,58.0,0.0
2026-07-08 07:00:00-03:00,58.0,0.0
2026-07-08 08:00:00-03:00,58.0,0.0
2026-07-08 09:00:00-03:00,58.0,0.0
2026-07-08 10:00:00-03:00,58.0,0.0
2026-07-08 11:00:00-03:00,58.0,0.0
2026-07-08 12:00:00-03:00,58.25,0.0
2026-07-08 13:00:00-03:00,58.75,0.0
2026-07-08 14:00:00-03:00,58.75,0.0
2026-07-08 15:00:00-03:00,58.25,0.0
2026-07-08 16:00:00-03:00,58.5,0.0
2026-07-08 17:00:00-03:00,58.0,0.0
2026-07-08 18:00:00-03:00,58.0,0.0
2026-07-08 19:00:00-03:00,58.0,0.0
2026-07-08 20:00:00-03:00,58.0,0.0
2026-07-08 21:00:00-03:00,58.0,0.0
2026-07-08 22:00:00-03:00,57.0,0.0
2026-07-08 23:00:00-03:00,57.0,0.0
2026-07-09 00:00:00-03:00,57.0,0.0
2026-07-09 01:00:00-03:00,57.0,0.0
2026-07-09 02:00:00-03:00,57.0,0.0
2026-07-09 03:00:00-03:00,57.0,0.2
2026-07-09 04:00:00-03:00,56.75,0.0
2026-07-09 05:00:00-03:00,56.0,0.0
2026-07-09 06:00:00-03:00,56.0,0.0
2026-07-09 07:00:00-03:00,56.25,0.0
2026-07-09 08:00:00-03:00,56.0,0.0
2026-07-09 09:00:00-03:00,56.0,0.0
2026-07-09 10:00:00-03:00,56.0,0.0
2026-07-09 11:00:00-03:00,56.0,0.0
2026-07-09 12:00:00-03:00,56.25,0.0
2026-07-09 13:00:00-03:00,56.25,0.0
2026-07-09 14:00:00-03:00,56.75,0.0
2026-07-09 15:00:00-03:00,56.75,0.0
2026-07-09 16:00:00-03:00,56.75,0.0
2026-07-09 17:00:00-03:00,57.0,0.0
2026-07-09 18:00:00-03:00,56.75,0.0
2026-07-09 19:00:00-03:00,57.0,0.0
2026-07-09 20:00:00-03:00,57.0,0.0
2026-07-09 21:00:00-03:00,57.0,0.0
2026-07-09 22:00:00-03:00,57.0,0.0
2026-07-09 23:00:00-03:00,57.25,0.0
2026-07-10 00:00:00-03:00,57.25,0.0
2026-07-10 01:00:00-03:00,57.25,0.0
2026-07-10 02:00:00-03:00,57.75,0.0
2026-07-10 03:00:00-03:00,57.75,0.2
2026-07-10 04:00:00-03:00,57.0,0.0
2026-07-10 05:00:00-03:00,57.5,0.0
2026-07-10 06:00:00-03:00,57.75,0.0
2026-07-10 07:00:00-03:00,57.0,0.0
2026-07-10 08:00:00-03:00,57.0,0.0
2026-07-10 09:00:00-03:00,57.0,0.0
2026-07-10 10:00:00-03:00,56.5,0.0
2026-07-10 11:00:00-03:00,56.75,0.0
2026-07-10 12:00:00-03:00,56.75,0.0
2026-07-10 13:00:00-03:00,56.75,0.0
2026-07-10 14:00:00-03:00,56.75,0.0
2026-07-10 15:00:00-03:00,56.25,0.0
2026-07-10 16:00:00-03:00,56.75,0.0
2026-07-10 17:00:00-03:00,56.0,0.0
2026-07-10 18:00:00-03:00,56.0,0.0
2026-07-10 19:00:00-03:00,56.0,0.0
2026-07-10 20:00:00-03:00,56.0,0.0
2026-07-10 21:00:00-03:00,55.75,0.0
2026-07-10 22:00:00-03:00,55.5,0.0
2026-07-10 23:00:00-03:00,55.25,0.0
2026-07-11 00:00:00-03:00,55.5,0.0
2026-07-11 01:00:00-03:00,55.25,0.0
2026-07-11 02:00:00-03:00,55.25,0.0
2026-07-11 03:00:00-03:00,55.25,0.0
2026-07-11 04:00:00-03:00,55.25,0.0
2026-07-11 05:00:00-03:00,55.5,0.0
2026-07-11 06:00:00-03:00,55.25,0.0
2026-07-11 07:00:00-03:00,55.5,0.0
2026-07-11 08:00:00-03:00,55.25,0.0
2026-07-11 09:00:00-03:00,55.0,0.2
2026-07-11 10:00:00-03:00,55.25,0.0
2026-07-11 11:00:00-03:00,55.75,0.0
2026-07-11 12:00:00-03:00,56.0,0.0
2026-07-11 13:00:00-03:00,56.0,0.0
2026-07-11 14:00:00-03:00,56.0,0.0
2026-07-11 15:00:00-03:00,56.0,0.0
2026-07-11 16:00:00-03:00,56.0,0.0
2026-07-11 17:00:00-03:00,56.0,0.0
2026-07-11 18:00:00-03:00,56.0,0.0
2026-07-11 19:00:00-03:00,56.0,0.0
2026-07-11 20:00:00-03:00,56.0,0.0
2026-07-11 21:00:00-03:00,55.75,0.0
2026-07-11 22:00:00-03:00,55.5,0.0
2026-07-11 23:00:00-03:00,55.0,0.0
2026-07-12 00:00:00-03:00,55.0,0.0
2026-07-12 01:00:00-03:00,55.0,0.0
2026-07-12 02:00:00-03:00,55.0,0.0
2026-07-12 03:00:00-03:00,55.0,0.0
2026-07-12 04:00:00-03:00,55.0,0.0
2026-07-12 05:00:00-03:00,55.0,0.0
2026-07-12 06:00:00-03:00,55.0,0.0
2026-07-12 07:00:00-03:00,55.0,0.0
2026-07-12 08:00:00-03:00,55.0,0.0
2026-07-12 09:00:00-03:00,54.75,0.0
2026-07-12 10:00:00-03:00,55.0,0.0
2026-07-12 11:00:00-03:00,55.0,0.0
2026-07-12 12:00:00-03:00,55.0,0.0
2026-07-12 13:00:00-03:00,55.0,0.0
2026-07-12 14:00:00-03:00,55.0,2.8
2026-07-12 15:00:00-03:00,55.0,0.0
2026-07-12 16:00:00-03:00,55.0,0.0
2026-07-12 17:00:00-03:00,55.0,0.0
2026-07-12 18:00:00-03:00,54.25,0.0
2026-07-12 19:00:00-03:00,54.0,0.0
2026-07-12 20:00:00-03:00,54.0,0.0
2026-07-12 21:00:00-03:00,54.0,0.0
2026-07-12 22:00:00-03:00,54.0,0.0
2026-07-12 23:00:00-03:00,54.0,0.0
2026-07-13 00:00:00-03:00,54.0,0.0
2026-07-13 01:00:00-03:00,54.0,0.0
2026-07-13 02:00:00-03:00,53.5,0.0
2026-07-13 03:00:00-03:00,54.0,0.0
2026-07-13 04:00:00-03:00,53.75,0.0
2026-07-13 05:00:00-03:00,53.5,0.0
2026-07-13 06:00:00-03:00,53.75,0.2
2026-07-13 07:00:00-03:00,53.75,0.0
2026-07-13 08:00:00-03:00,53.25,0.0
2026-07-13 09:00:00-03:00,53.0,0.0
2026-07-13 10:00:00-03:00,53.0,0.0
2026-07-13 11:00:00-03:00,53.0,0.0
2026-07-13 12:00:00-03:00,53.0,0.0
2026-07-13 13:00:00-03:00,53.5,0.0
2026-07-13 14:00:00-03:00,53.75,0.0
2026-07-13 15:00:00-03:00,53.75,0.0
2026-07-13 16:00:00-03:00,54.0,0.0
2026-07-13 17:00:00-03:00,54.0,0.0
2026-07-13 18:00:00-03:00,54.0,0.0
2026-07-13 19:00:00-03:00,54.0,0.0
2026-07-13 20:00:00-03:00,54.75,0.0
2026-07-13 21:00:00-03:00,55.0,0.0
2026-07-13 22:00:00-03:00,55.0,0.0
2026-07-13 23:00:00-03:00,55.0,0.0
2026-07-14 00:00:00-03:00,55.75,0.0
2026-07-14 01:00:00-03:00,55.75,0.0
2026-07-14 02:00:00-03:00,56.0,0.0
2026-07-14 03:00:00-03:00,56.0,0.0
2026-07-14 04:00:00-03:00,56.0,0.0
2026-07-14 05:00:00-03:00,56.0,0.0
2026-07-14 06:00:00-03:00,56.0,0.0
2026-07-14 07:00:00-03:00,56.0,0.0
2026-07-14 08:00:00-03:00,56.0,0.0
2026-07-14 09:00:00-03:00,56.0,0.2
2026-07-14 10:00:00-03:00,56.25,0.0
2026-07-14 11:00:00-03:00,56.25,0.0
2026-07-14 12:00:00-03:00,56.5,0.0
2026-07-14 13:00:00-03:00,56.75,0.0
2026-07-14 14:00:00-03:00,56.75,0.0
2026-07-14 15:00:00-03:00,56.0,0.0
2026-07-14 16:00:00-03:00,56.0,0.0
2026-07-14 17:00:00-03:00,56.0,0.0
2026-07-14 18:00:00-03:00,56.0,0.0
2026-07-14 19:00:00-03:00,55.75,0.0
2026-07-14 20:00:00-03:00,55.5,0.0
2026-07-14 21:00:00-03:00,55.0,0.0
2026-07-14 22:00:00-03:00,55.0,0.0
2026-07-14 23:00:00-03:00,54.75,0.0
2026-07-15 00:00:00-03:00,54.5,0.0
2026-07-15 01:00:00-03:00,54.0,0.0
2026-07-15 02:00:00-03:00,54.0,0.0
2026-07-15 03:00:00-03:00,53.5,0.0
2026-07-15 04:00:00-03:00,53.25,0.0
2026-07-15 05:00:00-03:00,53.25,0.2
2026-07-15 06:00:00-03:00,53.0,0.0
2026-07-15 07:00:00-03:00,53.0,0.0
2026-07-15 08:00:00-03:00,53.0,0.0
2026-07-15 09:00:00-03:00,53.0,0.0
2026-07-15 10:00:00-03:00,53.0,0.0
2026-07-15 11:00:00-03:00,53.0,0.0
2026-07-15 12:00:00-03:00,53.0,0.0
2026-07-15 13:00:00-03:00,53.0,0.0
2026-07-15 14:00:00-03:00,53.0,0.0
2026-07-15 15:00:00-03:00,53.0,0.0
2026-07-15 16:00:00-03:00,53.0,0.0
2026-07-15 17:00:00-03:00,53.0,0.0
2026-07-16 09:00:00-03:00,51.0,0.2
2026-07-16 10:00:00-03:00,51.0,0.0
2026-07-16 11:00:00-03:00,51.25,0.0
2026-07-16 12:00:00-03:00,51.0,0.0
2026-07-16 13:00:00-03:00,51.25,0.0
2026-07-16 14:00:00-03:00,51.75,0.0
2026-07-16 15:00:00-03:00,51.75,0.0
2026-07-16 16:00:00-03:00,51.25,0.0
2026-07-16 17:00:00-03:00,51.25,0.0
2026-07-16 18:00:00-03:00,51.0,0.0
2026-07-16 19:00:00-03:00,51.0,0.0
2026-07-16 20:00:00-03:00,51.0,0.0
2026-07-16 21:00:00-03:00,51.0,0.0
2026-07-16 22:00:00-03:00,51.0,0.0
2026-07-16 23:00:00-03:00,50.75,0.0
2026-07-17 00:00:00-03:00,50.75,0.0
2026-07-17 01:00:00-03:00,50.5,0.0
2026-07-17 02:00:00-03:00,50.25,0.0
2026-07-17 03:00:00-03:00,50.0,0.0
2026-07-17 04:00:00-03:00,50.0,0.0
2026-07-17 05:00:00-03:00,50.0,0.0
2026-07-17 06:00:00-03:00,50.25,0.2
2026-07-17 07:00:00-03:00,50.25,0.0
2026-07-17 08:00:00-03:00,50.25,0.0
2026-07-17 09:00:00-03:00,50.0,0.0
2026-07-17 10:00:00-03:00,50.0,0.0
2026-07-17 11:00:00-03:00,50.5,0.0
2026-07-17 12:00:00-03:00,50.5,0.0
2026-07-17 13:00:00-03:00,51.0,0.0
2026-07-17 14:00:00-03:00,51.0,0.0
2026-07-17 15:00:00-03:00,51.0,0.0
2026-07-17 16:00:00-03:00,51.0,0.0
2026-07-17 17:00:00-03:00,51.0,0.0
2026-07-17 18:00:00-03:00,50.75,0.0
2026-07-17 19:00:00-03:00,50.75,0.0
2026-07-17 20:00:00-03:00,50.5,0.0
2026-07-17 21:00:00-03:00,50.5,0.0
2026-07-17 22:00:00-03:00,50.0,0.0
2026-07-17 23:00:00-03:00,50.0,0.0
2026-07-18 00:00:00-03:00,50.0,0.0
2026-07-18 01:00:00-03:00,50.0,0.0
2026-07-18 02:00:00-03:00,50.0,0.0
2026-07-18 03:00:00-03:00,50.0,0.0
2026-07-18 04:00:00-03:00,49.75,0.2
2026-07-18 05:00:00-03:00,50.0,0.0
2026-07-18 06:00:00-03:00,50.0,0.0
2026-07-18 07:00:00-03:00,50.0,0.0
2026-07-18 08:00:00-03:00,50.0,0.0
2026-07-18 09:00:00-03:00,49.75,0.0
2026-07-18 10:00:00-03:00,49.5,0.0
2026-07-18 11:00:00-03:00,50.0,0.0
2026-07-18 12:00:00-03:00,50.25,0.0
2026-07-18 13:00:00-03:00,50.0,0.0
2026-07-18 14:00:00-03:00,50.25,0.0
2026-07-18 15:00:00-03:00,50.0,0.0
2026-07-18 16:00:00-03:00,50.25,0.0
2026-07-18 17:00:00-03:00,50.0,0.0
2026-07-18 18:00:00-03:00,50.0,0.0
2026-07-18 19:00:00-03:00,50.0,0.0
2026-07-18 20:00:00-03:00,50.0,0.0
2026-07-18 21:00:00-03:00,50.0,0.0
2026-07-18 22:00:00-03:00,49.75,0.0
2026-07-18 23:00:00-03:00,49.75,0.0
2026-07-19 00:00:00-03:00,50.0,0.0
2026-07-19 01:00:00-03:00,50.0,0.0
2026-07-19 02:00:00-03:00,49.25,0.0
2026-07-19 03:00:00-03:00,49.25,0.0
2026-07-19 04:00:00-03:00,49.5,0.2
2026-07-19 05:00:00-03:00,49.5,0.0
2026-07-19 06:00:00-03:00,49.25,0.0
2026-07-19 07:00:00-03:00,49.5,0.0
2026-07-19 08:00:00-03:00,49.5,0.0
2026-07-19 09:00:00-03:00,49.0,0.0
2026-07-19 10:00:00-03:00,49.25,0.0
2026-07-19 11:00:00-03:00,49.5,0.0
2026-07-19 12:00:00-03:00,50.0,0.0
2026-07-19 13:00:00-03:00,50.0,0.0
2026-07-19 14:00:00-03:00,50.0,0.0
2026-07-19 15:00:00-03:00,50.0,0.0
2026-07-19 16:00:00-03:00,50.0,0.0
2026-07-19 17:00:00-03:00,50.0,0.0
2026-07-19 18:00:00-03:00,50.0,0.0
2026-07-19 19:00:00-03:00,50.0,0.0
2026-07-19 20:00:00-03:00,49.25,0.0
2026-07-19 21:00:00-03:00,49.0,0.0
2026-07-19 22:00:00-03:00,49.0,0.0
2026-07-19 23:00:00-03:00,49.25,0.0
2026-07-20 00:00:00-03:00,49.0,0.0
2026-07-20 01:00:00-03:00,49.0,0.0
2026-07-20 02:00:00-03:00,49.0,0.0
2026-07-20 03:00:00-03:00,49.0,0.2
2026-07-20 04:00:00-03:00,49.0,0.0
2026-07-20 05:00:00-03:00,49.0,0.0
2026-07-20 06:00:00-03:00,49.0,0.0
2026-07-20 07:00:00-03:00,49.0,0.0
2026-07-20 08:00:00-03:00,48.5,0.2
2026-07-20 09:00:00-03:00,48.5,0.0
2026-07-20 10:00:00-03:00,49.0,0.0
2026-07-20 11:00:00-03:00,49.0,0.0
2026-07-20 12:00:00-03:00,49.25,0.0
2026-07-20 13:00:00-03:00,49.25,0.0
2026-07-20 14:00:00-03:00,49.5,0.0
2026-07-20 15:00:00-03:00,49.0,0.0
2026-07-20 16:00:00-03:00,49.25,0.0
2026-07-20 17:00:00-03:00,49.0,0.0
2026-07-20 18:00:00-03:00,49.0,0.0
2026-07-20 19:00:00-03:00,49.0,0.0
2026-07-20 20:00:00-03:00,49.0,0.0
2026-07-20 21:00:00-03:00,49.0,0.0
2026-07-20 22:00:00-03:00,48.75,0.0
2026-07-20 23:00:00-03:00,49.0,0.0
2026-07-21 00:00:00-03:00,48.75,0.0
2026-07-21 01:00:00-03:00,48.0,0.0
2026-07-21 02:00:00-03:00,48.5,0.0
2026-07-21 03:00:00-03:00,48.25,0.0
2026-07-21 04:00:00-03:00,48.0,0.0
2026-07-21 05:00:00-03:00,48.0,0.0
2026-07-21 06:00:00-03:00,48.0,0.0
2026-07-21 07:00:00-03:00,48.0,0.0
2026-07-21 08:00:00-03:00,48.0,0.0
2026-07-21 09:00:00-03:00,48.0,0.2
2026-07-21 10:00:00-03:00,48.0,0.0
2026-07-21 11:00:00-03:00,48.25,0.0
2026-07-21 12:00:00-03:00,49.0,0.0
2026-07-21 13:00:00-03:00,49.0,0.0
2026-07-21 14:00:00-03:00,49.0,0.0
2026-07-21 15:00:00-03:00,49.0,0.0
2026-07-21 16:00:00-03:00,49.0,0.0
2026-07-21 17:00:00-03:00,49.0,0.0
2026-07-21 18:00:00-03:00,48.75,0.0
2026-07-21 19:00:00-03:00,48.5,0.0
2026-07-21 20:00:00-03:00,48.0,0.0
2026-07-21 21:00:00-03:00,48.0,0.0
2026-07-21 22:00:00-03:00,48.0,0.0
2026-07-21 23:00:00-03:00,48.0,0.0
2026-07-22 00:00:00-03:00,48.0,0.0
2026-07-22 01:00:00-03:00,48.0,0.0
2026-07-22 02:00:00-03:00,48.0,0.0
2026-07-22 03:00:00-03:00,48.0,0.0
2026-07-22 04:00:00-03:00,48.0,0.0
2026-07-22 05:00:00-03:00,47.25,0.0
2026-07-22 06:00:00-03:00,47.75,0.0
2026-07-22 07:00:00-03:00,47.75,0.0
2026-07-22 08:00:00-03:00,47.75,0.0
2026-07-22 09:00:00-03:00,47.25,0.0
2026-07-22 10:00:00-03:00,47.5,0.0
2026-07-22 11:00:00-03:00,47.5,0.0
2026-07-22 12:00:00-03:00,48.0,0.0
2026-07-22 13:00:00-03:00,48.0,0.0
2026-07-22 14:00:00-03:00,48.25,0.0
2026-07-22 15:00:00-03:00,48.0,0.0
2026-07-22 16:00:00-03:00,48.0,0.0
2026-07-22 17:00:00-03:00,48.0,0.0
2026-07-22 18:00:00-03:00,48.0,0.0
2026-07-22 19:00:00-03:00,48.0,0.0
2026-07-22 20:00:00-03:00,48.0,0.0
2026-07-22 21:00:00-03:00,47.75,0.0
2026-07-22 22:00:00-03:00,48.0,0.0
2026-07-22 23:00:00-03:00,47.0,0.0
2026-07-23 00:00:00-03:00,47.0,0.0
2026-07-23 01:00:00-03:00,47.0,0.0
2026-07-23 02:00:00-03:00,47.0,0.0
2026-07-23 03:00:00-03:00,47.0,0.0
2026-07-23 04:00:00-03:00,47.0,0.0
2026-07-23 05:00:00-03:00,47.0,0.0
2026-07-23 06:00:00-03:00,47.0,0.0
2026-07-23 07:00:00-03:00,47.0,0.0
2026-07-23 08:00:00-03:00,47.0,0.0
2026-07-23 09:00:00-03:00,47.0,0.0
2026-07-23 10:00:00-03:00,47.0,0.0
2026-07-23 11:00:00-03:00,47.0,0.0
2026-07-23 12:00:00-03:00,47.25,0.0
2026-07-23 13:00:00-03:00,47.75,0.0
2026-07-23 14:00:00-03:00,47.5,0.0
2026-07-23 15:00:00-03:00,47.25,0.0
2026-07-23 16:00:00-03:00,47.75,0.0
2026-07-23 17:00:00-03:00,47.25,0.0
2026-07-23 18:00:00-03:00,47.0,0.0
2026-07-23 19:00:00-03:00,47.25,0.0
2026-07-23 20:00:00-03:00,47.0,0.0
2026-07-23 21:00:00-03:00,47.0,0.0
2026-07-23 22:00:00-03:00,47.0,0.0
2026-07-23 23:00:00-03:00,47.0,0.0
2026-07-24 00:00:00-03:00,47.0,0.0
2026-07-24 01:00:00-03:00,46.75,0.0
2026-07-24 02:00:00-03:00,46.75,0.0
2026-07-24 03:00:00-03:00,46.75,0.0
2026-07-24 04:00:00-03:00,46.75,0.0
2026-07-24 05:00:00-03:00,46.75,0.0
2026-07-24 06:00:00-03:00,47.0,0.0
2026-07-24 07:00:00-03:00,46.75,0.0
2026-07-24 08:00:00-03:00,47.0,0.0
2026-07-24 09:00:00-03:00,49.0,3.6
2026-07-24 10:00:00-03:00,52.75,2.6
2026-07-24 11:00:00-03:00,51.25,1.4
2026-07-24 12:00:00-03:00,50.25,0.0
2026-07-24 13:00:00-03:00,49.75,0.0
2026-07-24 14:00:00-03:00,49.0,0.2
2026-07-24 15:00:00-03:00,49.0,0.0
2026-07-24 16:00:00-03:00,48.75,0.2
2026-07-24 17:00:00-03:00,48.75,1.0
2026-07-24 18:00:00-03:00,49.0,2.2
2026-07-24 19:00:00-03:00,50.0,0.8
2026-07-24 20:00:00-03:00,50.0,0.2
2026-07-24 21:00:00-03:00,49.5,0.0
2026-07-24 22:00:00-03:00,49.75,0.0
2026-07-24 23:00:00-03:00,49.75,0.0
2026-07-25 00:00:00-03:00,49.5,0.0
2026-07-25 01:00:00-03:00,49.75,0.0
2026-07-25 02:00:00-03:00,50.0,0.2
2026-07-25 03:00:00-03:00,50.0,0.0
2026-07-25 04:00:00-03:00,50.0,0.0
2026-07-25 05:00:00-03:00,50.5,0.0
2026-07-25 06:00:00-03:00,51.0,0.0
2026-07-25 07:00:00-03:00,51.0,0.0
2026-07-25 08:00:00-03:00,51.25,0.0
2026-07-25 09:00:00-03:00,51.0,0.0
2026-07-25 10:00:00-03:00,51.75,0.0
2026-07-25 11:00:00-03:00,52.0,0.0
2026-07-25 12:00:00-03:00,52.5,0.0
2026-07-25 13:00:00-03:00,53.0,0.0
2026-07-25 14:00:00-03:00,53.0,0.0
2026-07-25 15:00:00-03:00,53.75,0.0
2026-07-25 16:00:00-03:00,54.0,0.0
2026-07-25 17:00:00-03:00,54.0,0.0
2026-07-25 18:00:00-03:00,54.25,0.0
2026-07-25 19:00:00-03:00,54.75,0.0
2026-07-25 20:00:00-03:00,55.0,0.0
2026-07-25 21:00:00-03:00,55.0,0.0
2026-07-25 22:00:00-03:00,55.5,0.0
2026-07-25 23:00:00-03:00,55.5,0.0
2026-07-26 00:00:00-03:00,56.0,0.0
2026-07-26 01:00:00-03:00,56.0,0.0
2026-07-26 02:00:00-03:00,56.0,0.0
2026-07-26 03:00:00-03:00,56.0,0.0
2026-07-26 04:00:00-03:00,56.0,0.2
2026-07-26 05:00:00-03:00,56.0,0.0
2026-07-26 06:00:00-03:00,56.25,0.0
2026-07-26 07:00:00-03:00,56.25,0.0
2026-07-26 08:00:00-03:00,56.75,0.2
2026-07-26 09:00:00-03:00,57.0,0.0
2026-07-26 10:00:00-03:00,56.5,0.0
2026-07-26 11:00:00-03:00,57.0,0.0
2026-07-26 12:00:00-03:00,57.0,0.0
2026-07-26 13:00:00-03:00,57.25,0.0
2026-07-26 14:00:00-03:00,57.5,0.0
2026-07-26 15:00:00-03:00,57.75,0.0
2026-07-26 16:00:00-03:00,57.75,0.0
2026-07-26 17:00:00-03:00,57.5,0.0
2026-07-26 18:00:00-03:00,57.5,0.0
2026-07-26 19:00:00-03:00,57.0,0.0
2026-07-26 20:00:00-03:00,57.0,0.0
2026-07-26 21:00:00-03:00,57.0,0.0
2026-07-26 22:00:00-03:00,57.0,0.0
2026-07-26 23:00:00-03:00,56.5,0.0
2026-07-27 00:00:00-03:00,56.25,0.0
2026-07-27 01:00:00-03:00,56.0,0.0
2026-07-27 02:00:00-03:00,55.75,0.0
2026-07-27 03:00:00-03:00,55.75,0.0
2026-07-27 04:00:00-03:00,55.0,0.0
2026-07-27 05:00:00-03:00,55.0,0.0
2026-07-27 06:00:00-03:00,55.0,0.0
2026-07-27 07:00:00-03:00,55.0,0.0
2026-07-27 08:00:00-03:00,54.5,0.2
2026-07-27 09:00:00-03:00,54.0,0.0
2026-07-27 10:00:00-03:00,54.0,0.0
2026-07-27 11:00:00-03:00,54.0,0.0
2026-07-27 12:00:00-03:00,54.0,0.0
2026-07-27 13:00:00-03:00,54.0,0.0
2026-07-27 14:00:00-03:00,54.0,0.0
2026-07-27 15:00:00-03:00,54.0,0.0
2026-07-27 16:00:00-03:00,53.75,0.0
2026-07-27 17:00:00-03:00,53.0,0.0
2026-07-27 18:00:00-03:00,53.0,0.0
2026-07-27 19:00:00-03:00,53.0,0.0
2026-07-27 20:00:00-03:00,52.5,0.0
2026-07-27 21:00:00-03:00,52.0,0.0
2026-07-27 22:00:00-03:00,52.0,0.0
2026-07-27 23:00:00-03:00,52.0,0.0
2026-07-28 00:00:00-03:00,52.0,0.0
2026-07-28 01:00:00-03:00,51.5,0.0
2026-07-28 02:00:00-03:00,51.0,0.0
2026-07-28 03:00:00-03:00,51.0,0.0
2026-07-28 04:00:00-03:00,51.0,0.0
2026-07-28 05:00:00-03:00,51.0,0.0
2026-07-28 06:00:00-03:00,50.75,0.0
2026-07-28 07:00:00-03:00,50.75,0.0
2026-07-28 08:00:00-03:00,50.25,0.2
2026-07-28 09:00:00-03:00,50.0,0.0
2026-07-28 10:00:00-03:00,50.0,0.0
2026-07-28 11:00:00-03:00,50.0,0.0
2026-07-28 12:00:00-03:00,50.25,0.0
2026-07-28 13:00:00-03:00,50.25,0.0
2026-07-28 14:00:00-03:00,50.5,0.0
2026-07-28 15:00:00-03:00,50.25,0.0
2026-07-28 16:00:00-03:00,50.0,0.0
2026-07-28 17:00:00-03:00,50.0,0.0
2026-07-28 18:00:00-03:00,50.0,0.0
2026-07-28 19:00:00-03:00,49.75,0.0
2026-07-28 20:00:00-03:00,49.25,0.0
2026-07-28 21:00:00-03:00,49.0,0.0
2026-07-28 22:00:00-03:00,49.0,0.0
2026-07-28 23:00:00-03:00,48.5,0.0
2026-07-29 00:00:00-03:00,48.75,0.0
2026-07-29 01:00:00-03:00,48.0,0.0
2026-07-29 02:00:00-03:00,48.0,0.0
2026-07-29 03:00:00-03:00,47.75,0.0
2026-07-29 04:00:00-03:00,48.0,0.0
2026-07-29 05:00:00-03:00,47.5,0.0
2026-07-29 06:00:00-03:00,47.0,0.0
2026-07-29 07:00:00-03:00,47.0,0.0
2026-07-29 08:00:00-03:00,47.0,0.0
2026-07-29 09:00:00-03:00,46.75,0.0
2026-07-29 10:00:00-03:00,46.75,0.0
2026-07-29 11:00:00-03:00,47.0,0.0
2026-07-29 12:00:00-03:00,47.0,0.0
2026-07-29 13:00:00-03:00,47.0,0.0
2026-07-29 14:00:00-03:00,48.0,0.0
2026-07-29 15:00:00-03:00,47.5,0.0
2026-07-29 16:00:00-03:00,48.0,0.0
2026-07-29 17:00:00-03:00,47.75,0.0
2026-07-29 18:00:00-03:00,47.5,0.0
2026-07-29 19:00:00-03:00,47.0,0.0
2026-07-29 20:00:00-03:00,47.5,0.0
2026-07-29 21:00:00-03:00,47.5,0.0
2026-07-29 22:00:00-03:00,47.0,0.0
2026-07-29 23:00:00-03:00,47.0,0.0
2026-07-30 00:00:00-03:00,47.0,0.0
2026-07-30 01:00:00-03:00,47.0,0.0
2026-07-30 02:00:00-03:00,47.0,0.0
2026-07-30 03:00:00-03:00,46.25,0.0
2026-07-30 04:00:00-03:00,46.75,0.0
2026-07-30 05:00:00-03:00,46.0,0.0
2026-07-30 06:00:00-03:00,46.0,0.0
2026-07-30 07:00:00-03:00,46.0,0.0
2026-07-30 08:00:00-03:00,46.25,0.0
2026-07-30 09:00:00-03:00,46.0,0.0
2026-07-30 10:00:00-03:00,46.0,0.0
2026-07-30 11:00:00-03:00,46.0,0.0
2026-07-30 12:00:00-03:00,46.0,0.0
2026-07-30 13:00:00-03:00,46.0,0.0
2026-07-30 14:00:00-03:00,46.0,0.0
2026-07-30 15:00:00-03:00,46.0,0.0
2026-07-30 16:00:00-03:00,46.5,0.0
2026-07-30 17:00:00-03:00,46.0,0.0
2026-07-30 18:00:00-03:00,46.0,0.0
2026-07-30 19:00:00-03:00,46.0,0.0
2026-07-30 20:00:00-03:00,46.0,0.0
2026-07-30 21:00:00-03:00,46.0,0.0
2026-07-30 22:00:00-03:00,46.0,0.0
2026-07-30 23:00:00-03:00,46.0,0.0
2026-07-31 00:00:00-03:00,46.0,0.0
2026-07-31 01:00:00-03:00,46.0,0.0
2026-07-31 02:00:00-03:00,45.75,0.0
2026-07-31 03:00:00-03:00,45.5,0.0
2026-07-31 04:00:00-03:00,45.0,0.0
2026-07-31 05:00:00-03:00,45.0,0.0
2026-07-31 06:00:00-03:00,45.0,0.0
2026-07-31 07:00:00-03:00,45.0,0.0
2026-07-31 08:00:00-03:00,45.0,0.2
2026-07-31 09:00:00-03:00,45.0,0.0
2026-07-31 10:00:00-03:00,45.0,0.0
2026-07-31 11:00:00-03:00,45.0,0.0
2026-07-31 12:00:00-03:00,45.0,0.0
2026-07-31 13:00:00-03:00,45.75,0.0
2026-07-31 14:00:00-03:00,46.0,0.0
2026-07-31 15:00:00-03:00,46.0,0.0
2026-07-31 16:00:00-03:00,46.0,0.0
2026-07-31 17:00:00-03:00,45.5,0.0
2026-07-31 18:00:00-03:00,45.0,0.0
2026-07-31 19:00:00-03:00,45.25,0.0
2026-07-31 20:00:00-03:00,45.0,0.0
2026-07-31 21:00:00-03:00,45.0,0.0
2026-07-31 22:00:00-03:00,45.0,0.0
2026-07-31 23:00:00-03:00,44.75,0.0
2026-08-01 00:00:00-03:00,44.0,0.0
2026-08-01 01:00:00-03:00,44.0,0.0
2026-08-01 02:00:00-03:00,44.0,0.0
2026-08-01 03:00:00-03:00,44.0,0.0
2026-08-01 04:00:00-03:00,44.0,0.0
2026-08-01 05:00:00-03:00,44.0,0.0
2026-08-01 06:00:00-03:00,44.0,0.0
2026-08-01 07:00:00-03:00,44.0,0.0
2026-08-01 08:00:00-03:00,44.0,0.0
2026-08-01 09:00:00-03:00,43.25,0.0
2026-08-01 10:00:00-03:00,44.0,0.0
2026-08-01 11:00:00-03:00,44.0,0.0
2026-08-01 12:00:00-03:00,44.25,0.0
2026-08-01 13:00:00-03:00,44.25,0.0
2026-08-01 14:00:00-03:00,44.75,0.0
2026-08-01 15:00:00-03:00,44.25,0.0
2026-08-01 16:00:00-03:00,44.5,0.0
2026-08-01 17:00:00-03:00,44.5,0.0
2026-08-01 18:00:00-03:00,44.0,0.0
2026-08-01 19:00:00-03:00,44.0,0.0
2026-08-01 20:00:00-03:00,44.0,0.0
2026-08-01 21:00:00-03:00,44.0,0.0
2026-08-01 22:00:00-03:00,44.0,0.0
2026-08-01 23:00:00-03:00,43.5,0.0
2026-08-02 00:00:00-03:00,43.0,0.0
2026-08-02 01:00:00-03:00,43.25,0.0
2026-08-02 02:00:00-03:00,43.0,0.0
2026-08-02 03:00:00-03:00,43.0,0.0
2026-08-02 04:00:00-03:00,43.0,0.0
2026-08-02 05:00:00-03:00,43.0,0.0
2026-08-02 06:00:00-03:00,43.0,0.0
2026-08-02 07:00:00-03:00,43.0,0.0
2026-08-02 08:00:00-03:00,43.0,0.0
2026-08-02 09:00:00-03:00,43.0,0.0
2026-08-02 10:00:00-03:00,43.0,0.0
2026-08-02 11:00:00-03:00,43.0,0.0
2026-08-02 12:00:00-03:00,43.0,0.0
2026-08-02 13:00:00-03:00,43.5,0.0
2026-08-02 14:00:00-03:00,44.0,0.0
2026-08-02 15:00:00-03:00,44.0,0.0
2026-08-02 16:00:00-03:00,44.0,0.0
2026-08-02 17:00:00-03:00,44.0,0.0
2026-08-02 18:00:00-03:00,43.75,0.0
2026-08-02 19:00:00-03:00,44.0,0.0
2026-08-02 20:00:00-03:00,44.0,0.0
2026-08-02 21:00:00-03:00,44.0,0.0
2026-08-02 22:00:00-03:00,43.75,0.0
2026-08-02 23:00:00-03:00,44.0,0.0
2026-08-03 00:00:00-03:00,43.75,0.0
2026-08-03 01:00:00-03:00,43.75,0.0
2026-08-03 02:00:00-03:00,43.0,0.0
2026-08-03 03:00:00-03:00,43.5,0.0
2026-08-03 04:00:00-03:00,43.5,0.0
2026-08-03 05:00:00-03:00,43.75,0.0
2026-08-03 06:00:00-03:00,43.75,0.0
2026-08-03 07:00:00-03:00,44.0,0.0
2026-08-03 08:00:00-03:00,43.25,0.0
2026-08-03 09:00:00-03:00,43.0,0.0
2026-08-03 10:00:00-03:00,43.0,0.0
2026-08-03 11:00:00-03:00,43.5,0.0
2026-08-03 12:00:00-03:00,44.0,0.0
2026-08-03 13:00:00-03:00,44.0,0.0
2026-08-03 14:00:00-03:00,44.0,0.0
2026-08-03 15:00:00-03:00,44.0,0.0
2026-08-03 16:00:00-03:00,43.75,0.0
2026-08-03 17:00:00-03:00,43.0,0.0
2026-08-03 18:00:00-03:00,43.0,0.0
2026-08-03 19:00:00-03:00,43.0,0.0
2026-08-03 20:00:00-03:00,43.0,0.0
2026-08-03 21:00:00-03:00,42.5,0.0
2026-08-03 22:00:00-03:00,42.5,0.0
2026-08-03 23:00:00-03:00,42.0,0.0
2026-08-04 00:00:00-03:00,42.25,0.0
2026-08-04 01:00:00-03:00,42.0,0.0
2026-08-04 02:00:00-03:00,42.25,0.0
2026-08-04 03:00:00-03:00,42.5,0.0
2026-08-04 04:00:00-03:00,42.25,0.0
2026-08-04 05:00:00-03:00,42.5,0.0
2026-08-04 06:00:00-03:00,43.0,0.0
2026-08-04 07:00:00-03:00,42.75,0.0
2026-08-04 08:00:00-03:00,43.0,0.0
2026-08-04 09:00:00-03:00,43.0,0.0
2026-08-04 10:00:00-03:00,43.0,0.0
2026-08-04 11:00:00-03:00,43.5,0.0
2026-08-04 12:00:00-03:00,43.75,0.0
2026-08-04 13:00:00-03:00,43.75,0.0
2026-08-04 14:00:00-03:00,44.0,0.0
2026-08-04 15:00:00-03:00,44.0,0.0
2026-08-04 16:00:00-03:00,44.0,0.0
2026-08-04 17:00:00-03:00,44.0,0.0
2026-08-04 18:00:00-03:00,44.0,0.0
2026-08-04 19:00:00-03:00,43.75,0.0
2026-08-04 20:00:00-03:00,44.0,0.0
2026-08-04 21:00:00-03:00,43.75,0.0
2026-08-04 22:00:00-03:00,43.5,0.0
2026-08-04 23:00:00-03:00,43.25,0.0
2026-08-05 00:00:00-03:00,43.25,0.0
2026-08-05 01:00:00-03:00,43.25,0.0
2026-08-05 02:00:00-03:00,43.0,0.0
2026-08-05 03:00:00-03:00,43.0,0.0
2026-08-05 04:00:00-03:00,43.0,0.0
2026-08-05 05:00:00-03:00,43.0,0.0
2026-08-05 06:00:00-03:00,43.0,0.0
2026-08-05 07:00:00-03:00,43.0,0.0
2026-08-05 08:00:00-03:00,42.75,0.0
2026-08-05 09:00:00-03:00,42.75,0.0
2026-08-05 10:00:00-03:00,42.5,0.0
2026-08-05 11:00:00-03:00,43.0,0.0
2026-08-05 12:00:00-03:00,43.0,0.0
2026-08-05 13:00:00-03:00,43.0,0.0
2026-08-05 14:00:00-03:00,43.0,0.0
2026-08-05 15:00:00-03:00,43.0,0.0
2026-08-05 16:00:00-03:00,43.0,0.0
2026-08-05 17:00:00-03:00,43.0,0.0
2026-08-05 18:00:00-03:00,42.75,0.0
2026-08-05 19:00:00-03:00,42.25,0.0
2026-08-05 20:00:00-03:00,42.25,0.0
2026-08-05 21:00:00-03:00,42.0,0.0
2026-08-05 22:00:00-03:00,42.0,0.0
2026-08-05 23:00:00-03:00,42.0,0.0
2026-08-06 00:00:00-03:00,42.0,0.0
2026-08-06 01:00:00-03:00,42.0,0.0
2026-08-06 02:00:00-03:00,42.0,0.0
2026-08-06 03:00:00-03:00,42.0,0.0
2026-08-06 04:00:00-03:00,42.0,0.0
2026-08-06 05:00:00-03:00,42.0,0.0
2026-08-06 06:00:00-03:00,42.0,0.0
2026-08-06 07:00:00-03:00,42.5,0.0
2026-08-06 08:00:00-03:00,42.0,0.0
2026-08-06 09:00:00-03:00,42.0,0.0
2026-08-06 10:00:00-03:00,42.0,0.2
2026-08-06 11:00:00-03:00,42.0,0.0
2026-08-06 12:00:00-03:00,42.0,0.0
2026-08-06 13:00:00-03:00,42.0,0.0
2026-08-06 14:00:00-03:00,42.75,0.0
2026-08-06 15:00:00-03:00,42.25,0.0
2026-08-06 16:00:00-03:00,42.75,0.0
2026-08-06 17:00:00-03:00,42.0,0.0
2026-08-06 18:00:00-03:00,42.0,0.0
2026-08-06 19:00:00-03:00,42.0,0.0
2026-08-06 20:00:00-03:00,42.0,0.0
2026-08-06 21:00:00-03:00,42.0,0.0
2026-08-06 22:00:00-03:00,42.0,0.0
2026-08-06 23:00:00-03:00,42.0,0.0
2026-08-07 00:00:00-03:00,42.0,0.0
2026-08-07 01:00:00-03:00,41.75,0.0
2026-08-07 02:00:00-03:00,42.0,0.0
2026-08-07 03:00:00-03:00,42.0,0.0
2026-08-07 04:00:00-03:00,42.0,0.0
2026-08-07 05:00:00-03:00,42.0,0.0
2026-08-07 06:00:00-03:00,42.0,0.0
2026-08-07 07:00:00-03:00,42.0,0.0
2026-08-07 08:00:00-03:00,42.0,0.0
2026-08-07 09:00:00-03:00,42.0,0.0
2026-08-07 10:00:00-03:00,42.0,0.0
2026-08-07 11:00:00-03:00,42.0,0.0
2026-08-07 12:00:00-03:00,42.25,0.0
2026-08-07 13:00:00-03:00,42.75,0.0
2026-08-07 14:00:00-03:00,42.75,0.0
2026-08-07 15:00:00-03:00,42.75,0.0
2026-08-07 16:00:00-03:00,42.25,0.0
2026-08-07 17:00:00-03:00,42.0,0.0
2026-08-07 18:00:00-03:00,42.0,0.0
2026-08-07 19:00:00-03:00,42.0,0.0
2026-08-07 20:00:00-03:00,42.0,0.0
2026-08-07 21:00:00-03:00,42.0,0.0
2026-08-07 22:00:00-03:00,41.75,0.0
2026-08-07 23:00:00-03:00,41.75,0.0
2026-08-08 00:00:00-03:00,41.5,1.0
2026-08-08 01:00:00-03:00,42.0,3.0
2026-08-08 02:00:00-03:00,43.25,4.4
2026-08-08 03:00:00-03:00,44.25,0.2
2026-08-08 04:00:00-03:00,43.0,0.0
2026-08-08 05:00:00-03:00,44.5,3.4
2026-08-08 06:00:00-03:00,44.25,0.0
2026-08-08 07:00:00-03:00,44.0,0.2
2026-08-08 08:00:00-03:00,44.0,0.0
2026-08-08 09:00:00-03:00,44.5,0.0
2026-08-08 10:00:00-03:00,45.0,0.0
2026-08-08 11:00:00-03:00,45.5,0.0
2026-08-08 12:00:00-03:00,46.25,0.0
2026-08-08 13:00:00-03:00,47.25,0.0
2026-08-08 14:00:00-03:00,48.25,0.0
2026-08-08 15:00:00-03:00,49.25,0.0
2026-08-08 16:00:00-03:00,50.5,0.0
2026-08-08 17:00:00-03:00,51.25,0.0
2026-08-08 18:00:00-03:00,52.25,0.0
2026-08-08 19:00:00-03:00,53.5,0.0
2026-08-08 20:00:00-03:00,54.5,0.0
2026-08-08 21:00:00-03:00,55.25,0.0
2026-08-08 22:00:00-03:00,56.25,0.0
2026-08-08 23:00:00-03:00,57.5,0.0
2026-08-09 00:00:00-03:00,58.5,0.0
2026-08-09 01:00:00-03:00,59.25,0.0
2026-08-09 02:00:00-03:00,60.75,0.0
2026-08-09 03:00:00-03:00,61.5,0.0
2026-08-09 04:00:00-03:00,62.0,0.0
2026-08-09 05:00:00-03:00,63.0,0.0
2026-08-09 06:00:00-03:00,64.25,0.0
2026-08-09 07:00:00-03:00,64.5,0.0
2026-08-09 08:00:00-03:00,65.5,0.2
2026-08-09 09:00:00-03:00,66.0,0.0
2026-08-09 10:00:00-03:00,67.0,0.0
2026-08-09 11:00:00-03:00,67.25,0.0
2026-08-09 12:00:00-03:00,68.25,0.0
2026-08-09 13:00:00-03:00,69.25,0.0
2026-08-09 14:00:00-03:00,69.75,0.0
2026-08-09 15:00:00-03:00,70.0,0.0
2026-08-09 16:00:00-03:00,70.75,0.0
2026-08-09 17:00:00-03:00,70.75,0.0
2026-08-09 18:00:00-03:00,71.0,0.0
2026-08-09 19:00:00-03:00,71.0,0.0
2026-08-09 20:00:00-03:00,71.5,0.0
2026-08-09 21:00:00-03:00,72.0,0.0
2026-08-09 22:00:00-03:00,72.0,0.0
2026-08-09 23:00:00-03:00,72.0,0.0
